{
    "item": {
        "num_iid": "649017792117",
        "title": "【38节抢购】欧舒丹沐浴露云中月桂沐浴露桂花香氛清洁滋润留香",
        "desc_short": "",
        "price": 185,
        "total_price": "",
        "suggestive_price": "",
        "orginal_price": 185,
        "nick": "loccitane欧舒丹旗舰店",
        "num": 151,
        "detail_url": "https://item.taobao.com/item.htm?id=649017792117",
        "pic_url": "https://img.alicdn.com/imgextra/i2/2248304671/O1CN01l8KCiB1kNMq8q40bC_!!0-item_pic.jpg",
        "brand": null,
        "brandId": "",
        "rootCatId": "",
        "cid": 121386011,
        "desc": "",
        "item_imgs": [
            {
                "url": "https://img.alicdn.com/imgextra/i2/2248304671/O1CN01l8KCiB1kNMq8q40bC_!!0-item_pic.jpg"
            },
            {
                "url": "https://img.alicdn.com/imgextra/i3/2248304671/O1CN01w53dJr1kNMq2mQD7J_!!2248304671.jpg"
            },
            {
                "url": "https://img.alicdn.com/imgextra/i3/2248304671/O1CN01rbphOq1kNMleAIBR4_!!2248304671.jpg"
            },
            {
                "url": "https://img.alicdn.com/imgextra/i1/2248304671/O1CN01MR7UJs1kNMiJy1grB_!!2248304671.jpg"
            },
            {
                "url": "https://img.alicdn.com/imgextra/i3/2248304671/O1CN01PzKDfI1kNMiE7N51a_!!2248304671.jpg"
            }
        ],
        "item_weight": "",
        "post_fee": 0,
        "freight": "",
        "express_fee": "",
        "ems_fee": "",
        "shipping_to": "",
        "video": [],
        "sample_id": "",
        "props_name": "1626520:5690230:香味:桂花香;147956252:45789:净含量:250ml",
        "prop_imgs": {
            "prop_img": [
                {
                    "properties": "147956252:45789",
                    "url": "http://img.alicdn.com/imgextra/i2/2248304671/O1CN01l8KCiB1kNMq8q40bC_!!0-item_pic.jpg"
                }
            ]
        },
        "props_imgs": {
            "prop_img": [
                {
                    "properties": "147956252:45789",
                    "url": "http://img.alicdn.com/imgextra/i2/2248304671/O1CN01l8KCiB1kNMq8q40bC_!!0-item_pic.jpg"
                }
            ]
        },
        "property_alias": "",
        "props": [
            {
                "name": "品牌",
                "value": "L'occitane/欧舒丹"
            },
            {
                "name": "欧舒丹系列",
                "value": "云中月桂香氛沐浴露"
            },
            {
                "name": "产地",
                "value": "法国"
            },
            {
                "name": "香味",
                "value": "桂花香"
            },
            {
                "name": "化妆品备案编号/注册证号",
                "value": "国妆网备进字(沪)2020009295"
            },
            {
                "name": "功效",
                "value": "清洁"
            },
            {
                "name": "规格类型",
                "value": "正常规格"
            },
            {
                "name": "是否为特殊用途化妆品",
                "value": "否"
            },
            {
                "name": "净含量",
                "value": "250ml"
            },
            {
                "name": "限期使用日期范围",
                "value": "2023-12-01至2024-10-31"
            }
        ],
        "total_sold": "-1",
        "skus": {
            "sku": [
                {
                    "price": 185,
                    "total_price": 0,
                    "orginal_price": 185,
                    "properties": "1626520:5690230;147956252:45789",
                    "properties_name": "1626520:5690230:香味:桂花香;147956252:45789:净含量:250ml",
                    "quantity": 151,
                    "sku_id": "4856638571485"
                }
            ]
        },
        "seller_id": "2248304671",
        "sales": 500,
        "shop_id": "114646595",
        "props_list": {
            "147956252:45789": "净含量:250ml",
            "1626520:5690230": "香味:桂花香"
        },
        "seller_info": {
            "nick": "loccitane欧舒丹旗舰店",
            "item_score": 4.83999,
            "score_p": 4.8638,
            "delivery_score": 4.88305,
            "shop_type": "",
            "user_num_id": "2248304671",
            "sid": "114646595",
            "title": "",
            "zhuy": "https://shop114646595.taobao.com",
            "cert": null,
            "open_time": "",
            "credit_score": null,
            "shop_name": "loccitane欧舒丹旗舰店"
        },
        "tmall": true,
        "error": "",
        "location": "江苏苏州",
        "data_from": "Ha",
        "has_discount": "false",
        "is_promotion": "false",
        "promo_type": null,
        "props_img": {
            "147956252:45789": "http://img.alicdn.com/imgextra/i2/2248304671/O1CN01l8KCiB1kNMq8q40bC_!!0-item_pic.jpg"
        },
        "format_check": "ok",
        "desc_img": [],
        "shop_item": [],
        "relate_items": []
    },
    "error": "",
    "secache": "87b85653a407f75434997257627b9bd6",
    "secache_time": 1677749208,
    "secache_date": "2023-03-02 17:26:48",
    "translate_status": "",
    "translate_time": 0,
    "language": {
        "default_lang": "cn",
        "current_lang": "cn"
    },
    "reason": "",
    "error_code": "0000",
    "cache": 0,
    "api_info": "today: max:20000 all[=++];expires:2024-01-16",
    "execution_time": "6.504",
    "server_time": "Beijing/2023-03-02 17:26:48",
    "client_ip": "54.39.83.153",
    "call_args": {
        "num_iid": "649017792117",
        "is_promotion": "1"
    },
    "api_type": "taobao",
    "translate_language": "zh-CN",
    "translate_engine": "baidu",
    "server_memory": "0.77MB",
    "last_id": false
}