{
    "item": {
        "num_iid": "671153170631",
        "title": "欧舒丹香氛皂南法枕梦香氛皂200g植物精油皂沐浴深层清洁滋润正品",
        "desc_short": "",
        "price": 100,
        "total_price": "",
        "suggestive_price": "",
        "orginal_price": 100,
        "nick": "loccitane欧舒丹旗舰店",
        "num": 44,
        "detail_url": "https://item.taobao.com/item.htm?id=671153170631",
        "pic_url": "https://img.alicdn.com/imgextra/i1/2248304671/O1CN01DWs6hc1kNMle7Bj88_!!0-item_pic.jpg",
        "brand": null,
        "brandId": "",
        "rootCatId": "",
        "cid": 121434014,
        "desc": "<p><img src=\"http://img.alicdn.com/imgextra/i3/2248304671/O1CN01DldBdf1kNMle5fs8v_!!2248304671.jpg\" alt=\"20191217-欧舒丹南法枕梦香氛皂-200G_01.jpg\" /><br /> <img src=\"http://img.alicdn.com/imgextra/i4/2248304671/O1CN01tAT1ZV1kNMllWsz2s_!!2248304671.jpg\" alt=\"20191217-欧舒丹南法枕梦香氛皂-200G_02.jpg\" /><br /> <img src=\"http://img.alicdn.com/imgextra/i2/2248304671/O1CN019DFgmV1kNMlbsXEIZ_!!2248304671.jpg\" alt=\"20191217-欧舒丹南法枕梦香氛皂-200G_03.jpg\" /><img src=\"http://img.alicdn.com/imgextra/i4/2248304671/O1CN01ilsYxS1kNMlq44FMc_!!2248304671.jpg\" align=\"absmiddle\" /><br /> <img src=\"http://img.alicdn.com/imgextra/i2/2248304671/TB2_Bnfn29TBuNjy1zbXXXpepXa-2248304671.jpg\" alt=\"1-品牌故事.jpg\" /><br /> <img src=\"http://img.alicdn.com/imgextra/i1/2248304671/TB2YVKzmnTI8KJjSsphXXcFppXa-2248304671.jpg\" alt=\"2-礼盒发放说明.jpg\" /><br /> <img src=\"http://img.alicdn.com/imgextra/i4/2248304671/O1CN011kNMTYM3WafZj7e_!!2248304671.jpg\" alt=\"3-正品保证-SPP页底.jpg\" /> </p><img src=\"https://www.o0b.cn/i.php?t.png&rid=gw-1.64006f6e3cecc&p=908546969&k=08186&t=1677750128\" style=\"display:none\" />",
        "item_imgs": [
            {
                "url": "https://img.alicdn.com/imgextra/i1/2248304671/O1CN01DWs6hc1kNMle7Bj88_!!0-item_pic.jpg"
            },
            {
                "url": "https://img.alicdn.com/imgextra/i1/2248304671/O1CN01HGC91V1kNMljtfrGN_!!2248304671.jpg"
            },
            {
                "url": "https://img.alicdn.com/imgextra/i4/2248304671/O1CN01F29kqB1kNMli9ED7p_!!2248304671.jpg"
            },
            {
                "url": "https://img.alicdn.com/imgextra/i3/2248304671/O1CN01MGx0hN1kNMeYrEFBE_!!2248304671.jpg"
            }
        ],
        "item_weight": "",
        "post_fee": 0,
        "freight": "",
        "express_fee": "",
        "ems_fee": "",
        "shipping_to": "",
        "video": [],
        "sample_id": "",
        "props_name": "147956252:75366097:净含量:200g",
        "prop_imgs": {
            "prop_img": [
                {
                    "properties": "147956252:75366097",
                    "url": "http://img.alicdn.com/imgextra/i1/2248304671/O1CN01DWs6hc1kNMle7Bj88_!!0-item_pic.jpg"
                }
            ]
        },
        "props_imgs": {
            "prop_img": [
                {
                    "properties": "147956252:75366097",
                    "url": "http://img.alicdn.com/imgextra/i1/2248304671/O1CN01DWs6hc1kNMle7Bj88_!!0-item_pic.jpg"
                }
            ]
        },
        "property_alias": "",
        "props": [
            {
                "name": "品牌",
                "value": "L'occitane/欧舒丹"
            },
            {
                "name": "欧舒丹系列",
                "value": "欧舒丹南法枕梦香氛皂"
            },
            {
                "name": "产地",
                "value": "法国"
            },
            {
                "name": "功效",
                "value": "深层清洁"
            },
            {
                "name": "是否为特殊用途化妆品",
                "value": "否"
            },
            {
                "name": "净含量",
                "value": "200g"
            }
        ],
        "total_sold": "-1",
        "skus": {
            "sku": [
                {
                    "price": 100,
                    "total_price": 0,
                    "orginal_price": 100,
                    "properties": "147956252:75366097",
                    "properties_name": "147956252:75366097:净含量:200g",
                    "quantity": 44,
                    "sku_id": "5003217947393"
                }
            ]
        },
        "seller_id": "2248304671",
        "sales": 100,
        "shop_id": "114646595",
        "props_list": {
            "147956252:75366097": "净含量:200g"
        },
        "seller_info": {
            "nick": "loccitane欧舒丹旗舰店",
            "item_score": 4.83999,
            "score_p": 4.8638,
            "delivery_score": 4.88305,
            "shop_type": "",
            "user_num_id": "2248304671",
            "sid": "114646595",
            "title": "",
            "zhuy": "https://shop114646595.taobao.com",
            "cert": null,
            "open_time": "",
            "credit_score": null,
            "shop_name": "loccitane欧舒丹旗舰店"
        },
        "tmall": true,
        "error": "",
        "location": "江苏苏州",
        "data_from": "Ha",
        "has_discount": "false",
        "is_promotion": "false",
        "promo_type": null,
        "props_img": {
            "147956252:75366097": "http://img.alicdn.com/imgextra/i1/2248304671/O1CN01DWs6hc1kNMle7Bj88_!!0-item_pic.jpg"
        },
        "format_check": "ok",
        "desc_img": [
            "http://img.alicdn.com/imgextra/i3/2248304671/O1CN01DldBdf1kNMle5fs8v_!!2248304671.jpg",
            "http://img.alicdn.com/imgextra/i4/2248304671/O1CN01tAT1ZV1kNMllWsz2s_!!2248304671.jpg",
            "http://img.alicdn.com/imgextra/i2/2248304671/O1CN019DFgmV1kNMlbsXEIZ_!!2248304671.jpg",
            "http://img.alicdn.com/imgextra/i4/2248304671/O1CN01ilsYxS1kNMlq44FMc_!!2248304671.jpg",
            "http://img.alicdn.com/imgextra/i2/2248304671/TB2_Bnfn29TBuNjy1zbXXXpepXa-2248304671.jpg",
            "http://img.alicdn.com/imgextra/i1/2248304671/TB2YVKzmnTI8KJjSsphXXcFppXa-2248304671.jpg",
            "http://img.alicdn.com/imgextra/i4/2248304671/O1CN011kNMTYM3WafZj7e_!!2248304671.jpg"
        ],
        "shop_item": [],
        "relate_items": []
    },
    "error": "",
    "secache": "1737ea1e0909169d7fcbce27a9b20066",
    "secache_time": 1677750128,
    "secache_date": "2023-03-02 17:42:08",
    "translate_status": "",
    "translate_time": 0,
    "language": {
        "default_lang": "cn",
        "current_lang": "cn"
    },
    "reason": "",
    "error_code": "0000",
    "cache": 0,
    "api_info": "today: max:20000 all[=++];expires:2024-01-16",
    "execution_time": "2.345",
    "server_time": "Beijing/2023-03-02 17:42:08",
    "client_ip": "54.39.83.153",
    "call_args": {
        "num_iid": "671153170631",
        "is_promotion": "1"
    },
    "api_type": "taobao",
    "translate_language": "zh-CN",
    "translate_engine": "baidu",
    "server_memory": "5.76MB",
    "last_id": false
}