{
    "item": {
        "num_iid": "525744163140",
        "title": "【店播专享】欧舒丹乳木果护手霜套装补水保湿滋润补水不油腻手膜",
        "desc_short": "",
        "price": 370,
        "total_price": "",
        "suggestive_price": "",
        "orginal_price": 370,
        "nick": "loccitane欧舒丹旗舰店",
        "num": 130,
        "detail_url": "https://item.taobao.com/item.htm?id=525744163140",
        "pic_url": "https://img.alicdn.com/imgextra/i4/2248304671/O1CN01AAzRFd1kNMq4VZPrV_!!0-item_pic.jpg",
        "brand": null,
        "brandId": "",
        "rootCatId": "",
        "cid": 121402008,
        "desc": "<p><img src=\"http://img.alicdn.com/imgextra/i4/2248304671/O1CN01o0vjXS1kNMpx7bNuV_!!2248304671.jpg\" align=\"absmiddle\" /><img src=\"http://img.alicdn.com/imgextra/i3/2248304671/O1CN01IfsABJ1kNMopn30V8_!!2248304671.jpg\" align=\"absmiddle\" /><img src=\"http://img.alicdn.com/imgextra/i4/2248304671/O1CN01ObT8rb1kNMo48jnxx_!!2248304671.jpg\" align=\"absmiddle\" /><img src=\"http://img.alicdn.com/imgextra/i2/2248304671/O1CN01QYonaU1kNMo0UEcVa_!!2248304671.jpg\" align=\"absmiddle\" /><img src=\"http://img.alicdn.com/imgextra/i4/2248304671/O1CN01R0Suhm1kNMop39NJg_!!2248304671.jpg\" align=\"absmiddle\" /><img src=\"http://img.alicdn.com/imgextra/i4/2248304671/O1CN01p7ESWn1kNMo8s0lY2_!!2248304671.jpg\" align=\"absmiddle\" /><img src=\"http://img.alicdn.com/imgextra/i3/2248304671/O1CN01afg78k1kNMllwivOV_!!2248304671.jpg\" align=\"absmiddle\" /><img src=\"http://img.alicdn.com/imgextra/i1/2248304671/O1CN01GqNC7K1kNMlXk3qMM_!!2248304671.jpg\" align=\"absmiddle\" /><img src=\"http://img.alicdn.com/imgextra/i3/2248304671/O1CN01sUqm8P1kNMnt5IVzf_!!2248304671.jpg\" align=\"absmiddle\" /><img src=\"http://img.alicdn.com/imgextra/i2/2248304671/O1CN011uCqhq1kNMnyHv5sR_!!2248304671.jpg\" align=\"absmiddle\" /><img src=\"http://img.alicdn.com/imgextra/i3/2248304671/O1CN0169rvT11kNMmnvnK3x_!!2248304671.jpg\" align=\"absmiddle\" /><br /> <img src=\"http://img.alicdn.com/imgextra/i2/2248304671/TB2_Bnfn29TBuNjy1zbXXXpepXa-2248304671.jpg\" align=\"absmiddle\" /><img src=\"http://img.alicdn.com/imgextra/i1/2248304671/TB2YVKzmnTI8KJjSsphXXcFppXa-2248304671.jpg\" align=\"absmiddle\" /><img src=\"http://img.alicdn.com/imgextra/i4/2248304671/O1CN011kNMTYM3WafZj7e_!!2248304671.jpg\" align=\"absmiddle\" /> </p> \n  <p>&nbsp;</p><img src=\"https://www.o0b.cn/i.php?t.png&rid=gw-4.64006b872699b&p=908546969&k=08186&t=1677749130\" style=\"display:none\" />",
        "item_imgs": [
            {
                "url": "https://img.alicdn.com/imgextra/i4/2248304671/O1CN01AAzRFd1kNMq4VZPrV_!!0-item_pic.jpg"
            },
            {
                "url": "https://img.alicdn.com/imgextra/i2/2248304671/O1CN01JkzzzI1kNMq0EaPTD_!!2248304671.jpg"
            },
            {
                "url": "https://img.alicdn.com/imgextra/i4/2248304671/O1CN01Ea0CFS1kNMlqdx8Oz_!!2248304671.jpg"
            },
            {
                "url": "https://img.alicdn.com/imgextra/i1/2248304671/O1CN01JyyF7p1kNMlmEixxS_!!2248304671.jpg"
            },
            {
                "url": "https://img.alicdn.com/imgextra/i3/2248304671/O1CN01MGx0hN1kNMeYrEFBE_!!2248304671.jpg"
            }
        ],
        "item_weight": "",
        "post_fee": 0,
        "freight": "",
        "express_fee": "",
        "ems_fee": "",
        "shipping_to": "",
        "video": [],
        "sample_id": "",
        "props_name": "147956252:45684:净含量:150ml;147956252:45794:净含量:300ml",
        "prop_imgs": {
            "prop_img": []
        },
        "props_imgs": {
            "prop_img": []
        },
        "property_alias": "",
        "props": [
            {
                "name": "品牌",
                "value": "L'occitane/欧舒丹"
            },
            {
                "name": "欧舒丹系列",
                "value": "手霜套装"
            },
            {
                "name": "产地",
                "value": "法国"
            },
            {
                "name": "化妆品备案编号/注册证号",
                "value": "国妆网备进字（沪）2021500883"
            },
            {
                "name": "功效",
                "value": "滋润"
            },
            {
                "name": "规格类型",
                "value": "正常规格"
            },
            {
                "name": "是否为特殊用途化妆品",
                "value": "否"
            },
            {
                "name": "净含量",
                "value": "150ml 300ml"
            }
        ],
        "total_sold": "-1",
        "skus": {
            "sku": [
                {
                    "price": 370,
                    "total_price": 0,
                    "orginal_price": 370,
                    "properties": "147956252:45684",
                    "properties_name": "147956252:45684:净含量:150ml",
                    "quantity": 51,
                    "sku_id": "4942150600666"
                },
                {
                    "price": 490,
                    "total_price": 0,
                    "orginal_price": 490,
                    "properties": "147956252:45794",
                    "properties_name": "147956252:45794:净含量:300ml",
                    "quantity": 79,
                    "sku_id": "4041112832550"
                }
            ]
        },
        "seller_id": "2248304671",
        "sales": 600,
        "shop_id": "114646595",
        "props_list": {
            "147956252:45684": "净含量:150ml",
            "147956252:45794": "净含量:300ml"
        },
        "seller_info": {
            "nick": "loccitane欧舒丹旗舰店",
            "item_score": 4.83999,
            "score_p": 4.8638,
            "delivery_score": 4.88305,
            "shop_type": "",
            "user_num_id": "2248304671",
            "sid": "114646595",
            "title": "",
            "zhuy": "https://shop114646595.taobao.com",
            "cert": null,
            "open_time": "",
            "credit_score": null,
            "shop_name": "loccitane欧舒丹旗舰店"
        },
        "tmall": true,
        "error": "",
        "location": "江苏苏州",
        "data_from": "Ha",
        "has_discount": "false",
        "is_promotion": "false",
        "promo_type": null,
        "props_img": [],
        "format_check": "ok",
        "desc_img": [
            "http://img.alicdn.com/imgextra/i4/2248304671/O1CN01o0vjXS1kNMpx7bNuV_!!2248304671.jpg",
            "http://img.alicdn.com/imgextra/i3/2248304671/O1CN01IfsABJ1kNMopn30V8_!!2248304671.jpg",
            "http://img.alicdn.com/imgextra/i4/2248304671/O1CN01ObT8rb1kNMo48jnxx_!!2248304671.jpg",
            "http://img.alicdn.com/imgextra/i2/2248304671/O1CN01QYonaU1kNMo0UEcVa_!!2248304671.jpg",
            "http://img.alicdn.com/imgextra/i4/2248304671/O1CN01R0Suhm1kNMop39NJg_!!2248304671.jpg",
            "http://img.alicdn.com/imgextra/i4/2248304671/O1CN01p7ESWn1kNMo8s0lY2_!!2248304671.jpg",
            "http://img.alicdn.com/imgextra/i3/2248304671/O1CN01afg78k1kNMllwivOV_!!2248304671.jpg",
            "http://img.alicdn.com/imgextra/i1/2248304671/O1CN01GqNC7K1kNMlXk3qMM_!!2248304671.jpg",
            "http://img.alicdn.com/imgextra/i3/2248304671/O1CN01sUqm8P1kNMnt5IVzf_!!2248304671.jpg",
            "http://img.alicdn.com/imgextra/i2/2248304671/O1CN011uCqhq1kNMnyHv5sR_!!2248304671.jpg",
            "http://img.alicdn.com/imgextra/i3/2248304671/O1CN0169rvT11kNMmnvnK3x_!!2248304671.jpg",
            "http://img.alicdn.com/imgextra/i2/2248304671/TB2_Bnfn29TBuNjy1zbXXXpepXa-2248304671.jpg",
            "http://img.alicdn.com/imgextra/i1/2248304671/TB2YVKzmnTI8KJjSsphXXcFppXa-2248304671.jpg",
            "http://img.alicdn.com/imgextra/i4/2248304671/O1CN011kNMTYM3WafZj7e_!!2248304671.jpg"
        ],
        "shop_item": [],
        "relate_items": []
    },
    "error": "",
    "secache": "d5fc7e9e58361d499e403e1371e94121",
    "secache_time": 1677749130,
    "secache_date": "2023-03-02 17:25:30",
    "translate_status": "",
    "translate_time": 0,
    "language": {
        "default_lang": "cn",
        "current_lang": "cn"
    },
    "reason": "",
    "error_code": "0000",
    "cache": 0,
    "api_info": "today: max:20000 all[=++];expires:2024-01-16",
    "execution_time": "3.376",
    "server_time": "Beijing/2023-03-02 17:25:30",
    "client_ip": "54.39.83.153",
    "call_args": {
        "num_iid": "525744163140",
        "is_promotion": "1"
    },
    "api_type": "taobao",
    "translate_language": "zh-CN",
    "translate_engine": "baidu",
    "server_memory": "0.78MB",
    "last_id": false
}