{
    "item": {
        "num_iid": "702583006007",
        "title": "【38节抢购】欧舒丹洗发水草本强韧丰盈洗发露温和蓬松丰盈防毛躁",
        "desc_short": "",
        "price": 210,
        "total_price": "",
        "suggestive_price": "",
        "orginal_price": 210,
        "nick": "loccitane欧舒丹旗舰店",
        "num": 200,
        "detail_url": "https://item.taobao.com/item.htm?id=702583006007",
        "pic_url": "https://img.alicdn.com/imgextra/i3/2248304671/O1CN01H00Jrx1kNMq4nfxpQ_!!0-item_pic.jpg",
        "brand": null,
        "brandId": "",
        "rootCatId": "",
        "cid": 121396029,
        "desc": "",
        "item_imgs": [
            {
                "url": "https://img.alicdn.com/imgextra/i3/2248304671/O1CN01H00Jrx1kNMq4nfxpQ_!!0-item_pic.jpg"
            },
            {
                "url": "https://img.alicdn.com/imgextra/i2/2248304671/O1CN01cN9DqW1kNMphiuUHn_!!0-item_pic.jpg"
            },
            {
                "url": "https://img.alicdn.com/imgextra/i3/2248304671/O1CN01Rfq03g1kNMq6HFjVK_!!2248304671.jpg"
            },
            {
                "url": "https://img.alicdn.com/imgextra/i2/2248304671/O1CN01C4rErn1kNMhD0Qzbi_!!2248304671.jpg"
            },
            {
                "url": "https://img.alicdn.com/imgextra/i4/2248304671/O1CN01z3asoz1kNMpoUaux0_!!0-item_pic.jpg"
            }
        ],
        "item_weight": "",
        "post_fee": 0,
        "freight": "",
        "express_fee": "",
        "ems_fee": "",
        "shipping_to": "",
        "video": [],
        "sample_id": "",
        "props_name": "147956252:45794:净含量:300ml",
        "prop_imgs": {
            "prop_img": [
                {
                    "properties": "147956252:45794",
                    "url": "http://img.alicdn.com/imgextra/i3/2248304671/O1CN01H00Jrx1kNMq4nfxpQ_!!0-item_pic.jpg"
                }
            ]
        },
        "props_imgs": {
            "prop_img": [
                {
                    "properties": "147956252:45794",
                    "url": "http://img.alicdn.com/imgextra/i3/2248304671/O1CN01H00Jrx1kNMq4nfxpQ_!!0-item_pic.jpg"
                }
            ]
        },
        "property_alias": "",
        "props": [
            {
                "name": "品牌",
                "value": "L'occitane/欧舒丹"
            },
            {
                "name": "L’occitane/欧舒丹",
                "value": "草本强韧洗发300ml套装"
            },
            {
                "name": "功效",
                "value": "温和清洁、修护"
            },
            {
                "name": "产地",
                "value": "法国"
            },
            {
                "name": "化妆品备案编号/注册证号",
                "value": "国妆网备进字（沪）2020010960"
            },
            {
                "name": "规格类型",
                "value": "正常规格"
            },
            {
                "name": "是否为特殊用途化妆品",
                "value": "否"
            },
            {
                "name": "净含量",
                "value": "300ml"
            }
        ],
        "total_sold": "-1",
        "skus": {
            "sku": [
                {
                    "price": 210,
                    "total_price": 0,
                    "orginal_price": 210,
                    "properties": "147956252:45794",
                    "properties_name": "147956252:45794:净含量:300ml",
                    "quantity": 200,
                    "sku_id": "4947139988971"
                }
            ]
        },
        "seller_id": "2248304671",
        "sales": 1000,
        "shop_id": "114646595",
        "props_list": {
            "147956252:45794": "净含量:300ml"
        },
        "seller_info": {
            "nick": "loccitane欧舒丹旗舰店",
            "item_score": 4.83999,
            "score_p": 4.8638,
            "delivery_score": 4.88305,
            "shop_type": "",
            "user_num_id": "2248304671",
            "sid": "114646595",
            "title": "",
            "zhuy": "https://shop114646595.taobao.com",
            "cert": null,
            "open_time": "",
            "credit_score": null,
            "shop_name": "loccitane欧舒丹旗舰店"
        },
        "tmall": true,
        "error": "",
        "location": "江苏苏州",
        "data_from": "Ha",
        "has_discount": "false",
        "is_promotion": "false",
        "promo_type": null,
        "props_img": {
            "147956252:45794": "http://img.alicdn.com/imgextra/i3/2248304671/O1CN01H00Jrx1kNMq4nfxpQ_!!0-item_pic.jpg"
        },
        "format_check": "ok",
        "desc_img": [],
        "shop_item": [],
        "relate_items": []
    },
    "error": "",
    "secache": "a4a3688a293684e705a84e7199de657a",
    "secache_time": 1677750158,
    "secache_date": "2023-03-02 17:42:38",
    "translate_status": "",
    "translate_time": 0,
    "language": {
        "default_lang": "cn",
        "current_lang": "cn"
    },
    "reason": "",
    "error_code": "0000",
    "cache": 0,
    "api_info": "today: max:20000 all[=++];expires:2024-01-16",
    "execution_time": "6.84",
    "server_time": "Beijing/2023-03-02 17:42:38",
    "client_ip": "54.39.83.153",
    "call_args": {
        "num_iid": "702583006007",
        "is_promotion": "1"
    },
    "api_type": "taobao",
    "translate_language": "zh-CN",
    "translate_engine": "baidu_api",
    "server_memory": "5.79MB",
    "last_id": false
}