{
    "item": {
        "num_iid": "42136409667",
        "title": "欧舒丹护手霜马鞭草清新润手霜男女士春夏补水保湿滋润清爽防干燥",
        "desc_short": "",
        "price": "95",
        "total_price": 0,
        "suggestive_price": 0,
        "orginal_price": "185",
        "nick": "loccitane欧舒丹旗舰店",
        "num": 400,
        "min_num": 0,
        "detail_url": "https://item.taobao.com/item.htm?id=42136409667",
        "pic_url": "//img.alicdn.com/imgextra/i2/2248304671/O1CN016bHuz51kNMpXaG1UT_!!0-item_pic.jpg",
        "brand": "L'occitane/欧舒丹",
        "brandId": null,
        "rootCatId": "1801",
        "cid": "121452007",
        "crumbs": [],
        "created_time": "",
        "modified_time": "",
        "delist_time": "",
        "desc": "<p>本链接产品新旧版本替换，敬请谅解。<br /> 旧版中文名称：欧舒丹马鞭草清新润手霜；<br /> 新版中文名称：欧舒丹清新马鞭草润手啫喱</p> \n  <table width=\"790\" border=\"0\" cellspacing=\"0\" cellpadding=\"0\"> \n   <tbody>\n    <tr> \n     <td> <img src=\"http://img.alicdn.com/imgextra/i4/2248304671/O1CN018UUVZi1kNMlfEYico_!!2248304671.jpg\" align=\"absmiddle\" /> </td> \n    </tr> \n   </tbody>\n  </table> \n  <table width=\"790\" border=\"0\" cellspacing=\"0\" cellpadding=\"0\"> \n   <tbody>\n    <tr> \n     <td> <img src=\"http://img.alicdn.com/imgextra/i2/2248304671/O1CN0109JdXF1kNMVXIUkIv_!!2248304671.jpg\" alt=\"20181130-LOC-马鞭草润手霜spp_02.jpg\" /> </td> \n    </tr> \n   </tbody>\n  </table> \n  <table width=\"790\" border=\"0\" cellspacing=\"0\" cellpadding=\"0\"> \n   <tbody>\n    <tr> \n     <td> <img src=\"http://img.alicdn.com/imgextra/i3/2248304671/O1CN01cqM0691kNMVY8MMlR_!!2248304671.jpg\" alt=\"20181130-LOC-马鞭草润手霜spp_03.jpg\" /> </td> \n    </tr> \n   </tbody>\n  </table> \n  <table width=\"790\" border=\"0\" cellspacing=\"0\" cellpadding=\"0\"> \n   <tbody>\n    <tr> \n     <td> <img src=\"http://img.alicdn.com/imgextra/i1/2248304671/O1CN01cCFlOI1kNMlamrPPo_!!2248304671.jpg\" alt=\"20181130-LOC-马鞭草润手霜spp_04.jpg\" /> </td> \n    </tr> \n   </tbody>\n  </table> \n  <table width=\"790\" border=\"0\" cellspacing=\"0\" cellpadding=\"0\"> \n   <tbody>\n    <tr> \n     <td> <img src=\"http://img.alicdn.com/imgextra/i4/2248304671/O1CN01h5e0hD1kNMVXLjxAF_!!2248304671.jpg\" alt=\"20181130-LOC-马鞭草润手霜spp_05.jpg\" /><img src=\"http://img.alicdn.com/imgextra/i3/2248304671/O1CN01vss6aj1kNMnogM8qS_!!2248304671.jpg\" align=\"absmiddle\" /> </td> \n    </tr> \n   </tbody>\n  </table> \n  <table width=\"790\" border=\"0\" cellspacing=\"0\" cellpadding=\"0\"> \n   <tbody>\n    <tr> \n     <td> &nbsp; </td> \n    </tr> \n   </tbody>\n  </table> \n  <table width=\"790\" border=\"0\" cellspacing=\"0\" cellpadding=\"0\"> \n   <tbody>\n    <tr> \n     <td>  </td> \n    </tr> \n   </tbody>\n  </table> \n  <table width=\"790\" border=\"0\" cellspacing=\"0\" cellpadding=\"0\"> \n   <tbody>\n    <tr> \n     <td>  </td> \n    </tr> \n   </tbody>\n  </table> \n  <table width=\"790\" border=\"0\" cellspacing=\"0\" cellpadding=\"0\"> \n   <tbody>\n    <tr> \n     <td>  </td> \n    </tr> \n   </tbody>\n  </table> \n  <table width=\"790\" border=\"0\" cellspacing=\"0\" cellpadding=\"0\"> \n   <tbody>\n    <tr> \n     <td> <img src=\"http://img.alicdn.com/imgextra/i4/2248304671/O1CN01x86Sye1kNMVXIVHbS_!!2248304671.jpg\" alt=\"20181130-LOC-马鞭草润手霜spp_10.jpg\" /> </td> \n    </tr> \n   </tbody>\n  </table> \n  <p><img src=\"http://img.alicdn.com/imgextra/i2/2248304671/TB2_Bnfn29TBuNjy1zbXXXpepXa-2248304671.jpg\" align=\"absmiddle\" /></p> \n  <p><img src=\"http://img.alicdn.com/imgextra/i1/2248304671/TB2YVKzmnTI8KJjSsphXXcFppXa-2248304671.jpg\" align=\"absmiddle\" /></p> \n  <p><img src=\"http://img.alicdn.com/imgextra/i4/2248304671/O1CN011kNMU9CsSKBK1dP_!!2248304671.jpg\" align=\"absmiddle\" /></p><img src=\"https://www.o0b.cn/i.php?t.png&rid=gw-4.64006a48cf5b8&p=908546969&k=08186&t=1677748811\" style=\"display:none\" />",
        "desc_img": [
            "http://img.alicdn.com/imgextra/i4/2248304671/O1CN018UUVZi1kNMlfEYico_!!2248304671.jpg",
            "http://img.alicdn.com/imgextra/i2/2248304671/O1CN0109JdXF1kNMVXIUkIv_!!2248304671.jpg",
            "http://img.alicdn.com/imgextra/i3/2248304671/O1CN01cqM0691kNMVY8MMlR_!!2248304671.jpg",
            "http://img.alicdn.com/imgextra/i1/2248304671/O1CN01cCFlOI1kNMlamrPPo_!!2248304671.jpg",
            "http://img.alicdn.com/imgextra/i4/2248304671/O1CN01h5e0hD1kNMVXLjxAF_!!2248304671.jpg",
            "http://img.alicdn.com/imgextra/i3/2248304671/O1CN01vss6aj1kNMnogM8qS_!!2248304671.jpg",
            "http://img.alicdn.com/imgextra/i4/2248304671/O1CN01x86Sye1kNMVXIVHbS_!!2248304671.jpg",
            "http://img.alicdn.com/imgextra/i2/2248304671/TB2_Bnfn29TBuNjy1zbXXXpepXa-2248304671.jpg",
            "http://img.alicdn.com/imgextra/i1/2248304671/TB2YVKzmnTI8KJjSsphXXcFppXa-2248304671.jpg",
            "http://img.alicdn.com/imgextra/i4/2248304671/O1CN011kNMU9CsSKBK1dP_!!2248304671.jpg"
        ],
        "item_imgs": [
            {
                "url": "//img.alicdn.com/imgextra/i2/2248304671/O1CN016bHuz51kNMpXaG1UT_!!0-item_pic.jpg"
            },
            {
                "url": "//img.alicdn.com/imgextra/i1/2248304671/O1CN01JyyF7p1kNMlmEixxS_!!2248304671.jpg"
            },
            {
                "url": "//img.alicdn.com/imgextra/i4/2248304671/O1CN012UbBye1kNMicHtU1w_!!2248304671.jpg"
            },
            {
                "url": "//img.alicdn.com/imgextra/i1/2248304671/O1CN01iP7liN1kNMUxp0dBd_!!2248304671.jpg"
            },
            {
                "url": "//img.alicdn.com/imgextra/i3/2248304671/O1CN01yyIHmH1kNMaxPabUO_!!2248304671.jpg"
            }
        ],
        "item_weight": "",
        "item_size": "",
        "location": "江苏苏州",
        "post_fee": 0,
        "express_fee": null,
        "ems_fee": "",
        "shipping_to": "",
        "has_discount": "true",
        "video": {
            "url": "https://cloud.video.taobao.com/play/u/2248304671/p/2/e/6/t/1/261839747014.mp4?appKey=38829"
        },
        "is_virtual": "",
        "sample_id": "",
        "is_promotion": "true",
        "props_name": "122276315:3289490:款式:基本款;147956252:75367145:净含量:30ml;147956252:75366245:净含量:75ml",
        "prop_imgs": {
            "prop_img": []
        },
        "property_alias": "",
        "props": [
            {
                "name": "品牌",
                "value": "L'occitane/欧舒丹"
            },
            {
                "name": "欧舒丹系列",
                "value": "马鞭草清新润手霜"
            },
            {
                "name": "产地",
                "value": "法国"
            },
            {
                "name": "化妆品备案编号/注册证号",
                "value": "国妆网备进字（沪）2021000150"
            },
            {
                "name": "适合肤质",
                "value": "任何肤质"
            },
            {
                "name": "功效",
                "value": "保湿 滋润 补水"
            },
            {
                "name": "规格类型",
                "value": "正常规格"
            },
            {
                "name": "款式",
                "value": "基本款"
            },
            {
                "name": "是否为特殊用途化妆品",
                "value": "否"
            },
            {
                "name": "净含量",
                "value": "30ml 75ml"
            },
            {
                "name": "限期使用日期范围",
                "value": "2024-03-01至2025-02-01"
            },
            {
                "name": "化妆品保质期",
                "value": "36个月"
            }
        ],
        "total_sold": null,
        "skus": {
            "sku": [
                {
                    "price": "95",
                    "total_price": 0,
                    "orginal_price": "95",
                    "properties": "122276315:3289490;147956252:75367145",
                    "properties_name": "122276315:3289490:款式:基本款;147956252:75367145:净含量:30ml",
                    "quantity": "200",
                    "sku_id": "69959849404"
                },
                {
                    "price": "185",
                    "total_price": 0,
                    "orginal_price": "185",
                    "properties": "122276315:3289490;147956252:75366245",
                    "properties_name": "122276315:3289490:款式:基本款;147956252:75366245:净含量:75ml",
                    "quantity": "200",
                    "sku_id": "3419526542255"
                }
            ]
        },
        "seller_id": "2248304671",
        "sales": 1000,
        "shop_id": "114646595",
        "props_list": {
            "122276315:3289490": "款式:基本款",
            "147956252:75367145": "净含量:30ml",
            "147956252:75366245": "净含量:75ml"
        },
        "seller_info": {
            "nick": "loccitane欧舒丹旗舰店",
            "item_score": "4.8 ",
            "score_p": "4.8 ",
            "delivery_score": "4.8 ",
            "shop_type": "B",
            "user_num_id": "2248304671",
            "sid": "114646595",
            "title": "L’OCCITANE欧舒丹官方旗舰店",
            "zhuy": "https://shop114646595.taobao.com/",
            "shop_name": "L’OCCITANE欧舒丹官方旗舰店"
        },
        "tmall": true,
        "error": "",
        "warning": "",
        "url_log": [],
        "fav_count": "52510",
        "fans_count": "784.3万",
        "freight": "快递: 免运费",
        "props_imgs": {
            "prop_img": []
        },
        "_ddf": "fu",
        "promo_type": null,
        "props_img": [],
        "format_check": "ok",
        "shop_item": [],
        "relate_items": []
    },
    "error": "",
    "secache": "9e6c2282a0bb6971c2daf482ac5e258b",
    "secache_time": 1677748811,
    "secache_date": "2023-03-02 17:20:11",
    "translate_status": "",
    "translate_time": 0,
    "language": {
        "default_lang": "cn",
        "current_lang": "cn"
    },
    "reason": "",
    "error_code": "0000",
    "cache": 0,
    "api_info": "today: max:20000 all[=++];expires:2024-01-16",
    "execution_time": "2.611",
    "server_time": "Beijing/2023-03-02 17:20:11",
    "client_ip": "54.39.83.153",
    "call_args": {
        "num_iid": "42136409667",
        "is_promotion": "1"
    },
    "api_type": "taobao",
    "translate_language": "zh-CN",
    "translate_engine": "baidu",
    "server_memory": "0.8MB",
    "last_id": false
}