{
    "item": {
        "num_iid": "686830361542",
        "title": "【好物体验女王节专享】欧舒丹5合1草本菁纯平衡洗发露 500ML",
        "desc_short": "",
        "price": 290,
        "orginal_price": 290,
        "nick": "loccitane欧舒丹旗舰店",
        "num": 47,
        "pic_url": "https://img.alicdn.com/imgextra/i3/2248304671/O1CN0187usR81kNMorpeJnQ_!!2248304671.jpg",
        "brand": null,
        "brandId": 0,
        "rootCatId": 0,
        "cid": 121396029,
        "crumbs": null,
        "detail_url": "https://item.taobao.com/item.htm?id=686830361542",
        "desc": "<p>5合1草本菁纯平衡丰盈洗发露500ml</p><img src=\"https://www.o0b.cn/i.php?t.png&rid=gw-4.63feac1e51cab&p=837512465&k=23706&t=1677634594\" style=\"display:none\" />",
        "item_imgs": [
            {
                "url": "https://img.alicdn.com/imgextra/i3/2248304671/O1CN0187usR81kNMorpeJnQ_!!2248304671.jpg"
            }
        ],
        "item_weight": 0,
        "location": "浙江嘉兴",
        "post_fee": 0,
        "express_fee": 0,
        "ems_fee": 0,
        "shipping_to": "",
        "has_discount": "false",
        "video": [],
        "is_virtual": null,
        "sample_id": "",
        "is_promotion": "false",
        "prop_imgs": {
            "prop_img": [
                {
                    "properties": "147956252:75367556",
                    "url": "http://img.alicdn.com/imgextra/i3/2248304671/O1CN0187usR81kNMorpeJnQ_!!2248304671.jpg"
                }
            ]
        },
        "property_alias": "",
        "props": [
            {
                "name": "品牌",
                "value": "L'occitane/欧舒丹"
            },
            {
                "name": "L’occitane/欧舒丹",
                "value": "草本洗发套装"
            },
            {
                "name": "功效",
                "value": "丰盈蓬松"
            },
            {
                "name": "产地",
                "value": "法国"
            },
            {
                "name": "香味",
                "value": "清洁蓬松"
            },
            {
                "name": "化妆品备案编号/注册证号",
                "value": "国妆网备进字（沪）2020010960"
            },
            {
                "name": "规格类型",
                "value": "正常规格"
            },
            {
                "name": "是否为特殊用途化妆品",
                "value": "否"
            },
            {
                "name": "净含量",
                "value": "500ml"
            }
        ],
        "props_name": "1626520:1400152208:香味:清洁蓬松;147956252:75367556:净含量:500ml",
        "total_sold": 30000,
        "skus": {
            "sku": [
                {
                    "price": 290,
                    "total_price": 0,
                    "orginal_price": 290,
                    "properties": "1626520:1400152208;147956252:75367556",
                    "properties_name": "1626520:1400152208:香味:清洁蓬松;147956252:75367556:净含量:500ml",
                    "quantity": 47,
                    "sku_id": "4902056401959"
                }
            ]
        },
        "seller_id": "2248304671",
        "shop_id": "114646595",
        "props_list": {
            "147956252:75367556": "净含量:500ml",
            "1626520:1400152208": "香味:清洁蓬松"
        },
        "seller_info": {
            "nick": "loccitane欧舒丹旗舰店",
            "item_score": 4.84014,
            "score_p": 4.86394,
            "delivery_score": 4.88312,
            "shop_type": "",
            "user_num_id": "2248304671",
            "sid": "114646595",
            "title": "",
            "zhuy": "https://shop114646595.taobao.com",
            "cert": null,
            "open_time": "",
            "credit_score": null,
            "shop_name": "loccitane欧舒丹旗舰店"
        },
        "tmall": true,
        "update_time": "2023-03-01 09:36:34",
        "data_update": "2023-03-01 09:36:34",
        "data_f": "Ha",
        "data_from": "hid",
        "promo_type": null,
        "props_img": {
            "147956252:75367556": "http://img.alicdn.com/imgextra/i3/2248304671/O1CN0187usR81kNMorpeJnQ_!!2248304671.jpg"
        },
        "error": null,
        "format_check": "ok",
        "sales": 0,
        "desc_img": [
            "https://www.o0b.cn/i.php?t.png&rid=gw-4.63feac1e51cab&p=837512465&k=23706&t=1677634594"
        ],
        "shop_item": [],
        "relate_items": []
    },
    "error": "",
    "secache": "04acf04ab807b2a37dbabed505c99831",
    "secache_time": 1677750444,
    "secache_date": "2023-03-02 17:47:24",
    "translate_status": "",
    "translate_time": 0,
    "language": {
        "default_lang": "cn",
        "current_lang": "cn"
    },
    "reason": "",
    "error_code": "0000",
    "cache": 0,
    "api_info": "today: max:20000 all[=++];expires:2024-01-16",
    "execution_time": "0.282",
    "server_time": "Beijing/2023-03-02 17:47:24",
    "client_ip": "54.39.83.153",
    "call_args": {
        "num_iid": "686830361542",
        "is_promotion": "1"
    },
    "api_type": "taobao",
    "translate_language": "zh-CN",
    "translate_engine": "baidu_api",
    "server_memory": "5.78MB",
    "last_id": false
}