{
    "item": {
        "num_iid": "42168556623",
        "title": "欧舒丹眼霜黄腊菊赋颜御龄精华眼霜小金瓶补水淡化细纹面部护理",
        "desc_short": "",
        "price": 590,
        "total_price": "",
        "suggestive_price": "",
        "orginal_price": 590,
        "nick": "loccitane欧舒丹旗舰店",
        "num": 19,
        "detail_url": "https://item.taobao.com/item.htm?id=42168556623",
        "pic_url": "https://img.alicdn.com/imgextra/i2/2248304671/O1CN01t6DUxe1kNMm1kKtbX_!!0-item_pic.jpg",
        "brand": null,
        "brandId": "",
        "rootCatId": "",
        "cid": 121484013,
        "desc": "<p>&nbsp;</p> \n  <div> \n   <span >由于包装升级，仓库新旧版本随机发货，暂不接受发货指定；感谢您的支持，欧舒丹天猫官方旗舰店所售商品100%为正品，有问题及时联系在线客服</span> \n  </div> \n  <img src=\"http://img.alicdn.com/imgextra/i1/2248304671/O1CN01dniAmO1kNMlet27aY_!!2248304671.jpg\" alt=\"20220325-LOC-黄金腊菊眼唇霜-改违禁词的_01.jpg\" />\n  <br /> \n  <img src=\"http://img.alicdn.com/imgextra/i4/2248304671/O1CN01r4KMAx1kNMlmFtDUc_!!2248304671.jpg\" alt=\"20220325-LOC-黄金腊菊眼唇霜-改违禁词的_02.jpg\" />\n  <br /> \n  <img src=\"http://img.alicdn.com/imgextra/i2/2248304671/O1CN01EXHhUG1kNMlmFqT0x_!!2248304671.jpg\" alt=\"20220325-LOC-黄金腊菊眼唇霜-改违禁词的_03.jpg\" />\n  <br /> \n  <img src=\"http://img.alicdn.com/imgextra/i4/2248304671/O1CN018U9d1D1kNMlow4Cwr_!!2248304671.jpg\" alt=\"20220325-LOC-黄金腊菊眼唇霜-改违禁词的_04.jpg\" />\n  <br /> \n  <img src=\"http://img.alicdn.com/imgextra/i2/2248304671/O1CN010qCLo81kNMm9PxThH_!!2248304671.jpg\" alt=\"20220429-LOC-黄金腊菊眼唇霜-标签_06.jpg\" /> \n  <p>&nbsp;</p> \n  <img src=\"http://img.alicdn.com/imgextra/i2/2248304671/TB2_Bnfn29TBuNjy1zbXXXpepXa-2248304671.jpg\" align=\"absmiddle\" />\n  <img src=\"http://img.alicdn.com/imgextra/i1/2248304671/TB2YVKzmnTI8KJjSsphXXcFppXa-2248304671.jpg\" align=\"absmiddle\" />\n  <img src=\"http://img.alicdn.com/imgextra/i4/2248304671/O1CN011kNMTYM3WafZj7e_!!2248304671.jpg\" align=\"absmiddle\" /> \n  <p>&nbsp;</p><img src=\"https://www.o0b.cn/i.php?t.png&rid=gw-1.64006eeccf2d1&p=908546969&k=08186&t=1677749998\" style=\"display:none\" />",
        "item_imgs": [
            {
                "url": "https://img.alicdn.com/imgextra/i2/2248304671/O1CN01t6DUxe1kNMm1kKtbX_!!0-item_pic.jpg"
            },
            {
                "url": "https://img.alicdn.com/imgextra/i3/2248304671/O1CN01FM18Mj1kNMlk1qS51_!!2248304671.jpg"
            },
            {
                "url": "https://img.alicdn.com/imgextra/i4/2248304671/O1CN01szBRNR1kNMlowtUzT_!!2248304671.jpg"
            },
            {
                "url": "https://img.alicdn.com/imgextra/i2/2248304671/O1CN013GR2CT1kNMlk1svsB_!!2248304671.jpg"
            },
            {
                "url": "https://img.alicdn.com/imgextra/i3/2248304671/O1CN01Q4JWUy1kNMbsY1FgU_!!2248304671.jpg"
            }
        ],
        "item_weight": "",
        "post_fee": 0,
        "freight": "",
        "express_fee": "",
        "ems_fee": "",
        "shipping_to": "",
        "video": [],
        "sample_id": "",
        "props_name": "147956252:75367397:净含量:15ml",
        "prop_imgs": {
            "prop_img": [
                {
                    "properties": "147956252:75367397",
                    "url": "http://img.alicdn.com/imgextra/i2/2248304671/O1CN01t6DUxe1kNMm1kKtbX_!!0-item_pic.jpg"
                }
            ]
        },
        "props_imgs": {
            "prop_img": [
                {
                    "properties": "147956252:75367397",
                    "url": "http://img.alicdn.com/imgextra/i2/2248304671/O1CN01t6DUxe1kNMm1kKtbX_!!0-item_pic.jpg"
                }
            ]
        },
        "property_alias": "",
        "props": [
            {
                "name": "品牌",
                "value": "L'occitane/欧舒丹"
            },
            {
                "name": "欧舒丹系列",
                "value": "欧舒丹腊菊赋颜御龄眼唇霜(轻盈版)"
            },
            {
                "name": "产地",
                "value": "法国"
            },
            {
                "name": "化妆品备案编号/注册证号",
                "value": "国妆网备进字（沪）2020009469"
            },
            {
                "name": "适合肤质",
                "value": "任何肤质"
            },
            {
                "name": "功效",
                "value": "保湿"
            },
            {
                "name": "规格类型",
                "value": "正常规格"
            },
            {
                "name": "是否为特殊用途化妆品",
                "value": "否"
            },
            {
                "name": "净含量",
                "value": "15ml"
            },
            {
                "name": "限期使用日期范围",
                "value": "2023-12-01至2023-12-31"
            },
            {
                "name": "化妆品保质期",
                "value": "36个月"
            }
        ],
        "total_sold": "31",
        "skus": {
            "sku": [
                {
                    "price": 590,
                    "total_price": 0,
                    "orginal_price": 590,
                    "properties": "147956252:75367397",
                    "properties_name": "147956252:75367397:净含量:15ml",
                    "quantity": 19,
                    "sku_id": "75002015247"
                }
            ]
        },
        "seller_id": "2248304671",
        "sales": 31,
        "shop_id": "114646595",
        "props_list": {
            "147956252:75367397": "净含量:15ml"
        },
        "seller_info": {
            "nick": "loccitane欧舒丹旗舰店",
            "item_score": 4.83999,
            "score_p": 4.8638,
            "delivery_score": 4.88305,
            "shop_type": "",
            "user_num_id": "2248304671",
            "sid": "114646595",
            "title": "",
            "zhuy": "https://shop114646595.taobao.com",
            "cert": null,
            "open_time": "",
            "credit_score": null,
            "shop_name": "loccitane欧舒丹旗舰店"
        },
        "tmall": true,
        "error": "",
        "location": "江苏苏州",
        "data_from": "Ha",
        "has_discount": "false",
        "is_promotion": "false",
        "promo_type": null,
        "props_img": {
            "147956252:75367397": "http://img.alicdn.com/imgextra/i2/2248304671/O1CN01t6DUxe1kNMm1kKtbX_!!0-item_pic.jpg"
        },
        "format_check": "ok",
        "desc_img": [
            "http://img.alicdn.com/imgextra/i1/2248304671/O1CN01dniAmO1kNMlet27aY_!!2248304671.jpg",
            "http://img.alicdn.com/imgextra/i4/2248304671/O1CN01r4KMAx1kNMlmFtDUc_!!2248304671.jpg",
            "http://img.alicdn.com/imgextra/i2/2248304671/O1CN01EXHhUG1kNMlmFqT0x_!!2248304671.jpg",
            "http://img.alicdn.com/imgextra/i4/2248304671/O1CN018U9d1D1kNMlow4Cwr_!!2248304671.jpg",
            "http://img.alicdn.com/imgextra/i2/2248304671/O1CN010qCLo81kNMm9PxThH_!!2248304671.jpg",
            "http://img.alicdn.com/imgextra/i2/2248304671/TB2_Bnfn29TBuNjy1zbXXXpepXa-2248304671.jpg",
            "http://img.alicdn.com/imgextra/i1/2248304671/TB2YVKzmnTI8KJjSsphXXcFppXa-2248304671.jpg",
            "http://img.alicdn.com/imgextra/i4/2248304671/O1CN011kNMTYM3WafZj7e_!!2248304671.jpg"
        ],
        "shop_item": [],
        "relate_items": []
    },
    "error": "",
    "secache": "04ed9d63d00b781ffac7718ed4446eaf",
    "secache_time": 1677749998,
    "secache_date": "2023-03-02 17:39:58",
    "translate_status": "",
    "translate_time": 0,
    "language": {
        "default_lang": "cn",
        "current_lang": "cn"
    },
    "reason": "",
    "error_code": "0000",
    "cache": 0,
    "api_info": "today: max:20000 all[=++];expires:2024-01-16",
    "execution_time": "2.003",
    "server_time": "Beijing/2023-03-02 17:39:58",
    "client_ip": "54.39.83.153",
    "call_args": {
        "num_iid": "42168556623",
        "is_promotion": "1"
    },
    "api_type": "taobao",
    "translate_language": "zh-CN",
    "translate_engine": "baidu",
    "server_memory": "5.77MB",
    "last_id": false
}