{
    "item": {
        "num_iid": "684126400908",
        "title": "【38节抢购】欧舒丹乳木果身体护理套装手霜指缘油滋润滋养礼盒",
        "desc_short": "",
        "price": 395,
        "total_price": "",
        "suggestive_price": "",
        "orginal_price": 395,
        "nick": "loccitane欧舒丹旗舰店",
        "num": 1,
        "detail_url": "https://item.taobao.com/item.htm?id=684126400908",
        "pic_url": "https://img.alicdn.com/imgextra/i1/2248304671/O1CN01xHC9Bv1kNMq9O0TSZ_!!0-item_pic.jpg",
        "brand": null,
        "brandId": "",
        "rootCatId": "",
        "cid": 121402008,
        "desc": "<p><img src=\"http://img.alicdn.com/imgextra/i3/2248304671/O1CN016g2z2o1kNMo4tysdu_!!2248304671.jpg\" alt=\"20220928-LOC-D11限定乳木果大手_01.jpg\" /><br /> <img src=\"http://img.alicdn.com/imgextra/i4/2248304671/O1CN01ObT8rb1kNMo48jnxx_!!2248304671.jpg\" alt=\"20220928-LOC-D11限定乳木果大手_02.jpg\" /><br /> <img src=\"http://img.alicdn.com/imgextra/i2/2248304671/O1CN01QYonaU1kNMo0UEcVa_!!2248304671.jpg\" alt=\"20220928-LOC-D11限定乳木果大手_03.jpg\" /><br /> <img src=\"http://img.alicdn.com/imgextra/i2/2248304671/O1CN01nMkXm31kNMnziPHqB_!!2248304671.jpg\" alt=\"20220928-LOC-D11限定乳木果大手_04.jpg\" /><br /> <img src=\"http://img.alicdn.com/imgextra/i4/2248304671/O1CN01p7ESWn1kNMo8s0lY2_!!2248304671.jpg\" alt=\"20220928-LOC-D11限定乳木果大手_05.jpg\" /><br /> <img src=\"http://img.alicdn.com/imgextra/i3/2248304671/O1CN018z8v0G1kNMlJVLvTk_!!2248304671.jpg\" alt=\"乳木果指缘7_01.jpg\" /><br /> <img src=\"http://img.alicdn.com/imgextra/i1/2248304671/O1CN01vJFOkB1kNMlL7cFCG_!!2248304671.jpg\" alt=\"乳木果指缘7_02.jpg\" /><br /> <img src=\"http://img.alicdn.com/imgextra/i2/2248304671/O1CN01ysoW7l1kNMlA99y52_!!2248304671.jpg\" alt=\"乳木果指缘7_03.jpg\" /><br /> <img src=\"http://img.alicdn.com/imgextra/i1/2248304671/O1CN011rbg5m1kNMmKEIFMm_!!2248304671.jpg\" alt=\"乳木果指缘7_04.jpg\" /><br /> <img src=\"http://img.alicdn.com/imgextra/i1/2248304671/O1CN01BFqPdI1kNMlJMVVFa_!!2248304671.jpg\" alt=\"乳木果指缘7_05.jpg\" /><br /> <img src=\"http://img.alicdn.com/imgextra/i1/2248304671/TB2YVKzmnTI8KJjSsphXXcFppXa-2248304671.jpg\" alt=\"2-礼盒发放说明.jpg\" /><br /> <img src=\"http://img.alicdn.com/imgextra/i4/2248304671/O1CN011kNMTYM3WafZj7e_!!2248304671.jpg\" alt=\"3-正品保证-SPP页底.jpg\" /> </p><img src=\"https://www.o0b.cn/i.php?t.png&rid=gw-1.64006fdcc2d42&p=908546969&k=08186&t=1677750238\" style=\"display:none\" />",
        "item_imgs": [
            {
                "url": "https://img.alicdn.com/imgextra/i1/2248304671/O1CN01xHC9Bv1kNMq9O0TSZ_!!0-item_pic.jpg"
            },
            {
                "url": "https://img.alicdn.com/imgextra/i2/2248304671/O1CN01itVvtC1kNMnxWzzkA_!!2248304671.jpg"
            },
            {
                "url": "https://img.alicdn.com/imgextra/i3/2248304671/O1CN01Rfq03g1kNMq6HFjVK_!!2248304671.jpg"
            },
            {
                "url": "https://img.alicdn.com/imgextra/i3/2248304671/O1CN01c1TDaa1kNMolv5Hr7_!!2248304671.jpg"
            },
            {
                "url": "https://img.alicdn.com/imgextra/i3/2248304671/O1CN01iOhJqg1kNMgFAtQTY_!!2248304671.jpg"
            }
        ],
        "item_weight": "",
        "post_fee": 0,
        "freight": "",
        "express_fee": "",
        "ems_fee": "",
        "shipping_to": "",
        "video": [],
        "sample_id": "",
        "props_name": "",
        "prop_imgs": {
            "prop_img": []
        },
        "props_imgs": {
            "prop_img": []
        },
        "property_alias": "",
        "props": [
            {
                "name": "品牌",
                "value": "L'occitane/欧舒丹"
            },
            {
                "name": "欧舒丹系列",
                "value": "乳木果润手霜+指甲护理油套装"
            },
            {
                "name": "产地",
                "value": "法国"
            },
            {
                "name": "化妆品备案编号/注册证号",
                "value": "国妆网备进字（沪）2021500883"
            },
            {
                "name": "功效",
                "value": "滋润"
            },
            {
                "name": "规格类型",
                "value": "正常规格"
            },
            {
                "name": "是否为特殊用途化妆品",
                "value": "否"
            }
        ],
        "total_sold": "84",
        "skus": {
            "sku": []
        },
        "seller_id": "2248304671",
        "sales": 84,
        "shop_id": "114646595",
        "props_list": [],
        "seller_info": {
            "nick": "loccitane欧舒丹旗舰店",
            "item_score": 4.83999,
            "score_p": 4.8638,
            "delivery_score": 4.88305,
            "shop_type": "",
            "user_num_id": "2248304671",
            "sid": "114646595",
            "title": "",
            "zhuy": "https://shop114646595.taobao.com",
            "cert": null,
            "open_time": "",
            "credit_score": null,
            "shop_name": "loccitane欧舒丹旗舰店"
        },
        "tmall": true,
        "error": "",
        "location": "江苏苏州",
        "data_from": "Ha",
        "has_discount": "false",
        "is_promotion": "false",
        "promo_type": null,
        "props_img": [],
        "format_check": "ok",
        "desc_img": [
            "http://img.alicdn.com/imgextra/i3/2248304671/O1CN016g2z2o1kNMo4tysdu_!!2248304671.jpg",
            "http://img.alicdn.com/imgextra/i4/2248304671/O1CN01ObT8rb1kNMo48jnxx_!!2248304671.jpg",
            "http://img.alicdn.com/imgextra/i2/2248304671/O1CN01QYonaU1kNMo0UEcVa_!!2248304671.jpg",
            "http://img.alicdn.com/imgextra/i2/2248304671/O1CN01nMkXm31kNMnziPHqB_!!2248304671.jpg",
            "http://img.alicdn.com/imgextra/i4/2248304671/O1CN01p7ESWn1kNMo8s0lY2_!!2248304671.jpg",
            "http://img.alicdn.com/imgextra/i3/2248304671/O1CN018z8v0G1kNMlJVLvTk_!!2248304671.jpg",
            "http://img.alicdn.com/imgextra/i1/2248304671/O1CN01vJFOkB1kNMlL7cFCG_!!2248304671.jpg",
            "http://img.alicdn.com/imgextra/i2/2248304671/O1CN01ysoW7l1kNMlA99y52_!!2248304671.jpg",
            "http://img.alicdn.com/imgextra/i1/2248304671/O1CN011rbg5m1kNMmKEIFMm_!!2248304671.jpg",
            "http://img.alicdn.com/imgextra/i1/2248304671/O1CN01BFqPdI1kNMlJMVVFa_!!2248304671.jpg",
            "http://img.alicdn.com/imgextra/i1/2248304671/TB2YVKzmnTI8KJjSsphXXcFppXa-2248304671.jpg",
            "http://img.alicdn.com/imgextra/i4/2248304671/O1CN011kNMTYM3WafZj7e_!!2248304671.jpg"
        ],
        "shop_item": [],
        "relate_items": []
    },
    "error": "",
    "secache": "04eb3755d858c44206c6fe86171493fe",
    "secache_time": 1677750238,
    "secache_date": "2023-03-02 17:43:58",
    "translate_status": "",
    "translate_time": 0,
    "language": {
        "default_lang": "cn",
        "current_lang": "cn"
    },
    "reason": "",
    "error_code": "0000",
    "cache": 0,
    "api_info": "today: max:20000 all[=++];expires:2024-01-16",
    "execution_time": "2.024",
    "server_time": "Beijing/2023-03-02 17:43:58",
    "client_ip": "54.39.83.153",
    "call_args": {
        "num_iid": "684126400908",
        "is_promotion": "1"
    },
    "api_type": "taobao",
    "translate_language": "zh-CN",
    "translate_engine": "baidu",
    "server_memory": "5.76MB",
    "last_id": false
}