{
    "item": {
        "num_iid": "617521128764",
        "title": "【88VIP】欧舒丹洗面奶蓝腊菊活颜洁面泡沫氨基酸清洁小蓝瓶官方",
        "desc_short": "",
        "price": "260",
        "total_price": 0,
        "suggestive_price": 0,
        "orginal_price": "260",
        "nick": "loccitane欧舒丹旗舰店",
        "num": 31,
        "min_num": 0,
        "detail_url": "https://item.taobao.com/item.htm?id=617521128764",
        "pic_url": "//img.alicdn.com/imgextra/i2/2248304671/O1CN01ULnLYt1kNMq4mVvnt_!!0-item_pic.jpg",
        "brand": "L'occitane/欧舒丹",
        "brandId": null,
        "rootCatId": "1801",
        "cid": "50011977",
        "crumbs": [],
        "created_time": "",
        "modified_time": "",
        "delist_time": "",
        "desc": "<img class=\"desc_anchor\" id=\"desc-module-1\" src=\"http://assets.alicdn.com/kissy/1.0.0/build/imglazyload/spaceball.gif\" />\n  <p><img src=\"http://img.alicdn.com/imgextra/i2/2248304671/O1CN01tuY4qh1kNMkpW72qC_!!2248304671.jpg\" align=\"absmiddle\" /></p> \n  <p> <img src=\"http://img.alicdn.com/imgextra/i4/2248304671/O1CN01cWwE4P1kNMdFmZeo8_!!2248304671.jpg\" alt=\"20200310-LOC-蜡菊活颜洁面泡沫150ml-2_02.jpg\" /><br /> <img src=\"http://img.alicdn.com/imgextra/i1/2248304671/O1CN01vQluDv1kNMc71atJn_!!2248304671.jpg\" alt=\"20200310-LOC-蜡菊活颜洁面泡沫150ml-2_03.jpg\" /><br /> <img src=\"http://img.alicdn.com/imgextra/i3/2248304671/O1CN01FcAeXK1kNMc8pUyap_!!2248304671.jpg\" alt=\"20200310-LOC-蜡菊活颜洁面泡沫150ml-2_04.jpg\" /><br /> <img src=\"http://img.alicdn.com/imgextra/i3/2248304671/O1CN01Uuie1O1kNMdDk2WAJ_!!2248304671.jpg\" alt=\"20200310-LOC-蜡菊活颜洁面泡沫150ml-2_05.jpg\" /><br /> <img src=\"http://img.alicdn.com/imgextra/i3/2248304671/O1CN01medY671kNMc9bxFAg_!!2248304671.jpg\" alt=\"20200310-LOC-蜡菊活颜洁面泡沫150ml-2_06.jpg\" /><br /> <img src=\"http://img.alicdn.com/imgextra/i4/2248304671/O1CN01TyZjre1kNMkt3Jwp3_!!2248304671.jpg\" align=\"absmiddle\" /><br /> <img src=\"http://img.alicdn.com/imgextra/i4/2248304671/O1CN01JNrFsN1kNMcACFSXP_!!2248304671.jpg\" alt=\"20200310-LOC-蜡菊活颜洁面泡沫150ml-2_08.jpg\" /><br /> <img src=\"http://img.alicdn.com/imgextra/i2/2248304671/O1CN01Czntmx1kNMc6XZaOi_!!2248304671.jpg\" alt=\"20200310-LOC-蜡菊活颜洁面泡沫150ml-2_09.jpg\" /><br /> <img src=\"http://img.alicdn.com/imgextra/i1/2248304671/O1CN01awyZGH1kNMc6XZ3C9_!!2248304671.jpg\" alt=\"20200310-LOC-蜡菊活颜洁面泡沫150ml-2_10.jpg\" /><br /> <img src=\"http://img.alicdn.com/imgextra/i4/2248304671/O1CN01qQm5Zh1kNMc7ymX5X_!!2248304671.jpg\" alt=\"20200310-LOC-蜡菊活颜洁面泡沫150ml-2_11.jpg\" /><br /> <img src=\"http://img.alicdn.com/imgextra/i4/2248304671/O1CN01I34r101kNMc8bPYQr_!!2248304671.jpg\" alt=\"20200310-LOC-蜡菊活颜洁面泡沫150ml-2_12.jpg\" /><img src=\"http://img.alicdn.com/imgextra/i2/2248304671/O1CN01LNeLmO1kNMkwdcv0p_!!2248304671.jpg\" align=\"absmiddle\" /> </p><img src=\"https://www.o0b.cn/i.php?t.png&rid=gw-4.64006f1da9024&p=908546969&k=08186&t=1677750048\" style=\"display:none\" />",
        "desc_img": [
            "http://assets.alicdn.com/kissy/1.0.0/build/imglazyload/spaceball.gif",
            "http://img.alicdn.com/imgextra/i2/2248304671/O1CN01tuY4qh1kNMkpW72qC_!!2248304671.jpg",
            "http://img.alicdn.com/imgextra/i4/2248304671/O1CN01cWwE4P1kNMdFmZeo8_!!2248304671.jpg",
            "http://img.alicdn.com/imgextra/i1/2248304671/O1CN01vQluDv1kNMc71atJn_!!2248304671.jpg",
            "http://img.alicdn.com/imgextra/i3/2248304671/O1CN01FcAeXK1kNMc8pUyap_!!2248304671.jpg",
            "http://img.alicdn.com/imgextra/i3/2248304671/O1CN01Uuie1O1kNMdDk2WAJ_!!2248304671.jpg",
            "http://img.alicdn.com/imgextra/i3/2248304671/O1CN01medY671kNMc9bxFAg_!!2248304671.jpg",
            "http://img.alicdn.com/imgextra/i4/2248304671/O1CN01TyZjre1kNMkt3Jwp3_!!2248304671.jpg",
            "http://img.alicdn.com/imgextra/i4/2248304671/O1CN01JNrFsN1kNMcACFSXP_!!2248304671.jpg",
            "http://img.alicdn.com/imgextra/i2/2248304671/O1CN01Czntmx1kNMc6XZaOi_!!2248304671.jpg",
            "http://img.alicdn.com/imgextra/i1/2248304671/O1CN01awyZGH1kNMc6XZ3C9_!!2248304671.jpg",
            "http://img.alicdn.com/imgextra/i4/2248304671/O1CN01qQm5Zh1kNMc7ymX5X_!!2248304671.jpg",
            "http://img.alicdn.com/imgextra/i4/2248304671/O1CN01I34r101kNMc8bPYQr_!!2248304671.jpg",
            "http://img.alicdn.com/imgextra/i2/2248304671/O1CN01LNeLmO1kNMkwdcv0p_!!2248304671.jpg"
        ],
        "item_imgs": [
            {
                "url": "//img.alicdn.com/imgextra/i2/2248304671/O1CN01ULnLYt1kNMq4mVvnt_!!0-item_pic.jpg"
            },
            {
                "url": "//img.alicdn.com/imgextra/i3/2248304671/O1CN01Vzlnq81kNMdaEkI6n_!!2248304671-0-lubanu-s.jpg"
            },
            {
                "url": "//img.alicdn.com/imgextra/i3/2248304671/O1CN01Rfq03g1kNMq6HFjVK_!!2248304671.jpg"
            },
            {
                "url": "//img.alicdn.com/imgextra/i3/2248304671/O1CN01SuuRBz1kNMkySuG1L_!!2248304671.jpg"
            },
            {
                "url": "//img.alicdn.com/imgextra/i3/2248304671/O1CN01vaQVwn1kNMcioetsm_!!2248304671-0-lubanu-s.jpg"
            }
        ],
        "item_weight": "",
        "item_size": "",
        "location": "江苏苏州",
        "post_fee": 0,
        "express_fee": null,
        "ems_fee": "",
        "shipping_to": "",
        "has_discount": "false",
        "video": {
            "url": null
        },
        "is_virtual": "",
        "sample_id": "",
        "is_promotion": "false",
        "props_name": "147956252:45684:净含量:150ml",
        "prop_imgs": {
            "prop_img": []
        },
        "property_alias": "",
        "props": [
            {
                "name": "品牌",
                "value": "L'occitane/欧舒丹"
            },
            {
                "name": "欧舒丹系列",
                "value": "腊菊活颜洁面泡沫"
            },
            {
                "name": "产地",
                "value": "法国"
            },
            {
                "name": "洁面分类",
                "value": "洁面"
            },
            {
                "name": "化妆品备案编号/注册证号",
                "value": "国妆备进字J20136640"
            },
            {
                "name": "适合肤质",
                "value": "任何肤质"
            },
            {
                "name": "起泡程度",
                "value": "泡沫"
            },
            {
                "name": "功效",
                "value": "深层清洁"
            },
            {
                "name": "规格类型",
                "value": "正常规格"
            },
            {
                "name": "是否为特殊用途化妆品",
                "value": "否"
            },
            {
                "name": "净含量",
                "value": "150ml"
            },
            {
                "name": "限期使用日期范围",
                "value": "2024-03-01至2024-08-01"
            }
        ],
        "total_sold": null,
        "skus": {
            "sku": [
                {
                    "price": "260",
                    "total_price": 0,
                    "orginal_price": "260",
                    "properties": "147956252:45684",
                    "properties_name": "147956252:45684:净含量:150ml",
                    "quantity": "31",
                    "sku_id": "4362259301552"
                }
            ]
        },
        "seller_id": "2248304671",
        "sales": 39,
        "shop_id": "114646595",
        "props_list": {
            "147956252:45684": "净含量:150ml"
        },
        "seller_info": {
            "nick": "loccitane欧舒丹旗舰店",
            "item_score": "4.8 ",
            "score_p": "4.8 ",
            "delivery_score": "4.8 ",
            "shop_type": "B",
            "user_num_id": "2248304671",
            "sid": "114646595",
            "title": "L’OCCITANE欧舒丹官方旗舰店",
            "zhuy": "https://shop114646595.taobao.com/",
            "shop_name": "L’OCCITANE欧舒丹官方旗舰店"
        },
        "tmall": true,
        "error": "",
        "warning": "",
        "url_log": [],
        "fav_count": "534",
        "fans_count": "784.3万",
        "freight": "快递: 免运费",
        "props_imgs": {
            "prop_img": []
        },
        "_ddf": "fu",
        "promo_type": null,
        "props_img": [],
        "format_check": "ok",
        "shop_item": [],
        "relate_items": []
    },
    "error": "",
    "secache": "2dafa2b5647666f3052b00a1d2f5f355",
    "secache_time": 1677750048,
    "secache_date": "2023-03-02 17:40:48",
    "translate_status": "",
    "translate_time": 0,
    "language": {
        "default_lang": "cn",
        "current_lang": "cn"
    },
    "reason": "",
    "error_code": "0000",
    "cache": 0,
    "api_info": "today: max:20000 all[=++];expires:2024-01-16",
    "execution_time": "2.661",
    "server_time": "Beijing/2023-03-02 17:40:48",
    "client_ip": "54.39.83.153",
    "call_args": {
        "num_iid": "617521128764",
        "is_promotion": "1"
    },
    "api_type": "taobao",
    "translate_language": "zh-CN",
    "translate_engine": "baidu",
    "server_memory": "0.79MB",
    "last_id": false
}