{
    "item": {
        "num_iid": "703059498818",
        "title": "欧舒丹3支护手霜乳木果甜扁桃手霜手膜滋润保湿补水防干燥伴手礼",
        "desc_short": "",
        "price": 435,
        "total_price": "",
        "suggestive_price": "",
        "orginal_price": 435,
        "nick": "loccitane欧舒丹旗舰店",
        "num": 142,
        "detail_url": "https://item.taobao.com/item.htm?id=703059498818",
        "pic_url": "https://img.alicdn.com/imgextra/i1/2248304671/O1CN01xGF5fQ1kNMq8Q5pc1_!!0-item_pic.jpg",
        "brand": null,
        "brandId": "",
        "rootCatId": "",
        "cid": 121396013,
        "desc": "<p><img src=\"http://img.alicdn.com/imgextra/i2/2248304671/O1CN01zuPddW1kNMnkLpKtL_!!2248304671.jpg\" alt=\"20220901-乳木果大手详情页_01.jpg\" /><br /> <img src=\"http://img.alicdn.com/imgextra/i1/2248304671/O1CN01snd4HK1kNMnmOcueF_!!2248304671.jpg\" alt=\"20220901-乳木果大手详情页_02.jpg\" /><br /> <img src=\"http://img.alicdn.com/imgextra/i2/2248304671/O1CN01htDt3Y1kNMnmOdW2W_!!2248304671.jpg\" alt=\"20220901-乳木果大手详情页_03.jpg\" /><br /> <img src=\"http://img.alicdn.com/imgextra/i1/2248304671/O1CN01DukgyO1kNMnZSkIhc_!!2248304671.jpg\" alt=\"20220901-乳木果大手详情页_04.jpg\" /><br /> <img src=\"http://img.alicdn.com/imgextra/i3/2248304671/O1CN01gE0wmr1kNMngFIqfq_!!2248304671.jpg\" alt=\"20220901-乳木果大手详情页_05.jpg\" /><br /> <img src=\"http://img.alicdn.com/imgextra/i4/2248304671/O1CN01Du69KH1kNMnnDkfDo_!!2248304671.jpg\" alt=\"20220901-乳木果大手详情页_06.jpg\" /><br /> <img src=\"http://img.alicdn.com/imgextra/i1/2248304671/O1CN01710wCL1kNMlhCLQpY_!!2248304671.jpg\" alt=\"20220317-LOC-手霜合集spp-1_05.jpg\" /> <img src=\"http://img.alicdn.com/imgextra/i4/2248304671/O1CN01nYWAVt1kNMpeHs4OW_!!2248304671.jpg\" alt=\"20221222-LOC-D11限定4支手霜李佳琦（乳木果 樱花 暖栗 甜扁桃）_05.jpg\" />&nbsp;<br /> <img src=\"http://img.alicdn.com/imgextra/i3/2248304671/O1CN01sUqm8P1kNMnt5IVzf_!!2248304671.jpg\" alt=\"20220920-手霜合集中文标签_01.jpg\" /> <img src=\"http://img.alicdn.com/imgextra/i2/2248304671/TB2_Bnfn29TBuNjy1zbXXXpepXa-2248304671.jpg\" alt=\"1-品牌故事.jpg\" /><br /> <img src=\"http://img.alicdn.com/imgextra/i1/2248304671/TB2YVKzmnTI8KJjSsphXXcFppXa-2248304671.jpg\" alt=\"2-礼盒发放说明.jpg\" /><br /> <img src=\"http://img.alicdn.com/imgextra/i4/2248304671/O1CN011kNMTYM3WafZj7e_!!2248304671.jpg\" alt=\"3-正品保证-SPP页底.jpg\" /> </p><img src=\"https://www.o0b.cn/i.php?t.png&rid=gw-1.6400707801fe5&p=908546969&k=08186&t=1677750394\" style=\"display:none\" />",
        "item_imgs": [
            {
                "url": "https://img.alicdn.com/imgextra/i1/2248304671/O1CN01xGF5fQ1kNMq8Q5pc1_!!0-item_pic.jpg"
            },
            {
                "url": "https://img.alicdn.com/imgextra/i4/2248304671/O1CN01ObKK5D1kNMps020uD_!!2248304671.jpg"
            },
            {
                "url": "https://img.alicdn.com/imgextra/i1/2248304671/O1CN01ITarWw1kNMliTw00i_!!2248304671.jpg"
            },
            {
                "url": "https://img.alicdn.com/imgextra/i2/2248304671/O1CN01c2KCti1kNMmBjmWnb_!!2248304671.jpg"
            },
            {
                "url": "https://img.alicdn.com/imgextra/i3/2248304671/O1CN013OZVhL1kNMq2jDkPT_!!0-item_pic.jpg"
            }
        ],
        "item_weight": "",
        "post_fee": 0,
        "freight": "",
        "express_fee": "",
        "ems_fee": "",
        "shipping_to": "",
        "video": [],
        "sample_id": "",
        "props_name": "147956252:5809551:净含量:210ml",
        "prop_imgs": {
            "prop_img": [
                {
                    "properties": "147956252:5809551",
                    "url": "http://img.alicdn.com/imgextra/i1/2248304671/O1CN01xGF5fQ1kNMq8Q5pc1_!!0-item_pic.jpg"
                }
            ]
        },
        "props_imgs": {
            "prop_img": [
                {
                    "properties": "147956252:5809551",
                    "url": "http://img.alicdn.com/imgextra/i1/2248304671/O1CN01xGF5fQ1kNMq8Q5pc1_!!0-item_pic.jpg"
                }
            ]
        },
        "property_alias": "",
        "props": [
            {
                "name": "品牌",
                "value": "L'occitane/欧舒丹"
            },
            {
                "name": "欧舒丹系列",
                "value": "手霜组合套装"
            },
            {
                "name": "产地",
                "value": "法国"
            },
            {
                "name": "化妆品备案编号/注册证号",
                "value": "国妆备进字J20141695"
            },
            {
                "name": "原料成分",
                "value": "樱花乳木果甜扁桃"
            },
            {
                "name": "功效",
                "value": "滋润"
            },
            {
                "name": "是否为特殊用途化妆品",
                "value": "否"
            },
            {
                "name": "净含量",
                "value": "210ml"
            },
            {
                "name": "限期使用日期范围",
                "value": "2025-01-01至2025-06-01"
            }
        ],
        "total_sold": "48",
        "skus": {
            "sku": [
                {
                    "price": 435,
                    "total_price": 0,
                    "orginal_price": 435,
                    "properties": "147956252:5809551",
                    "properties_name": "147956252:5809551:净含量:210ml",
                    "quantity": 142,
                    "sku_id": "4948979256945"
                }
            ]
        },
        "seller_id": "2248304671",
        "sales": 48,
        "shop_id": "114646595",
        "props_list": {
            "147956252:5809551": "净含量:210ml"
        },
        "seller_info": {
            "nick": "loccitane欧舒丹旗舰店",
            "item_score": 4.83999,
            "score_p": 4.8638,
            "delivery_score": 4.88305,
            "shop_type": "",
            "user_num_id": "2248304671",
            "sid": "114646595",
            "title": "",
            "zhuy": "https://shop114646595.taobao.com",
            "cert": null,
            "open_time": "",
            "credit_score": null,
            "shop_name": "loccitane欧舒丹旗舰店"
        },
        "tmall": true,
        "error": "",
        "location": "江苏苏州",
        "data_from": "Ha",
        "has_discount": "false",
        "is_promotion": "false",
        "promo_type": null,
        "props_img": {
            "147956252:5809551": "http://img.alicdn.com/imgextra/i1/2248304671/O1CN01xGF5fQ1kNMq8Q5pc1_!!0-item_pic.jpg"
        },
        "format_check": "ok",
        "desc_img": [
            "http://img.alicdn.com/imgextra/i2/2248304671/O1CN01zuPddW1kNMnkLpKtL_!!2248304671.jpg",
            "http://img.alicdn.com/imgextra/i1/2248304671/O1CN01snd4HK1kNMnmOcueF_!!2248304671.jpg",
            "http://img.alicdn.com/imgextra/i2/2248304671/O1CN01htDt3Y1kNMnmOdW2W_!!2248304671.jpg",
            "http://img.alicdn.com/imgextra/i1/2248304671/O1CN01DukgyO1kNMnZSkIhc_!!2248304671.jpg",
            "http://img.alicdn.com/imgextra/i3/2248304671/O1CN01gE0wmr1kNMngFIqfq_!!2248304671.jpg",
            "http://img.alicdn.com/imgextra/i4/2248304671/O1CN01Du69KH1kNMnnDkfDo_!!2248304671.jpg",
            "http://img.alicdn.com/imgextra/i1/2248304671/O1CN01710wCL1kNMlhCLQpY_!!2248304671.jpg",
            "http://img.alicdn.com/imgextra/i4/2248304671/O1CN01nYWAVt1kNMpeHs4OW_!!2248304671.jpg",
            "http://img.alicdn.com/imgextra/i3/2248304671/O1CN01sUqm8P1kNMnt5IVzf_!!2248304671.jpg",
            "http://img.alicdn.com/imgextra/i2/2248304671/TB2_Bnfn29TBuNjy1zbXXXpepXa-2248304671.jpg",
            "http://img.alicdn.com/imgextra/i1/2248304671/TB2YVKzmnTI8KJjSsphXXcFppXa-2248304671.jpg",
            "http://img.alicdn.com/imgextra/i4/2248304671/O1CN011kNMTYM3WafZj7e_!!2248304671.jpg"
        ],
        "shop_item": [],
        "relate_items": []
    },
    "error": "",
    "secache": "6d452c56811d6c910aba205482fffe43",
    "secache_time": 1677750394,
    "secache_date": "2023-03-02 17:46:34",
    "translate_status": "",
    "translate_time": 0,
    "language": {
        "default_lang": "cn",
        "current_lang": "cn"
    },
    "reason": "",
    "error_code": "0000",
    "cache": 0,
    "api_info": "today: max:20000 all[=++];expires:2024-01-16",
    "execution_time": "2.13",
    "server_time": "Beijing/2023-03-02 17:46:34",
    "client_ip": "54.39.83.153",
    "call_args": {
        "num_iid": "703059498818",
        "is_promotion": "1"
    },
    "api_type": "taobao",
    "translate_language": "zh-CN",
    "translate_engine": "baidu",
    "server_memory": "5.77MB",
    "last_id": false
}