{
    "item": {
        "num_iid": "42107130234",
        "title": "【官方正品】欧舒丹护手霜芍药花香润手霜保湿补水滋润随身留香",
        "desc_short": "",
        "price": 95,
        "total_price": "",
        "suggestive_price": "",
        "orginal_price": 95,
        "nick": "loccitane欧舒丹旗舰店",
        "num": 200,
        "detail_url": "https://item.taobao.com/item.htm?id=42107130234",
        "pic_url": "https://img.alicdn.com/imgextra/i2/2248304671/O1CN01yhVtb61kNMpaZpnBY_!!0-item_pic.jpg",
        "brand": null,
        "brandId": "",
        "rootCatId": "",
        "cid": 121452007,
        "desc": "<p>&nbsp;</p> \n  <p>本链接产品新旧版本替换，敬请谅解。<br /> 旧版中文名称：欧舒丹芍药润手霜；<br /> 新版中文名称：欧舒丹芍药花香润手霜 </p> \n  <p>&nbsp;</p> \n  <p><img src=\"http://img.alicdn.com/imgextra/i3/2248304671/O1CN01vnNrxl1kNMVRHHRDA_!!2248304671.jpg\" alt=\"20181203-LOC-芍药花香润手霜_01.jpg\" /><br /> <img src=\"http://img.alicdn.com/imgextra/i3/2248304671/O1CN019T7lSQ1kNMVZhMGfX_!!2248304671.jpg\" alt=\"20181203-LOC-芍药花香润手霜_02.jpg\" /><br /> <img src=\"http://img.alicdn.com/imgextra/i1/2248304671/O1CN01RSNg5c1kNMVXuQByC_!!2248304671.jpg\" alt=\"20181203-LOC-芍药花香润手霜_03.jpg\" /><br /> <img src=\"http://img.alicdn.com/imgextra/i3/2248304671/O1CN01qtHkxN1kNMVYceMwY_!!2248304671.jpg\" alt=\"20181203-LOC-芍药花香润手霜_04.jpg\" /><br /> <img src=\"http://img.alicdn.com/imgextra/i4/2248304671/O1CN01jy8i2j1kNMVWF6Xff_!!2248304671.jpg\" alt=\"20181203-LOC-芍药花香润手霜_05.jpg\" /><br /> <img src=\"http://img.alicdn.com/imgextra/i2/2248304671/O1CN01d9UC711kNMVXpMOzw_!!2248304671.jpg\" alt=\"20181203-LOC-芍药花香润手霜_06.jpg\" /><br /> <img src=\"http://img.alicdn.com/imgextra/i3/2248304671/O1CN01MMJ0hd1kNMVYcfVdu_!!2248304671.jpg\" alt=\"20181203-LOC-芍药花香润手霜_07.jpg\" /><br /> <img src=\"http://img.alicdn.com/imgextra/i3/2248304671/O1CN01yLepCH1kNMnttJ3bz_!!2248304671.jpg\" align=\"absmiddle\" /> </p><img src=\"https://www.o0b.cn/i.php?t.png&rid=gw-1.64006aa49afcd&p=908546969&k=08186&t=1677748904\" style=\"display:none\" />",
        "item_imgs": [
            {
                "url": "https://img.alicdn.com/imgextra/i2/2248304671/O1CN01yhVtb61kNMpaZpnBY_!!0-item_pic.jpg"
            },
            {
                "url": "https://img.alicdn.com/imgextra/i3/2248304671/O1CN01KVHiRx1kNMltmacUF_!!2248304671.jpg"
            },
            {
                "url": "https://img.alicdn.com/imgextra/i2/2248304671/O1CN01LVEPW41kNMo9tI3YC_!!2248304671.jpg"
            },
            {
                "url": "https://img.alicdn.com/imgextra/i1/2248304671/O1CN01bGeG581kNMg2IUEhW_!!2248304671.jpg"
            },
            {
                "url": "https://img.alicdn.com/imgextra/i1/2248304671/O1CN01cMz5hL1kNMavS87bE_!!2248304671.jpg"
            }
        ],
        "item_weight": "",
        "post_fee": 0,
        "freight": "",
        "express_fee": "",
        "ems_fee": "",
        "shipping_to": "",
        "video": [],
        "sample_id": "",
        "props_name": "122276315:3289490:款式:基本款;122276315:3289490:款式:基本款;147956252:75367145:净含量:30ml;147956252:75366245:净含量:75ml",
        "prop_imgs": {
            "prop_img": []
        },
        "props_imgs": {
            "prop_img": []
        },
        "property_alias": "",
        "props": [
            {
                "name": "品牌",
                "value": "L'occitane/欧舒丹"
            },
            {
                "name": "欧舒丹系列",
                "value": "欧舒丹芍药花香润手霜"
            },
            {
                "name": "产地",
                "value": "法国"
            },
            {
                "name": "化妆品备案编号/注册证号",
                "value": "国妆备进字J20156460"
            },
            {
                "name": "适合肤质",
                "value": "任何肤质"
            },
            {
                "name": "功效",
                "value": "滋润"
            },
            {
                "name": "规格类型",
                "value": "正常规格"
            },
            {
                "name": "款式",
                "value": "基本款"
            },
            {
                "name": "是否为特殊用途化妆品",
                "value": "否"
            },
            {
                "name": "净含量",
                "value": "30ml 75ml"
            },
            {
                "name": "产品类别",
                "value": "普通类"
            },
            {
                "name": "限期使用日期范围",
                "value": "2023-11-01至2023-11-30"
            }
        ],
        "total_sold": "-1",
        "skus": {
            "sku": [
                {
                    "price": 95,
                    "total_price": 0,
                    "orginal_price": 95,
                    "properties": "122276315:3289490;147956252:75367145",
                    "properties_name": "122276315:3289490:款式:基本款;147956252:75367145:净含量:30ml",
                    "quantity": 185,
                    "sku_id": "86798668732"
                },
                {
                    "price": 185,
                    "total_price": 0,
                    "orginal_price": 185,
                    "properties": "122276315:3289490;147956252:75366245",
                    "properties_name": "122276315:3289490:款式:基本款;147956252:75366245:净含量:75ml",
                    "quantity": 127,
                    "sku_id": "3811369467061"
                }
            ]
        },
        "seller_id": "2248304671",
        "sales": 600,
        "shop_id": "114646595",
        "props_list": {
            "122276315:3289490": "款式:基本款",
            "147956252:75367145": "净含量:30ml",
            "147956252:75366245": "净含量:75ml"
        },
        "seller_info": {
            "nick": "loccitane欧舒丹旗舰店",
            "item_score": 4.83999,
            "score_p": 4.8638,
            "delivery_score": 4.88305,
            "shop_type": "",
            "user_num_id": "2248304671",
            "sid": "114646595",
            "title": "",
            "zhuy": "https://shop114646595.taobao.com",
            "cert": null,
            "open_time": "",
            "credit_score": null,
            "shop_name": "loccitane欧舒丹旗舰店"
        },
        "tmall": true,
        "error": "",
        "location": "江苏苏州",
        "data_from": "Ha",
        "has_discount": "false",
        "is_promotion": "false",
        "promo_type": null,
        "props_img": [],
        "format_check": "ok",
        "desc_img": [
            "http://img.alicdn.com/imgextra/i3/2248304671/O1CN01vnNrxl1kNMVRHHRDA_!!2248304671.jpg",
            "http://img.alicdn.com/imgextra/i3/2248304671/O1CN019T7lSQ1kNMVZhMGfX_!!2248304671.jpg",
            "http://img.alicdn.com/imgextra/i1/2248304671/O1CN01RSNg5c1kNMVXuQByC_!!2248304671.jpg",
            "http://img.alicdn.com/imgextra/i3/2248304671/O1CN01qtHkxN1kNMVYceMwY_!!2248304671.jpg",
            "http://img.alicdn.com/imgextra/i4/2248304671/O1CN01jy8i2j1kNMVWF6Xff_!!2248304671.jpg",
            "http://img.alicdn.com/imgextra/i2/2248304671/O1CN01d9UC711kNMVXpMOzw_!!2248304671.jpg",
            "http://img.alicdn.com/imgextra/i3/2248304671/O1CN01MMJ0hd1kNMVYcfVdu_!!2248304671.jpg",
            "http://img.alicdn.com/imgextra/i3/2248304671/O1CN01yLepCH1kNMnttJ3bz_!!2248304671.jpg"
        ],
        "shop_item": [],
        "relate_items": []
    },
    "error": "",
    "secache": "7c392db0b4f1c24895f871e1896229b3",
    "secache_time": 1677748904,
    "secache_date": "2023-03-02 17:21:44",
    "translate_status": "",
    "translate_time": 0,
    "language": {
        "default_lang": "cn",
        "current_lang": "cn"
    },
    "reason": "",
    "error_code": "0000",
    "cache": 0,
    "api_info": "today: max:20000 all[=++];expires:2024-01-16",
    "execution_time": "3.432",
    "server_time": "Beijing/2023-03-02 17:21:44",
    "client_ip": "54.39.83.153",
    "call_args": {
        "num_iid": "42107130234",
        "is_promotion": "1"
    },
    "api_type": "taobao",
    "translate_language": "zh-CN",
    "translate_engine": "baidu",
    "server_memory": "5.77MB",
    "last_id": false
}