{
    "item": {
        "num_iid": "657938228793",
        "title": "【店播专享】欧舒丹洗发水草本强韧平衡蓬松洗发露家庭装清洁男女",
        "desc_short": "",
        "price": "580",
        "total_price": 0,
        "suggestive_price": 0,
        "orginal_price": "580",
        "nick": "loccitane欧舒丹旗舰店",
        "num": 898,
        "min_num": 0,
        "detail_url": "https://item.taobao.com/item.htm?id=657938228793",
        "pic_url": "//img.alicdn.com/imgextra/i3/2248304671/O1CN01NEthj31kNMq1asDjX_!!0-item_pic.jpg",
        "brand": "L'occitane/欧舒丹",
        "brandId": null,
        "rootCatId": "50023282",
        "cid": "121396029",
        "crumbs": [],
        "created_time": "",
        "modified_time": "",
        "delist_time": "",
        "desc": "<p>&nbsp;</p> \n  <p><img src=\"http://img.alicdn.com/imgextra/i3/2248304671/O1CN01jFKDxa1kNMjqpVUly_!!2248304671.jpg\" alt=\"20210429-LOC-防落发洗发500ml_01.jpg\" /><br /> <img src=\"http://img.alicdn.com/imgextra/i4/2248304671/O1CN01Fufd1s1kNMn3WLRJ6_!!2248304671.jpg\" align=\"absmiddle\" /><img src=\"http://img.alicdn.com/imgextra/i3/2248304671/O1CN01uTSS611kNMj97MwIa_!!2248304671.jpg\" alt=\"20210429-LOC-防落发洗发500ml_02.jpg\" /><br /> <img src=\"http://img.alicdn.com/imgextra/i2/2248304671/O1CN01SkmPjF1kNMhLLSWvv_!!2248304671.jpg\" alt=\"20210429-LOC-防落发洗发_03.jpg\" /><br /> <img src=\"http://img.alicdn.com/imgextra/i2/2248304671/O1CN01fqMuCF1kNMhSv4c9S_!!2248304671.jpg\" alt=\"20210429-LOC-防落发洗发_04.jpg\" /><br /> <img src=\"http://img.alicdn.com/imgextra/i2/2248304671/O1CN01Pn6tXp1kNMhKlonUg_!!2248304671.jpg\" alt=\"20210429-LOC-防落发洗发_05.jpg\" /><br /> <img src=\"http://img.alicdn.com/imgextra/i4/2248304671/O1CN01h5RT5X1kNMhNHCf9o_!!2248304671.jpg\" alt=\"20210429-LOC-防落发洗发_06.jpg\" /><br /> <img src=\"http://img.alicdn.com/imgextra/i2/2248304671/O1CN01m1aGiI1kNMhLLT8Lf_!!2248304671.jpg\" alt=\"20210429-LOC-防落发洗发_07.jpg\" /> </p> \n  <p><img src=\"http://img.alicdn.com/imgextra/i4/2248304671/O1CN01Hnkz8H1kNMkzqRqxn_!!2248304671.jpg\" align=\"absmiddle\" /><img src=\"http://img.alicdn.com/imgextra/i4/2248304671/O1CN01P8jbvG1kNMkzqRS23_!!2248304671.jpg\" align=\"absmiddle\" /><img src=\"http://img.alicdn.com/imgextra/i2/2248304671/O1CN01AXvxDs1kNMkvXkhl1_!!2248304671.jpg\" align=\"absmiddle\" /><img src=\"http://img.alicdn.com/imgextra/i3/2248304671/O1CN01yAbyBu1kNMkxq5Bkh_!!2248304671.jpg\" align=\"absmiddle\" /><img src=\"http://img.alicdn.com/imgextra/i4/2248304671/O1CN0172aBWt1kNMkvXjIT3_!!2248304671.jpg\" align=\"absmiddle\" /><img src=\"http://img.alicdn.com/imgextra/i4/2248304671/O1CN01bGCxpA1kNMktLEnSh_!!2248304671.jpg\" align=\"absmiddle\" /><img src=\"http://img.alicdn.com/imgextra/i2/2248304671/O1CN01P9pdlE1kNMl23GYmJ_!!2248304671.jpg\" align=\"absmiddle\" /><img src=\"http://img.alicdn.com/imgextra/i2/2248304671/TB2_Bnfn29TBuNjy1zbXXXpepXa-2248304671.jpg\" align=\"absmiddle\" /><img src=\"http://img.alicdn.com/imgextra/i1/2248304671/TB2YVKzmnTI8KJjSsphXXcFppXa-2248304671.jpg\" align=\"absmiddle\" /><img src=\"http://img.alicdn.com/imgextra/i4/2248304671/O1CN011kNMTYM3WafZj7e_!!2248304671.jpg\" align=\"absmiddle\" /> </p><img src=\"https://www.o0b.cn/i.php?t.png&rid=gw-4.64006b6baa808&p=908546969&k=08186&t=1677749102\" style=\"display:none\" />",
        "desc_img": [
            "http://img.alicdn.com/imgextra/i3/2248304671/O1CN01jFKDxa1kNMjqpVUly_!!2248304671.jpg",
            "http://img.alicdn.com/imgextra/i4/2248304671/O1CN01Fufd1s1kNMn3WLRJ6_!!2248304671.jpg",
            "http://img.alicdn.com/imgextra/i3/2248304671/O1CN01uTSS611kNMj97MwIa_!!2248304671.jpg",
            "http://img.alicdn.com/imgextra/i2/2248304671/O1CN01SkmPjF1kNMhLLSWvv_!!2248304671.jpg",
            "http://img.alicdn.com/imgextra/i2/2248304671/O1CN01fqMuCF1kNMhSv4c9S_!!2248304671.jpg",
            "http://img.alicdn.com/imgextra/i2/2248304671/O1CN01Pn6tXp1kNMhKlonUg_!!2248304671.jpg",
            "http://img.alicdn.com/imgextra/i4/2248304671/O1CN01h5RT5X1kNMhNHCf9o_!!2248304671.jpg",
            "http://img.alicdn.com/imgextra/i2/2248304671/O1CN01m1aGiI1kNMhLLT8Lf_!!2248304671.jpg",
            "http://img.alicdn.com/imgextra/i4/2248304671/O1CN01Hnkz8H1kNMkzqRqxn_!!2248304671.jpg",
            "http://img.alicdn.com/imgextra/i4/2248304671/O1CN01P8jbvG1kNMkzqRS23_!!2248304671.jpg",
            "http://img.alicdn.com/imgextra/i2/2248304671/O1CN01AXvxDs1kNMkvXkhl1_!!2248304671.jpg",
            "http://img.alicdn.com/imgextra/i3/2248304671/O1CN01yAbyBu1kNMkxq5Bkh_!!2248304671.jpg",
            "http://img.alicdn.com/imgextra/i4/2248304671/O1CN0172aBWt1kNMkvXjIT3_!!2248304671.jpg",
            "http://img.alicdn.com/imgextra/i4/2248304671/O1CN01bGCxpA1kNMktLEnSh_!!2248304671.jpg",
            "http://img.alicdn.com/imgextra/i2/2248304671/O1CN01P9pdlE1kNMl23GYmJ_!!2248304671.jpg",
            "http://img.alicdn.com/imgextra/i2/2248304671/TB2_Bnfn29TBuNjy1zbXXXpepXa-2248304671.jpg",
            "http://img.alicdn.com/imgextra/i1/2248304671/TB2YVKzmnTI8KJjSsphXXcFppXa-2248304671.jpg",
            "http://img.alicdn.com/imgextra/i4/2248304671/O1CN011kNMTYM3WafZj7e_!!2248304671.jpg"
        ],
        "item_imgs": [
            {
                "url": "//img.alicdn.com/imgextra/i3/2248304671/O1CN01NEthj31kNMq1asDjX_!!0-item_pic.jpg"
            },
            {
                "url": "//img.alicdn.com/imgextra/i4/2248304671/O1CN01ZsbMJh1kNMq1at9ve_!!2248304671.jpg"
            },
            {
                "url": "//img.alicdn.com/imgextra/i3/2248304671/O1CN01VZidjq1kNMq2Jp6fR_!!2248304671.jpg"
            },
            {
                "url": "//img.alicdn.com/imgextra/i4/2248304671/O1CN01O92meU1kNMq4repHV_!!2248304671.jpg"
            },
            {
                "url": "//img.alicdn.com/imgextra/i4/2248304671/O1CN017GZJcB1kNMq92FkBL_!!2248304671.jpg"
            }
        ],
        "item_weight": "",
        "item_size": "",
        "location": "江苏苏州",
        "post_fee": 0,
        "express_fee": null,
        "ems_fee": "",
        "shipping_to": "",
        "has_discount": "false",
        "video": {
            "url": null
        },
        "is_virtual": "",
        "sample_id": "",
        "is_promotion": "false",
        "props_name": "1626520:19132230439:香味:平衡双支装;1626520:16269721381:香味:强韧双支装;1626520:16269721382:香味:强韧+平衡;1626520:21794754788:香味:纯净双支装;1626520:21794754789:香味:修护双支装;147956252:75367556:净含量:500ml",
        "prop_imgs": {
            "prop_img": []
        },
        "property_alias": "",
        "props": [
            {
                "name": "品牌",
                "value": "L'occitane/欧舒丹"
            },
            {
                "name": "L’occitane/欧舒丹",
                "value": "洗发套装"
            },
            {
                "name": "功效",
                "value": "深层清洁"
            },
            {
                "name": "产地",
                "value": "法国"
            },
            {
                "name": "香味",
                "value": "平衡双支装 强韧双支装 强韧+平衡 纯净双支装 修护双支装"
            },
            {
                "name": "化妆品备案编号/注册证号",
                "value": "国妆网备进字（沪）2019006021"
            },
            {
                "name": "规格类型",
                "value": "正常规格"
            },
            {
                "name": "是否为特殊用途化妆品",
                "value": "否"
            },
            {
                "name": "净含量",
                "value": "500ml"
            }
        ],
        "total_sold": null,
        "skus": {
            "sku": [
                {
                    "price": "100",
                    "total_price": 0,
                    "orginal_price": "100",
                    "properties": "1626520:19132230439;147956252:75367556",
                    "properties_name": "1626520:19132230439:香味:平衡双支装;147956252:75367556:净含量:500ml",
                    "quantity": "200",
                    "sku_id": "4823446565103"
                },
                {
                    "price": "100",
                    "total_price": 0,
                    "orginal_price": "100",
                    "properties": "1626520:16269721381;147956252:75367556",
                    "properties_name": "1626520:16269721381:香味:强韧双支装;147956252:75367556:净含量:500ml",
                    "quantity": "200",
                    "sku_id": "4921843330776"
                },
                {
                    "price": "100",
                    "total_price": 0,
                    "orginal_price": "100",
                    "properties": "1626520:16269721382;147956252:75367556",
                    "properties_name": "1626520:16269721382:香味:强韧+平衡;147956252:75367556:净含量:500ml",
                    "quantity": "200",
                    "sku_id": "4921843330777"
                },
                {
                    "price": "100",
                    "total_price": 0,
                    "orginal_price": "100",
                    "properties": "1626520:21794754788;147956252:75367556",
                    "properties_name": "1626520:21794754788:香味:纯净双支装;147956252:75367556:净含量:500ml",
                    "quantity": "140",
                    "sku_id": "5045031302791"
                },
                {
                    "price": "100",
                    "total_price": 0,
                    "orginal_price": "100",
                    "properties": "1626520:21794754789;147956252:75367556",
                    "properties_name": "1626520:21794754789:香味:修护双支装;147956252:75367556:净含量:500ml",
                    "quantity": "158",
                    "sku_id": "5045031302792"
                }
            ]
        },
        "seller_id": "2248304671",
        "sales": 500,
        "shop_id": "114646595",
        "props_list": {
            "1626520:19132230439": "香味:平衡双支装",
            "1626520:16269721381": "香味:强韧双支装",
            "1626520:16269721382": "香味:强韧+平衡",
            "1626520:21794754788": "香味:纯净双支装",
            "1626520:21794754789": "香味:修护双支装",
            "147956252:75367556": "净含量:500ml"
        },
        "seller_info": {
            "nick": "loccitane欧舒丹旗舰店",
            "item_score": "4.8 ",
            "score_p": "4.8 ",
            "delivery_score": "4.8 ",
            "shop_type": "B",
            "user_num_id": "2248304671",
            "sid": "114646595",
            "title": "L’OCCITANE欧舒丹官方旗舰店",
            "zhuy": "https://shop114646595.taobao.com/",
            "shop_name": "L’OCCITANE欧舒丹官方旗舰店"
        },
        "tmall": true,
        "error": "",
        "warning": "",
        "url_log": [],
        "fav_count": "8160",
        "fans_count": "784.3万",
        "freight": "快递: 免运费",
        "props_imgs": {
            "prop_img": []
        },
        "_ddf": "fu",
        "promo_type": null,
        "props_img": [],
        "format_check": "ok",
        "shop_item": [],
        "relate_items": []
    },
    "error": "",
    "secache": "439678c6f9236b1b70e7eae3ee5268a8",
    "secache_time": 1677749102,
    "secache_date": "2023-03-02 17:25:02",
    "translate_status": "",
    "translate_time": 0,
    "language": {
        "default_lang": "cn",
        "current_lang": "cn"
    },
    "reason": "",
    "error_code": "0000",
    "cache": 0,
    "api_info": "today: max:20000 all[=++];expires:2024-01-16",
    "execution_time": "3.061",
    "server_time": "Beijing/2023-03-02 17:25:02",
    "client_ip": "54.39.83.153",
    "call_args": {
        "num_iid": "657938228793",
        "is_promotion": "1"
    },
    "api_type": "taobao",
    "translate_language": "zh-CN",
    "translate_engine": "baidu",
    "server_memory": "0.8MB",
    "last_id": false
}