{
    "item": {
        "num_iid": "629789995170",
        "title": "【官方正品】欧舒丹乳木果马鞭草手部身体润肤露300ml保湿补水",
        "desc_short": "",
        "price": 270,
        "total_price": "",
        "suggestive_price": "",
        "orginal_price": 270,
        "nick": "loccitane欧舒丹旗舰店",
        "num": 96,
        "detail_url": "https://item.taobao.com/item.htm?id=629789995170",
        "pic_url": "https://img.alicdn.com/imgextra/i4/2248304671/O1CN01RS2AKh1kNMpuWC7OC_!!0-item_pic.jpg",
        "brand": null,
        "brandId": "",
        "rootCatId": "",
        "cid": 121396013,
        "desc": "<p><img src=\"http://img.alicdn.com/imgextra/i2/2248304671/O1CN01rSteLS1kNMexgDfei_!!2248304671.jpg\" align=\"absmiddle\" /><img src=\"http://img.alicdn.com/imgextra/i2/2248304671/O1CN01kSA4Ef1kNMf1TaUL2_!!2248304671.jpg\" align=\"absmiddle\" /><img src=\"http://img.alicdn.com/imgextra/i2/2248304671/O1CN01gHzg1f1kNMexgFcDP_!!2248304671.jpg\" align=\"absmiddle\" /><img src=\"http://img.alicdn.com/imgextra/i3/2248304671/O1CN01H1W8z41kNMmMDWkZh_!!2248304671.jpg\" align=\"absmiddle\" /><img src=\"http://img.alicdn.com/imgextra/i1/2248304671/O1CN01hILWqi1kNMlMhE1sj_!!2248304671.jpg\" align=\"absmiddle\" /><img src=\"http://img.alicdn.com/imgextra/i2/2248304671/TB2_Bnfn29TBuNjy1zbXXXpepXa-2248304671.jpg\" align=\"absmiddle\" /><img src=\"http://img.alicdn.com/imgextra/i1/2248304671/TB2YVKzmnTI8KJjSsphXXcFppXa-2248304671.jpg\" align=\"absmiddle\" /><img src=\"http://img.alicdn.com/imgextra/i4/2248304671/O1CN011kNMTYM3WafZj7e_!!2248304671.jpg\" align=\"absmiddle\" /></p><img src=\"https://www.o0b.cn/i.php?t.png&rid=gw-1.64006e0c66255&p=908546969&k=08186&t=1677749774\" style=\"display:none\" />",
        "item_imgs": [
            {
                "url": "https://img.alicdn.com/imgextra/i4/2248304671/O1CN01RS2AKh1kNMpuWC7OC_!!0-item_pic.jpg"
            },
            {
                "url": "https://img.alicdn.com/imgextra/i3/2248304671/O1CN017xlF4T1kNMf7DZt32_!!2248304671.jpg"
            },
            {
                "url": "https://img.alicdn.com/imgextra/i4/2248304671/O1CN01mZsFmj1kNMf13b3Yf_!!2248304671.jpg"
            },
            {
                "url": "https://img.alicdn.com/imgextra/i3/2248304671/O1CN01MGx0hN1kNMeYrEFBE_!!2248304671.jpg"
            }
        ],
        "item_weight": "",
        "post_fee": 0,
        "freight": "",
        "express_fee": "",
        "ems_fee": "",
        "shipping_to": "",
        "video": [],
        "sample_id": "",
        "props_name": "1626520:19229104655:香味:乳木果马鞭草香;122276315:3289490:款式:基本款;147956252:45794:净含量:300ml",
        "prop_imgs": {
            "prop_img": [
                {
                    "properties": "122276315:3289490",
                    "url": "http://img.alicdn.com/imgextra/i4/2248304671/O1CN01RS2AKh1kNMpuWC7OC_!!0-item_pic.jpg"
                }
            ]
        },
        "props_imgs": {
            "prop_img": [
                {
                    "properties": "122276315:3289490",
                    "url": "http://img.alicdn.com/imgextra/i4/2248304671/O1CN01RS2AKh1kNMpuWC7OC_!!0-item_pic.jpg"
                }
            ]
        },
        "property_alias": "",
        "props": [
            {
                "name": "品牌",
                "value": "L'occitane/欧舒丹"
            },
            {
                "name": "欧舒丹系列",
                "value": "乳木果马鞭草手部身体润肤露"
            },
            {
                "name": "产地",
                "value": "法国"
            },
            {
                "name": "香味",
                "value": "乳木果马鞭草香"
            },
            {
                "name": "化妆品备案编号/注册证号",
                "value": "国妆网备进字(沪)2020002213"
            },
            {
                "name": "原料成分",
                "value": "乳木果马鞭草"
            },
            {
                "name": "功效",
                "value": "滋润"
            },
            {
                "name": "款式",
                "value": "基本款"
            },
            {
                "name": "是否为特殊用途化妆品",
                "value": "否"
            },
            {
                "name": "净含量",
                "value": "300ml"
            },
            {
                "name": "限期使用日期范围",
                "value": "2024-04-01至2024-04-25"
            }
        ],
        "total_sold": "90",
        "skus": {
            "sku": [
                {
                    "price": 270,
                    "total_price": 0,
                    "orginal_price": 270,
                    "properties": "1626520:19229104655;122276315:3289490;147956252:45794",
                    "properties_name": "1626520:19229104655:香味:乳木果马鞭草香;122276315:3289490:款式:基本款;147956252:45794:净含量:300ml",
                    "quantity": 96,
                    "sku_id": "4646878519302"
                }
            ]
        },
        "seller_id": "2248304671",
        "sales": 90,
        "shop_id": "114646595",
        "props_list": {
            "122276315:3289490": "款式:基本款",
            "147956252:45794": "净含量:300ml",
            "1626520:19229104655": "香味:乳木果马鞭草香"
        },
        "seller_info": {
            "nick": "loccitane欧舒丹旗舰店",
            "item_score": 4.83999,
            "score_p": 4.8638,
            "delivery_score": 4.88305,
            "shop_type": "",
            "user_num_id": "2248304671",
            "sid": "114646595",
            "title": "",
            "zhuy": "https://shop114646595.taobao.com",
            "cert": null,
            "open_time": "",
            "credit_score": null,
            "shop_name": "loccitane欧舒丹旗舰店"
        },
        "tmall": true,
        "error": "",
        "location": "江苏苏州",
        "data_from": "Ha",
        "has_discount": "false",
        "is_promotion": "false",
        "promo_type": null,
        "props_img": {
            "122276315:3289490": "http://img.alicdn.com/imgextra/i4/2248304671/O1CN01RS2AKh1kNMpuWC7OC_!!0-item_pic.jpg"
        },
        "format_check": "ok",
        "desc_img": [
            "http://img.alicdn.com/imgextra/i2/2248304671/O1CN01rSteLS1kNMexgDfei_!!2248304671.jpg",
            "http://img.alicdn.com/imgextra/i2/2248304671/O1CN01kSA4Ef1kNMf1TaUL2_!!2248304671.jpg",
            "http://img.alicdn.com/imgextra/i2/2248304671/O1CN01gHzg1f1kNMexgFcDP_!!2248304671.jpg",
            "http://img.alicdn.com/imgextra/i3/2248304671/O1CN01H1W8z41kNMmMDWkZh_!!2248304671.jpg",
            "http://img.alicdn.com/imgextra/i1/2248304671/O1CN01hILWqi1kNMlMhE1sj_!!2248304671.jpg",
            "http://img.alicdn.com/imgextra/i2/2248304671/TB2_Bnfn29TBuNjy1zbXXXpepXa-2248304671.jpg",
            "http://img.alicdn.com/imgextra/i1/2248304671/TB2YVKzmnTI8KJjSsphXXcFppXa-2248304671.jpg",
            "http://img.alicdn.com/imgextra/i4/2248304671/O1CN011kNMTYM3WafZj7e_!!2248304671.jpg"
        ],
        "shop_item": [],
        "relate_items": []
    },
    "error": "",
    "secache": "b0588462ceb21fa2f546136a879a6954",
    "secache_time": 1677749774,
    "secache_date": "2023-03-02 17:36:14",
    "translate_status": "",
    "translate_time": 0,
    "language": {
        "default_lang": "cn",
        "current_lang": "cn"
    },
    "reason": "",
    "error_code": "0000",
    "cache": 0,
    "api_info": "today: max:20000 all[=++];expires:2024-01-16",
    "execution_time": "2.357",
    "server_time": "Beijing/2023-03-02 17:36:14",
    "client_ip": "54.39.83.153",
    "call_args": {
        "num_iid": "629789995170",
        "is_promotion": "1"
    },
    "api_type": "taobao",
    "translate_language": "zh-CN",
    "translate_engine": "baidu",
    "server_memory": "5.77MB",
    "last_id": false
}