{
    "item": {
        "num_iid": "620961193708",
        "title": "【38节抢购】欧舒丹洗发水护发素草本修护套装清洁蓬松防毛躁正品",
        "desc_short": "",
        "price": 630,
        "orginal_price": 630,
        "nick": "loccitane欧舒丹旗舰店",
        "num": 50,
        "pic_url": "https://img.alicdn.com/imgextra/i4/2248304671/O1CN01aB5XZo1kNMq4nqqGp_!!0-item_pic.jpg",
        "brand": null,
        "brandId": 0,
        "rootCatId": 0,
        "cid": 121476023,
        "crumbs": null,
        "detail_url": "https://item.taobao.com/item.htm?id=620961193708",
        "desc": "",
        "item_imgs": [
            {
                "url": "https://img.alicdn.com/imgextra/i4/2248304671/O1CN01aB5XZo1kNMq4nqqGp_!!0-item_pic.jpg"
            },
            {
                "url": "https://img.alicdn.com/imgextra/i4/2248304671/O1CN01uY6Yp31kNMh3lwYF4_!!2248304671.jpg"
            },
            {
                "url": "https://img.alicdn.com/imgextra/i3/2248304671/O1CN01Rfq03g1kNMq6HFjVK_!!2248304671.jpg"
            },
            {
                "url": "https://img.alicdn.com/imgextra/i3/2248304671/O1CN01GapYiu1kNMp2ir4XQ_!!2248304671.jpg"
            },
            {
                "url": "https://img.alicdn.com/imgextra/i3/2248304671/O1CN01oQW8Rp1kNMp5U4hpJ_!!2248304671.jpg"
            }
        ],
        "item_weight": 0,
        "location": "江苏苏州",
        "post_fee": 0,
        "express_fee": 0,
        "ems_fee": 0,
        "shipping_to": "",
        "has_discount": "false",
        "video": [],
        "is_virtual": null,
        "sample_id": "",
        "is_promotion": "false",
        "prop_imgs": {
            "prop_img": [
                {
                    "properties": "147956252:4475469",
                    "url": "http://img.alicdn.com/imgextra/i4/2248304671/O1CN01aB5XZo1kNMq4nqqGp_!!0-item_pic.jpg"
                }
            ]
        },
        "property_alias": "",
        "props": [
            {
                "name": "品牌",
                "value": "L'occitane/欧舒丹"
            },
            {
                "name": "L’occitane/欧舒丹",
                "value": "草本修护套装"
            },
            {
                "name": "功能",
                "value": "温和清洁、修护"
            },
            {
                "name": "产地",
                "value": "法国"
            },
            {
                "name": "香味",
                "value": "修护"
            },
            {
                "name": "化妆品备案编号/注册证号",
                "value": "国妆网备进字（沪）2021502316"
            },
            {
                "name": "规格类型",
                "value": "正常规格"
            },
            {
                "name": "是否为特殊用途化妆品",
                "value": "否"
            },
            {
                "name": "净含量",
                "value": "700ml"
            },
            {
                "name": "产品类别",
                "value": "普通类"
            }
        ],
        "props_name": "1626520:3320853:香味:修护;147956252:4475469:净含量:700ml",
        "total_sold": 4,
        "skus": {
            "sku": [
                {
                    "price": 630,
                    "total_price": 0,
                    "orginal_price": 630,
                    "properties": "1626520:3320853;147956252:4475469",
                    "properties_name": "1626520:3320853:香味:修护;147956252:4475469:净含量:700ml",
                    "quantity": 50,
                    "sku_id": "4947664719000"
                }
            ]
        },
        "seller_id": "2248304671",
        "shop_id": "114646595",
        "props_list": {
            "147956252:4475469": "净含量:700ml",
            "1626520:3320853": "香味:修护"
        },
        "seller_info": {
            "nick": "loccitane欧舒丹旗舰店",
            "item_score": 4.84014,
            "score_p": 4.86394,
            "delivery_score": 4.88312,
            "shop_type": "",
            "user_num_id": "2248304671",
            "sid": "114646595",
            "title": "",
            "zhuy": "https://shop114646595.taobao.com",
            "cert": null,
            "open_time": "",
            "credit_score": null,
            "shop_name": "loccitane欧舒丹旗舰店"
        },
        "tmall": true,
        "update_time": "2023-03-01 09:36:40",
        "data_update": "2023-03-01 09:36:41",
        "data_f": "Ha",
        "data_from": "hid",
        "promo_type": null,
        "props_img": {
            "147956252:4475469": "http://img.alicdn.com/imgextra/i4/2248304671/O1CN01aB5XZo1kNMq4nqqGp_!!0-item_pic.jpg"
        },
        "error": null,
        "format_check": "ok",
        "sales": 0,
        "desc_img": [],
        "shop_item": [],
        "relate_items": []
    },
    "error": "",
    "secache": "84bffec619003bb9ac1c7b00cea58949",
    "secache_time": 1677750372,
    "secache_date": "2023-03-02 17:46:12",
    "translate_status": "",
    "translate_time": 0,
    "language": {
        "default_lang": "cn",
        "current_lang": "cn"
    },
    "reason": "",
    "error_code": "0000",
    "cache": 0,
    "api_info": "today: max:20000 all[=++];expires:2024-01-16",
    "execution_time": "0.271",
    "server_time": "Beijing/2023-03-02 17:46:12",
    "client_ip": "54.39.83.153",
    "call_args": {
        "num_iid": "620961193708",
        "is_promotion": "1"
    },
    "api_type": "taobao",
    "translate_language": "zh-CN",
    "translate_engine": "baidu_api",
    "server_memory": "5.78MB",
    "last_id": false
}