{
    "item": {
        "num_iid": "42601249008",
        "title": "【38预售倒计时】欧舒丹洗发水马鞭草洗发护发素套装洗发露清洁",
        "desc_short": "",
        "price": "390",
        "total_price": 0,
        "suggestive_price": 0,
        "orginal_price": "390",
        "nick": "loccitane欧舒丹旗舰店",
        "num": 74,
        "min_num": 0,
        "detail_url": "https://item.taobao.com/item.htm?id=42601249008",
        "pic_url": "//img.alicdn.com/imgextra/i2/2248304671/O1CN015b1IXu1kNMq1JJF1p_!!0-item_pic.jpg",
        "brand": "L'occitane/欧舒丹",
        "brandId": null,
        "rootCatId": "50023282",
        "cid": "121476023",
        "crumbs": [],
        "created_time": "",
        "modified_time": "",
        "delist_time": "",
        "desc": "",
        "desc_img": [],
        "item_imgs": [
            {
                "url": "//img.alicdn.com/imgextra/i2/2248304671/O1CN015b1IXu1kNMq1JJF1p_!!0-item_pic.jpg"
            },
            {
                "url": "//img.alicdn.com/imgextra/i1/2248304671/O1CN01cudmt41kNMobszURy_!!0-item_pic.jpg"
            },
            {
                "url": "//img.alicdn.com/imgextra/i3/2248304671/O1CN01w53dJr1kNMq2mQD7J_!!2248304671.jpg"
            },
            {
                "url": "//img.alicdn.com/imgextra/i4/2248304671/O1CN01exdztn1kNMlqU3WQ4_!!2248304671.jpg"
            },
            {
                "url": "//img.alicdn.com/imgextra/i3/2248304671/O1CN01GZ1mdC1kNMeKjeJJN_!!2248304671.jpg"
            }
        ],
        "item_weight": "",
        "item_size": "",
        "location": "江苏苏州",
        "post_fee": 0,
        "express_fee": null,
        "ems_fee": "",
        "shipping_to": "",
        "has_discount": "false",
        "video": {
            "url": null
        },
        "is_virtual": "",
        "sample_id": "",
        "is_promotion": "false",
        "props_name": "1626520:94372:香味:马鞭草;147956252:75367556:净含量:500ml",
        "prop_imgs": {
            "prop_img": []
        },
        "property_alias": "",
        "props": [
            {
                "name": "品牌",
                "value": "L'occitane/欧舒丹"
            },
            {
                "name": "L’occitane/欧舒丹",
                "value": "马鞭草洗护发套装"
            },
            {
                "name": "功能",
                "value": "丰盈蓬松 头皮舒缓"
            },
            {
                "name": "产地",
                "value": "法国"
            },
            {
                "name": "香味",
                "value": "马鞭草"
            },
            {
                "name": "化妆品备案编号/注册证号",
                "value": "国妆网备进字（沪）2019004600"
            },
            {
                "name": "规格类型",
                "value": "正常规格"
            },
            {
                "name": "是否为特殊用途化妆品",
                "value": "否"
            },
            {
                "name": "净含量",
                "value": "500ml"
            }
        ],
        "total_sold": null,
        "skus": {
            "sku": [
                {
                    "price": "50",
                    "total_price": 0,
                    "orginal_price": "50",
                    "properties": "1626520:94372;147956252:75367556",
                    "properties_name": "1626520:94372:香味:马鞭草;147956252:75367556:净含量:500ml",
                    "quantity": "74",
                    "sku_id": "4320701936851"
                }
            ]
        },
        "seller_id": "2248304671",
        "sales": 100,
        "shop_id": "114646595",
        "props_list": {
            "1626520:94372": "香味:马鞭草",
            "147956252:75367556": "净含量:500ml"
        },
        "seller_info": {
            "nick": "loccitane欧舒丹旗舰店",
            "item_score": "4.8 ",
            "score_p": "4.8 ",
            "delivery_score": "4.8 ",
            "shop_type": "B",
            "user_num_id": "2248304671",
            "sid": "114646595",
            "title": "L’OCCITANE欧舒丹官方旗舰店",
            "zhuy": "https://shop114646595.taobao.com/",
            "shop_name": "L’OCCITANE欧舒丹官方旗舰店"
        },
        "tmall": true,
        "error": "",
        "warning": "",
        "url_log": [],
        "fav_count": "31592",
        "fans_count": "784.3万",
        "freight": "快递: 免运费",
        "props_imgs": {
            "prop_img": []
        },
        "_ddf": "fu",
        "promo_type": null,
        "props_img": [],
        "format_check": "ok",
        "shop_item": [],
        "relate_items": []
    },
    "error": "",
    "secache": "07d97258df8db1e6d20834494179b313",
    "secache_time": 1677748937,
    "secache_date": "2023-03-02 17:22:17",
    "translate_status": "",
    "translate_time": 0,
    "language": {
        "default_lang": "cn",
        "current_lang": "cn"
    },
    "reason": "",
    "error_code": "0000",
    "cache": 0,
    "api_info": "today: max:20000 all[=++];expires:2024-01-16",
    "execution_time": "7.241",
    "server_time": "Beijing/2023-03-02 17:22:17",
    "client_ip": "54.39.83.153",
    "call_args": {
        "num_iid": "42601249008",
        "is_promotion": "1"
    },
    "api_type": "taobao",
    "translate_language": "zh-CN",
    "translate_engine": "baidu",
    "server_memory": "0.77MB",
    "last_id": false
}