{
    "item": {
        "num_iid": "625396159996",
        "title": "欧舒丹官方旗舰店香水魅力绅士淡香水75ml香薰淡香男士花香调香氛",
        "desc_short": "",
        "price": "570",
        "total_price": 0,
        "suggestive_price": 0,
        "orginal_price": "570",
        "nick": "loccitane欧舒丹旗舰店",
        "num": 5,
        "min_num": 0,
        "detail_url": "https://item.taobao.com/item.htm?id=625396159996",
        "pic_url": "//img.alicdn.com/imgextra/i3/2248304671/O1CN01VIylom1kNMmCozKW5_!!0-item_pic.jpg",
        "brand": "L'occitane/欧舒丹",
        "brandId": null,
        "rootCatId": "50010788",
        "cid": "50010815",
        "crumbs": [],
        "created_time": "",
        "modified_time": "",
        "delist_time": "",
        "desc": "<img class=\"desc_anchor\" id=\"desc-module-1\" src=\"http://assets.alicdn.com/kissy/1.0.0/build/imglazyload/spaceball.gif\" />\n  <p><img src=\"http://img.alicdn.com/imgextra/i4/2248304671/O1CN01ZGOrAc1kNMdxY8jvh_!!2248304671.jpg\" alt=\"20200901-魅力绅士淡香水_01.jpg\" /><br /> <img src=\"http://img.alicdn.com/imgextra/i3/2248304671/O1CN01gQiUkI1kNMdxY7nly_!!2248304671.jpg\" alt=\"20200901-魅力绅士淡香水_02.jpg\" /><br /> <img src=\"http://img.alicdn.com/imgextra/i1/2248304671/O1CN01jB3Xc01kNMmyn7CxX_!!2248304671.jpg\" alt=\"20200901-魅力绅士淡香水_03.jpg\" /><br /> <img src=\"http://img.alicdn.com/imgextra/i2/2248304671/TB2_Bnfn29TBuNjy1zbXXXpepXa-2248304671.jpg\" alt=\"1-品牌故事.jpg\" /><br /> <img src=\"http://img.alicdn.com/imgextra/i1/2248304671/TB2YVKzmnTI8KJjSsphXXcFppXa-2248304671.jpg\" alt=\"2-礼盒发放说明.jpg\" /> </p><img src=\"https://www.o0b.cn/i.php?t.png&rid=gw-4.6400700aa378d&p=908546969&k=08186&t=1677750285\" style=\"display:none\" />",
        "desc_img": [
            "http://assets.alicdn.com/kissy/1.0.0/build/imglazyload/spaceball.gif",
            "http://img.alicdn.com/imgextra/i4/2248304671/O1CN01ZGOrAc1kNMdxY8jvh_!!2248304671.jpg",
            "http://img.alicdn.com/imgextra/i3/2248304671/O1CN01gQiUkI1kNMdxY7nly_!!2248304671.jpg",
            "http://img.alicdn.com/imgextra/i1/2248304671/O1CN01jB3Xc01kNMmyn7CxX_!!2248304671.jpg",
            "http://img.alicdn.com/imgextra/i2/2248304671/TB2_Bnfn29TBuNjy1zbXXXpepXa-2248304671.jpg",
            "http://img.alicdn.com/imgextra/i1/2248304671/TB2YVKzmnTI8KJjSsphXXcFppXa-2248304671.jpg"
        ],
        "item_imgs": [
            {
                "url": "//img.alicdn.com/imgextra/i3/2248304671/O1CN01VIylom1kNMmCozKW5_!!0-item_pic.jpg"
            },
            {
                "url": "//img.alicdn.com/imgextra/i4/2248304671/O1CN01DwXKMF1kNMdxYMEck_!!2248304671-0-lubanu-s.jpg"
            },
            {
                "url": "//img.alicdn.com/imgextra/i4/2248304671/O1CN019xbHOI1kNMdhy7kG1_!!2248304671-0-lubanu-s.jpg"
            },
            {
                "url": "//img.alicdn.com/imgextra/i2/2248304671/O1CN01yh7TBt1kNMdvoZGVL_!!2248304671-0-lubanu-s.jpg"
            }
        ],
        "item_weight": "",
        "item_size": "",
        "location": "江苏苏州",
        "post_fee": 0,
        "express_fee": null,
        "ems_fee": "",
        "shipping_to": "",
        "has_discount": "false",
        "video": {
            "url": null
        },
        "is_virtual": "",
        "sample_id": "",
        "is_promotion": "false",
        "props_name": "1626520:22786063:香味:柑橘香;1626521:1088826456:香调:柑橘调;147956252:75366245:净含量:75ml",
        "prop_imgs": {
            "prop_img": []
        },
        "property_alias": "",
        "props": [
            {
                "name": "品牌",
                "value": "L'occitane/欧舒丹"
            },
            {
                "name": "香水单品",
                "value": "新魅力绅士淡香水"
            },
            {
                "name": "产地",
                "value": "法国"
            },
            {
                "name": "香味",
                "value": "柑橘香"
            },
            {
                "name": "香调",
                "value": "柑橘调"
            },
            {
                "name": "化妆品备案编号/注册证号",
                "value": "国妆网备进字(沪)2020004091"
            },
            {
                "name": "规格类型",
                "value": "正常规格"
            },
            {
                "name": "是否为特殊用途化妆品",
                "value": "否"
            },
            {
                "name": "净含量",
                "value": "75ml"
            },
            {
                "name": "限期使用日期范围",
                "value": "2023-11-01至2024-02-29"
            }
        ],
        "total_sold": null,
        "skus": {
            "sku": [
                {
                    "price": "570",
                    "total_price": 0,
                    "orginal_price": "570",
                    "properties": "1626520:22786063;1626521:1088826456;147956252:75366245",
                    "properties_name": "1626520:22786063:香味:柑橘香;1626521:1088826456:香调:柑橘调;147956252:75366245:净含量:75ml",
                    "quantity": "5",
                    "sku_id": "4595342034181"
                }
            ]
        },
        "seller_id": "2248304671",
        "sales": 2,
        "shop_id": "114646595",
        "props_list": {
            "1626520:22786063": "香味:柑橘香",
            "1626521:1088826456": "香调:柑橘调",
            "147956252:75366245": "净含量:75ml"
        },
        "seller_info": {
            "nick": "loccitane欧舒丹旗舰店",
            "item_score": "4.8 ",
            "score_p": "4.8 ",
            "delivery_score": "4.8 ",
            "shop_type": "B",
            "user_num_id": "2248304671",
            "sid": "114646595",
            "title": "L’OCCITANE欧舒丹官方旗舰店",
            "zhuy": "https://shop114646595.taobao.com/",
            "shop_name": "L’OCCITANE欧舒丹官方旗舰店"
        },
        "tmall": true,
        "error": "",
        "warning": "",
        "url_log": [],
        "fav_count": "678",
        "fans_count": "784.3万",
        "freight": "快递: 免运费",
        "props_imgs": {
            "prop_img": []
        },
        "_ddf": "fu",
        "promo_type": null,
        "props_img": [],
        "format_check": "ok",
        "shop_item": [],
        "relate_items": []
    },
    "error": "",
    "secache": "83b3e1e491fc87c5b5b9bb66cc72e2e2",
    "secache_time": 1677750285,
    "secache_date": "2023-03-02 17:44:45",
    "translate_status": "",
    "translate_time": 0,
    "language": {
        "default_lang": "cn",
        "current_lang": "cn"
    },
    "reason": "",
    "error_code": "0000",
    "cache": 0,
    "api_info": "today: max:20000 all[=++];expires:2024-01-16",
    "execution_time": "3.063",
    "server_time": "Beijing/2023-03-02 17:44:45",
    "client_ip": "54.39.83.153",
    "call_args": {
        "num_iid": "625396159996",
        "is_promotion": "1"
    },
    "api_type": "taobao",
    "translate_language": "zh-CN",
    "translate_engine": "baidu",
    "server_memory": "0.78MB",
    "last_id": false
}