{
    "item": {
        "num_iid": "649786778984",
        "title": "【38节抢购】欧舒丹云中月桂沐浴露润肤套装桂花香补水保湿滋润",
        "desc_short": "",
        "price": "445",
        "orginal_price": "445",
        "nick": "loccitane欧舒丹旗舰店",
        "num": 42,
        "pic_url": "//img.alicdn.com/imgextra/i4/2248304671/O1CN01lt9Pdm1kNMq6fm3sL_!!2248304671.jpg",
        "brand": "L'occitane/欧舒丹",
        "brandId": 0,
        "rootCatId": "1801",
        "cid": "121484012",
        "crumbs": [],
        "detail_url": "https://item.taobao.com/item.htm?id=649786778984",
        "desc": "<p>&nbsp;</p> \n  <p><img src=\"http://img.alicdn.com/imgextra/i2/2248304671/O1CN01JdpMmd1kNMjjxMeW0_!!2248304671.jpg\" align=\"absmiddle\" /><img src=\"http://img.alicdn.com/imgextra/i2/2248304671/O1CN01aov5YX1kNMigS4Gg4_!!2248304671.jpg\" align=\"absmiddle\" /><img src=\"http://img.alicdn.com/imgextra/i1/2248304671/O1CN01dQvwB41kNMici46e0_!!2248304671.jpg\" align=\"absmiddle\" /><img src=\"http://img.alicdn.com/imgextra/i1/2248304671/O1CN01f3dJ4K1kNMij48U7Q_!!2248304671.jpg\" align=\"absmiddle\" /><img src=\"http://img.alicdn.com/imgextra/i3/2248304671/O1CN01QQ0MIX1kNMigBh7wx_!!2248304671.jpg\" align=\"absmiddle\" /><img src=\"http://img.alicdn.com/imgextra/i3/2248304671/O1CN01K50TG81kNMij4BARO_!!2248304671.jpg\" align=\"absmiddle\" /><img src=\"http://img.alicdn.com/imgextra/i2/2248304671/TB2_Bnfn29TBuNjy1zbXXXpepXa-2248304671.jpg\" align=\"absmiddle\" /><img src=\"http://img.alicdn.com/imgextra/i1/2248304671/TB2YVKzmnTI8KJjSsphXXcFppXa-2248304671.jpg\" align=\"absmiddle\" /><img src=\"http://img.alicdn.com/imgextra/i4/2248304671/O1CN011kNMTYM3WafZj7e_!!2248304671.jpg\" align=\"absmiddle\" /></p><img src=\"https://www.o0b.cn/i.php?t.png&rid=gw-3.63feabf9cb2a8&p=837512465&k=23706&t=1677634556\" style=\"display:none\" />",
        "item_imgs": [
            {
                "url": "//img.alicdn.com/imgextra/i4/2248304671/O1CN01lt9Pdm1kNMq6fm3sL_!!2248304671.jpg"
            },
            {
                "url": "//img.alicdn.com/imgextra/i2/2248304671/O1CN01srMsaU1kNMmOy47DL_!!2248304671.jpg"
            },
            {
                "url": "//img.alicdn.com/imgextra/i3/2248304671/O1CN01Rfq03g1kNMq6HFjVK_!!2248304671.jpg"
            },
            {
                "url": "//img.alicdn.com/imgextra/i1/2248304671/O1CN01lwg8Io1kNMiNv5Fxs_!!2248304671.jpg"
            },
            {
                "url": "//img.alicdn.com/imgextra/i3/2248304671/O1CN01MGx0hN1kNMeYrEFBE_!!2248304671.jpg"
            }
        ],
        "item_weight": 0,
        "location": "江苏苏州",
        "post_fee": 0,
        "express_fee": 0,
        "ems_fee": 0,
        "shipping_to": "",
        "has_discount": "false",
        "video": {
            "url": null
        },
        "is_virtual": "",
        "sample_id": "",
        "is_promotion": "false",
        "prop_imgs": {
            "prop_img": []
        },
        "property_alias": "",
        "props": [
            {
                "name": "品牌",
                "value": "L'occitane/欧舒丹"
            },
            {
                "name": "欧舒丹系列",
                "value": "云中月桂沐浴润肤套装"
            },
            {
                "name": "产地",
                "value": "法国"
            },
            {
                "name": "香味",
                "value": "桂花香"
            },
            {
                "name": "化妆品备案编号/注册证号",
                "value": "国妆网备进字（沪）2020010281"
            },
            {
                "name": "功效",
                "value": "保湿 滋润 清洁"
            },
            {
                "name": "规格类型",
                "value": "正常规格"
            },
            {
                "name": "是否为特殊用途化妆品",
                "value": "否"
            },
            {
                "name": "净含量",
                "value": "500ml"
            },
            {
                "name": "限期使用日期范围",
                "value": "2023-12-01至2024-11-10"
            }
        ],
        "props_name": "1626520:5690230:香味:桂花香;147956252:75367556:净含量:500ml",
        "total_sold": 83,
        "skus": {
            "sku": [
                {
                    "price": "445",
                    "total_price": 0,
                    "orginal_price": "445",
                    "properties": "1626520:5690230;147956252:75367556",
                    "properties_name": "1626520:5690230:香味:桂花香;147956252:75367556:净含量:500ml",
                    "quantity": "42",
                    "sku_id": "4912783643004"
                }
            ]
        },
        "seller_id": "2248304671",
        "shop_id": "114646595",
        "props_list": {
            "1626520:5690230": "香味:桂花香",
            "147956252:75367556": "净含量:500ml"
        },
        "seller_info": {
            "nick": "loccitane欧舒丹旗舰店",
            "item_score": "4.8 ",
            "score_p": "4.8 ",
            "delivery_score": "4.8 ",
            "shop_type": "B",
            "user_num_id": "2248304671",
            "sid": "114646595",
            "title": "L’OCCITANE欧舒丹官方旗舰店",
            "zhuy": "https://shop114646595.taobao.com/",
            "shop_name": "L’OCCITANE欧舒丹官方旗舰店"
        },
        "tmall": true,
        "update_time": "2023-03-01 09:35:56",
        "data_update": "2023-03-01 09:35:56",
        "data_f": "fu",
        "data_from": "hid",
        "promo_type": null,
        "props_img": [],
        "error": null,
        "format_check": "ok",
        "sales": 0,
        "desc_img": [
            "http://img.alicdn.com/imgextra/i2/2248304671/O1CN01JdpMmd1kNMjjxMeW0_!!2248304671.jpg",
            "http://img.alicdn.com/imgextra/i2/2248304671/O1CN01aov5YX1kNMigS4Gg4_!!2248304671.jpg",
            "http://img.alicdn.com/imgextra/i1/2248304671/O1CN01dQvwB41kNMici46e0_!!2248304671.jpg",
            "http://img.alicdn.com/imgextra/i1/2248304671/O1CN01f3dJ4K1kNMij48U7Q_!!2248304671.jpg",
            "http://img.alicdn.com/imgextra/i3/2248304671/O1CN01QQ0MIX1kNMigBh7wx_!!2248304671.jpg",
            "http://img.alicdn.com/imgextra/i3/2248304671/O1CN01K50TG81kNMij4BARO_!!2248304671.jpg",
            "http://img.alicdn.com/imgextra/i2/2248304671/TB2_Bnfn29TBuNjy1zbXXXpepXa-2248304671.jpg",
            "http://img.alicdn.com/imgextra/i1/2248304671/TB2YVKzmnTI8KJjSsphXXcFppXa-2248304671.jpg",
            "http://img.alicdn.com/imgextra/i4/2248304671/O1CN011kNMTYM3WafZj7e_!!2248304671.jpg",
            "https://www.o0b.cn/i.php?t.png&rid=gw-3.63feabf9cb2a8&p=837512465&k=23706&t=1677634556"
        ],
        "shop_item": [],
        "relate_items": []
    },
    "error": "",
    "secache": "8c13c84ef27214af109e90ed9ab493e3",
    "secache_time": 1677749413,
    "secache_date": "2023-03-02 17:30:13",
    "translate_status": "",
    "translate_time": 0,
    "language": {
        "default_lang": "cn",
        "current_lang": "cn"
    },
    "reason": "",
    "error_code": "0000",
    "cache": 0,
    "api_info": "today: max:20000 all[=++];expires:2024-01-16",
    "execution_time": "0.266",
    "server_time": "Beijing/2023-03-02 17:30:13",
    "client_ip": "54.39.83.153",
    "call_args": {
        "num_iid": "649786778984",
        "is_promotion": "1"
    },
    "api_type": "taobao",
    "translate_language": "zh-CN",
    "translate_engine": "baidu_api",
    "server_memory": "5.79MB",
    "last_id": false
}