{
    "item": {
        "num_iid": "683783357662",
        "title": "欧舒丹格拉斯橙花香氛沐浴啫喱身体乳套装滋润保湿美肤乳补水男女",
        "desc_short": "",
        "price": 445,
        "total_price": "",
        "suggestive_price": "",
        "orginal_price": 445,
        "nick": "loccitane欧舒丹旗舰店",
        "num": 46,
        "detail_url": "https://item.taobao.com/item.htm?id=683783357662",
        "pic_url": "https://img.alicdn.com/imgextra/i1/2248304671/O1CN01kK6adO1kNMqF9aGsB_!!0-item_pic.jpg",
        "brand": null,
        "brandId": "",
        "rootCatId": "",
        "cid": 121484012,
        "desc": "<img src=\"http://img.alicdn.com/imgextra/i3/2248304671/O1CN01Om9xxb1kNMmXwuYEP_!!2248304671.jpg\" alt=\"20220609-LOC-格拉斯橙花沐浴啫喱_01.jpg\" />\n  <br /> \n  <img src=\"http://img.alicdn.com/imgextra/i2/2248304671/O1CN01fTAoJs1kNMmm7LMr4_!!2248304671.jpg\" alt=\"20220609-LOC-格拉斯橙花沐浴啫喱_02.jpg\" />\n  <br /> \n  <img src=\"http://img.alicdn.com/imgextra/i2/2248304671/O1CN01BiWw6Y1kNMmeUzAnI_!!2248304671.jpg\" alt=\"20220609-LOC-格拉斯橙花沐浴啫喱_03.jpg\" />\n  <br /> \n  <img src=\"http://img.alicdn.com/imgextra/i3/2248304671/O1CN01MID7xr1kNMmhDP85f_!!2248304671.jpg\" alt=\"20220609-LOC-格拉斯橙花沐浴啫喱_04.jpg\" />\n  <br /> \n  <img src=\"http://img.alicdn.com/imgextra/i4/2248304671/O1CN01TKl8jd1kNMmjJciUA_!!2248304671.jpg\" alt=\"20220609-LOC-格拉斯橙花美肤乳250ml_01.jpg\" />\n  <br /> \n  <img src=\"http://img.alicdn.com/imgextra/i3/2248304671/O1CN01yFt0GO1kNMmXy3Vdv_!!2248304671.jpg\" alt=\"20220609-LOC-格拉斯橙花美肤乳250ml_02.jpg\" />\n  <br /> \n  <img src=\"http://img.alicdn.com/imgextra/i1/2248304671/O1CN01q2SNwp1kNMmZWfmVy_!!2248304671.jpg\" alt=\"20220609-LOC-格拉斯橙花美肤乳250ml_03.jpg\" />\n  <br /> \n  <img src=\"http://img.alicdn.com/imgextra/i1/2248304671/TB2YVKzmnTI8KJjSsphXXcFppXa-2248304671.jpg\" alt=\"2-礼盒发放说明.jpg\" />\n  <br /> \n  <img src=\"http://img.alicdn.com/imgextra/i4/2248304671/O1CN011kNMTYM3WafZj7e_!!2248304671.jpg\" alt=\"3-正品保证-SPP页底.jpg\" />\n  <br /><img src=\"https://www.o0b.cn/i.php?t.png&rid=gw-3.640070bb47371&p=908546969&k=08186&t=1677750462\" style=\"display:none\" />",
        "item_imgs": [
            {
                "url": "https://img.alicdn.com/imgextra/i1/2248304671/O1CN01kK6adO1kNMqF9aGsB_!!0-item_pic.jpg"
            },
            {
                "url": "https://img.alicdn.com/imgextra/i4/2248304671/O1CN01L0QiDc1kNMmjKF7X2_!!2248304671.jpg"
            },
            {
                "url": "https://img.alicdn.com/imgextra/i3/2248304671/O1CN01NfG0hX1kNMmZX8aDh_!!2248304671.jpg"
            },
            {
                "url": "https://img.alicdn.com/imgextra/i4/2248304671/O1CN01McxTPb1kNMmccuxYp_!!2248304671.jpg"
            },
            {
                "url": "https://img.alicdn.com/imgextra/i2/2248304671/O1CN01WQrH2z1kNMnsyBnwc_!!0-item_pic.jpg"
            }
        ],
        "item_weight": "",
        "post_fee": 0,
        "freight": "",
        "express_fee": "",
        "ems_fee": "",
        "shipping_to": "",
        "video": [],
        "sample_id": "",
        "props_name": "147956252:75367556:净含量:500ml",
        "prop_imgs": {
            "prop_img": [
                {
                    "properties": "147956252:75367556",
                    "url": "http://img.alicdn.com/imgextra/i1/2248304671/O1CN01kK6adO1kNMqF9aGsB_!!0-item_pic.jpg"
                }
            ]
        },
        "props_imgs": {
            "prop_img": [
                {
                    "properties": "147956252:75367556",
                    "url": "http://img.alicdn.com/imgextra/i1/2248304671/O1CN01kK6adO1kNMqF9aGsB_!!0-item_pic.jpg"
                }
            ]
        },
        "property_alias": "",
        "props": [
            {
                "name": "品牌",
                "value": "L'occitane/欧舒丹"
            },
            {
                "name": "欧舒丹系列",
                "value": "格拉斯橙花沐浴润肤套装"
            },
            {
                "name": "产地",
                "value": "法国"
            },
            {
                "name": "化妆品备案编号/注册证号",
                "value": "国妆网备进字（沪）2020008665"
            },
            {
                "name": "功效",
                "value": "保湿"
            },
            {
                "name": "规格类型",
                "value": "正常规格"
            },
            {
                "name": "是否为特殊用途化妆品",
                "value": "否"
            },
            {
                "name": "净含量",
                "value": "500ml"
            },
            {
                "name": "限期使用日期范围",
                "value": "2025-04-01至2025-08-01"
            }
        ],
        "total_sold": "4",
        "skus": {
            "sku": [
                {
                    "price": 445,
                    "total_price": 0,
                    "orginal_price": 445,
                    "properties": "147956252:75367556",
                    "properties_name": "147956252:75367556:净含量:500ml",
                    "quantity": 46,
                    "sku_id": "4886919596563"
                }
            ]
        },
        "seller_id": "2248304671",
        "sales": 4,
        "shop_id": "114646595",
        "props_list": {
            "147956252:75367556": "净含量:500ml"
        },
        "seller_info": {
            "nick": "loccitane欧舒丹旗舰店",
            "item_score": 4.83999,
            "score_p": 4.8638,
            "delivery_score": 4.88305,
            "shop_type": "",
            "user_num_id": "2248304671",
            "sid": "114646595",
            "title": "",
            "zhuy": "https://shop114646595.taobao.com",
            "cert": null,
            "open_time": "",
            "credit_score": null,
            "shop_name": "loccitane欧舒丹旗舰店"
        },
        "tmall": true,
        "error": "",
        "location": "江苏苏州",
        "data_from": "Ha",
        "has_discount": "false",
        "is_promotion": "false",
        "promo_type": null,
        "props_img": {
            "147956252:75367556": "http://img.alicdn.com/imgextra/i1/2248304671/O1CN01kK6adO1kNMqF9aGsB_!!0-item_pic.jpg"
        },
        "format_check": "ok",
        "desc_img": [
            "http://img.alicdn.com/imgextra/i3/2248304671/O1CN01Om9xxb1kNMmXwuYEP_!!2248304671.jpg",
            "http://img.alicdn.com/imgextra/i2/2248304671/O1CN01fTAoJs1kNMmm7LMr4_!!2248304671.jpg",
            "http://img.alicdn.com/imgextra/i2/2248304671/O1CN01BiWw6Y1kNMmeUzAnI_!!2248304671.jpg",
            "http://img.alicdn.com/imgextra/i3/2248304671/O1CN01MID7xr1kNMmhDP85f_!!2248304671.jpg",
            "http://img.alicdn.com/imgextra/i4/2248304671/O1CN01TKl8jd1kNMmjJciUA_!!2248304671.jpg",
            "http://img.alicdn.com/imgextra/i3/2248304671/O1CN01yFt0GO1kNMmXy3Vdv_!!2248304671.jpg",
            "http://img.alicdn.com/imgextra/i1/2248304671/O1CN01q2SNwp1kNMmZWfmVy_!!2248304671.jpg",
            "http://img.alicdn.com/imgextra/i1/2248304671/TB2YVKzmnTI8KJjSsphXXcFppXa-2248304671.jpg",
            "http://img.alicdn.com/imgextra/i4/2248304671/O1CN011kNMTYM3WafZj7e_!!2248304671.jpg"
        ],
        "shop_item": [],
        "relate_items": []
    },
    "error": "",
    "secache": "e6c93f35b20ed8053e9e5cfe753f5b68",
    "secache_time": 1677750462,
    "secache_date": "2023-03-02 17:47:42",
    "translate_status": "",
    "translate_time": 0,
    "language": {
        "default_lang": "cn",
        "current_lang": "cn"
    },
    "reason": "",
    "error_code": "0000",
    "cache": 0,
    "api_info": "today: max:20000 all[=++];expires:2024-01-16",
    "execution_time": "3.31",
    "server_time": "Beijing/2023-03-02 17:47:42",
    "client_ip": "54.39.83.153",
    "call_args": {
        "num_iid": "683783357662",
        "is_promotion": "1"
    },
    "api_type": "taobao",
    "translate_language": "zh-CN",
    "translate_engine": "baidu_api",
    "server_memory": "5.81MB",
    "last_id": false
}