{
    "item": {
        "num_iid": "578408867984",
        "title": "【38预售倒计时】欧舒丹身体护理套装甜扁桃磨砂膏全身清洁沐浴油",
        "desc_short": "",
        "price": 495,
        "total_price": "",
        "suggestive_price": "",
        "orginal_price": 495,
        "nick": "loccitane欧舒丹旗舰店",
        "num": 200,
        "detail_url": "https://item.taobao.com/item.htm?id=578408867984",
        "pic_url": "https://img.alicdn.com/imgextra/i2/2248304671/O1CN01WAAwF01kNMpxLHYxy_!!2248304671.jpg",
        "brand": null,
        "brandId": "",
        "rootCatId": "",
        "cid": 121484012,
        "desc": "<p>&nbsp;</p> \n  <p><img src=\"http://img.alicdn.com/imgextra/i2/2248304671/O1CN01sJ4Sn91kNMq1dk8u7_!!2248304671.jpg\" align=\"absmiddle\" /><img src=\"http://img.alicdn.com/imgextra/i4/2248304671/O1CN01Ahjuy91kNMof1jV01_!!2248304671.jpg\" align=\"absmiddle\" /></p> \n  <p><img src=\"http://img.alicdn.com/imgextra/i3/2248304671/O1CN01m6stp61kNMi0bzLmE_!!2248304671.jpg\" align=\"absmiddle\" /></p> \n  <p><img src=\"http://img.alicdn.com/imgextra/i4/2248304671/O1CN01E2klRA1kNMljctaPT_!!2248304671.jpg\" align=\"absmiddle\" /><img src=\"http://img.alicdn.com/imgextra/i1/2248304671/O1CN01f0ADFW1kNMlnhMijg_!!2248304671.jpg\" align=\"absmiddle\" /><img src=\"http://img.alicdn.com/imgextra/i3/2248304671/O1CN010yapoN1kNMljcsa4D_!!2248304671.jpg\" align=\"absmiddle\" /><img src=\"http://img.alicdn.com/imgextra/i4/2248304671/O1CN014M806m1kNMlmhAJZv_!!2248304671.jpg\" align=\"absmiddle\" /><img src=\"http://img.alicdn.com/imgextra/i1/2248304671/O1CN01TQvdZz1kNMlcZG0fC_!!2248304671.jpg\" align=\"absmiddle\" /><img src=\"http://img.alicdn.com/imgextra/i4/2248304671/O1CN01P0watG1kNMlo8uUNe_!!2248304671.jpg\" align=\"absmiddle\" /><img src=\"http://img.alicdn.com/imgextra/i1/2248304671/O1CN014gnc8r1kNMlsKYzOU_!!2248304671.jpg\" align=\"absmiddle\" /><img src=\"http://img.alicdn.com/imgextra/i4/2248304671/O1CN01OPvxMD1kNMlv0WcTA_!!2248304671.jpg\" align=\"absmiddle\" /><img src=\"http://img.alicdn.com/imgextra/i1/2248304671/O1CN01OBE6BT1kNMlhR9gKD_!!2248304671.jpg\" align=\"absmiddle\" /><img src=\"http://img.alicdn.com/imgextra/i3/2248304671/O1CN01qRWv6G1kNMlt5930p_!!2248304671.jpg\" align=\"absmiddle\" /><img src=\"http://img.alicdn.com/imgextra/i2/2248304671/O1CN017LWNoG1kNMlt58Az8_!!2248304671.jpg\" align=\"absmiddle\" /><img src=\"http://img.alicdn.com/imgextra/i3/2248304671/O1CN01jOwn3u1kNMlmh7IRX_!!2248304671.jpg\" align=\"absmiddle\" /><br /> <img src=\"http://img.alicdn.com/imgextra/i2/2248304671/O1CN01CCWvsB1kNMdgEjr7h_!!2248304671.jpg\" alt=\"甜扁桃磨砂膏_01.jpg\" /><br /> <img src=\"http://img.alicdn.com/imgextra/i3/2248304671/O1CN01DHVJGZ1kNMdjjNqzu_!!2248304671.jpg\" alt=\"甜扁桃磨砂膏_02.jpg\" /><br /> <img src=\"http://img.alicdn.com/imgextra/i2/2248304671/O1CN01PEkG5W1kNMdjjP3p8_!!2248304671.jpg\" alt=\"甜扁桃磨砂膏_03.jpg\" /><br /> <img src=\"http://img.alicdn.com/imgextra/i4/2248304671/O1CN01wbBzIc1kNMdmO8yT6_!!2248304671.jpg\" alt=\"甜扁桃磨砂膏_04.jpg\" /><br /> <img src=\"http://img.alicdn.com/imgextra/i2/2248304671/O1CN01UE4d8E1kNMdoXZ0pt_!!2248304671.jpg\" alt=\"甜扁桃磨砂膏_05.jpg\" /><br /> <img src=\"http://img.alicdn.com/imgextra/i4/2248304671/O1CN01UzmRAh1kNMdbXs5J8_!!2248304671.jpg\" alt=\"甜扁桃磨砂膏_06.jpg\" /><br /> <img src=\"http://img.alicdn.com/imgextra/i2/2248304671/O1CN01KR09zH1kNMdjMehYq_!!2248304671.jpg\" alt=\"甜扁桃磨砂膏_07.jpg\" /><br /> <img src=\"http://img.alicdn.com/imgextra/i4/2248304671/O1CN01rFzIZ91kNMl0BeZdw_!!2248304671.jpg\" alt=\"20211228-LOC-甜扁桃磨砂膏_08.jpg\" /><br /> <img src=\"http://img.alicdn.com/imgextra/i1/2248304671/O1CN018XelWk1kNMkoiCp1U_!!2248304671.jpg\" alt=\"20211228-LOC-甜扁桃磨砂膏_09.jpg\" /> <img src=\"http://img.alicdn.com/imgextra/i2/2248304671/TB2_Bnfn29TBuNjy1zbXXXpepXa-2248304671.jpg\" alt=\"1-品牌故事.jpg\" /><br /> <img src=\"http://img.alicdn.com/imgextra/i1/2248304671/TB2YVKzmnTI8KJjSsphXXcFppXa-2248304671.jpg\" alt=\"2-礼盒发放说明.jpg\" /><br /> <img src=\"http://img.alicdn.com/imgextra/i4/2248304671/O1CN011kNMTYM3WafZj7e_!!2248304671.jpg\" alt=\"3-正品保证-SPP页底.jpg\" /> </p><img src=\"https://www.o0b.cn/i.php?t.png&rid=gw-4.64006c0ac3777&p=908546969&k=08186&t=1677749261\" style=\"display:none\" />",
        "item_imgs": [
            {
                "url": "https://img.alicdn.com/imgextra/i2/2248304671/O1CN01WAAwF01kNMpxLHYxy_!!2248304671.jpg"
            },
            {
                "url": "https://img.alicdn.com/imgextra/i2/2248304671/O1CN01BgqMbH1kNMq4itmvB_!!2248304671.jpg"
            },
            {
                "url": "https://img.alicdn.com/imgextra/i2/2248304671/O1CN01D0tzkP1kNMq7YSEQf_!!2248304671.jpg"
            },
            {
                "url": "https://img.alicdn.com/imgextra/i1/2248304671/O1CN01p7sN481kNMnZZvmnb_!!2248304671.jpg"
            },
            {
                "url": "https://img.alicdn.com/imgextra/i2/2248304671/O1CN01PLZQdh1kNMiu7hDjV_!!2248304671.jpg"
            }
        ],
        "item_weight": "",
        "post_fee": 0,
        "freight": "",
        "express_fee": "",
        "ems_fee": "",
        "shipping_to": "",
        "video": [],
        "sample_id": "",
        "props_name": "1626520:10969241079:香味:甜扁桃香;1626520:10969241079:香味:甜扁桃香;147956252:52174:净含量:450ml;147956252:3440274:净含量:350ml",
        "prop_imgs": {
            "prop_img": []
        },
        "props_imgs": {
            "prop_img": []
        },
        "property_alias": "",
        "props": [
            {
                "name": "品牌",
                "value": "L'occitane/欧舒丹"
            },
            {
                "name": "欧舒丹系列",
                "value": "甜扁桃沐浴油磨砂套装"
            },
            {
                "name": "产地",
                "value": "法国"
            },
            {
                "name": "香味",
                "value": "甜扁桃香"
            },
            {
                "name": "化妆品备案编号/注册证号",
                "value": "国妆备进字J20151778"
            },
            {
                "name": "保质期",
                "value": "3年"
            },
            {
                "name": "适合肤质",
                "value": "任何肤质"
            },
            {
                "name": "原料成分",
                "value": "甜扁桃"
            },
            {
                "name": "功效",
                "value": "保湿 滋润 深层清洁"
            },
            {
                "name": "规格类型",
                "value": "正常规格"
            },
            {
                "name": "是否为特殊用途化妆品",
                "value": "否"
            },
            {
                "name": "净含量",
                "value": "450ml 350ml"
            },
            {
                "name": "产品类别",
                "value": "普通类"
            },
            {
                "name": "限期使用日期范围",
                "value": "2024-07-01至2025-06-01"
            }
        ],
        "total_sold": "-1",
        "skus": {
            "sku": [
                {
                    "price": 625,
                    "total_price": 0,
                    "orginal_price": 625,
                    "properties": "1626520:10969241079;147956252:52174",
                    "properties_name": "1626520:10969241079:香味:甜扁桃香;147956252:52174:净含量:450ml",
                    "quantity": 113,
                    "sku_id": "4991962610055"
                },
                {
                    "price": 495,
                    "total_price": 0,
                    "orginal_price": 495,
                    "properties": "1626520:10969241079;147956252:3440274",
                    "properties_name": "1626520:10969241079:香味:甜扁桃香;147956252:3440274:净含量:350ml",
                    "quantity": 125,
                    "sku_id": "4991962610054"
                }
            ]
        },
        "seller_id": "2248304671",
        "sales": 200,
        "shop_id": "114646595",
        "props_list": {
            "1626520:10969241079": "香味:甜扁桃香",
            "147956252:52174": "净含量:450ml",
            "147956252:3440274": "净含量:350ml"
        },
        "seller_info": {
            "nick": "loccitane欧舒丹旗舰店",
            "item_score": 4.83999,
            "score_p": 4.8638,
            "delivery_score": 4.88305,
            "shop_type": "",
            "user_num_id": "2248304671",
            "sid": "114646595",
            "title": "",
            "zhuy": "https://shop114646595.taobao.com",
            "cert": null,
            "open_time": "",
            "credit_score": null,
            "shop_name": "loccitane欧舒丹旗舰店"
        },
        "tmall": true,
        "error": "",
        "location": "江苏苏州",
        "data_from": "Ha",
        "has_discount": "false",
        "is_promotion": "false",
        "promo_type": null,
        "props_img": [],
        "format_check": "ok",
        "desc_img": [
            "http://img.alicdn.com/imgextra/i2/2248304671/O1CN01sJ4Sn91kNMq1dk8u7_!!2248304671.jpg",
            "http://img.alicdn.com/imgextra/i4/2248304671/O1CN01Ahjuy91kNMof1jV01_!!2248304671.jpg",
            "http://img.alicdn.com/imgextra/i3/2248304671/O1CN01m6stp61kNMi0bzLmE_!!2248304671.jpg",
            "http://img.alicdn.com/imgextra/i4/2248304671/O1CN01E2klRA1kNMljctaPT_!!2248304671.jpg",
            "http://img.alicdn.com/imgextra/i1/2248304671/O1CN01f0ADFW1kNMlnhMijg_!!2248304671.jpg",
            "http://img.alicdn.com/imgextra/i3/2248304671/O1CN010yapoN1kNMljcsa4D_!!2248304671.jpg",
            "http://img.alicdn.com/imgextra/i4/2248304671/O1CN014M806m1kNMlmhAJZv_!!2248304671.jpg",
            "http://img.alicdn.com/imgextra/i1/2248304671/O1CN01TQvdZz1kNMlcZG0fC_!!2248304671.jpg",
            "http://img.alicdn.com/imgextra/i4/2248304671/O1CN01P0watG1kNMlo8uUNe_!!2248304671.jpg",
            "http://img.alicdn.com/imgextra/i1/2248304671/O1CN014gnc8r1kNMlsKYzOU_!!2248304671.jpg",
            "http://img.alicdn.com/imgextra/i4/2248304671/O1CN01OPvxMD1kNMlv0WcTA_!!2248304671.jpg",
            "http://img.alicdn.com/imgextra/i1/2248304671/O1CN01OBE6BT1kNMlhR9gKD_!!2248304671.jpg",
            "http://img.alicdn.com/imgextra/i3/2248304671/O1CN01qRWv6G1kNMlt5930p_!!2248304671.jpg",
            "http://img.alicdn.com/imgextra/i2/2248304671/O1CN017LWNoG1kNMlt58Az8_!!2248304671.jpg",
            "http://img.alicdn.com/imgextra/i3/2248304671/O1CN01jOwn3u1kNMlmh7IRX_!!2248304671.jpg",
            "http://img.alicdn.com/imgextra/i2/2248304671/O1CN01CCWvsB1kNMdgEjr7h_!!2248304671.jpg",
            "http://img.alicdn.com/imgextra/i3/2248304671/O1CN01DHVJGZ1kNMdjjNqzu_!!2248304671.jpg",
            "http://img.alicdn.com/imgextra/i2/2248304671/O1CN01PEkG5W1kNMdjjP3p8_!!2248304671.jpg",
            "http://img.alicdn.com/imgextra/i4/2248304671/O1CN01wbBzIc1kNMdmO8yT6_!!2248304671.jpg",
            "http://img.alicdn.com/imgextra/i2/2248304671/O1CN01UE4d8E1kNMdoXZ0pt_!!2248304671.jpg",
            "http://img.alicdn.com/imgextra/i4/2248304671/O1CN01UzmRAh1kNMdbXs5J8_!!2248304671.jpg",
            "http://img.alicdn.com/imgextra/i2/2248304671/O1CN01KR09zH1kNMdjMehYq_!!2248304671.jpg",
            "http://img.alicdn.com/imgextra/i4/2248304671/O1CN01rFzIZ91kNMl0BeZdw_!!2248304671.jpg",
            "http://img.alicdn.com/imgextra/i1/2248304671/O1CN018XelWk1kNMkoiCp1U_!!2248304671.jpg",
            "http://img.alicdn.com/imgextra/i2/2248304671/TB2_Bnfn29TBuNjy1zbXXXpepXa-2248304671.jpg",
            "http://img.alicdn.com/imgextra/i1/2248304671/TB2YVKzmnTI8KJjSsphXXcFppXa-2248304671.jpg",
            "http://img.alicdn.com/imgextra/i4/2248304671/O1CN011kNMTYM3WafZj7e_!!2248304671.jpg"
        ],
        "shop_item": [],
        "relate_items": []
    },
    "error": "",
    "secache": "f60b6013e9275afd692f4bcc48a566e9",
    "secache_time": 1677749261,
    "secache_date": "2023-03-02 17:27:41",
    "translate_status": "",
    "translate_time": 0,
    "language": {
        "default_lang": "cn",
        "current_lang": "cn"
    },
    "reason": "",
    "error_code": "0000",
    "cache": 0,
    "api_info": "today: max:20000 all[=++];expires:2024-01-16",
    "execution_time": "2.603",
    "server_time": "Beijing/2023-03-02 17:27:41",
    "client_ip": "54.39.83.153",
    "call_args": {
        "num_iid": "578408867984",
        "is_promotion": "1"
    },
    "api_type": "taobao",
    "translate_language": "zh-CN",
    "translate_engine": "baidu",
    "server_memory": "0.8MB",
    "last_id": false
}