{
    "item": {
        "num_iid": "649724282010",
        "title": "【38节抢购】欧舒丹桂花香水云中月桂淡香氛男女士香水淡香水留香",
        "desc_short": "",
        "price": 340,
        "total_price": "",
        "suggestive_price": "",
        "orginal_price": 340,
        "nick": "loccitane欧舒丹旗舰店",
        "num": 200,
        "detail_url": "https://item.taobao.com/item.htm?id=649724282010",
        "pic_url": "https://img.alicdn.com/imgextra/i4/2248304671/O1CN016uesOB1kNMq7wXDak_!!0-item_pic.jpg",
        "brand": null,
        "brandId": "",
        "rootCatId": "",
        "cid": 50010815,
        "desc": "<img class=\"desc_anchor\" id=\"desc-module-1\" src=\"http://assets.alicdn.com/kissy/1.0.0/build/imglazyload/spaceball.gif\" />\n  <p><img src=\"http://img.alicdn.com/imgextra/i2/2248304671/O1CN01wTdpxE1kNMpzImqOv_!!2248304671.jpg\" align=\"absmiddle\" /></p> \n  <p><br /> <img src=\"http://img.alicdn.com/imgextra/i1/2248304671/O1CN016YOPSm1kNMiW2dtG7_!!2248304671.jpg\" alt=\"云中月桂淡香氛赵丽颖_03.jpg\" /><br /> <img src=\"http://img.alicdn.com/imgextra/i1/2248304671/O1CN01QmxQr51kNMiYWDIxl_!!2248304671.jpg\" alt=\"云中月桂淡香氛赵丽颖_04.jpg\" /><br /> <img src=\"http://img.alicdn.com/imgextra/i4/2248304671/O1CN01XcC84A1kNMiTCvRHR_!!2248304671.jpg\" alt=\"云中月桂淡香氛赵丽颖_05.jpg\" /><br /> <img src=\"http://img.alicdn.com/imgextra/i3/2248304671/O1CN01LbkS731kNMiUsYgar_!!2248304671.jpg\" alt=\"云中月桂淡香氛赵丽颖_06.jpg\" /><br /> <img src=\"http://img.alicdn.com/imgextra/i4/2248304671/O1CN01aavccG1kNMiTmtzKw_!!2248304671.jpg\" alt=\"云中月桂淡香氛赵丽颖_07.jpg\" /><br /> <img src=\"http://img.alicdn.com/imgextra/i3/2248304671/O1CN01Th4COu1kNMiKULfAQ_!!2248304671.jpg\" alt=\"云中月桂淡香氛赵丽颖_08.jpg\" /><br /> <img src=\"http://img.alicdn.com/imgextra/i4/2248304671/O1CN01cQxpcq1kNMiZCis5F_!!2248304671.jpg\" alt=\"云中月桂淡香氛赵丽颖_09.jpg\" /><img src=\"http://img.alicdn.com/imgextra/i3/2248304671/O1CN01QoC5gw1kNMm6SClZ0_!!2248304671.jpg\" align=\"absmiddle\" /><br /> <img src=\"http://img.alicdn.com/imgextra/i4/2248304671/O1CN011kNMTYM3WafZj7e_!!2248304671.jpg\" align=\"absmiddle\" /><img src=\"http://img.alicdn.com/imgextra/i1/2248304671/TB2YVKzmnTI8KJjSsphXXcFppXa-2248304671.jpg\" align=\"absmiddle\" /><img src=\"http://img.alicdn.com/imgextra/i2/2248304671/TB2_Bnfn29TBuNjy1zbXXXpepXa-2248304671.jpg\" align=\"absmiddle\" /></p><img src=\"https://www.o0b.cn/i.php?t.png&rid=gw-1.64006d708307a&p=908546969&k=08186&t=1677749619\" style=\"display:none\" />",
        "item_imgs": [
            {
                "url": "https://img.alicdn.com/imgextra/i4/2248304671/O1CN016uesOB1kNMq7wXDak_!!0-item_pic.jpg"
            },
            {
                "url": "https://img.alicdn.com/imgextra/i1/2248304671/O1CN01fMfA2w1kNMq4kaUsf_!!2248304671.jpg"
            },
            {
                "url": "https://img.alicdn.com/imgextra/i3/2248304671/O1CN01Rfq03g1kNMq6HFjVK_!!2248304671.jpg"
            },
            {
                "url": "https://img.alicdn.com/imgextra/i1/2248304671/O1CN01IGoZ9M1kNMiEr1zVc_!!2248304671.jpg"
            },
            {
                "url": "https://img.alicdn.com/imgextra/i3/2248304671/O1CN01MGx0hN1kNMeYrEFBE_!!2248304671.jpg"
            }
        ],
        "item_weight": "",
        "post_fee": 0,
        "freight": "",
        "express_fee": "",
        "ems_fee": "",
        "shipping_to": "",
        "video": [],
        "sample_id": "",
        "props_name": "1626520:5690230:香味:桂花香;1626520:5690230:香味:桂花香;1626521:3224495:香调:花香调;1626521:3224495:香调:花香调;147956252:75367145:净含量:30ml;147956252:75366245:净含量:75ml",
        "prop_imgs": {
            "prop_img": []
        },
        "props_imgs": {
            "prop_img": []
        },
        "property_alias": "",
        "props": [
            {
                "name": "品牌",
                "value": "L'occitane/欧舒丹"
            },
            {
                "name": "香水单品",
                "value": "云中月桂淡香氛"
            },
            {
                "name": "产地",
                "value": "法国"
            },
            {
                "name": "香味",
                "value": "桂花香"
            },
            {
                "name": "香调",
                "value": "花香调"
            },
            {
                "name": "化妆品备案编号/注册证号",
                "value": "国妆网备进字(沪)2020009296"
            },
            {
                "name": "规格类型",
                "value": "正常规格"
            },
            {
                "name": "是否为特殊用途化妆品",
                "value": "否"
            },
            {
                "name": "净含量",
                "value": "30ml 75ml"
            },
            {
                "name": "限期使用日期范围",
                "value": "2023-11-01至2023-12-31"
            },
            {
                "name": "保质期",
                "value": "3年"
            }
        ],
        "total_sold": "79",
        "skus": {
            "sku": [
                {
                    "price": 340,
                    "total_price": 0,
                    "orginal_price": 340,
                    "properties": "1626520:5690230;1626521:3224495;147956252:75367145",
                    "properties_name": "1626520:5690230:香味:桂花香;1626521:3224495:香调:花香调;147956252:75367145:净含量:30ml",
                    "quantity": 73,
                    "sku_id": "4936334234299"
                },
                {
                    "price": 620,
                    "total_price": 0,
                    "orginal_price": 620,
                    "properties": "1626520:5690230;1626521:3224495;147956252:75366245",
                    "properties_name": "1626520:5690230:香味:桂花香;1626521:3224495:香调:花香调;147956252:75366245:净含量:75ml",
                    "quantity": 200,
                    "sku_id": "4856501731509"
                }
            ]
        },
        "seller_id": "2248304671",
        "sales": 79,
        "shop_id": "114646595",
        "props_list": {
            "1626520:5690230": "香味:桂花香",
            "1626521:3224495": "香调:花香调",
            "147956252:75367145": "净含量:30ml",
            "147956252:75366245": "净含量:75ml"
        },
        "seller_info": {
            "nick": "loccitane欧舒丹旗舰店",
            "item_score": 4.83999,
            "score_p": 4.8638,
            "delivery_score": 4.88305,
            "shop_type": "",
            "user_num_id": "2248304671",
            "sid": "114646595",
            "title": "",
            "zhuy": "https://shop114646595.taobao.com",
            "cert": null,
            "open_time": "",
            "credit_score": null,
            "shop_name": "loccitane欧舒丹旗舰店"
        },
        "tmall": true,
        "error": "",
        "location": "江苏苏州",
        "data_from": "Ha",
        "has_discount": "false",
        "is_promotion": "false",
        "promo_type": null,
        "props_img": [],
        "format_check": "ok",
        "desc_img": [
            "http://assets.alicdn.com/kissy/1.0.0/build/imglazyload/spaceball.gif",
            "http://img.alicdn.com/imgextra/i2/2248304671/O1CN01wTdpxE1kNMpzImqOv_!!2248304671.jpg",
            "http://img.alicdn.com/imgextra/i1/2248304671/O1CN016YOPSm1kNMiW2dtG7_!!2248304671.jpg",
            "http://img.alicdn.com/imgextra/i1/2248304671/O1CN01QmxQr51kNMiYWDIxl_!!2248304671.jpg",
            "http://img.alicdn.com/imgextra/i4/2248304671/O1CN01XcC84A1kNMiTCvRHR_!!2248304671.jpg",
            "http://img.alicdn.com/imgextra/i3/2248304671/O1CN01LbkS731kNMiUsYgar_!!2248304671.jpg",
            "http://img.alicdn.com/imgextra/i4/2248304671/O1CN01aavccG1kNMiTmtzKw_!!2248304671.jpg",
            "http://img.alicdn.com/imgextra/i3/2248304671/O1CN01Th4COu1kNMiKULfAQ_!!2248304671.jpg",
            "http://img.alicdn.com/imgextra/i4/2248304671/O1CN01cQxpcq1kNMiZCis5F_!!2248304671.jpg",
            "http://img.alicdn.com/imgextra/i3/2248304671/O1CN01QoC5gw1kNMm6SClZ0_!!2248304671.jpg",
            "http://img.alicdn.com/imgextra/i4/2248304671/O1CN011kNMTYM3WafZj7e_!!2248304671.jpg",
            "http://img.alicdn.com/imgextra/i1/2248304671/TB2YVKzmnTI8KJjSsphXXcFppXa-2248304671.jpg",
            "http://img.alicdn.com/imgextra/i2/2248304671/TB2_Bnfn29TBuNjy1zbXXXpepXa-2248304671.jpg"
        ],
        "shop_item": [],
        "relate_items": []
    },
    "error": "",
    "secache": "8cc3afda5955b92d6f2b9dfbbe8a9806",
    "secache_time": 1677749619,
    "secache_date": "2023-03-02 17:33:39",
    "translate_status": "",
    "translate_time": 0,
    "language": {
        "default_lang": "cn",
        "current_lang": "cn"
    },
    "reason": "",
    "error_code": "0000",
    "cache": 0,
    "api_info": "today: max:20000 all[=++];expires:2024-01-16",
    "execution_time": "3.027",
    "server_time": "Beijing/2023-03-02 17:33:39",
    "client_ip": "54.39.83.153",
    "call_args": {
        "num_iid": "649724282010",
        "is_promotion": "1"
    },
    "api_type": "taobao",
    "translate_language": "zh-CN",
    "translate_engine": "baidu",
    "server_memory": "5.77MB",
    "last_id": false
}