{
    "item": {
        "num_iid": "521821873478",
        "title": "【38预售倒计时】欧舒丹磨砂膏甜扁桃紧致磨砂温和去角质清洁保湿",
        "desc_short": "",
        "price": "260",
        "total_price": 0,
        "suggestive_price": 0,
        "orginal_price": "390",
        "nick": "loccitane欧舒丹旗舰店",
        "num": 382,
        "min_num": 0,
        "detail_url": "https://item.taobao.com/item.htm?id=521821873478",
        "pic_url": "//img.alicdn.com/imgextra/i4/2248304671/O1CN01wBxbb01kNMq6wOWTI_!!0-item_pic.jpg",
        "brand": "L'occitane/欧舒丹",
        "brandId": null,
        "rootCatId": "1801",
        "cid": "121366014",
        "crumbs": [],
        "created_time": "",
        "modified_time": "",
        "delist_time": "",
        "desc": "<p><img src=\"http://img.alicdn.com/imgextra/i4/2248304671/O1CN01Ahjuy91kNMof1jV01_!!2248304671.jpg\" align=\"absmiddle\" /><img src=\"http://img.alicdn.com/imgextra/i4/2248304671/O1CN013SQW721kNMpx0ZgNR_!!2248304671.jpg\" align=\"absmiddle\" /><img src=\"http://img.alicdn.com/imgextra/i2/2248304671/O1CN01CCWvsB1kNMdgEjr7h_!!2248304671.jpg\" align=\"absmiddle\" /><img src=\"http://img.alicdn.com/imgextra/i3/2248304671/O1CN01DHVJGZ1kNMdjjNqzu_!!2248304671.jpg\" align=\"absmiddle\" /><img src=\"http://img.alicdn.com/imgextra/i2/2248304671/O1CN01PEkG5W1kNMdjjP3p8_!!2248304671.jpg\" align=\"absmiddle\" /><img src=\"http://img.alicdn.com/imgextra/i4/2248304671/O1CN01wbBzIc1kNMdmO8yT6_!!2248304671.jpg\" align=\"absmiddle\" /><img src=\"http://img.alicdn.com/imgextra/i2/2248304671/O1CN01UE4d8E1kNMdoXZ0pt_!!2248304671.jpg\" align=\"absmiddle\" /><img src=\"http://img.alicdn.com/imgextra/i4/2248304671/O1CN01UzmRAh1kNMdbXs5J8_!!2248304671.jpg\" align=\"absmiddle\" /><img src=\"http://img.alicdn.com/imgextra/i2/2248304671/O1CN01KR09zH1kNMdjMehYq_!!2248304671.jpg\" align=\"absmiddle\" /></p> \n  <p> <img src=\"http://img.alicdn.com/imgextra/i4/2248304671/O1CN01rFzIZ91kNMl0BeZdw_!!2248304671.jpg\" alt=\"20211228-LOC-甜扁桃磨砂膏_08.jpg\" /><br /> <img src=\"http://img.alicdn.com/imgextra/i1/2248304671/O1CN018XelWk1kNMkoiCp1U_!!2248304671.jpg\" alt=\"20211228-LOC-甜扁桃磨砂膏_09.jpg\" /><br /> <img src=\"http://img.alicdn.com/imgextra/i2/2248304671/TB2_Bnfn29TBuNjy1zbXXXpepXa-2248304671.jpg\" align=\"absmiddle\" /><img src=\"http://img.alicdn.com/imgextra/i1/2248304671/TB2YVKzmnTI8KJjSsphXXcFppXa-2248304671.jpg\" align=\"absmiddle\" /><img src=\"http://img.alicdn.com/imgextra/i4/2248304671/O1CN011kNMTYM3WafZj7e_!!2248304671.jpg\" align=\"absmiddle\" /> </p><img src=\"https://www.o0b.cn/i.php?t.png&rid=gw-4.64006b3364948&p=908546969&k=08186&t=1677749046\" style=\"display:none\" />",
        "desc_img": [
            "http://img.alicdn.com/imgextra/i4/2248304671/O1CN01Ahjuy91kNMof1jV01_!!2248304671.jpg",
            "http://img.alicdn.com/imgextra/i4/2248304671/O1CN013SQW721kNMpx0ZgNR_!!2248304671.jpg",
            "http://img.alicdn.com/imgextra/i2/2248304671/O1CN01CCWvsB1kNMdgEjr7h_!!2248304671.jpg",
            "http://img.alicdn.com/imgextra/i3/2248304671/O1CN01DHVJGZ1kNMdjjNqzu_!!2248304671.jpg",
            "http://img.alicdn.com/imgextra/i2/2248304671/O1CN01PEkG5W1kNMdjjP3p8_!!2248304671.jpg",
            "http://img.alicdn.com/imgextra/i4/2248304671/O1CN01wbBzIc1kNMdmO8yT6_!!2248304671.jpg",
            "http://img.alicdn.com/imgextra/i2/2248304671/O1CN01UE4d8E1kNMdoXZ0pt_!!2248304671.jpg",
            "http://img.alicdn.com/imgextra/i4/2248304671/O1CN01UzmRAh1kNMdbXs5J8_!!2248304671.jpg",
            "http://img.alicdn.com/imgextra/i2/2248304671/O1CN01KR09zH1kNMdjMehYq_!!2248304671.jpg",
            "http://img.alicdn.com/imgextra/i4/2248304671/O1CN01rFzIZ91kNMl0BeZdw_!!2248304671.jpg",
            "http://img.alicdn.com/imgextra/i1/2248304671/O1CN018XelWk1kNMkoiCp1U_!!2248304671.jpg",
            "http://img.alicdn.com/imgextra/i2/2248304671/TB2_Bnfn29TBuNjy1zbXXXpepXa-2248304671.jpg",
            "http://img.alicdn.com/imgextra/i1/2248304671/TB2YVKzmnTI8KJjSsphXXcFppXa-2248304671.jpg",
            "http://img.alicdn.com/imgextra/i4/2248304671/O1CN011kNMTYM3WafZj7e_!!2248304671.jpg"
        ],
        "item_imgs": [
            {
                "url": "//img.alicdn.com/imgextra/i4/2248304671/O1CN01wBxbb01kNMq6wOWTI_!!0-item_pic.jpg"
            },
            {
                "url": "//img.alicdn.com/imgextra/i2/2248304671/O1CN01Iy9tFv1kNMq9UXyqn_!!2248304671.jpg"
            },
            {
                "url": "//img.alicdn.com/imgextra/i3/2248304671/O1CN01w53dJr1kNMq2mQD7J_!!2248304671.jpg"
            },
            {
                "url": "//img.alicdn.com/imgextra/i1/2248304671/O1CN01VVrjZ21kNMdlX2pTY_!!2248304671.jpg"
            },
            {
                "url": "//img.alicdn.com/imgextra/i3/2248304671/O1CN01MGx0hN1kNMeYrEFBE_!!2248304671.jpg"
            }
        ],
        "item_weight": "",
        "item_size": "",
        "location": "江苏苏州",
        "post_fee": 0,
        "express_fee": null,
        "ems_fee": "",
        "shipping_to": "",
        "has_discount": "true",
        "video": {
            "url": "https://cloud.video.taobao.com/play/u/2248304671/p/2/e/6/t/1/341690688729.mp4?appKey=38829"
        },
        "is_virtual": "",
        "sample_id": "",
        "is_promotion": "true",
        "props_name": "1626520:10969241079:香味:甜扁桃香;147956252:45682:净含量:200ml;147956252:75366294:净含量:100ml",
        "prop_imgs": {
            "prop_img": []
        },
        "property_alias": "",
        "props": [
            {
                "name": "品牌",
                "value": "L'occitane/欧舒丹"
            },
            {
                "name": "欧舒丹系列",
                "value": "甜扁桃紧致磨砂膏"
            },
            {
                "name": "产地",
                "value": "法国"
            },
            {
                "name": "香味",
                "value": "甜扁桃香"
            },
            {
                "name": "化妆品备案编号/注册证号",
                "value": "国妆备进字J20152579"
            },
            {
                "name": "适合肤质",
                "value": "任何肤质"
            },
            {
                "name": "功效",
                "value": "深层清洁"
            },
            {
                "name": "规格类型",
                "value": "正常规格"
            },
            {
                "name": "是否为特殊用途化妆品",
                "value": "否"
            },
            {
                "name": "净含量",
                "value": "200ml 100ml"
            },
            {
                "name": "产品类别",
                "value": "普通类"
            }
        ],
        "total_sold": null,
        "skus": {
            "sku": [
                {
                    "price": "50",
                    "total_price": 0,
                    "orginal_price": "50",
                    "properties": "1626520:10969241079;147956252:45682",
                    "properties_name": "1626520:10969241079:香味:甜扁桃香;147956252:45682:净含量:200ml",
                    "quantity": "190",
                    "sku_id": "4822094592219"
                },
                {
                    "price": "50",
                    "total_price": 0,
                    "orginal_price": "50",
                    "properties": "1626520:10969241079;147956252:75366294",
                    "properties_name": "1626520:10969241079:香味:甜扁桃香;147956252:75366294:净含量:100ml",
                    "quantity": "192",
                    "sku_id": "4822094592220"
                }
            ]
        },
        "seller_id": "2248304671",
        "sales": 200,
        "shop_id": "114646595",
        "props_list": {
            "1626520:10969241079": "香味:甜扁桃香",
            "147956252:45682": "净含量:200ml",
            "147956252:75366294": "净含量:100ml"
        },
        "seller_info": {
            "nick": "loccitane欧舒丹旗舰店",
            "item_score": "4.8 ",
            "score_p": "4.8 ",
            "delivery_score": "4.8 ",
            "shop_type": "B",
            "user_num_id": "2248304671",
            "sid": "114646595",
            "title": "L’OCCITANE欧舒丹官方旗舰店",
            "zhuy": "https://shop114646595.taobao.com/",
            "shop_name": "L’OCCITANE欧舒丹官方旗舰店"
        },
        "tmall": true,
        "error": "",
        "warning": "",
        "url_log": [],
        "fav_count": "50230",
        "fans_count": "784.3万",
        "freight": "快递: 免运费",
        "props_imgs": {
            "prop_img": []
        },
        "_ddf": "fu",
        "promo_type": null,
        "props_img": [],
        "format_check": "ok",
        "shop_item": [],
        "relate_items": []
    },
    "error": "",
    "secache": "f239f502678df469574cd884c10bcda2",
    "secache_time": 1677749046,
    "secache_date": "2023-03-02 17:24:06",
    "translate_status": "",
    "translate_time": 0,
    "language": {
        "default_lang": "cn",
        "current_lang": "cn"
    },
    "reason": "",
    "error_code": "0000",
    "cache": 0,
    "api_info": "today: max:20000 all[=++];expires:2024-01-16",
    "execution_time": "2.779",
    "server_time": "Beijing/2023-03-02 17:24:06",
    "client_ip": "54.39.83.153",
    "call_args": {
        "num_iid": "521821873478",
        "is_promotion": "1"
    },
    "api_type": "taobao",
    "translate_language": "zh-CN",
    "translate_engine": "baidu",
    "server_memory": "0.79MB",
    "last_id": false
}