{
    "items": {
        "shop_id": "114646595",
        "page": "4",
        "real_total_results": "209",
        "total_results": "209",
        "page_size": 20,
        "page_count": 11,
        "_ddf": "ti",
        "item": [
            {
                "num_iid": "617906584367",
                "pic_url": "//img.alicdn.com/imgextra/i1/0/O1CN01mHXuW31kNMq0blcgm_!!0-item_pic.jpg",
                "title": "【38节抢购】欧舒丹头皮平衡洗发水护发素套装丰盈蓬松改善毛躁",
                "promotion_price": "420.00",
                "price": "420.00",
                "sales": 18977,
                "quantity": "488",
                "seller_nick": "L’OCCITANE欧舒丹官方旗舰店",
                "seller_id": null,
                "shop_id": "114646595",
                "shop_title": "L’OCCITANE欧舒丹官方旗舰店",
                "detail_url": "https://item.taobao.com/item.htm?id=617906584367"
            },
            {
                "num_iid": "522067173659",
                "pic_url": "//img.alicdn.com/imgextra/i3/0/O1CN01xBQMEN1kNMpIUWShZ_!!0-item_pic.jpg",
                "title": "欧舒丹面霜乳木果保湿霜修护男女滋润易吸收不油腻面部护理正品",
                "promotion_price": "330.00",
                "price": "330.00",
                "sales": 18931,
                "quantity": "410",
                "seller_nick": "L’OCCITANE欧舒丹官方旗舰店",
                "seller_id": null,
                "shop_id": "114646595",
                "shop_title": "L’OCCITANE欧舒丹官方旗舰店",
                "detail_url": "https://item.taobao.com/item.htm?id=522067173659"
            },
            {
                "num_iid": "649017792117",
                "pic_url": "//img.alicdn.com/imgextra/i2/0/O1CN01l8KCiB1kNMq8q40bC_!!0-item_pic.jpg",
                "title": "【38节抢购】欧舒丹沐浴露云中月桂沐浴露桂花香氛清洁滋润留香",
                "promotion_price": "185.00",
                "price": "185.00",
                "sales": 18821,
                "quantity": "151",
                "seller_nick": "L’OCCITANE欧舒丹官方旗舰店",
                "seller_id": null,
                "shop_id": "114646595",
                "shop_title": "L’OCCITANE欧舒丹官方旗舰店",
                "detail_url": "https://item.taobao.com/item.htm?id=649017792117"
            },
            {
                "num_iid": "575536421975",
                "pic_url": "//img.alicdn.com/imgextra/i3/0/O1CN01665lYp1kNMq5EQG8u_!!0-item_pic.jpg",
                "title": "【38节抢购】欧舒丹香皂合集樱花乳木果保湿洗澡皂温和洁净滋养",
                "promotion_price": "195.00",
                "price": "195.00",
                "sales": 18343,
                "quantity": "190",
                "seller_nick": "L’OCCITANE欧舒丹官方旗舰店",
                "seller_id": null,
                "shop_id": "114646595",
                "shop_title": "L’OCCITANE欧舒丹官方旗舰店",
                "detail_url": "https://item.taobao.com/item.htm?id=575536421975"
            },
            {
                "num_iid": "538599199559",
                "pic_url": "//img.alicdn.com/imgextra/i2/2248304671/O1CN01PwLHmH1kNMq83OVu7_!!2248304671.jpg",
                "title": "【38节抢购】欧舒丹玫瑰之心沐浴露身体套装礼盒清洁滋润香体",
                "promotion_price": "445.00",
                "price": "445.00",
                "sales": 18163,
                "quantity": "61",
                "seller_nick": "L’OCCITANE欧舒丹官方旗舰店",
                "seller_id": null,
                "shop_id": "114646595",
                "shop_title": "L’OCCITANE欧舒丹官方旗舰店",
                "detail_url": "https://item.taobao.com/item.htm?id=538599199559"
            },
            {
                "num_iid": "44467528623",
                "pic_url": "//img.alicdn.com/imgextra/i1/0/O1CN01u3eOPj1kNMmd9k4uQ_!!0-item_pic.jpg",
                "title": "【官方正品】欧舒丹甜扁桃磨砂膏沐浴啫喱紧致补水保湿滋润官网",
                "promotion_price": "200.00",
                "price": "200.00",
                "sales": 17946,
                "quantity": "33",
                "seller_nick": "L’OCCITANE欧舒丹官方旗舰店",
                "seller_id": null,
                "shop_id": "114646595",
                "shop_title": "L’OCCITANE欧舒丹官方旗舰店",
                "detail_url": "https://item.taobao.com/item.htm?id=44467528623"
            },
            {
                "num_iid": "42106182716",
                "pic_url": "//img.alicdn.com/imgextra/i1/0/O1CN017EFM5l1kNMq50aPbe_!!0-item_pic.jpg",
                "title": "【38节抢购】欧舒丹护手霜乳木果润手霜滋润保湿补水手膜防干裂",
                "promotion_price": "185.00",
                "price": "185.00",
                "sales": 17821,
                "quantity": "283",
                "seller_nick": "L’OCCITANE欧舒丹官方旗舰店",
                "seller_id": null,
                "shop_id": "114646595",
                "shop_title": "L’OCCITANE欧舒丹官方旗舰店",
                "detail_url": "https://item.taobao.com/item.htm?id=42106182716"
            },
            {
                "num_iid": "611523718550",
                "pic_url": "//img.alicdn.com/imgextra/i4/0/O1CN01sSvx591kNMq8SnPbF_!!0-item_pic.jpg",
                "title": "【38节抢购】欧舒丹身体护理套装白樱花沐浴露身体乳清洁保湿滋润",
                "promotion_price": "650.00",
                "price": "650.00",
                "sales": 17726,
                "quantity": "350",
                "seller_nick": "L’OCCITANE欧舒丹官方旗舰店",
                "seller_id": null,
                "shop_id": "114646595",
                "shop_title": "L’OCCITANE欧舒丹官方旗舰店",
                "detail_url": "https://item.taobao.com/item.htm?id=611523718550"
            },
            {
                "num_iid": "43062612851",
                "pic_url": "//img.alicdn.com/imgextra/i3/0/O1CN01TroOz91kNMo6bMGN4_!!0-item_pic.jpg",
                "title": "欧舒丹沐浴露啫喱果漾马鞭草沐浴露全身补水保湿清洁夏滋润官方",
                "promotion_price": "185.00",
                "price": "185.00",
                "sales": 17477,
                "quantity": "6",
                "seller_nick": "L’OCCITANE欧舒丹官方旗舰店",
                "seller_id": null,
                "shop_id": "114646595",
                "shop_title": "L’OCCITANE欧舒丹官方旗舰店",
                "detail_url": "https://item.taobao.com/item.htm?id=43062612851"
            },
            {
                "num_iid": "42170736691",
                "pic_url": "//img.alicdn.com/imgextra/i2/0/O1CN01rz6kRU1kNMq4s6sm3_!!0-item_pic.jpg",
                "title": "【38节抢购】欧舒丹男士沐浴露魅力绅士沐浴啫喱清爽清洁保湿",
                "promotion_price": "185.00",
                "price": "185.00",
                "sales": 16959,
                "quantity": "241",
                "seller_nick": "L’OCCITANE欧舒丹官方旗舰店",
                "seller_id": null,
                "shop_id": "114646595",
                "shop_title": "L’OCCITANE欧舒丹官方旗舰店",
                "detail_url": "https://item.taobao.com/item.htm?id=42170736691"
            },
            {
                "num_iid": "526554593405",
                "pic_url": "//img.alicdn.com/imgextra/i3/0/O1CN016NG8St1kNMq7xsWuh_!!0-item_pic.jpg",
                "title": "【38节抢购】欧舒丹男士活力沐浴露清洁保湿滋润全身清爽留香身体",
                "promotion_price": "185.00",
                "price": "185.00",
                "sales": 16764,
                "quantity": "84",
                "seller_nick": "L’OCCITANE欧舒丹官方旗舰店",
                "seller_id": null,
                "shop_id": "114646595",
                "shop_title": "L’OCCITANE欧舒丹官方旗舰店",
                "detail_url": "https://item.taobao.com/item.htm?id=526554593405"
            },
            {
                "num_iid": "578408867984",
                "pic_url": "//img.alicdn.com/imgextra/i4/0/O1CN0147LK4t1kNMq2ppTwz_!!0-item_pic.jpg",
                "title": "【38预售倒计时】欧舒丹身体护理套装甜扁桃磨砂膏全身清洁沐浴油",
                "promotion_price": "625.00",
                "price": "495.00",
                "sales": 16194,
                "quantity": "238",
                "seller_nick": "L’OCCITANE欧舒丹官方旗舰店",
                "seller_id": null,
                "shop_id": "114646595",
                "shop_title": "L’OCCITANE欧舒丹官方旗舰店",
                "detail_url": "https://item.taobao.com/item.htm?id=578408867984"
            },
            {
                "num_iid": "42156545667",
                "pic_url": "//img.alicdn.com/imgextra/i3/0/O1CN01ijcn3W1kNMm0V9nnW_!!0-item_pic.jpg",
                "title": "欧舒丹乳木果温和手部身体沐浴乳 清洁滋润保湿淡香柔滑肌肤正品",
                "promotion_price": "200.00",
                "price": "200.00",
                "sales": 14671,
                "quantity": "50",
                "seller_nick": "L’OCCITANE欧舒丹官方旗舰店",
                "seller_id": null,
                "shop_id": "114646595",
                "shop_title": "L’OCCITANE欧舒丹官方旗舰店",
                "detail_url": "https://item.taobao.com/item.htm?id=42156545667"
            },
            {
                "num_iid": "568671903581",
                "pic_url": "//img.alicdn.com/imgextra/i2/0/O1CN01tmzJh81kNMnDwOcGb_!!0-item_pic.jpg",
                "title": "欧舒丹玫瑰之心香皂50g 玫瑰花香皂芬芳清洁身体皂洗澡洁肤法国",
                "promotion_price": "60.00",
                "price": "60.00",
                "sales": 14163,
                "quantity": "54",
                "seller_nick": "L’OCCITANE欧舒丹官方旗舰店",
                "seller_id": null,
                "shop_id": "114646595",
                "shop_title": "L’OCCITANE欧舒丹官方旗舰店",
                "detail_url": "https://item.taobao.com/item.htm?id=568671903581"
            },
            {
                "num_iid": "539346198734",
                "pic_url": "//img.alicdn.com/imgextra/i4/0/O1CN01zELUI81kNMqCK7c74_!!0-item_pic.jpg",
                "title": "【38节抢购】欧舒丹护手霜甜蜜樱花润手霜补水保湿滋润手部护理",
                "promotion_price": "185.00",
                "price": "185.00",
                "sales": 14042,
                "quantity": "386",
                "seller_nick": "L’OCCITANE欧舒丹官方旗舰店",
                "seller_id": null,
                "shop_id": "114646595",
                "shop_title": "L’OCCITANE欧舒丹官方旗舰店",
                "detail_url": "https://item.taobao.com/item.htm?id=539346198734"
            },
            {
                "num_iid": "44051862667",
                "pic_url": "//img.alicdn.com/imgextra/i4/0/O1CN01tHcm8o1kNMpfCAeLn_!!0-item_pic.jpg",
                "title": "欧舒丹洗发水玫瑰之心花香清新女柔顺温和留香改善毛躁正品官方",
                "promotion_price": "210.00",
                "price": "210.00",
                "sales": 13541,
                "quantity": "48",
                "seller_nick": "L’OCCITANE欧舒丹官方旗舰店",
                "seller_id": null,
                "shop_id": "114646595",
                "shop_title": "L’OCCITANE欧舒丹官方旗舰店",
                "detail_url": "https://item.taobao.com/item.htm?id=44051862667"
            },
            {
                "num_iid": "681983872653",
                "pic_url": "//img.alicdn.com/imgextra/i1/2/O1CN014OMD7k1kNMpyibEJe_!!2-item_pic.png",
                "title": "欧舒丹小美盒樱花身体乳沐浴露护手霜润肤体验装旅行+50元回购券",
                "promotion_price": "50.00",
                "price": "50.00",
                "sales": 13376,
                "quantity": "312",
                "seller_nick": "L’OCCITANE欧舒丹官方旗舰店",
                "seller_id": null,
                "shop_id": "114646595",
                "shop_title": "L’OCCITANE欧舒丹官方旗舰店",
                "detail_url": "https://item.taobao.com/item.htm?id=681983872653"
            },
            {
                "num_iid": "673746709797",
                "pic_url": "//img.alicdn.com/imgextra/i4/0/O1CN017ornfN1kNMpvYdhNx_!!0-item_pic.jpg",
                "title": "【店播专享】欧舒丹护手霜套装马鞭草樱花男女滋润保湿不油腻手膜",
                "promotion_price": "570.00",
                "price": "570.00",
                "sales": 12435,
                "quantity": "223",
                "seller_nick": "L’OCCITANE欧舒丹官方旗舰店",
                "seller_id": null,
                "shop_id": "114646595",
                "shop_title": "L’OCCITANE欧舒丹官方旗舰店",
                "detail_url": "https://item.taobao.com/item.htm?id=673746709797"
            },
            {
                "num_iid": "523019658126",
                "pic_url": "//img.alicdn.com/imgextra/i1/0/O1CN01POuOqF1kNMm1ahNRr_!!0-item_pic.jpg",
                "title": "欧舒丹面霜 乳木果保湿凝霜50ml 补水保湿滋润修护面部护理女官方",
                "promotion_price": "310.00",
                "price": "310.00",
                "sales": 12291,
                "quantity": "10",
                "seller_nick": "L’OCCITANE欧舒丹官方旗舰店",
                "seller_id": null,
                "shop_id": "114646595",
                "shop_title": "L’OCCITANE欧舒丹官方旗舰店",
                "detail_url": "https://item.taobao.com/item.htm?id=523019658126"
            },
            {
                "num_iid": "646762948064",
                "pic_url": "//img.alicdn.com/imgextra/i2/0/O1CN01ILfiPb1kNMqB5vQg1_!!0-item_pic.jpg",
                "title": "【38节抢购】欧舒丹洗发水草本强韧洗发水滋润蓬松强韧发根丰盈",
                "promotion_price": "210.00",
                "price": "210.00",
                "sales": 11904,
                "quantity": "80",
                "seller_nick": "L’OCCITANE欧舒丹官方旗舰店",
                "seller_id": null,
                "shop_id": "114646595",
                "shop_title": "L’OCCITANE欧舒丹官方旗舰店",
                "detail_url": "https://item.taobao.com/item.htm?id=646762948064"
            }
        ]
    },
    "error_code": "0000",
    "reason": "ok",
    "secache": "4b0e17b75f9fdb8c5b993f69137e30f9",
    "secache_time": 1677749191,
    "secache_date": "2023-03-02 17:26:31",
    "translate_status": "",
    "translate_time": 0,
    "language": {
        "default_lang": "cn",
        "current_lang": "cn"
    },
    "error": "",
    "cache": 0,
    "api_info": "today: max:20000 all[=++];expires:2024-01-16",
    "execution_time": "0.974",
    "server_time": "Beijing/2023-03-02 17:26:31",
    "client_ip": "54.39.83.153",
    "call_args": {
        "seller_nick": "114646595",
        "start_price": "4"
    },
    "api_type": "taobao",
    "translate_language": "zh-CN",
    "translate_engine": "baidu",
    "server_memory": "5.83MB",
    "last_id": false
}