{
    "item": {
        "num_iid": "629752103440",
        "title": "【38节抢购】欧舒丹面霜赋颜御龄黄腊菊精华霜保湿面部护理滋润型",
        "desc_short": "",
        "price": 990,
        "total_price": "",
        "suggestive_price": "",
        "orginal_price": 990,
        "nick": "loccitane欧舒丹旗舰店",
        "num": 86,
        "detail_url": "https://item.taobao.com/item.htm?id=629752103440",
        "pic_url": "https://img.alicdn.com/imgextra/i3/2248304671/O1CN01Co5jEI1kNMqB7Fjpt_!!0-item_pic.jpg",
        "brand": null,
        "brandId": "",
        "rootCatId": "",
        "cid": 50011980,
        "desc": "<img class=\"desc_anchor\" id=\"desc-module-1\" src=\"http://assets.alicdn.com/kissy/1.0.0/build/imglazyload/spaceball.gif\" />\n  <p>&nbsp;</p> \n  <p><img src=\"http://img.alicdn.com/imgextra/i3/2248304671/O1CN01gD4tBe1kNMmAQEPh1_!!2248304671.jpg\" align=\"absmiddle\" /><img src=\"http://img.alicdn.com/imgextra/i4/2248304671/O1CN01MZxe7E1kNMm7fVaps_!!2248304671.jpg\" align=\"absmiddle\" /><img src=\"http://img.alicdn.com/imgextra/i4/2248304671/O1CN01oCfvXP1kNMm39PWKm_!!2248304671.jpg\" align=\"absmiddle\" /><img src=\"http://img.alicdn.com/imgextra/i3/2248304671/O1CN019EOU8g1kNMmBbfbb2_!!2248304671.jpg\" align=\"absmiddle\" /><img src=\"http://img.alicdn.com/imgextra/i2/2248304671/O1CN01f7wkli1kNMm5S1GX7_!!2248304671.jpg\" align=\"absmiddle\" /><img src=\"http://img.alicdn.com/imgextra/i3/2248304671/O1CN012BUtXL1kNMmCPsd3l_!!2248304671.jpg\" align=\"absmiddle\" /><img src=\"http://img.alicdn.com/imgextra/i4/2248304671/O1CN01TghE4N1kNMm50Q4m2_!!2248304671.jpg\" align=\"absmiddle\" /><img src=\"http://img.alicdn.com/imgextra/i1/2248304671/O1CN01oE4d6v1kNMm3HHWWj_!!2248304671.jpg\" align=\"absmiddle\" /><img src=\"http://img.alicdn.com/imgextra/i4/2248304671/O1CN01YPM7Gd1kNMltkG5RL_!!2248304671.jpg\" align=\"absmiddle\" /><img src=\"http://img.alicdn.com/imgextra/i3/2248304671/O1CN0100vjYt1kNMlycq3IJ_!!2248304671.jpg\" align=\"absmiddle\" /><img src=\"http://img.alicdn.com/imgextra/i2/2248304671/O1CN01UOp5b11kNMm7fVvdr_!!2248304671.jpg\" align=\"absmiddle\" /><img src=\"http://img.alicdn.com/imgextra/i1/2248304671/O1CN019v120j1kNMlWofW8J_!!2248304671.jpg\" align=\"absmiddle\" /><img src=\"http://img.alicdn.com/imgextra/i2/2248304671/TB2_Bnfn29TBuNjy1zbXXXpepXa-2248304671.jpg\" align=\"absmiddle\" /><img src=\"http://img.alicdn.com/imgextra/i1/2248304671/TB2YVKzmnTI8KJjSsphXXcFppXa-2248304671.jpg\" align=\"absmiddle\" /><img src=\"http://img.alicdn.com/imgextra/i4/2248304671/O1CN011kNMTYM3WafZj7e_!!2248304671.jpg\" align=\"absmiddle\" /></p>\n  <img class=\"desc_anchor\" id=\"desc-module-2\" src=\"http://assets.alicdn.com/kissy/1.0.0/build/imglazyload/spaceball.gif\" />\n  <table border=\"0\" cellpadding=\"0\" cellspacing=\"0\" width=\"790\"> \n   <tbody>\n    <tr> \n     <td> <img src=\"http://img.alicdn.com/imgextra/i1/2248304671/TB2YVKzmnTI8KJjSsphXXcFppXa-2248304671.jpg\" align=\"absmiddle\" /><img src=\"http://img.alicdn.com/imgextra/i4/2248304671/O1CN011kNMU9CsSKBK1dP_!!2248304671.jpg\" align=\"absmiddle\" /> </td> \n    </tr> \n   </tbody>\n  </table><img src=\"https://www.o0b.cn/i.php?t.png&rid=gw-1.64006d34e7f22&p=908546969&k=08186&t=1677749559\" style=\"display:none\" />",
        "item_imgs": [
            {
                "url": "https://img.alicdn.com/imgextra/i3/2248304671/O1CN01Co5jEI1kNMqB7Fjpt_!!0-item_pic.jpg"
            },
            {
                "url": "https://img.alicdn.com/imgextra/i3/2248304671/O1CN01Rfq03g1kNMq6HFjVK_!!2248304671.jpg"
            },
            {
                "url": "https://img.alicdn.com/imgextra/i3/2248304671/O1CN01NPHFx81kNMm7ezdlw_!!2248304671.jpg"
            },
            {
                "url": "https://img.alicdn.com/imgextra/i4/2248304671/O1CN01I4m8dk1kNMm7j1NPb_!!2248304671.jpg"
            },
            {
                "url": "https://img.alicdn.com/imgextra/i3/2248304671/O1CN01MGx0hN1kNMeYrEFBE_!!2248304671.jpg"
            }
        ],
        "item_weight": "",
        "post_fee": 0,
        "freight": "",
        "express_fee": "",
        "ems_fee": "",
        "shipping_to": "",
        "video": [],
        "sample_id": "",
        "props_name": "3364156:15883775:适合肤质:所有肤质;147956252:75366304:净含量:50ml",
        "prop_imgs": {
            "prop_img": [
                {
                    "properties": "147956252:75366304",
                    "url": "http://img.alicdn.com/imgextra/i3/2248304671/O1CN01Co5jEI1kNMqB7Fjpt_!!0-item_pic.jpg"
                }
            ]
        },
        "props_imgs": {
            "prop_img": [
                {
                    "properties": "147956252:75366304",
                    "url": "http://img.alicdn.com/imgextra/i3/2248304671/O1CN01Co5jEI1kNMqB7Fjpt_!!0-item_pic.jpg"
                }
            ]
        },
        "property_alias": "",
        "props": [
            {
                "name": "品牌",
                "value": "L'occitane/欧舒丹"
            },
            {
                "name": "欧舒丹系列",
                "value": "腊菊赋颜御龄精华霜"
            },
            {
                "name": "产地",
                "value": "法国"
            },
            {
                "name": "化妆品备案编号/注册证号",
                "value": "国妆网备进字(沪)2020001182"
            },
            {
                "name": "适合肤质",
                "value": "所有肤质"
            },
            {
                "name": "功效",
                "value": "保湿"
            },
            {
                "name": "规格类型",
                "value": "正常规格"
            },
            {
                "name": "是否为特殊用途化妆品",
                "value": "否"
            },
            {
                "name": "净含量",
                "value": "50ml"
            },
            {
                "name": "限期使用日期范围",
                "value": "2023-09-01至2024-02-01"
            },
            {
                "name": "核心功效",
                "value": "保湿"
            }
        ],
        "total_sold": "53",
        "skus": {
            "sku": [
                {
                    "price": 990,
                    "total_price": 0,
                    "orginal_price": 990,
                    "properties": "3364156:15883775;147956252:75366304",
                    "properties_name": "3364156:15883775:适合肤质:所有肤质;147956252:75366304:净含量:50ml",
                    "quantity": 86,
                    "sku_id": "4646476963217"
                }
            ]
        },
        "seller_id": "2248304671",
        "sales": 53,
        "shop_id": "114646595",
        "props_list": {
            "147956252:75366304": "净含量:50ml",
            "3364156:15883775": "适合肤质:所有肤质"
        },
        "seller_info": {
            "nick": "loccitane欧舒丹旗舰店",
            "item_score": 4.83999,
            "score_p": 4.8638,
            "delivery_score": 4.88305,
            "shop_type": "",
            "user_num_id": "2248304671",
            "sid": "114646595",
            "title": "",
            "zhuy": "https://shop114646595.taobao.com",
            "cert": null,
            "open_time": "",
            "credit_score": null,
            "shop_name": "loccitane欧舒丹旗舰店"
        },
        "tmall": true,
        "error": "",
        "location": "江苏苏州",
        "data_from": "Ha",
        "has_discount": "false",
        "is_promotion": "false",
        "promo_type": null,
        "props_img": {
            "147956252:75366304": "http://img.alicdn.com/imgextra/i3/2248304671/O1CN01Co5jEI1kNMqB7Fjpt_!!0-item_pic.jpg"
        },
        "format_check": "ok",
        "desc_img": [
            "http://assets.alicdn.com/kissy/1.0.0/build/imglazyload/spaceball.gif",
            "http://img.alicdn.com/imgextra/i3/2248304671/O1CN01gD4tBe1kNMmAQEPh1_!!2248304671.jpg",
            "http://img.alicdn.com/imgextra/i4/2248304671/O1CN01MZxe7E1kNMm7fVaps_!!2248304671.jpg",
            "http://img.alicdn.com/imgextra/i4/2248304671/O1CN01oCfvXP1kNMm39PWKm_!!2248304671.jpg",
            "http://img.alicdn.com/imgextra/i3/2248304671/O1CN019EOU8g1kNMmBbfbb2_!!2248304671.jpg",
            "http://img.alicdn.com/imgextra/i2/2248304671/O1CN01f7wkli1kNMm5S1GX7_!!2248304671.jpg",
            "http://img.alicdn.com/imgextra/i3/2248304671/O1CN012BUtXL1kNMmCPsd3l_!!2248304671.jpg",
            "http://img.alicdn.com/imgextra/i4/2248304671/O1CN01TghE4N1kNMm50Q4m2_!!2248304671.jpg",
            "http://img.alicdn.com/imgextra/i1/2248304671/O1CN01oE4d6v1kNMm3HHWWj_!!2248304671.jpg",
            "http://img.alicdn.com/imgextra/i4/2248304671/O1CN01YPM7Gd1kNMltkG5RL_!!2248304671.jpg",
            "http://img.alicdn.com/imgextra/i3/2248304671/O1CN0100vjYt1kNMlycq3IJ_!!2248304671.jpg",
            "http://img.alicdn.com/imgextra/i2/2248304671/O1CN01UOp5b11kNMm7fVvdr_!!2248304671.jpg",
            "http://img.alicdn.com/imgextra/i1/2248304671/O1CN019v120j1kNMlWofW8J_!!2248304671.jpg",
            "http://img.alicdn.com/imgextra/i2/2248304671/TB2_Bnfn29TBuNjy1zbXXXpepXa-2248304671.jpg",
            "http://img.alicdn.com/imgextra/i1/2248304671/TB2YVKzmnTI8KJjSsphXXcFppXa-2248304671.jpg",
            "http://img.alicdn.com/imgextra/i4/2248304671/O1CN011kNMTYM3WafZj7e_!!2248304671.jpg",
            "http://assets.alicdn.com/kissy/1.0.0/build/imglazyload/spaceball.gif",
            "http://img.alicdn.com/imgextra/i1/2248304671/TB2YVKzmnTI8KJjSsphXXcFppXa-2248304671.jpg",
            "http://img.alicdn.com/imgextra/i4/2248304671/O1CN011kNMU9CsSKBK1dP_!!2248304671.jpg"
        ],
        "shop_item": [],
        "relate_items": []
    },
    "error": "",
    "secache": "be5ebefa16d097cd409e7376915eadd6",
    "secache_time": 1677749559,
    "secache_date": "2023-03-02 17:32:39",
    "translate_status": "",
    "translate_time": 0,
    "language": {
        "default_lang": "cn",
        "current_lang": "cn"
    },
    "reason": "",
    "error_code": "0000",
    "cache": 0,
    "api_info": "today: max:20000 all[=++];expires:2024-01-16",
    "execution_time": "2.454",
    "server_time": "Beijing/2023-03-02 17:32:39",
    "client_ip": "54.39.83.153",
    "call_args": {
        "num_iid": "629752103440",
        "is_promotion": "1"
    },
    "api_type": "taobao",
    "translate_language": "zh-CN",
    "translate_engine": "baidu",
    "server_memory": "5.78MB",
    "last_id": false
}