{
    "item": {
        "num_iid": "624161112399",
        "title": "【38预售倒计时】欧舒丹甜扁桃洗护发套装洗发水护发素温和清洁",
        "desc_short": "",
        "price": "390",
        "total_price": 0,
        "suggestive_price": 0,
        "orginal_price": "390",
        "nick": "loccitane欧舒丹旗舰店",
        "num": 55,
        "min_num": 0,
        "detail_url": "https://item.taobao.com/item.htm?id=624161112399",
        "pic_url": "//img.alicdn.com/imgextra/i1/2248304671/O1CN01y34xc61kNMq8hrXxY_!!0-item_pic.jpg",
        "brand": "L'occitane/欧舒丹",
        "brandId": null,
        "rootCatId": "50023282",
        "cid": "121476023",
        "crumbs": [],
        "created_time": "",
        "modified_time": "",
        "delist_time": "",
        "desc": "<p><img src=\"http://img.alicdn.com/imgextra/i4/2248304671/O1CN018lbagy1kNMdfEzLJ2_!!2248304671.jpg\" align=\"absmiddle\" /><img src=\"http://img.alicdn.com/imgextra/i2/2248304671/O1CN01ajsHYN1kNMjL8x50X_!!2248304671.jpg\" align=\"absmiddle\" /><img src=\"http://img.alicdn.com/imgextra/i4/2248304671/O1CN01hr6OCo1kNMdinqA8U_!!2248304671.jpg\" align=\"absmiddle\" /><img src=\"http://img.alicdn.com/imgextra/i3/2248304671/O1CN01Grq62l1kNMjGMh5Z5_!!2248304671.jpg\" align=\"absmiddle\" /><img src=\"http://img.alicdn.com/imgextra/i3/2248304671/O1CN01LLSCuU1kNMdfEzH9D_!!2248304671.jpg\" align=\"absmiddle\" /><img src=\"http://img.alicdn.com/imgextra/i4/2248304671/O1CN01bliekg1kNMdh1L5LL_!!2248304671.jpg\" align=\"absmiddle\" /><img src=\"http://img.alicdn.com/imgextra/i4/2248304671/O1CN01LQ0Fv81kNMjHtMO5z_!!2248304671.jpg\" align=\"absmiddle\" /><img src=\"http://img.alicdn.com/imgextra/i3/2248304671/O1CN01DFR9J91kNMjDyTeXu_!!2248304671.jpg\" alt=\"20200804-LOC-甜扁桃洗护发_08.jpg\" /><img src=\"http://img.alicdn.com/imgextra/i3/2248304671/O1CN01wvJnTp1kNMlEZkJiy_!!2248304671.jpg\" align=\"absmiddle\" /></p><img src=\"https://www.o0b.cn/i.php?t.png&rid=gw-1.64006dd3018e7&p=908546969&k=08186&t=1677749718\" style=\"display:none\" />",
        "desc_img": [
            "http://img.alicdn.com/imgextra/i4/2248304671/O1CN018lbagy1kNMdfEzLJ2_!!2248304671.jpg",
            "http://img.alicdn.com/imgextra/i2/2248304671/O1CN01ajsHYN1kNMjL8x50X_!!2248304671.jpg",
            "http://img.alicdn.com/imgextra/i4/2248304671/O1CN01hr6OCo1kNMdinqA8U_!!2248304671.jpg",
            "http://img.alicdn.com/imgextra/i3/2248304671/O1CN01Grq62l1kNMjGMh5Z5_!!2248304671.jpg",
            "http://img.alicdn.com/imgextra/i3/2248304671/O1CN01LLSCuU1kNMdfEzH9D_!!2248304671.jpg",
            "http://img.alicdn.com/imgextra/i4/2248304671/O1CN01bliekg1kNMdh1L5LL_!!2248304671.jpg",
            "http://img.alicdn.com/imgextra/i4/2248304671/O1CN01LQ0Fv81kNMjHtMO5z_!!2248304671.jpg",
            "http://img.alicdn.com/imgextra/i3/2248304671/O1CN01DFR9J91kNMjDyTeXu_!!2248304671.jpg",
            "http://img.alicdn.com/imgextra/i3/2248304671/O1CN01wvJnTp1kNMlEZkJiy_!!2248304671.jpg"
        ],
        "item_imgs": [
            {
                "url": "//img.alicdn.com/imgextra/i1/2248304671/O1CN01y34xc61kNMq8hrXxY_!!0-item_pic.jpg"
            },
            {
                "url": "//img.alicdn.com/imgextra/i2/2248304671/O1CN01OXUPeT1kNMnzpvjfV_!!2248304671.jpg"
            },
            {
                "url": "//img.alicdn.com/imgextra/i2/2248304671/O1CN01WmHlCA1kNMdaznWSJ_!!2248304671.jpg"
            },
            {
                "url": "//img.alicdn.com/imgextra/i2/2248304671/O1CN01QO6sZ51kNMjK6NB5m_!!2248304671.jpg"
            },
            {
                "url": "//img.alicdn.com/imgextra/i3/2248304671/O1CN01MGx0hN1kNMeYrEFBE_!!2248304671.jpg"
            }
        ],
        "item_weight": "",
        "item_size": "",
        "location": "江苏苏州",
        "post_fee": 0,
        "express_fee": null,
        "ems_fee": "",
        "shipping_to": "",
        "has_discount": "false",
        "video": {
            "url": null
        },
        "is_virtual": "",
        "sample_id": "",
        "is_promotion": "false",
        "props_name": "1626520:20213:香味:其他;147956252:6982100:净含量:480ml",
        "prop_imgs": {
            "prop_img": []
        },
        "property_alias": "",
        "props": [
            {
                "name": "品牌",
                "value": "L'occitane/欧舒丹"
            },
            {
                "name": "L’occitane/欧舒丹",
                "value": "甜扁桃洗护发套装"
            },
            {
                "name": "功能",
                "value": "清洁 发色亮泽"
            },
            {
                "name": "产地",
                "value": "法国"
            },
            {
                "name": "香味",
                "value": "其他"
            },
            {
                "name": "化妆品备案编号/注册证号",
                "value": "国妆网备进字（沪）2020004098"
            },
            {
                "name": "规格类型",
                "value": "正常规格"
            },
            {
                "name": "是否为特殊用途化妆品",
                "value": "否"
            },
            {
                "name": "净含量",
                "value": "480ml"
            }
        ],
        "total_sold": null,
        "skus": {
            "sku": [
                {
                    "price": "50",
                    "total_price": 0,
                    "orginal_price": "50",
                    "properties": "1626520:20213;147956252:6982100",
                    "properties_name": "1626520:20213:香味:其他;147956252:6982100:净含量:480ml",
                    "quantity": "55",
                    "sku_id": "4947083086905"
                }
            ]
        },
        "seller_id": "2248304671",
        "sales": 61,
        "shop_id": "114646595",
        "props_list": {
            "1626520:20213": "香味:其他",
            "147956252:6982100": "净含量:480ml"
        },
        "seller_info": {
            "nick": "loccitane欧舒丹旗舰店",
            "item_score": "4.8 ",
            "score_p": "4.8 ",
            "delivery_score": "4.8 ",
            "shop_type": "B",
            "user_num_id": "2248304671",
            "sid": "114646595",
            "title": "L’OCCITANE欧舒丹官方旗舰店",
            "zhuy": "https://shop114646595.taobao.com/",
            "shop_name": "L’OCCITANE欧舒丹官方旗舰店"
        },
        "tmall": true,
        "error": "",
        "warning": "",
        "url_log": [],
        "fav_count": "5036",
        "fans_count": "784.3万",
        "freight": "快递: 免运费",
        "props_imgs": {
            "prop_img": []
        },
        "_ddf": "fu",
        "promo_type": null,
        "props_img": [],
        "format_check": "ok",
        "shop_item": [],
        "relate_items": []
    },
    "error": "",
    "secache": "5c03d375fae79f1a8901c1c579b98e8d",
    "secache_time": 1677749718,
    "secache_date": "2023-03-02 17:35:18",
    "translate_status": "",
    "translate_time": 0,
    "language": {
        "default_lang": "cn",
        "current_lang": "cn"
    },
    "reason": "",
    "error_code": "0000",
    "cache": 0,
    "api_info": "today: max:20000 all[=++];expires:2024-01-16",
    "execution_time": "3.281",
    "server_time": "Beijing/2023-03-02 17:35:18",
    "client_ip": "54.39.83.153",
    "call_args": {
        "num_iid": "624161112399",
        "is_promotion": "1"
    },
    "api_type": "taobao",
    "translate_language": "zh-CN",
    "translate_engine": "baidu",
    "server_memory": "5.77MB",
    "last_id": false
}