{
    "item": {
        "num_iid": "614262311005",
        "title": "【38节抢购】欧舒丹腊菊金盏花卸妆油200ml补水清洁保湿脸部卸妆",
        "desc_short": "",
        "price": 190,
        "total_price": "",
        "suggestive_price": "",
        "orginal_price": 190,
        "nick": "loccitane欧舒丹旗舰店",
        "num": 82,
        "detail_url": "https://item.taobao.com/item.htm?id=614262311005",
        "pic_url": "https://img.alicdn.com/imgextra/i3/2248304671/O1CN01aDmgJb1kNMq7wfoGR_!!0-item_pic.jpg",
        "brand": null,
        "brandId": "",
        "rootCatId": "",
        "cid": 50011990,
        "desc": "",
        "item_imgs": [
            {
                "url": "https://img.alicdn.com/imgextra/i3/2248304671/O1CN01aDmgJb1kNMq7wfoGR_!!0-item_pic.jpg"
            },
            {
                "url": "https://img.alicdn.com/imgextra/i4/2248304671/O1CN01saGUma1kNMgPbONur_!!2248304671.jpg"
            },
            {
                "url": "https://img.alicdn.com/imgextra/i3/2248304671/O1CN01Rfq03g1kNMq6HFjVK_!!2248304671.jpg"
            },
            {
                "url": "https://img.alicdn.com/imgextra/i1/2248304671/O1CN01TNAbG71kNMllNqCgI_!!2248304671.jpg"
            },
            {
                "url": "https://img.alicdn.com/imgextra/i1/2248304671/O1CN01AJY02j1kNMgU62qSA_!!2248304671.jpg"
            }
        ],
        "item_weight": "",
        "post_fee": 0,
        "freight": "",
        "express_fee": "",
        "ems_fee": "",
        "shipping_to": "",
        "video": [],
        "sample_id": "",
        "props_name": "147956252:45682:净含量:200ml",
        "prop_imgs": {
            "prop_img": [
                {
                    "properties": "147956252:45682",
                    "url": "http://img.alicdn.com/imgextra/i3/2248304671/O1CN01aDmgJb1kNMq7wfoGR_!!0-item_pic.jpg"
                }
            ]
        },
        "props_imgs": {
            "prop_img": [
                {
                    "properties": "147956252:45682",
                    "url": "http://img.alicdn.com/imgextra/i3/2248304671/O1CN01aDmgJb1kNMq7wfoGR_!!0-item_pic.jpg"
                }
            ]
        },
        "property_alias": "",
        "props": [
            {
                "name": "品牌",
                "value": "L'occitane/欧舒丹"
            },
            {
                "name": "欧舒丹系列",
                "value": "腊菊金盏花卸妆油"
            },
            {
                "name": "产地",
                "value": "法国"
            },
            {
                "name": "化妆品备案编号/注册证号",
                "value": "国妆网备进字(沪)2019004504"
            },
            {
                "name": "适用部位",
                "value": "脸部 眼部 唇部"
            },
            {
                "name": "功效",
                "value": "卸妆 清洁"
            },
            {
                "name": "规格类型",
                "value": "正常规格"
            },
            {
                "name": "是否为特殊用途化妆品",
                "value": "否"
            },
            {
                "name": "净含量",
                "value": "200ml"
            },
            {
                "name": "限期使用日期范围",
                "value": "2024-05-01至2024-11-01"
            }
        ],
        "total_sold": "-1",
        "skus": {
            "sku": [
                {
                    "price": 190,
                    "total_price": 0,
                    "orginal_price": 190,
                    "properties": "147956252:45682",
                    "properties_name": "147956252:45682:净含量:200ml",
                    "quantity": 82,
                    "sku_id": "4494866643235"
                }
            ]
        },
        "seller_id": "2248304671",
        "sales": 100,
        "shop_id": "114646595",
        "props_list": {
            "147956252:45682": "净含量:200ml"
        },
        "seller_info": {
            "nick": "loccitane欧舒丹旗舰店",
            "item_score": 4.83999,
            "score_p": 4.8638,
            "delivery_score": 4.88305,
            "shop_type": "",
            "user_num_id": "2248304671",
            "sid": "114646595",
            "title": "",
            "zhuy": "https://shop114646595.taobao.com",
            "cert": null,
            "open_time": "",
            "credit_score": null,
            "shop_name": "loccitane欧舒丹旗舰店"
        },
        "tmall": true,
        "error": "",
        "location": "江苏苏州",
        "data_from": "Ha",
        "has_discount": "false",
        "is_promotion": "false",
        "promo_type": null,
        "props_img": {
            "147956252:45682": "http://img.alicdn.com/imgextra/i3/2248304671/O1CN01aDmgJb1kNMq7wfoGR_!!0-item_pic.jpg"
        },
        "format_check": "ok",
        "desc_img": [],
        "shop_item": [],
        "relate_items": []
    },
    "error": "",
    "secache": "32a23037d82edaea7ed72085ed58000d",
    "secache_time": 1677749530,
    "secache_date": "2023-03-02 17:32:10",
    "translate_status": "",
    "translate_time": 0,
    "language": {
        "default_lang": "cn",
        "current_lang": "cn"
    },
    "reason": "",
    "error_code": "0000",
    "cache": 0,
    "api_info": "today: max:20000 all[=++];expires:2024-01-16",
    "execution_time": "6.808",
    "server_time": "Beijing/2023-03-02 17:32:10",
    "client_ip": "54.39.83.153",
    "call_args": {
        "num_iid": "614262311005",
        "is_promotion": "1"
    },
    "api_type": "taobao",
    "translate_language": "zh-CN",
    "translate_engine": "baidu_api",
    "server_memory": "5.79MB",
    "last_id": false
}