{
    "item": {
        "num_iid": "44051886799",
        "title": "欧舒丹官方旗舰店护发素玫瑰之心护发素香氛柔顺清洁蓬松改善毛躁",
        "desc_short": "",
        "price": "180",
        "total_price": 0,
        "suggestive_price": 0,
        "orginal_price": "180",
        "nick": "loccitane欧舒丹旗舰店",
        "num": 8,
        "min_num": 0,
        "detail_url": "https://item.taobao.com/item.htm?id=44051886799",
        "pic_url": "//img.alicdn.com/imgextra/i4/2248304671/O1CN01NJ211h1kNMqAKwBNj_!!0-item_pic.jpg",
        "brand": "L'occitane/欧舒丹",
        "brandId": null,
        "rootCatId": "50023282",
        "cid": "121410029",
        "crumbs": [],
        "created_time": "",
        "modified_time": "",
        "delist_time": "",
        "desc": "<p><img src=\"http://img.alicdn.com/imgextra/i3/2248304671/O1CN01Olr50V1kNMqFlf32m_!!2248304671.jpg\" align=\"absmiddle\" /><img src=\"http://img.alicdn.com/imgextra/i3/2248304671/O1CN01NWLZg31kNMqCyoROv_!!2248304671.jpg\" align=\"absmiddle\" /><img src=\"http://img.alicdn.com/imgextra/i3/2248304671/O1CN01ZFpNOh1kNMqE0Cl9h_!!2248304671.jpg\" align=\"absmiddle\" /><img src=\"http://img.alicdn.com/imgextra/i2/2248304671/O1CN01fRdsOs1kNMq8SNM7O_!!2248304671.jpg\" align=\"absmiddle\" /><img src=\"http://img.alicdn.com/imgextra/i1/2248304671/O1CN01JrROkm1kNMqBX1BTb_!!2248304671.jpg\" align=\"absmiddle\" />&nbsp;<img src=\"http://img.alicdn.com/imgextra/i2/2248304671/TB2_Bnfn29TBuNjy1zbXXXpepXa-2248304671.jpg\" align=\"absmiddle\" /><img alt=\"礼盒发放说明.jpg\" src=\"http://img.alicdn.com/imgextra/i1/2248304671/TB2YVKzmnTI8KJjSsphXXcFppXa-2248304671.jpg\" /><img src=\"http://img.alicdn.com/imgextra/i4/2248304671/O1CN011kNMTYM3WafZj7e_!!2248304671.jpg\" align=\"absmiddle\" /> </p><img src=\"https://www.o0b.cn/i.php?t.png&rid=gw-1.64006da6403ea&p=908546969&k=08186&t=1677749675\" style=\"display:none\" />",
        "desc_img": [
            "http://img.alicdn.com/imgextra/i3/2248304671/O1CN01Olr50V1kNMqFlf32m_!!2248304671.jpg",
            "http://img.alicdn.com/imgextra/i3/2248304671/O1CN01NWLZg31kNMqCyoROv_!!2248304671.jpg",
            "http://img.alicdn.com/imgextra/i3/2248304671/O1CN01ZFpNOh1kNMqE0Cl9h_!!2248304671.jpg",
            "http://img.alicdn.com/imgextra/i2/2248304671/O1CN01fRdsOs1kNMq8SNM7O_!!2248304671.jpg",
            "http://img.alicdn.com/imgextra/i1/2248304671/O1CN01JrROkm1kNMqBX1BTb_!!2248304671.jpg",
            "http://img.alicdn.com/imgextra/i2/2248304671/TB2_Bnfn29TBuNjy1zbXXXpepXa-2248304671.jpg",
            "http://img.alicdn.com/imgextra/i1/2248304671/TB2YVKzmnTI8KJjSsphXXcFppXa-2248304671.jpg",
            "http://img.alicdn.com/imgextra/i4/2248304671/O1CN011kNMTYM3WafZj7e_!!2248304671.jpg"
        ],
        "item_imgs": [
            {
                "url": "//img.alicdn.com/imgextra/i4/2248304671/O1CN01NJ211h1kNMqAKwBNj_!!0-item_pic.jpg"
            },
            {
                "url": "//img.alicdn.com/imgextra/i4/2248304671/O1CN01y1F27i1kNMpLfiHAQ_!!2248304671.jpg"
            },
            {
                "url": "//img.alicdn.com/imgextra/i4/2248304671/O1CN01aqnFES1kNMpF7nBLV_!!2248304671.jpg"
            },
            {
                "url": "//img.alicdn.com/imgextra/i2/2248304671/O1CN01KSmuCs1kNMq5Z5dUF_!!2248304671.jpg"
            },
            {
                "url": "//img.alicdn.com/imgextra/i3/2248304671/O1CN01MGx0hN1kNMeYrEFBE_!!2248304671.jpg"
            }
        ],
        "item_weight": "",
        "item_size": "",
        "location": "江苏苏州",
        "post_fee": 0,
        "express_fee": null,
        "ems_fee": "",
        "shipping_to": "",
        "has_discount": "false",
        "video": {
            "url": null
        },
        "is_virtual": "",
        "sample_id": "",
        "is_promotion": "false",
        "props_name": "1626520:80708:香味:玫瑰香;147956252:49250:净含量:240ml",
        "prop_imgs": {
            "prop_img": []
        },
        "property_alias": "",
        "props": [
            {
                "name": "品牌",
                "value": "L'occitane/欧舒丹"
            },
            {
                "name": "L’occitane/欧舒丹",
                "value": "玫瑰之心护发素"
            },
            {
                "name": "功效",
                "value": "柔顺"
            },
            {
                "name": "产地",
                "value": "法国"
            },
            {
                "name": "香味",
                "value": "玫瑰香"
            },
            {
                "name": "化妆品备案编号/注册证号",
                "value": "国妆网备进字(沪)2019006588"
            },
            {
                "name": "上市时间",
                "value": "2015年"
            },
            {
                "name": "月份",
                "value": "3月"
            },
            {
                "name": "洗发护发产品分类",
                "value": "护发素"
            },
            {
                "name": "化妆品特性",
                "value": "气味 护发"
            },
            {
                "name": "适用发质",
                "value": "所有发质"
            },
            {
                "name": "规格类型",
                "value": "正常规格"
            },
            {
                "name": "是否为特殊用途化妆品",
                "value": "否"
            },
            {
                "name": "净含量",
                "value": "240ml"
            }
        ],
        "total_sold": null,
        "skus": {
            "sku": [
                {
                    "price": "180",
                    "total_price": 0,
                    "orginal_price": "180",
                    "properties": "1626520:80708;147956252:49250",
                    "properties_name": "1626520:80708:香味:玫瑰香;147956252:49250:净含量:240ml",
                    "quantity": "8",
                    "sku_id": "83960095135"
                }
            ]
        },
        "seller_id": "2248304671",
        "sales": 56,
        "shop_id": "114646595",
        "props_list": {
            "1626520:80708": "香味:玫瑰香",
            "147956252:49250": "净含量:240ml"
        },
        "seller_info": {
            "nick": "loccitane欧舒丹旗舰店",
            "item_score": "4.8 ",
            "score_p": "4.8 ",
            "delivery_score": "4.8 ",
            "shop_type": "B",
            "user_num_id": "2248304671",
            "sid": "114646595",
            "title": "L’OCCITANE欧舒丹官方旗舰店",
            "zhuy": "https://shop114646595.taobao.com/",
            "shop_name": "L’OCCITANE欧舒丹官方旗舰店"
        },
        "tmall": true,
        "error": "",
        "warning": "",
        "url_log": [],
        "fav_count": "3170",
        "fans_count": "784.3万",
        "freight": "快递: 免运费",
        "props_imgs": {
            "prop_img": []
        },
        "_ddf": "fu",
        "promo_type": null,
        "props_img": [],
        "format_check": "ok",
        "shop_item": [],
        "relate_items": []
    },
    "error": "",
    "secache": "61d0a549a89be52aa744c36c04f7e044",
    "secache_time": 1677749675,
    "secache_date": "2023-03-02 17:34:35",
    "translate_status": "",
    "translate_time": 0,
    "language": {
        "default_lang": "cn",
        "current_lang": "cn"
    },
    "reason": "",
    "error_code": "0000",
    "cache": 0,
    "api_info": "today: max:20000 all[=++];expires:2024-01-16",
    "execution_time": "4.898",
    "server_time": "Beijing/2023-03-02 17:34:35",
    "client_ip": "54.39.83.153",
    "call_args": {
        "num_iid": "44051886799",
        "is_promotion": "1"
    },
    "api_type": "taobao",
    "translate_language": "zh-CN",
    "translate_engine": "baidu",
    "server_memory": "5.77MB",
    "last_id": false
}