{
    "item": {
        "num_iid": "632661900445",
        "title": "欧舒丹焕亮水莹睡眠面膜65ml睡眠免洗式补水保湿面膜男女官方正品",
        "desc_short": "",
        "price": 620,
        "total_price": "",
        "suggestive_price": "",
        "orginal_price": 620,
        "nick": "loccitane欧舒丹旗舰店",
        "num": 65,
        "detail_url": "https://item.taobao.com/item.htm?id=632661900445",
        "pic_url": "https://img.alicdn.com/imgextra/i1/2248304671/O1CN01lWaqYc1kNMmizI7Gw_!!0-item_pic.jpg",
        "brand": null,
        "brandId": "",
        "rootCatId": "",
        "cid": 121408011,
        "desc": "<p>&nbsp;<img src=\"http://img.alicdn.com/imgextra/i3/2248304671/O1CN01z0TWeo1kNMlhvqLmI_!!2248304671.jpg\" align=\"absmiddle\" /><img src=\"http://img.alicdn.com/imgextra/i1/2248304671/O1CN018j3xII1kNMljitWtc_!!2248304671.jpg\" align=\"absmiddle\" /><img src=\"http://img.alicdn.com/imgextra/i3/2248304671/O1CN01MMnYoH1kNMlijR2h3_!!2248304671.jpg\" align=\"absmiddle\" /><img src=\"http://img.alicdn.com/imgextra/i3/2248304671/O1CN01rDgdYE1kNMlmOvWVs_!!2248304671.jpg\" align=\"absmiddle\" /><img src=\"http://img.alicdn.com/imgextra/i4/2248304671/O1CN01M8gOcn1kNMlYcdDMi_!!2248304671.jpg\" align=\"absmiddle\" /><img src=\"http://img.alicdn.com/imgextra/i4/2248304671/O1CN01lNDNXA1kNMli5AiQr_!!2248304671.jpg\" align=\"absmiddle\" /><img src=\"http://img.alicdn.com/imgextra/i4/2248304671/O1CN01nd8vJx1kNMldTLuQa_!!2248304671.jpg\" align=\"absmiddle\" /><img src=\"http://img.alicdn.com/imgextra/i2/2248304671/O1CN01tArlUt1kNMlkA6koZ_!!2248304671.jpg\" align=\"absmiddle\" /><img src=\"http://img.alicdn.com/imgextra/i1/2248304671/O1CN01kUdssX1kNMm9LA4Xx_!!2248304671.jpg\" align=\"absmiddle\" /><img src=\"http://img.alicdn.com/imgextra/i2/2248304671/TB2_Bnfn29TBuNjy1zbXXXpepXa-2248304671.jpg\" align=\"absmiddle\" /><img src=\"http://img.alicdn.com/imgextra/i1/2248304671/TB2YVKzmnTI8KJjSsphXXcFppXa-2248304671.jpg\" align=\"absmiddle\" /><img src=\"http://img.alicdn.com/imgextra/i4/2248304671/O1CN011kNMTYM3WafZj7e_!!2248304671.jpg\" align=\"absmiddle\" /></p><img src=\"https://www.o0b.cn/i.php?t.png&rid=gw-1.64006faae82fa&p=908546969&k=08186&t=1677750189\" style=\"display:none\" />",
        "item_imgs": [
            {
                "url": "https://img.alicdn.com/imgextra/i1/2248304671/O1CN01lWaqYc1kNMmizI7Gw_!!0-item_pic.jpg"
            },
            {
                "url": "https://img.alicdn.com/imgextra/i4/2248304671/O1CN01DBj9jE1kNMln83gUi_!!2248304671.jpg"
            },
            {
                "url": "https://img.alicdn.com/imgextra/i3/2248304671/O1CN01d5UaNz1kNMljitBwF_!!2248304671.jpg"
            },
            {
                "url": "https://img.alicdn.com/imgextra/i2/2248304671/O1CN01ZynQ7k1kNMldTH0fB_!!2248304671.jpg"
            },
            {
                "url": "https://img.alicdn.com/imgextra/i3/2248304671/O1CN01GZ1mdC1kNMeKjeJJN_!!2248304671.jpg"
            }
        ],
        "item_weight": "",
        "post_fee": 0,
        "freight": "",
        "express_fee": "",
        "ems_fee": "",
        "shipping_to": "",
        "video": [],
        "sample_id": "",
        "props_name": "147956252:75421573:净含量:65ml",
        "prop_imgs": {
            "prop_img": [
                {
                    "properties": "147956252:75421573",
                    "url": "http://img.alicdn.com/imgextra/i1/2248304671/O1CN01lWaqYc1kNMmizI7Gw_!!0-item_pic.jpg"
                }
            ]
        },
        "props_imgs": {
            "prop_img": [
                {
                    "properties": "147956252:75421573",
                    "url": "http://img.alicdn.com/imgextra/i1/2248304671/O1CN01lWaqYc1kNMmizI7Gw_!!0-item_pic.jpg"
                }
            ]
        },
        "property_alias": "",
        "props": [
            {
                "name": "品牌",
                "value": "L'occitane/欧舒丹"
            },
            {
                "name": "欧舒丹系列",
                "value": "焕亮水莹睡眠面膜"
            },
            {
                "name": "产地",
                "value": "法国"
            },
            {
                "name": "面膜分类",
                "value": "睡眠免洗式"
            },
            {
                "name": "化妆品备案编号/注册证号",
                "value": "国妆网备进字（沪）2019006735"
            },
            {
                "name": "功效",
                "value": "保湿"
            },
            {
                "name": "规格类型",
                "value": "正常规格"
            },
            {
                "name": "是否为特殊用途化妆品",
                "value": "否"
            },
            {
                "name": "净含量",
                "value": "65ml"
            }
        ],
        "total_sold": "14",
        "skus": {
            "sku": [
                {
                    "price": 620,
                    "total_price": 0,
                    "orginal_price": 620,
                    "properties": "147956252:75421573",
                    "properties_name": "147956252:75421573:净含量:65ml",
                    "quantity": 65,
                    "sku_id": "4518971444669"
                }
            ]
        },
        "seller_id": "2248304671",
        "sales": 14,
        "shop_id": "114646595",
        "props_list": {
            "147956252:75421573": "净含量:65ml"
        },
        "seller_info": {
            "nick": "loccitane欧舒丹旗舰店",
            "item_score": 4.83999,
            "score_p": 4.8638,
            "delivery_score": 4.88305,
            "shop_type": "",
            "user_num_id": "2248304671",
            "sid": "114646595",
            "title": "",
            "zhuy": "https://shop114646595.taobao.com",
            "cert": null,
            "open_time": "",
            "credit_score": null,
            "shop_name": "loccitane欧舒丹旗舰店"
        },
        "tmall": true,
        "error": "",
        "location": "江苏苏州",
        "data_from": "Ha",
        "has_discount": "false",
        "is_promotion": "false",
        "promo_type": null,
        "props_img": {
            "147956252:75421573": "http://img.alicdn.com/imgextra/i1/2248304671/O1CN01lWaqYc1kNMmizI7Gw_!!0-item_pic.jpg"
        },
        "format_check": "ok",
        "desc_img": [
            "http://img.alicdn.com/imgextra/i3/2248304671/O1CN01z0TWeo1kNMlhvqLmI_!!2248304671.jpg",
            "http://img.alicdn.com/imgextra/i1/2248304671/O1CN018j3xII1kNMljitWtc_!!2248304671.jpg",
            "http://img.alicdn.com/imgextra/i3/2248304671/O1CN01MMnYoH1kNMlijR2h3_!!2248304671.jpg",
            "http://img.alicdn.com/imgextra/i3/2248304671/O1CN01rDgdYE1kNMlmOvWVs_!!2248304671.jpg",
            "http://img.alicdn.com/imgextra/i4/2248304671/O1CN01M8gOcn1kNMlYcdDMi_!!2248304671.jpg",
            "http://img.alicdn.com/imgextra/i4/2248304671/O1CN01lNDNXA1kNMli5AiQr_!!2248304671.jpg",
            "http://img.alicdn.com/imgextra/i4/2248304671/O1CN01nd8vJx1kNMldTLuQa_!!2248304671.jpg",
            "http://img.alicdn.com/imgextra/i2/2248304671/O1CN01tArlUt1kNMlkA6koZ_!!2248304671.jpg",
            "http://img.alicdn.com/imgextra/i1/2248304671/O1CN01kUdssX1kNMm9LA4Xx_!!2248304671.jpg",
            "http://img.alicdn.com/imgextra/i2/2248304671/TB2_Bnfn29TBuNjy1zbXXXpepXa-2248304671.jpg",
            "http://img.alicdn.com/imgextra/i1/2248304671/TB2YVKzmnTI8KJjSsphXXcFppXa-2248304671.jpg",
            "http://img.alicdn.com/imgextra/i4/2248304671/O1CN011kNMTYM3WafZj7e_!!2248304671.jpg"
        ],
        "shop_item": [],
        "relate_items": []
    },
    "error": "",
    "secache": "28ae8d3b0f04badcb92b0b27a3abfdb4",
    "secache_time": 1677750189,
    "secache_date": "2023-03-02 17:43:09",
    "translate_status": "",
    "translate_time": 0,
    "language": {
        "default_lang": "cn",
        "current_lang": "cn"
    },
    "reason": "",
    "error_code": "0000",
    "cache": 0,
    "api_info": "today: max:20000 all[=++];expires:2024-01-16",
    "execution_time": "2.517",
    "server_time": "Beijing/2023-03-02 17:43:09",
    "client_ip": "54.39.83.153",
    "call_args": {
        "num_iid": "632661900445",
        "is_promotion": "1"
    },
    "api_type": "taobao",
    "translate_language": "zh-CN",
    "translate_engine": "baidu",
    "server_memory": "5.77MB",
    "last_id": false
}