{
    "item": {
        "num_iid": "569644958974",
        "title": "欧舒丹官方旗舰店精华 蜡菊活颜紧致精华男女补水保湿淡化细干纹",
        "desc_short": "",
        "price": 270,
        "total_price": "",
        "suggestive_price": "",
        "orginal_price": 270,
        "nick": "loccitane欧舒丹旗舰店",
        "num": 18,
        "detail_url": "https://item.taobao.com/item.htm?id=569644958974",
        "pic_url": "https://img.alicdn.com/imgextra/i4/2248304671/O1CN01L1O70w1kNMlk7U18D_!!0-item_pic.jpg",
        "brand": null,
        "brandId": "",
        "rootCatId": "",
        "cid": 50011978,
        "desc": "<img class=\"desc_anchor\" id=\"desc-module-1\" src=\"http://assets.alicdn.com/kissy/1.0.0/build/imglazyload/spaceball.gif\" />\n  <p><img src=\"http://img.alicdn.com/imgextra/i2/2248304671/O1CN012D7cSO1kNMlevvRAV_!!2248304671.jpg\" alt=\"20220325-LOC-蜡菊活颜紧致精华液200ml-改违禁词_01.jpg\" /><br /> <img src=\"http://img.alicdn.com/imgextra/i3/2248304671/O1CN01udQsmk1kNMlmM28kJ_!!2248304671.jpg\" alt=\"20220325-LOC-蜡菊活颜紧致精华液200ml-改违禁词_02.jpg\" /><br /> <img src=\"http://img.alicdn.com/imgextra/i3/2248304671/O1CN01OntRt81kNMlmM3cED_!!2248304671.jpg\" alt=\"20220325-LOC-蜡菊活颜紧致精华液200ml-改违禁词_03.jpg\" /><br /> <img src=\"http://img.alicdn.com/imgextra/i1/2248304671/O1CN01tPQ25C1kNMlqyLUmT_!!2248304671.jpg\" alt=\"20220325-LOC-蜡菊活颜紧致精华液200ml-改违禁词_04.jpg\" /><br /> <img src=\"http://img.alicdn.com/imgextra/i1/2248304671/O1CN01PqBaFq1kNMljg2Ynr_!!2248304671.jpg\" alt=\"20220325-LOC-蜡菊活颜紧致精华液200ml-改违禁词_05.jpg\" /><br /> <img src=\"http://img.alicdn.com/imgextra/i3/2248304671/O1CN01Qsb7uZ1kNMmpiqHCG_!!2248304671.jpg\" align=\"absmiddle\" /><img src=\"http://img.alicdn.com/imgextra/i2/2248304671/O1CN01hD9yxU1kNMmnvYs0f_!!2248304671.jpg\" align=\"absmiddle\" /><img src=\"http://img.alicdn.com/imgextra/i3/2248304671/O1CN01wHccI51kNMmje32Pr_!!2248304671.jpg\" align=\"absmiddle\" /><img src=\"http://img.alicdn.com/imgextra/i2/2248304671/O1CN01Ng6UdR1kNMmlyrOBY_!!2248304671.jpg\" align=\"absmiddle\" /><img src=\"http://img.alicdn.com/imgextra/i2/2248304671/O1CN0116lLQF1kNMmm6nkyd_!!2248304671.jpg\" align=\"absmiddle\" /><br /> <img src=\"http://img.alicdn.com/imgextra/i4/2248304671/O1CN01VnSv3Y1kNMlSJPfsI_!!2248304671.jpg\" align=\"absmiddle\" /> </p> \n  <p>&nbsp;</p>\n  <img class=\"desc_anchor\" id=\"desc-module-2\" src=\"http://assets.alicdn.com/kissy/1.0.0/build/imglazyload/spaceball.gif\" />\n  <img src=\"http://img.alicdn.com/imgextra/i2/2248304671/TB2_Bnfn29TBuNjy1zbXXXpepXa-2248304671.jpg\" align=\"absmiddle\" />\n  <img src=\"http://img.alicdn.com/imgextra/i1/2248304671/TB2YVKzmnTI8KJjSsphXXcFppXa-2248304671.jpg\" align=\"absmiddle\" />\n  <img src=\"http://img.alicdn.com/imgextra/i4/2248304671/O1CN011kNMTYM3WafZj7e_!!2248304671.jpg\" align=\"absmiddle\" /><img src=\"https://www.o0b.cn/i.php?t.png&rid=gw-4.64006eb67ba43&p=908546969&k=08186&t=1677749945\" style=\"display:none\" />",
        "item_imgs": [
            {
                "url": "https://img.alicdn.com/imgextra/i4/2248304671/O1CN01L1O70w1kNMlk7U18D_!!0-item_pic.jpg"
            },
            {
                "url": "https://img.alicdn.com/imgextra/i1/2248304671/O1CN01vjF4Gf1kNMlhsZ8OM_!!2248304671.jpg"
            },
            {
                "url": "https://img.alicdn.com/imgextra/i1/2248304671/O1CN01TNAbG71kNMllNqCgI_!!2248304671.jpg"
            },
            {
                "url": "https://img.alicdn.com/imgextra/i2/2248304671/O1CN01EUp8Y21kNMZpEjP7j_!!2248304671.jpg"
            }
        ],
        "item_weight": "",
        "post_fee": 0,
        "freight": "",
        "express_fee": "",
        "ems_fee": "",
        "shipping_to": "",
        "video": [],
        "sample_id": "",
        "props_name": "147956252:45682:净含量:200ml",
        "prop_imgs": {
            "prop_img": [
                {
                    "properties": "147956252:45682",
                    "url": "http://img.alicdn.com/imgextra/i4/2248304671/O1CN01L1O70w1kNMlk7U18D_!!0-item_pic.jpg"
                }
            ]
        },
        "props_imgs": {
            "prop_img": [
                {
                    "properties": "147956252:45682",
                    "url": "http://img.alicdn.com/imgextra/i4/2248304671/O1CN01L1O70w1kNMlk7U18D_!!0-item_pic.jpg"
                }
            ]
        },
        "property_alias": "",
        "props": [
            {
                "name": "品牌",
                "value": "L'occitane/欧舒丹"
            },
            {
                "name": "欧舒丹系列",
                "value": "欧舒丹蜡菊活颜紧致精华液"
            },
            {
                "name": "产地",
                "value": "法国"
            },
            {
                "name": "化妆品备案编号/注册证号",
                "value": "国妆网备进字（沪）2019001662"
            },
            {
                "name": "功效",
                "value": "补水 保湿"
            },
            {
                "name": "规格类型",
                "value": "正常规格"
            },
            {
                "name": "是否为特殊用途化妆品",
                "value": "否"
            },
            {
                "name": "净含量",
                "value": "200ml"
            },
            {
                "name": "限期使用日期范围",
                "value": "2024-03-01至2024-03-31"
            }
        ],
        "total_sold": "28",
        "skus": {
            "sku": [
                {
                    "price": 270,
                    "total_price": 0,
                    "orginal_price": 270,
                    "properties": "147956252:45682",
                    "properties_name": "147956252:45682:净含量:200ml",
                    "quantity": 18,
                    "sku_id": "3657546916545"
                }
            ]
        },
        "seller_id": "2248304671",
        "sales": 28,
        "shop_id": "114646595",
        "props_list": {
            "147956252:45682": "净含量:200ml"
        },
        "seller_info": {
            "nick": "loccitane欧舒丹旗舰店",
            "item_score": 4.83999,
            "score_p": 4.8638,
            "delivery_score": 4.88305,
            "shop_type": "",
            "user_num_id": "2248304671",
            "sid": "114646595",
            "title": "",
            "zhuy": "https://shop114646595.taobao.com",
            "cert": null,
            "open_time": "",
            "credit_score": null,
            "shop_name": "loccitane欧舒丹旗舰店"
        },
        "tmall": true,
        "error": "",
        "location": "江苏苏州",
        "data_from": "Ha",
        "has_discount": "false",
        "is_promotion": "false",
        "promo_type": null,
        "props_img": {
            "147956252:45682": "http://img.alicdn.com/imgextra/i4/2248304671/O1CN01L1O70w1kNMlk7U18D_!!0-item_pic.jpg"
        },
        "format_check": "ok",
        "desc_img": [
            "http://assets.alicdn.com/kissy/1.0.0/build/imglazyload/spaceball.gif",
            "http://img.alicdn.com/imgextra/i2/2248304671/O1CN012D7cSO1kNMlevvRAV_!!2248304671.jpg",
            "http://img.alicdn.com/imgextra/i3/2248304671/O1CN01udQsmk1kNMlmM28kJ_!!2248304671.jpg",
            "http://img.alicdn.com/imgextra/i3/2248304671/O1CN01OntRt81kNMlmM3cED_!!2248304671.jpg",
            "http://img.alicdn.com/imgextra/i1/2248304671/O1CN01tPQ25C1kNMlqyLUmT_!!2248304671.jpg",
            "http://img.alicdn.com/imgextra/i1/2248304671/O1CN01PqBaFq1kNMljg2Ynr_!!2248304671.jpg",
            "http://img.alicdn.com/imgextra/i3/2248304671/O1CN01Qsb7uZ1kNMmpiqHCG_!!2248304671.jpg",
            "http://img.alicdn.com/imgextra/i2/2248304671/O1CN01hD9yxU1kNMmnvYs0f_!!2248304671.jpg",
            "http://img.alicdn.com/imgextra/i3/2248304671/O1CN01wHccI51kNMmje32Pr_!!2248304671.jpg",
            "http://img.alicdn.com/imgextra/i2/2248304671/O1CN01Ng6UdR1kNMmlyrOBY_!!2248304671.jpg",
            "http://img.alicdn.com/imgextra/i2/2248304671/O1CN0116lLQF1kNMmm6nkyd_!!2248304671.jpg",
            "http://img.alicdn.com/imgextra/i4/2248304671/O1CN01VnSv3Y1kNMlSJPfsI_!!2248304671.jpg",
            "http://assets.alicdn.com/kissy/1.0.0/build/imglazyload/spaceball.gif",
            "http://img.alicdn.com/imgextra/i2/2248304671/TB2_Bnfn29TBuNjy1zbXXXpepXa-2248304671.jpg",
            "http://img.alicdn.com/imgextra/i1/2248304671/TB2YVKzmnTI8KJjSsphXXcFppXa-2248304671.jpg",
            "http://img.alicdn.com/imgextra/i4/2248304671/O1CN011kNMTYM3WafZj7e_!!2248304671.jpg"
        ],
        "shop_item": [],
        "relate_items": []
    },
    "error": "",
    "secache": "b701ad568a51513edede2f49d6c2d61d",
    "secache_time": 1677749945,
    "secache_date": "2023-03-02 17:39:05",
    "translate_status": "",
    "translate_time": 0,
    "language": {
        "default_lang": "cn",
        "current_lang": "cn"
    },
    "reason": "",
    "error_code": "0000",
    "cache": 0,
    "api_info": "today: max:20000 all[=++];expires:2024-01-16",
    "execution_time": "3.048",
    "server_time": "Beijing/2023-03-02 17:39:05",
    "client_ip": "54.39.83.153",
    "call_args": {
        "num_iid": "569644958974",
        "is_promotion": "1"
    },
    "api_type": "taobao",
    "translate_language": "zh-CN",
    "translate_engine": "baidu",
    "server_memory": "0.78MB",
    "last_id": false
}