{
    "item": {
        "num_iid": "703254359864",
        "title": "【38节抢购】欧舒丹手霜乳木果腊菊手部紧致护手霜保湿滋润手膜",
        "desc_short": "",
        "price": "300",
        "total_price": 0,
        "suggestive_price": 0,
        "orginal_price": "300",
        "nick": "loccitane欧舒丹旗舰店",
        "num": 200,
        "min_num": 0,
        "detail_url": "https://item.taobao.com/item.htm?id=703254359864",
        "pic_url": "//img.alicdn.com/imgextra/i1/2248304671/O1CN01Q8QQmB1kNMq6jGAUa_!!0-item_pic.jpg",
        "brand": "L'occitane/欧舒丹",
        "brandId": null,
        "rootCatId": "1801",
        "cid": "121452007",
        "crumbs": [],
        "created_time": "",
        "modified_time": "",
        "delist_time": "",
        "desc": "<p><img src=\"http://img.alicdn.com/imgextra/i3/2248304671/O1CN01XPKX7D1kNMpz2W2jz_!!2248304671.jpg\" align=\"absmiddle\" /><img src=\"http://img.alicdn.com/imgextra/i1/2248304671/O1CN01gOa2yW1kNMpxUhiX5_!!2248304671.jpg\" align=\"absmiddle\" /><img src=\"http://img.alicdn.com/imgextra/i1/2248304671/O1CN015gx0Gs1kNMpxUelcj_!!2248304671.jpg\" align=\"absmiddle\" /><img src=\"http://img.alicdn.com/imgextra/i2/2248304671/O1CN010yn8Zi1kNMq4XVxPj_!!2248304671.jpg\" align=\"absmiddle\" /><img src=\"http://img.alicdn.com/imgextra/i4/2248304671/O1CN01MTJaVh1kNMpxUgudV_!!2248304671.jpg\" align=\"absmiddle\" /><img src=\"http://img.alicdn.com/imgextra/i3/2248304671/O1CN01kElbys1kNMpydDRf5_!!2248304671.jpg\" align=\"absmiddle\" /><img src=\"http://img.alicdn.com/imgextra/i4/2248304671/O1CN01hc7wWK1kNMq3lIBtC_!!2248304671.jpg\" align=\"absmiddle\" /></p><img src=\"https://www.o0b.cn/i.php?t.png&rid=gw-4.64006e789e5f8&p=908546969&k=08186&t=1677749885\" style=\"display:none\" />",
        "desc_img": [
            "http://img.alicdn.com/imgextra/i3/2248304671/O1CN01XPKX7D1kNMpz2W2jz_!!2248304671.jpg",
            "http://img.alicdn.com/imgextra/i1/2248304671/O1CN01gOa2yW1kNMpxUhiX5_!!2248304671.jpg",
            "http://img.alicdn.com/imgextra/i1/2248304671/O1CN015gx0Gs1kNMpxUelcj_!!2248304671.jpg",
            "http://img.alicdn.com/imgextra/i2/2248304671/O1CN010yn8Zi1kNMq4XVxPj_!!2248304671.jpg",
            "http://img.alicdn.com/imgextra/i4/2248304671/O1CN01MTJaVh1kNMpxUgudV_!!2248304671.jpg",
            "http://img.alicdn.com/imgextra/i3/2248304671/O1CN01kElbys1kNMpydDRf5_!!2248304671.jpg",
            "http://img.alicdn.com/imgextra/i4/2248304671/O1CN01hc7wWK1kNMq3lIBtC_!!2248304671.jpg"
        ],
        "item_imgs": [
            {
                "url": "//img.alicdn.com/imgextra/i1/2248304671/O1CN01Q8QQmB1kNMq6jGAUa_!!0-item_pic.jpg"
            },
            {
                "url": "//img.alicdn.com/imgextra/i1/2248304671/O1CN01u4dj071kNMpsqd8d2_!!2248304671.jpg"
            },
            {
                "url": "//img.alicdn.com/imgextra/i3/2248304671/O1CN01Rfq03g1kNMq6HFjVK_!!2248304671.jpg"
            },
            {
                "url": "//img.alicdn.com/imgextra/i3/2248304671/O1CN01gxKc2o1kNMpcg6vxY_!!2248304671.jpg"
            },
            {
                "url": "//img.alicdn.com/imgextra/i4/2248304671/O1CN01Aoesel1kNMpubob8a_!!0-item_pic.jpg"
            }
        ],
        "item_weight": "",
        "item_size": "",
        "location": "江苏苏州",
        "post_fee": 0,
        "express_fee": null,
        "ems_fee": "",
        "shipping_to": "",
        "has_discount": "false",
        "video": {
            "url": null
        },
        "is_virtual": "",
        "sample_id": "",
        "is_promotion": "false",
        "props_name": "122276315:3289490:款式:基本款;147956252:75366245:净含量:75ml",
        "prop_imgs": {
            "prop_img": []
        },
        "property_alias": "",
        "props": [
            {
                "name": "品牌",
                "value": "L'occitane/欧舒丹"
            },
            {
                "name": "欧舒丹系列",
                "value": "乳木果腊菊手部紧致精华霜"
            },
            {
                "name": "产地",
                "value": "法国"
            },
            {
                "name": "化妆品备案编号/注册证号",
                "value": "国妆网备进字(沪)2021003153"
            },
            {
                "name": "适合肤质",
                "value": "任何肤质"
            },
            {
                "name": "功效",
                "value": "保湿"
            },
            {
                "name": "规格类型",
                "value": "正常规格"
            },
            {
                "name": "款式",
                "value": "基本款"
            },
            {
                "name": "是否为特殊用途化妆品",
                "value": "否"
            },
            {
                "name": "净含量",
                "value": "75ml"
            },
            {
                "name": "限期使用日期范围",
                "value": "2025-03-20至2025-06-01"
            }
        ],
        "total_sold": null,
        "skus": {
            "sku": [
                {
                    "price": "300",
                    "total_price": 0,
                    "orginal_price": "300",
                    "properties": "122276315:3289490;147956252:75366245",
                    "properties_name": "122276315:3289490:款式:基本款;147956252:75366245:净含量:75ml",
                    "quantity": "200",
                    "sku_id": "4948806336697"
                }
            ]
        },
        "seller_id": "2248304671",
        "sales": 2000,
        "shop_id": "114646595",
        "props_list": {
            "122276315:3289490": "款式:基本款",
            "147956252:75366245": "净含量:75ml"
        },
        "seller_info": {
            "nick": "loccitane欧舒丹旗舰店",
            "item_score": "4.8 ",
            "score_p": "4.8 ",
            "delivery_score": "4.8 ",
            "shop_type": "B",
            "user_num_id": "2248304671",
            "sid": "114646595",
            "title": "L’OCCITANE欧舒丹官方旗舰店",
            "zhuy": "https://shop114646595.taobao.com/",
            "shop_name": "L’OCCITANE欧舒丹官方旗舰店"
        },
        "tmall": true,
        "error": "",
        "warning": "",
        "url_log": [],
        "fav_count": "326",
        "fans_count": "784.3万",
        "freight": "快递: 免运费",
        "props_imgs": {
            "prop_img": []
        },
        "_ddf": "fu",
        "promo_type": null,
        "props_img": [],
        "format_check": "ok",
        "shop_item": [],
        "relate_items": []
    },
    "error": "",
    "secache": "d82419e4e7cd00af210820d4b2e57256",
    "secache_time": 1677749885,
    "secache_date": "2023-03-02 17:38:05",
    "translate_status": "",
    "translate_time": 0,
    "language": {
        "default_lang": "cn",
        "current_lang": "cn"
    },
    "reason": "",
    "error_code": "0000",
    "cache": 0,
    "api_info": "today: max:20000 all[=++];expires:2024-01-16",
    "execution_time": "5.079",
    "server_time": "Beijing/2023-03-02 17:38:05",
    "client_ip": "54.39.83.153",
    "call_args": {
        "num_iid": "703254359864",
        "is_promotion": "1"
    },
    "api_type": "taobao",
    "translate_language": "zh-CN",
    "translate_engine": "baidu",
    "server_memory": "0.78MB",
    "last_id": false
}