{
    "items": {
        "shop_id": "114646595",
        "page": "10",
        "real_total_results": "209",
        "total_results": "209",
        "page_size": 20,
        "page_count": 11,
        "_ddf": "ti",
        "item": [
            {
                "num_iid": "623958957960",
                "pic_url": "//img.alicdn.com/imgextra/i4/0/O1CN01wEfjmH1kNMq0bpBBQ_!!0-item_pic.jpg",
                "title": "【38节抢购】欧舒丹草本头皮平衡洗发水护发素套装蓬松改善毛躁",
                "promotion_price": "420.00",
                "price": "420.00",
                "sales": 569,
                "quantity": "2",
                "seller_nick": "L’OCCITANE欧舒丹官方旗舰店",
                "seller_id": null,
                "shop_id": "114646595",
                "shop_title": "L’OCCITANE欧舒丹官方旗舰店",
                "detail_url": "https://item.taobao.com/item.htm?id=623958957960"
            },
            {
                "num_iid": "674098012553",
                "pic_url": "//img.alicdn.com/imgextra/i4/0/O1CN019RW7921kNMoAZGpfl_!!0-item_pic.jpg",
                "title": "欧舒丹官方旗舰店夏季男女清新马鞭草磨砂沐浴啫喱柠檬香留香正品",
                "promotion_price": "220.00",
                "price": "220.00",
                "sales": 532,
                "quantity": "54",
                "seller_nick": "L’OCCITANE欧舒丹官方旗舰店",
                "seller_id": null,
                "shop_id": "114646595",
                "shop_title": "L’OCCITANE欧舒丹官方旗舰店",
                "detail_url": "https://item.taobao.com/item.htm?id=674098012553"
            },
            {
                "num_iid": "618924306652",
                "pic_url": "//img.alicdn.com/imgextra/i2/0/O1CN01zL9eyF1kNMqBdm6OE_!!0-item_pic.jpg",
                "title": "【88VIP】欧舒丹草本纯净洗发水护发套装控油滋养官方旗舰店正品",
                "promotion_price": "615.00",
                "price": "615.00",
                "sales": 510,
                "quantity": "4",
                "seller_nick": "L’OCCITANE欧舒丹官方旗舰店",
                "seller_id": null,
                "shop_id": "114646595",
                "shop_title": "L’OCCITANE欧舒丹官方旗舰店",
                "detail_url": "https://item.taobao.com/item.htm?id=618924306652"
            },
            {
                "num_iid": "657343519878",
                "pic_url": "//img.alicdn.com/imgextra/i3/0/O1CN01eTdUmb1kNMq0jaKe7_!!0-item_pic.jpg",
                "title": "【38节抢购】欧舒丹草本纯净护发素蓬松顺滑清洁丰盈蓬松改善毛躁",
                "promotion_price": "325.00",
                "price": "210.00",
                "sales": 485,
                "quantity": "25",
                "seller_nick": "L’OCCITANE欧舒丹官方旗舰店",
                "seller_id": null,
                "shop_id": "114646595",
                "shop_title": "L’OCCITANE欧舒丹官方旗舰店",
                "detail_url": "https://item.taobao.com/item.htm?id=657343519878"
            },
            {
                "num_iid": "684126400908",
                "pic_url": "//img.alicdn.com/imgextra/i1/0/O1CN01xHC9Bv1kNMq9O0TSZ_!!0-item_pic.jpg",
                "title": "【38节抢购】欧舒丹乳木果身体护理套装手霜指缘油滋润滋养礼盒",
                "promotion_price": "395.00",
                "price": "395.00",
                "sales": 430,
                "quantity": "1",
                "seller_nick": "L’OCCITANE欧舒丹官方旗舰店",
                "seller_id": null,
                "shop_id": "114646595",
                "shop_title": "L’OCCITANE欧舒丹官方旗舰店",
                "detail_url": "https://item.taobao.com/item.htm?id=684126400908"
            },
            {
                "num_iid": "668524181374",
                "pic_url": "//img.alicdn.com/imgextra/i2/0/O1CN013TLj3J1kNMlE3KEzM_!!0-item_pic.jpg",
                "title": "【自播秒杀】-欧舒丹星河夜樱润肤6ml*3+20元券",
                "promotion_price": "999.00",
                "price": "999.00",
                "sales": 383,
                "quantity": "674",
                "seller_nick": "L’OCCITANE欧舒丹官方旗舰店",
                "seller_id": null,
                "shop_id": "114646595",
                "shop_title": "L’OCCITANE欧舒丹官方旗舰店",
                "detail_url": "https://item.taobao.com/item.htm?id=668524181374"
            },
            {
                "num_iid": "639890430246",
                "pic_url": "//img.alicdn.com/imgextra/i3/0/O1CN01pUIGrm1kNMm6IgbCa_!!0-item_pic.jpg",
                "title": "欧舒丹腊菊活颜紧致睡眠面膜免洗式夜间修护男女涂抹式淡化干细纹",
                "promotion_price": "510.00",
                "price": "510.00",
                "sales": 351,
                "quantity": "9",
                "seller_nick": "L’OCCITANE欧舒丹官方旗舰店",
                "seller_id": null,
                "shop_id": "114646595",
                "shop_title": "L’OCCITANE欧舒丹官方旗舰店",
                "detail_url": "https://item.taobao.com/item.htm?id=639890430246"
            },
            {
                "num_iid": "703821712609",
                "pic_url": "//img.alicdn.com/imgextra/i3/0/O1CN01ZKwCZN1kNMq6oLeH9_!!0-item_pic.jpg",
                "title": "【顺手买一件】欧舒丹平衡洗发6ml*3+护发6ml*3+修护发膜6ml*2",
                "promotion_price": "999.00",
                "price": "999.00",
                "sales": 349,
                "quantity": "212",
                "seller_nick": "L’OCCITANE欧舒丹官方旗舰店",
                "seller_id": null,
                "shop_id": "114646595",
                "shop_title": "L’OCCITANE欧舒丹官方旗舰店",
                "detail_url": "https://item.taobao.com/item.htm?id=703821712609"
            },
            {
                "num_iid": "622021689560",
                "pic_url": "//img.alicdn.com/imgextra/i4/0/O1CN01Tze40I1kNMmhqNhkE_!!0-item_pic.jpg",
                "title": "欧舒丹男士活力香水香调75mL清新佛手柑淡香水留香香氛官方旗舰店",
                "promotion_price": "570.00",
                "price": "570.00",
                "sales": 329,
                "quantity": "16",
                "seller_nick": "L’OCCITANE欧舒丹官方旗舰店",
                "seller_id": null,
                "shop_id": "114646595",
                "shop_title": "L’OCCITANE欧舒丹官方旗舰店",
                "detail_url": "https://item.taobao.com/item.htm?id=622021689560"
            },
            {
                "num_iid": "671495501842",
                "pic_url": "//img.alicdn.com/imgextra/i1/0/O1CN015cwhLD1kNMlhTetQr_!!0-item_pic.jpg",
                "title": "欧舒丹护发素5合1草本菁纯平衡护发素替换装滋养丰盈蓬松防毛躁",
                "promotion_price": "300.00",
                "price": "300.00",
                "sales": 286,
                "quantity": "408",
                "seller_nick": "L’OCCITANE欧舒丹官方旗舰店",
                "seller_id": null,
                "shop_id": "114646595",
                "shop_title": "L’OCCITANE欧舒丹官方旗舰店",
                "detail_url": "https://item.taobao.com/item.htm?id=671495501842"
            },
            {
                "num_iid": "667382925052",
                "pic_url": "//img.alicdn.com/imgextra/i2/0/O1CN01d0jAnw1kNMlVhiPRs_!!0-item_pic.jpg",
                "title": "欧舒丹香薰甜蜜日落香薰蜡烛140g 愉悦浪漫香氛节日礼物官方正品",
                "promotion_price": "235.00",
                "price": "235.00",
                "sales": 269,
                "quantity": "13",
                "seller_nick": "L’OCCITANE欧舒丹官方旗舰店",
                "seller_id": null,
                "shop_id": "114646595",
                "shop_title": "L’OCCITANE欧舒丹官方旗舰店",
                "detail_url": "https://item.taobao.com/item.htm?id=667382925052"
            },
            {
                "num_iid": "625396159996",
                "pic_url": "//img.alicdn.com/imgextra/i3/0/O1CN01VIylom1kNMmCozKW5_!!0-item_pic.jpg",
                "title": "欧舒丹官方旗舰店香水魅力绅士淡香水75ml香薰淡香男士花香调香氛",
                "promotion_price": "570.00",
                "price": "570.00",
                "sales": 265,
                "quantity": "5",
                "seller_nick": "L’OCCITANE欧舒丹官方旗舰店",
                "seller_id": null,
                "shop_id": "114646595",
                "shop_title": "L’OCCITANE欧舒丹官方旗舰店",
                "detail_url": "https://item.taobao.com/item.htm?id=625396159996"
            },
            {
                "num_iid": "667732978701",
                "pic_url": "//img.alicdn.com/imgextra/i2/0/O1CN01CmehwT1kNMlbvDH6u_!!0-item_pic.jpg",
                "title": "欧舒丹香薰复苏海风香薰蜡烛 140G 清新香气室内小众大牌伴手礼物",
                "promotion_price": "235.00",
                "price": "235.00",
                "sales": 262,
                "quantity": "7",
                "seller_nick": "L’OCCITANE欧舒丹官方旗舰店",
                "seller_id": null,
                "shop_id": "114646595",
                "shop_title": "L’OCCITANE欧舒丹官方旗舰店",
                "detail_url": "https://item.taobao.com/item.htm?id=667732978701"
            },
            {
                "num_iid": "687619176750",
                "pic_url": "//img.alicdn.com/imgextra/i1/0/O1CN01bC3vug1kNMoJiXMVz_!!0-item_pic.jpg",
                "title": "欧舒丹喷雾云中月桂香氛保湿喷雾50ml 补水保湿爽肤水男女士正品",
                "promotion_price": "130.00",
                "price": "130.00",
                "sales": 198,
                "quantity": "4845",
                "seller_nick": "L’OCCITANE欧舒丹官方旗舰店",
                "seller_id": null,
                "shop_id": "114646595",
                "shop_title": "L’OCCITANE欧舒丹官方旗舰店",
                "detail_url": "https://item.taobao.com/item.htm?id=687619176750"
            },
            {
                "num_iid": "674800358432",
                "pic_url": "//img.alicdn.com/imgextra/i2/0/O1CN01AZQEhH1kNMpvtLyud_!!0-item_pic.jpg",
                "title": "【38节抢购】欧舒丹香水薄荷马鞭草淡香水男士留香薄荷果茶香官方",
                "promotion_price": "570.00",
                "price": "570.00",
                "sales": 120,
                "quantity": "154",
                "seller_nick": "L’OCCITANE欧舒丹官方旗舰店",
                "seller_id": null,
                "shop_id": "114646595",
                "shop_title": "L’OCCITANE欧舒丹官方旗舰店",
                "detail_url": "https://item.taobao.com/item.htm?id=674800358432"
            },
            {
                "num_iid": "687649917698",
                "pic_url": "//img.alicdn.com/imgextra/i2/0/O1CN017Svjdt1kNMoHyXBfl_!!0-item_pic.jpg",
                "title": "欧舒丹香水格拉斯橙花淡香氛75ml男士女士花香调礼物官方正品",
                "promotion_price": "620.00",
                "price": "620.00",
                "sales": 118,
                "quantity": "50",
                "seller_nick": "L’OCCITANE欧舒丹官方旗舰店",
                "seller_id": null,
                "shop_id": "114646595",
                "shop_title": "L’OCCITANE欧舒丹官方旗舰店",
                "detail_url": "https://item.taobao.com/item.htm?id=687649917698"
            },
            {
                "num_iid": "674027224825",
                "pic_url": "//img.alicdn.com/imgextra/i3/0/O1CN015gOdmH1kNMmLv1oKf_!!0-item_pic.jpg",
                "title": "【直播秒杀】夜樱润肤6ml*3＋200-20回购券",
                "promotion_price": "9999.00",
                "price": "9999.00",
                "sales": 111,
                "quantity": "1634",
                "seller_nick": "L’OCCITANE欧舒丹官方旗舰店",
                "seller_id": null,
                "shop_id": "114646595",
                "shop_title": "L’OCCITANE欧舒丹官方旗舰店",
                "detail_url": "https://item.taobao.com/item.htm?id=674027224825"
            },
            {
                "num_iid": "704566747936",
                "pic_url": "//img.alicdn.com/imgextra/i4/0/O1CN0106IIv41kNMq9Pq9Jl_!!0-item_pic.jpg",
                "title": "【顺手买一件】平衡洗发6ml*3+护发6ml*3+修护发膜6ml*2",
                "promotion_price": "999.00",
                "price": "999.00",
                "sales": 93,
                "quantity": "871",
                "seller_nick": "L’OCCITANE欧舒丹官方旗舰店",
                "seller_id": null,
                "shop_id": "114646595",
                "shop_title": "L’OCCITANE欧舒丹官方旗舰店",
                "detail_url": "https://item.taobao.com/item.htm?id=704566747936"
            },
            {
                "num_iid": "620961193708",
                "pic_url": "//img.alicdn.com/imgextra/i4/0/O1CN01aB5XZo1kNMq4nqqGp_!!0-item_pic.jpg",
                "title": "【38节抢购】欧舒丹洗发水护发素草本修护套装清洁蓬松防毛躁正品",
                "promotion_price": "630.00",
                "price": "630.00",
                "sales": 79,
                "quantity": "50",
                "seller_nick": "L’OCCITANE欧舒丹官方旗舰店",
                "seller_id": null,
                "shop_id": "114646595",
                "shop_title": "L’OCCITANE欧舒丹官方旗舰店",
                "detail_url": "https://item.taobao.com/item.htm?id=620961193708"
            },
            {
                "num_iid": "669062736458",
                "pic_url": "//img.alicdn.com/imgextra/i4/0/O1CN01cGD3Lu1kNMqCCIEUq_!!0-item_pic.jpg",
                "title": "【38节抢购】欧舒丹洗护发草本修护洗发露护发精油套装丰盈蓬松",
                "promotion_price": "595.00",
                "price": "595.00",
                "sales": 64,
                "quantity": "62",
                "seller_nick": "L’OCCITANE欧舒丹官方旗舰店",
                "seller_id": null,
                "shop_id": "114646595",
                "shop_title": "L’OCCITANE欧舒丹官方旗舰店",
                "detail_url": "https://item.taobao.com/item.htm?id=669062736458"
            }
        ]
    },
    "error_code": "0000",
    "reason": "ok",
    "secache": "331ef4cdbbddb22866afed4730d8fbae",
    "secache_time": 1677750209,
    "secache_date": "2023-03-02 17:43:29",
    "translate_status": "",
    "translate_time": 0,
    "language": {
        "default_lang": "cn",
        "current_lang": "cn"
    },
    "error": "",
    "cache": 0,
    "api_info": "today: max:20000 all[=++];expires:2024-01-16",
    "execution_time": "0.749",
    "server_time": "Beijing/2023-03-02 17:43:29",
    "client_ip": "54.39.83.153",
    "call_args": {
        "seller_nick": "114646595",
        "start_price": "10"
    },
    "api_type": "taobao",
    "translate_language": "zh-CN",
    "translate_engine": "baidu",
    "server_memory": "5.82MB",
    "last_id": false
}