{
    "item": {
        "num_iid": "660405286216",
        "title": "【38预售倒计时】欧舒丹乳木果腊菊颈霜护手霜伴手礼物男女补水",
        "desc_short": "",
        "price": 840,
        "total_price": "",
        "suggestive_price": "",
        "orginal_price": 840,
        "nick": "loccitane欧舒丹旗舰店",
        "num": 43,
        "detail_url": "https://item.taobao.com/item.htm?id=660405286216",
        "pic_url": "https://img.alicdn.com/imgextra/i4/2248304671/O1CN01iZODeo1kNMq6yPasT_!!0-item_pic.jpg",
        "brand": null,
        "brandId": "",
        "rootCatId": "",
        "cid": 121484012,
        "desc": "<img src=\"http://img.alicdn.com/imgextra/i2/2248304671/O1CN01Yzax361kNMpe8AJCN_!!2248304671.jpg\" alt=\"黃金手霜.jpg\" /> \n  <p><img src=\"http://img.alicdn.com/imgextra/i4/2248304671/O1CN01CtaBTk1kNMoXptv4r_!!2248304671.jpg\" align=\"absmiddle\" /><img src=\"http://img.alicdn.com/imgextra/i1/2248304671/O1CN01pXov4X1kNMoMXlD1v_!!2248304671.jpg\" align=\"absmiddle\" /><img src=\"http://img.alicdn.com/imgextra/i3/2248304671/O1CN01PyXYj81kNMocZQOJx_!!2248304671.jpg\" align=\"absmiddle\" /><img src=\"http://img.alicdn.com/imgextra/i4/2248304671/O1CN012IKsp91kNMoMXmDOS_!!2248304671.jpg\" align=\"absmiddle\" /><img src=\"http://img.alicdn.com/imgextra/i1/2248304671/O1CN01xfUj6U1kNMoboqT6y_!!2248304671.jpg\" align=\"absmiddle\" /><img src=\"http://img.alicdn.com/imgextra/i1/2248304671/O1CN01b9WeDv1kNMoMXlD1M_!!2248304671.jpg\" align=\"absmiddle\" /><img src=\"http://img.alicdn.com/imgextra/i4/2248304671/O1CN01y7c3MZ1kNMocZQK9U_!!2248304671.jpg\" align=\"absmiddle\" /><img src=\"http://img.alicdn.com/imgextra/i2/2248304671/O1CN01heItNT1kNMoXprdgI_!!2248304671.jpg\" align=\"absmiddle\" /><img src=\"http://img.alicdn.com/imgextra/i1/2248304671/O1CN01qxPgXl1kNMocZRSrK_!!2248304671.jpg\" align=\"absmiddle\" /><img src=\"http://img.alicdn.com/imgextra/i1/2248304671/O1CN01FQeM4W1kNMpXoeyUS_!!2248304671.jpg\" align=\"absmiddle\" /></p> \n  <img src=\"http://img.alicdn.com/imgextra/i2/2248304671/O1CN01Ej9CMx1kNMpg3EHCJ_!!2248304671.jpg\" alt=\"20221103-LOC-蜡菊手霜详情页-新包裝_01.jpg\" />\n  <br /> \n  <img src=\"http://img.alicdn.com/imgextra/i4/2248304671/O1CN01IbZI431kNMpfFg8ey_!!2248304671.jpg\" alt=\"20221103-LOC-蜡菊手霜详情页-新包裝_02.jpg\" />\n  <br /> \n  <img src=\"http://img.alicdn.com/imgextra/i4/2248304671/O1CN01BJXUJC1kNMpZA6UCS_!!2248304671.jpg\" alt=\"20221103-LOC-蜡菊手霜详情页-新包裝_03.jpg\" />\n  <br /> \n  <img src=\"http://img.alicdn.com/imgextra/i4/2248304671/O1CN01IEel5D1kNMpZtY7fM_!!2248304671.jpg\" alt=\"20221103-LOC-蜡菊手霜详情页-新包裝_04.jpg\" />\n  <br /> \n  <img src=\"http://img.alicdn.com/imgextra/i4/2248304671/O1CN01kXcB3Q1kNMpdfLeof_!!2248304671.jpg\" alt=\"20221103-LOC-蜡菊手霜详情页-新包裝_05.jpg\" />\n  <br /> \n  <img src=\"http://img.alicdn.com/imgextra/i4/2248304671/O1CN01uB33tW1kNMpfFicVv_!!2248304671.jpg\" alt=\"20221103-LOC-蜡菊手霜详情页-新包裝_06.jpg\" />\n  <br /> \n  <img src=\"http://img.alicdn.com/imgextra/i4/2248304671/O1CN01LR7IEH1kNMpgko6QA_!!2248304671.jpg\" alt=\"20221103-LOC-蜡菊手霜详情页-新包裝_07.jpg\" />\n  <br /> \n  <img src=\"http://img.alicdn.com/imgextra/i2/2248304671/O1CN01P2az6T1kNMpc9QgQR_!!2248304671.jpg\" alt=\"20221103-LOC-蜡菊手霜详情页-新包裝_08.jpg\" />\n  <br /> \n  <img src=\"http://img.alicdn.com/imgextra/i4/2248304671/O1CN014gWpsM1kNMl0DXFwr_!!2248304671.jpg\" alt=\"黄金手霜_06.jpg\" />\n  <br /> \n  <img src=\"http://img.alicdn.com/imgextra/i1/2248304671/O1CN01Ee1TP71kNMoecsNsg_!!2248304671.jpg\" alt=\"黄金颈霜背标.jpg\" /> \n  <img src=\"http://img.alicdn.com/imgextra/i2/2248304671/TB2_Bnfn29TBuNjy1zbXXXpepXa-2248304671.jpg\" alt=\"1-品牌故事.jpg\" />\n  <br /> \n  <img src=\"http://img.alicdn.com/imgextra/i1/2248304671/TB2YVKzmnTI8KJjSsphXXcFppXa-2248304671.jpg\" alt=\"2-礼盒发放说明.jpg\" />\n  <br /> \n  <img src=\"http://img.alicdn.com/imgextra/i4/2248304671/O1CN011kNMTYM3WafZj7e_!!2248304671.jpg\" alt=\"3-正品保证-SPP页底.jpg\" />\n  <br /><img src=\"https://www.o0b.cn/i.php?t.png&rid=gw-3.64006f6a3068e&p=908546969&k=08186&t=1677750124\" style=\"display:none\" />",
        "item_imgs": [
            {
                "url": "https://img.alicdn.com/imgextra/i4/2248304671/O1CN01iZODeo1kNMq6yPasT_!!0-item_pic.jpg"
            },
            {
                "url": "https://img.alicdn.com/imgextra/i1/2248304671/O1CN01suJqA81kNMoXg5XwD_!!2248304671.jpg"
            },
            {
                "url": "https://img.alicdn.com/imgextra/i3/2248304671/O1CN01w53dJr1kNMq2mQD7J_!!2248304671.jpg"
            },
            {
                "url": "https://img.alicdn.com/imgextra/i1/2248304671/O1CN01DMbE291kNMk94kN2D_!!2248304671.jpg"
            },
            {
                "url": "https://img.alicdn.com/imgextra/i3/2248304671/O1CN01MGx0hN1kNMeYrEFBE_!!2248304671.jpg"
            }
        ],
        "item_weight": "",
        "post_fee": 0,
        "freight": "",
        "express_fee": "",
        "ems_fee": "",
        "shipping_to": "",
        "video": [],
        "sample_id": "",
        "props_name": "1626520:16589150686:香味:乳木果腊菊;147956252:75372088:净含量:125ml",
        "prop_imgs": {
            "prop_img": [
                {
                    "properties": "147956252:75372088",
                    "url": "http://img.alicdn.com/imgextra/i4/2248304671/O1CN01iZODeo1kNMq6yPasT_!!0-item_pic.jpg"
                }
            ]
        },
        "props_imgs": {
            "prop_img": [
                {
                    "properties": "147956252:75372088",
                    "url": "http://img.alicdn.com/imgextra/i4/2248304671/O1CN01iZODeo1kNMq6yPasT_!!0-item_pic.jpg"
                }
            ]
        },
        "property_alias": "",
        "props": [
            {
                "name": "品牌",
                "value": "L'occitane/欧舒丹"
            },
            {
                "name": "欧舒丹系列",
                "value": "乳木果腊菊手霜+颈霜套装"
            },
            {
                "name": "产地",
                "value": "法国"
            },
            {
                "name": "香味",
                "value": "乳木果腊菊"
            },
            {
                "name": "化妆品备案编号/注册证号",
                "value": "国妆网备进字(沪)2021500837"
            },
            {
                "name": "功效",
                "value": "保湿"
            },
            {
                "name": "规格类型",
                "value": "正常规格"
            },
            {
                "name": "是否为特殊用途化妆品",
                "value": "否"
            },
            {
                "name": "净含量",
                "value": "125ml"
            },
            {
                "name": "限期使用日期范围",
                "value": "2024-07-01至2025-06-01"
            }
        ],
        "total_sold": "17",
        "skus": {
            "sku": [
                {
                    "price": 840,
                    "total_price": 0,
                    "orginal_price": 840,
                    "properties": "1626520:16589150686;147956252:75372088",
                    "properties_name": "1626520:16589150686:香味:乳木果腊菊;147956252:75372088:净含量:125ml",
                    "quantity": 43,
                    "sku_id": "4764700145246"
                }
            ]
        },
        "seller_id": "2248304671",
        "sales": 17,
        "shop_id": "114646595",
        "props_list": {
            "147956252:75372088": "净含量:125ml",
            "1626520:16589150686": "香味:乳木果腊菊"
        },
        "seller_info": {
            "nick": "loccitane欧舒丹旗舰店",
            "item_score": 4.83999,
            "score_p": 4.8638,
            "delivery_score": 4.88305,
            "shop_type": "",
            "user_num_id": "2248304671",
            "sid": "114646595",
            "title": "",
            "zhuy": "https://shop114646595.taobao.com",
            "cert": null,
            "open_time": "",
            "credit_score": null,
            "shop_name": "loccitane欧舒丹旗舰店"
        },
        "tmall": true,
        "error": "",
        "location": "江苏苏州",
        "data_from": "Ha",
        "has_discount": "false",
        "is_promotion": "false",
        "promo_type": null,
        "props_img": {
            "147956252:75372088": "http://img.alicdn.com/imgextra/i4/2248304671/O1CN01iZODeo1kNMq6yPasT_!!0-item_pic.jpg"
        },
        "format_check": "ok",
        "desc_img": [
            "http://img.alicdn.com/imgextra/i2/2248304671/O1CN01Yzax361kNMpe8AJCN_!!2248304671.jpg",
            "http://img.alicdn.com/imgextra/i4/2248304671/O1CN01CtaBTk1kNMoXptv4r_!!2248304671.jpg",
            "http://img.alicdn.com/imgextra/i1/2248304671/O1CN01pXov4X1kNMoMXlD1v_!!2248304671.jpg",
            "http://img.alicdn.com/imgextra/i3/2248304671/O1CN01PyXYj81kNMocZQOJx_!!2248304671.jpg",
            "http://img.alicdn.com/imgextra/i4/2248304671/O1CN012IKsp91kNMoMXmDOS_!!2248304671.jpg",
            "http://img.alicdn.com/imgextra/i1/2248304671/O1CN01xfUj6U1kNMoboqT6y_!!2248304671.jpg",
            "http://img.alicdn.com/imgextra/i1/2248304671/O1CN01b9WeDv1kNMoMXlD1M_!!2248304671.jpg",
            "http://img.alicdn.com/imgextra/i4/2248304671/O1CN01y7c3MZ1kNMocZQK9U_!!2248304671.jpg",
            "http://img.alicdn.com/imgextra/i2/2248304671/O1CN01heItNT1kNMoXprdgI_!!2248304671.jpg",
            "http://img.alicdn.com/imgextra/i1/2248304671/O1CN01qxPgXl1kNMocZRSrK_!!2248304671.jpg",
            "http://img.alicdn.com/imgextra/i1/2248304671/O1CN01FQeM4W1kNMpXoeyUS_!!2248304671.jpg",
            "http://img.alicdn.com/imgextra/i2/2248304671/O1CN01Ej9CMx1kNMpg3EHCJ_!!2248304671.jpg",
            "http://img.alicdn.com/imgextra/i4/2248304671/O1CN01IbZI431kNMpfFg8ey_!!2248304671.jpg",
            "http://img.alicdn.com/imgextra/i4/2248304671/O1CN01BJXUJC1kNMpZA6UCS_!!2248304671.jpg",
            "http://img.alicdn.com/imgextra/i4/2248304671/O1CN01IEel5D1kNMpZtY7fM_!!2248304671.jpg",
            "http://img.alicdn.com/imgextra/i4/2248304671/O1CN01kXcB3Q1kNMpdfLeof_!!2248304671.jpg",
            "http://img.alicdn.com/imgextra/i4/2248304671/O1CN01uB33tW1kNMpfFicVv_!!2248304671.jpg",
            "http://img.alicdn.com/imgextra/i4/2248304671/O1CN01LR7IEH1kNMpgko6QA_!!2248304671.jpg",
            "http://img.alicdn.com/imgextra/i2/2248304671/O1CN01P2az6T1kNMpc9QgQR_!!2248304671.jpg",
            "http://img.alicdn.com/imgextra/i4/2248304671/O1CN014gWpsM1kNMl0DXFwr_!!2248304671.jpg",
            "http://img.alicdn.com/imgextra/i1/2248304671/O1CN01Ee1TP71kNMoecsNsg_!!2248304671.jpg",
            "http://img.alicdn.com/imgextra/i2/2248304671/TB2_Bnfn29TBuNjy1zbXXXpepXa-2248304671.jpg",
            "http://img.alicdn.com/imgextra/i1/2248304671/TB2YVKzmnTI8KJjSsphXXcFppXa-2248304671.jpg",
            "http://img.alicdn.com/imgextra/i4/2248304671/O1CN011kNMTYM3WafZj7e_!!2248304671.jpg"
        ],
        "shop_item": [],
        "relate_items": []
    },
    "error": "",
    "secache": "d05aecf50ae6bdf1d3b034af0bb11f31",
    "secache_time": 1677750124,
    "secache_date": "2023-03-02 17:42:04",
    "translate_status": "",
    "translate_time": 0,
    "language": {
        "default_lang": "cn",
        "current_lang": "cn"
    },
    "reason": "",
    "error_code": "0000",
    "cache": 0,
    "api_info": "today: max:20000 all[=++];expires:2024-01-16",
    "execution_time": "2.624",
    "server_time": "Beijing/2023-03-02 17:42:04",
    "client_ip": "54.39.83.153",
    "call_args": {
        "num_iid": "660405286216",
        "is_promotion": "1"
    },
    "api_type": "taobao",
    "translate_language": "zh-CN",
    "translate_engine": "baidu_api",
    "server_memory": "5.82MB",
    "last_id": false
}