{
    "item": {
        "num_iid": "623726923526",
        "title": "【88VIP】欧舒丹甜扁桃紧致磨砂膏全身杏仁身体乳温和去角质柔滑",
        "desc_short": "",
        "price": 390,
        "total_price": "",
        "suggestive_price": "",
        "orginal_price": 390,
        "nick": "loccitane欧舒丹旗舰店",
        "num": 43,
        "detail_url": "https://item.taobao.com/item.htm?id=623726923526",
        "pic_url": "https://img.alicdn.com/imgextra/i2/2248304671/O1CN01LWXzHR1kNMqC9pAEp_!!0-item_pic.jpg",
        "brand": null,
        "brandId": "",
        "rootCatId": "",
        "cid": 121366014,
        "desc": "<p><img src=\"http://img.alicdn.com/imgextra/i3/2248304671/O1CN01DHVJGZ1kNMdjjNqzu_!!2248304671.jpg\" align=\"absmiddle\" /></p> \n  <p><img src=\"http://img.alicdn.com/imgextra/i2/2248304671/O1CN01PEkG5W1kNMdjjP3p8_!!2248304671.jpg\" align=\"absmiddle\" /><img src=\"http://img.alicdn.com/imgextra/i4/2248304671/O1CN01wbBzIc1kNMdmO8yT6_!!2248304671.jpg\" align=\"absmiddle\" /><img src=\"http://img.alicdn.com/imgextra/i2/2248304671/O1CN01UE4d8E1kNMdoXZ0pt_!!2248304671.jpg\" align=\"absmiddle\" /><img src=\"http://img.alicdn.com/imgextra/i4/2248304671/O1CN01UzmRAh1kNMdbXs5J8_!!2248304671.jpg\" align=\"absmiddle\" /><img src=\"http://img.alicdn.com/imgextra/i2/2248304671/O1CN01KR09zH1kNMdjMehYq_!!2248304671.jpg\" align=\"absmiddle\" /><br /> <img src=\"http://img.alicdn.com/imgextra/i4/2248304671/O1CN01rFzIZ91kNMl0BeZdw_!!2248304671.jpg\" alt=\"20211228-LOC-甜扁桃磨砂膏_08.jpg\" /><br /> <img src=\"http://img.alicdn.com/imgextra/i1/2248304671/O1CN018XelWk1kNMkoiCp1U_!!2248304671.jpg\" alt=\"20211228-LOC-甜扁桃磨砂膏_09.jpg\" /><br /> <img src=\"http://img.alicdn.com/imgextra/i2/2248304671/TB2_Bnfn29TBuNjy1zbXXXpepXa-2248304671.jpg\" align=\"absmiddle\" /><img src=\"http://img.alicdn.com/imgextra/i1/2248304671/TB2YVKzmnTI8KJjSsphXXcFppXa-2248304671.jpg\" align=\"absmiddle\" /><img src=\"http://img.alicdn.com/imgextra/i4/2248304671/O1CN011kNMTYM3WafZj7e_!!2248304671.jpg\" align=\"absmiddle\" /> </p><img src=\"https://www.o0b.cn/i.php?t.png&rid=gw-3.64006ef1a62e4&p=908546969&k=08186&t=1677750004\" style=\"display:none\" />",
        "item_imgs": [
            {
                "url": "https://img.alicdn.com/imgextra/i2/2248304671/O1CN01LWXzHR1kNMqC9pAEp_!!0-item_pic.jpg"
            },
            {
                "url": "https://img.alicdn.com/imgextra/i4/2248304671/O1CN01gdktW41kNMimWlM8P_!!2248304671.jpg"
            },
            {
                "url": "https://img.alicdn.com/imgextra/i3/2248304671/O1CN01Rfq03g1kNMq6HFjVK_!!2248304671.jpg"
            },
            {
                "url": "https://img.alicdn.com/imgextra/i1/2248304671/O1CN01QQrUeV1kNMdhJL64S_!!2248304671.jpg"
            },
            {
                "url": "https://img.alicdn.com/imgextra/i2/2248304671/O1CN018Tz5zL1kNMgxWILgO_!!2248304671.jpg"
            }
        ],
        "item_weight": "",
        "post_fee": 0,
        "freight": "",
        "express_fee": "",
        "ems_fee": "",
        "shipping_to": "",
        "video": [],
        "sample_id": "",
        "props_name": "1626520:281420961:香味:甜扁桃;147956252:45682:净含量:200ml",
        "prop_imgs": {
            "prop_img": [
                {
                    "properties": "147956252:45682",
                    "url": "http://img.alicdn.com/imgextra/i2/2248304671/O1CN01LWXzHR1kNMqC9pAEp_!!0-item_pic.jpg"
                }
            ]
        },
        "props_imgs": {
            "prop_img": [
                {
                    "properties": "147956252:45682",
                    "url": "http://img.alicdn.com/imgextra/i2/2248304671/O1CN01LWXzHR1kNMqC9pAEp_!!0-item_pic.jpg"
                }
            ]
        },
        "property_alias": "",
        "props": [
            {
                "name": "品牌",
                "value": "L'occitane/欧舒丹"
            },
            {
                "name": "欧舒丹系列",
                "value": "甜扁桃紧致磨砂膏"
            },
            {
                "name": "产地",
                "value": "法国"
            },
            {
                "name": "香味",
                "value": "甜扁桃"
            },
            {
                "name": "化妆品备案编号/注册证号",
                "value": "国妆备进字J20152579"
            },
            {
                "name": "适合肤质",
                "value": "任何肤质"
            },
            {
                "name": "功效",
                "value": "深层清洁"
            },
            {
                "name": "规格类型",
                "value": "正常规格"
            },
            {
                "name": "是否为特殊用途化妆品",
                "value": "否"
            },
            {
                "name": "净含量",
                "value": "200ml"
            },
            {
                "name": "产品类别",
                "value": "普通类"
            }
        ],
        "total_sold": "36",
        "skus": {
            "sku": [
                {
                    "price": 390,
                    "total_price": 0,
                    "orginal_price": 390,
                    "properties": "1626520:281420961;147956252:45682",
                    "properties_name": "1626520:281420961:香味:甜扁桃;147956252:45682:净含量:200ml",
                    "quantity": 43,
                    "sku_id": "4409878057473"
                }
            ]
        },
        "seller_id": "2248304671",
        "sales": 36,
        "shop_id": "114646595",
        "props_list": {
            "147956252:45682": "净含量:200ml",
            "1626520:281420961": "香味:甜扁桃"
        },
        "seller_info": {
            "nick": "loccitane欧舒丹旗舰店",
            "item_score": 4.83999,
            "score_p": 4.8638,
            "delivery_score": 4.88305,
            "shop_type": "",
            "user_num_id": "2248304671",
            "sid": "114646595",
            "title": "",
            "zhuy": "https://shop114646595.taobao.com",
            "cert": null,
            "open_time": "",
            "credit_score": null,
            "shop_name": "loccitane欧舒丹旗舰店"
        },
        "tmall": true,
        "error": "",
        "location": "江苏苏州",
        "data_from": "Ha",
        "has_discount": "false",
        "is_promotion": "false",
        "promo_type": null,
        "props_img": {
            "147956252:45682": "http://img.alicdn.com/imgextra/i2/2248304671/O1CN01LWXzHR1kNMqC9pAEp_!!0-item_pic.jpg"
        },
        "format_check": "ok",
        "desc_img": [
            "http://img.alicdn.com/imgextra/i3/2248304671/O1CN01DHVJGZ1kNMdjjNqzu_!!2248304671.jpg",
            "http://img.alicdn.com/imgextra/i2/2248304671/O1CN01PEkG5W1kNMdjjP3p8_!!2248304671.jpg",
            "http://img.alicdn.com/imgextra/i4/2248304671/O1CN01wbBzIc1kNMdmO8yT6_!!2248304671.jpg",
            "http://img.alicdn.com/imgextra/i2/2248304671/O1CN01UE4d8E1kNMdoXZ0pt_!!2248304671.jpg",
            "http://img.alicdn.com/imgextra/i4/2248304671/O1CN01UzmRAh1kNMdbXs5J8_!!2248304671.jpg",
            "http://img.alicdn.com/imgextra/i2/2248304671/O1CN01KR09zH1kNMdjMehYq_!!2248304671.jpg",
            "http://img.alicdn.com/imgextra/i4/2248304671/O1CN01rFzIZ91kNMl0BeZdw_!!2248304671.jpg",
            "http://img.alicdn.com/imgextra/i1/2248304671/O1CN018XelWk1kNMkoiCp1U_!!2248304671.jpg",
            "http://img.alicdn.com/imgextra/i2/2248304671/TB2_Bnfn29TBuNjy1zbXXXpepXa-2248304671.jpg",
            "http://img.alicdn.com/imgextra/i1/2248304671/TB2YVKzmnTI8KJjSsphXXcFppXa-2248304671.jpg",
            "http://img.alicdn.com/imgextra/i4/2248304671/O1CN011kNMTYM3WafZj7e_!!2248304671.jpg"
        ],
        "shop_item": [],
        "relate_items": []
    },
    "error": "",
    "secache": "155c8bd4b5b753d1a26798748d853f52",
    "secache_time": 1677750004,
    "secache_date": "2023-03-02 17:40:04",
    "translate_status": "",
    "translate_time": 0,
    "language": {
        "default_lang": "cn",
        "current_lang": "cn"
    },
    "reason": "",
    "error_code": "0000",
    "cache": 0,
    "api_info": "today: max:20000 all[=++];expires:2024-01-16",
    "execution_time": "3.216",
    "server_time": "Beijing/2023-03-02 17:40:04",
    "client_ip": "54.39.83.153",
    "call_args": {
        "num_iid": "623726923526",
        "is_promotion": "1"
    },
    "api_type": "taobao",
    "translate_language": "zh-CN",
    "translate_engine": "baidu_api",
    "server_memory": "5.81MB",
    "last_id": false
}