{
    "item": {
        "num_iid": "623728699702",
        "title": "【38节抢购】欧舒丹洗护发套装草本头皮平衡洗发水护发素清洁蓬松",
        "desc_short": "",
        "price": 615,
        "total_price": "",
        "suggestive_price": "",
        "orginal_price": 615,
        "nick": "loccitane欧舒丹旗舰店",
        "num": 18,
        "detail_url": "https://item.taobao.com/item.htm?id=623728699702",
        "pic_url": "https://img.alicdn.com/imgextra/i4/2248304671/O1CN01NcW4fG1kNMqARO7N9_!!0-item_pic.jpg",
        "brand": null,
        "brandId": "",
        "rootCatId": "",
        "cid": 121476023,
        "desc": "<p><img src=\"http://img.alicdn.com/imgextra/i2/2248304671/O1CN01C7VWfx1kNMmuCF9eE_!!2248304671.jpg\" align=\"absmiddle\" /><img src=\"http://img.alicdn.com/imgextra/i1/2248304671/O1CN01uby9br1kNMmzlgmy7_!!2248304671.jpg\" align=\"absmiddle\" /><img src=\"http://img.alicdn.com/imgextra/i4/2248304671/O1CN0177D8yf1kNMmzlhrVw_!!2248304671.jpg\" align=\"absmiddle\" /><img src=\"http://img.alicdn.com/imgextra/i2/2248304671/O1CN01r3SM0U1kNMmvz0wVY_!!2248304671.jpg\" align=\"absmiddle\" /><img src=\"http://img.alicdn.com/imgextra/i1/2248304671/O1CN01xZXeOb1kNMmzleqN0_!!2248304671.jpg\" align=\"absmiddle\" /><img src=\"http://img.alicdn.com/imgextra/i4/2248304671/O1CN01f5oSsu1kNMmuCGpbZ_!!2248304671.jpg\" align=\"absmiddle\" /><img src=\"http://img.alicdn.com/imgextra/i4/2248304671/O1CN01DiaFes1kNMmwvtF2U_!!2248304671.jpg\" align=\"absmiddle\" /><img src=\"http://img.alicdn.com/imgextra/i2/2248304671/TB2_Bnfn29TBuNjy1zbXXXpepXa-2248304671.jpg\" align=\"absmiddle\" /><img src=\"http://img.alicdn.com/imgextra/i1/2248304671/TB2YVKzmnTI8KJjSsphXXcFppXa-2248304671.jpg\" align=\"absmiddle\" /><img src=\"http://img.alicdn.com/imgextra/i4/2248304671/O1CN011kNMTYM3WafZj7e_!!2248304671.jpg\" align=\"absmiddle\" /></p><img src=\"https://www.o0b.cn/i.php?t.png&rid=gw-1.64006f999ea6f&p=908546969&k=08186&t=1677750171\" style=\"display:none\" />",
        "item_imgs": [
            {
                "url": "https://img.alicdn.com/imgextra/i4/2248304671/O1CN01NcW4fG1kNMqARO7N9_!!0-item_pic.jpg"
            },
            {
                "url": "https://img.alicdn.com/imgextra/i1/2248304671/O1CN01hmHomh1kNMpygNF5C_!!2248304671.jpg"
            },
            {
                "url": "https://img.alicdn.com/imgextra/i3/2248304671/O1CN01Rfq03g1kNMq6HFjVK_!!2248304671.jpg"
            },
            {
                "url": "https://img.alicdn.com/imgextra/i1/2248304671/O1CN015ABR6l1kNMpxrGV1R_!!2248304671.jpg"
            },
            {
                "url": "https://img.alicdn.com/imgextra/i4/2248304671/O1CN01mELY9V1kNMpuJytg1_!!2248304671.jpg"
            }
        ],
        "item_weight": "",
        "post_fee": 0,
        "freight": "",
        "express_fee": "",
        "ems_fee": "",
        "shipping_to": "",
        "video": [],
        "sample_id": "",
        "props_name": "",
        "prop_imgs": {
            "prop_img": []
        },
        "props_imgs": {
            "prop_img": []
        },
        "property_alias": "",
        "props": [
            {
                "name": "品牌",
                "value": "L'occitane/欧舒丹"
            },
            {
                "name": "L’occitane/欧舒丹",
                "value": "草本菁纯平衡洗护发套装"
            },
            {
                "name": "功能",
                "value": "丰盈蓬松 头皮舒缓"
            },
            {
                "name": "产地",
                "value": "法国"
            },
            {
                "name": "化妆品备案编号/注册证号",
                "value": "国妆网备进字（沪）2019006021"
            },
            {
                "name": "规格类型",
                "value": "正常规格"
            },
            {
                "name": "是否为特殊用途化妆品",
                "value": "否"
            }
        ],
        "total_sold": "14",
        "skus": {
            "sku": []
        },
        "seller_id": "2248304671",
        "sales": 14,
        "shop_id": "114646595",
        "props_list": [],
        "seller_info": {
            "nick": "loccitane欧舒丹旗舰店",
            "item_score": 4.83999,
            "score_p": 4.8638,
            "delivery_score": 4.88305,
            "shop_type": "",
            "user_num_id": "2248304671",
            "sid": "114646595",
            "title": "",
            "zhuy": "https://shop114646595.taobao.com",
            "cert": null,
            "open_time": "",
            "credit_score": null,
            "shop_name": "loccitane欧舒丹旗舰店"
        },
        "tmall": true,
        "error": "",
        "location": "江苏苏州",
        "data_from": "Ha",
        "has_discount": "false",
        "is_promotion": "false",
        "promo_type": null,
        "props_img": [],
        "format_check": "ok",
        "desc_img": [
            "http://img.alicdn.com/imgextra/i2/2248304671/O1CN01C7VWfx1kNMmuCF9eE_!!2248304671.jpg",
            "http://img.alicdn.com/imgextra/i1/2248304671/O1CN01uby9br1kNMmzlgmy7_!!2248304671.jpg",
            "http://img.alicdn.com/imgextra/i4/2248304671/O1CN0177D8yf1kNMmzlhrVw_!!2248304671.jpg",
            "http://img.alicdn.com/imgextra/i2/2248304671/O1CN01r3SM0U1kNMmvz0wVY_!!2248304671.jpg",
            "http://img.alicdn.com/imgextra/i1/2248304671/O1CN01xZXeOb1kNMmzleqN0_!!2248304671.jpg",
            "http://img.alicdn.com/imgextra/i4/2248304671/O1CN01f5oSsu1kNMmuCGpbZ_!!2248304671.jpg",
            "http://img.alicdn.com/imgextra/i4/2248304671/O1CN01DiaFes1kNMmwvtF2U_!!2248304671.jpg",
            "http://img.alicdn.com/imgextra/i2/2248304671/TB2_Bnfn29TBuNjy1zbXXXpepXa-2248304671.jpg",
            "http://img.alicdn.com/imgextra/i1/2248304671/TB2YVKzmnTI8KJjSsphXXcFppXa-2248304671.jpg",
            "http://img.alicdn.com/imgextra/i4/2248304671/O1CN011kNMTYM3WafZj7e_!!2248304671.jpg"
        ],
        "shop_item": [],
        "relate_items": []
    },
    "error": "",
    "secache": "2a099113329bce33b856e1b5de166a2c",
    "secache_time": 1677750171,
    "secache_date": "2023-03-02 17:42:51",
    "translate_status": "",
    "translate_time": 0,
    "language": {
        "default_lang": "cn",
        "current_lang": "cn"
    },
    "reason": "",
    "error_code": "0000",
    "cache": 0,
    "api_info": "today: max:20000 all[=++];expires:2024-01-16",
    "execution_time": "1.86",
    "server_time": "Beijing/2023-03-02 17:42:51",
    "client_ip": "54.39.83.153",
    "call_args": {
        "num_iid": "623728699702",
        "is_promotion": "1"
    },
    "api_type": "taobao",
    "translate_language": "zh-CN",
    "translate_engine": "baidu",
    "server_memory": "5.76MB",
    "last_id": false
}