{
    "item": {
        "num_iid": "531404855745",
        "title": "【官方正品】欧舒丹身体乳果漾马鞭草润肤露男女全身滋润保湿补水",
        "desc_short": "",
        "price": "260",
        "total_price": 0,
        "suggestive_price": 0,
        "orginal_price": "260",
        "nick": "loccitane欧舒丹旗舰店",
        "num": 57,
        "min_num": 0,
        "detail_url": "https://item.taobao.com/item.htm?id=531404855745",
        "pic_url": "//img.alicdn.com/imgextra/i1/2248304671/O1CN017OUJpX1kNMlxpIgAK_!!0-item_pic.jpg",
        "brand": "L'occitane/欧舒丹",
        "brandId": null,
        "rootCatId": "1801",
        "cid": "121396013",
        "crumbs": [],
        "created_time": "",
        "modified_time": "",
        "delist_time": "",
        "desc": "<p><img src=\"http://img.alicdn.com/imgextra/i1/2248304671/O1CN01oTrAwW1kNMlfJYCgY_!!2248304671.jpg\" align=\"absmiddle\" /> </p> \n  <table border=\"0\" cellpadding=\"0\" cellspacing=\"0\" width=\"790\"> \n   <tbody>\n    <tr> \n     <td> <p><img alt=\"20170316-欧舒丹-果漾马鞭草润肤露250mlSPP-PC_01.jpg\" src=\"http://img.alicdn.com/imgextra/i4/2248304671/TB2A5geibtlpuFjSspoXXbcDpXa_!!2248304671.jpg\" /></p> </td> \n    </tr> \n   </tbody>\n  </table> \n  <table border=\"0\" cellpadding=\"0\" cellspacing=\"0\" width=\"790\"> \n   <tbody>\n    <tr> \n     <td> <img alt=\"20170316-欧舒丹-果漾马鞭草润肤露250mlSPP-PC_02.jpg\" src=\"http://img.alicdn.com/imgextra/i2/2248304671/TB227MTjNtmpuFjSZFqXXbHFpXa_!!2248304671.jpg\" /> </td> \n    </tr> \n   </tbody>\n  </table> \n  <table border=\"0\" cellpadding=\"0\" cellspacing=\"0\" width=\"790\"> \n   <tbody>\n    <tr> \n     <td> <img alt=\"20170316-欧舒丹-果漾马鞭草润肤露250mlSPP-PC_03.jpg\" src=\"http://img.alicdn.com/imgextra/i1/2248304671/TB2744lj5RnpuFjSZFCXXX2DXXa_!!2248304671.jpg\" /> </td> \n    </tr> \n   </tbody>\n  </table> \n  <table border=\"0\" cellpadding=\"0\" cellspacing=\"0\" width=\"790\"> \n   <tbody>\n    <tr> \n     <td> <img alt=\"20170316-欧舒丹-果漾马鞭草润肤露250mlSPP-PC_04.jpg\" src=\"http://img.alicdn.com/imgextra/i4/2248304671/TB2h48lj5RnpuFjSZFCXXX2DXXa_!!2248304671.jpg\" /> </td> \n    </tr> \n   </tbody>\n  </table> \n  <table border=\"0\" cellpadding=\"0\" cellspacing=\"0\" width=\"790\"> \n   <tbody>\n    <tr> \n     <td> <img alt=\"20170316-欧舒丹-果漾马鞭草润肤露250mlSPP-PC_05.jpg\" src=\"http://img.alicdn.com/imgextra/i3/2248304671/TB2tjHUibBkpuFjy1zkXXbSpFXa_!!2248304671.jpg\" /> </td> \n    </tr> \n   </tbody>\n  </table> \n  <table border=\"0\" cellpadding=\"0\" cellspacing=\"0\" width=\"790\"> \n   <tbody>\n    <tr> \n     <td> <img src=\"http://img.alicdn.com/imgextra/i1/2248304671/O1CN01W9v4EZ1kNMlgky1uA_!!2248304671.jpg\" align=\"absmiddle\" /> </td> \n    </tr> \n   </tbody>\n  </table> \n  <table border=\"0\" cellpadding=\"0\" cellspacing=\"0\" width=\"790\"> \n   <tbody>\n    <tr> \n     <td> <img alt=\"20170316-欧舒丹-果漾马鞭草润肤露250mlSPP-PC_07.jpg\" src=\"http://img.alicdn.com/imgextra/i2/2248304671/TB2x2pfb77myKJjSZFzXXXgDpXa_!!2248304671.jpg\" /> </td> \n     <td> <img alt=\"20170316-欧舒丹-果漾马鞭草润肤露250mlSPP-PC_08.jpg\" src=\"http://img.alicdn.com/imgextra/i1/2248304671/TB2uKpcbYAlyKJjSZFBXXbtiFXa_!!2248304671.jpg\" /> </td> \n     <td> <img alt=\"20170316-欧舒丹-果漾马鞭草润肤露250mlSPP-PC_09.jpg\" src=\"http://img.alicdn.com/imgextra/i4/2248304671/TB2WS8hb_IlyKJjSZFrXXXn2VXa_!!2248304671.jpg\" /> </td> \n     <td> <img alt=\"20170316-欧舒丹-果漾马鞭草润肤露250mlSPP-PC_10.jpg\" src=\"http://img.alicdn.com/imgextra/i1/2248304671/TB2LCZ9bHAlyKJjSZFwXXXtqpXa_!!2248304671.jpg\" /> </td> \n    </tr> \n   </tbody>\n  </table> \n  <table border=\"0\" cellpadding=\"0\" cellspacing=\"0\" width=\"790\"> \n   <tbody>\n    <tr> \n     <td> <img alt=\"20170316-欧舒丹-果漾马鞭草润肤露250mlSPP-PC_11.jpg\" src=\"http://img.alicdn.com/imgextra/i2/2248304671/TB2AyXcjZtnpuFjSZFKXXalFFXa_!!2248304671.jpg\" /><img align=\"absmiddle\" src=\"http://img.alicdn.com/imgextra/i2/2248304671/TB2_Bnfn29TBuNjy1zbXXXpepXa-2248304671.jpg\" /> </td> \n    </tr> \n   </tbody>\n  </table> \n  <p><br /> <img align=\"absmiddle\" src=\"http://img.alicdn.com/imgextra/i1/2248304671/TB2YVKzmnTI8KJjSsphXXcFppXa-2248304671.jpg\" /><img align=\"absmiddle\" src=\"http://img.alicdn.com/imgextra/i4/2248304671/O1CN011kNMTYM3WafZj7e_!!2248304671.jpg\" /></p><img src=\"https://www.o0b.cn/i.php?t.png&rid=gw-1.64006d2fa8fee&p=908546969&k=08186&t=1677749554\" style=\"display:none\" />",
        "desc_img": [
            "http://img.alicdn.com/imgextra/i1/2248304671/O1CN01oTrAwW1kNMlfJYCgY_!!2248304671.jpg",
            "http://img.alicdn.com/imgextra/i4/2248304671/TB2A5geibtlpuFjSspoXXbcDpXa_!!2248304671.jpg",
            "http://img.alicdn.com/imgextra/i2/2248304671/TB227MTjNtmpuFjSZFqXXbHFpXa_!!2248304671.jpg",
            "http://img.alicdn.com/imgextra/i1/2248304671/TB2744lj5RnpuFjSZFCXXX2DXXa_!!2248304671.jpg",
            "http://img.alicdn.com/imgextra/i4/2248304671/TB2h48lj5RnpuFjSZFCXXX2DXXa_!!2248304671.jpg",
            "http://img.alicdn.com/imgextra/i3/2248304671/TB2tjHUibBkpuFjy1zkXXbSpFXa_!!2248304671.jpg",
            "http://img.alicdn.com/imgextra/i1/2248304671/O1CN01W9v4EZ1kNMlgky1uA_!!2248304671.jpg",
            "http://img.alicdn.com/imgextra/i2/2248304671/TB2x2pfb77myKJjSZFzXXXgDpXa_!!2248304671.jpg",
            "http://img.alicdn.com/imgextra/i1/2248304671/TB2uKpcbYAlyKJjSZFBXXbtiFXa_!!2248304671.jpg",
            "http://img.alicdn.com/imgextra/i4/2248304671/TB2WS8hb_IlyKJjSZFrXXXn2VXa_!!2248304671.jpg",
            "http://img.alicdn.com/imgextra/i1/2248304671/TB2LCZ9bHAlyKJjSZFwXXXtqpXa_!!2248304671.jpg",
            "http://img.alicdn.com/imgextra/i2/2248304671/TB2AyXcjZtnpuFjSZFKXXalFFXa_!!2248304671.jpg",
            "http://img.alicdn.com/imgextra/i2/2248304671/TB2_Bnfn29TBuNjy1zbXXXpepXa-2248304671.jpg",
            "http://img.alicdn.com/imgextra/i1/2248304671/TB2YVKzmnTI8KJjSsphXXcFppXa-2248304671.jpg",
            "http://img.alicdn.com/imgextra/i4/2248304671/O1CN011kNMTYM3WafZj7e_!!2248304671.jpg"
        ],
        "item_imgs": [
            {
                "url": "//img.alicdn.com/imgextra/i1/2248304671/O1CN017OUJpX1kNMlxpIgAK_!!0-item_pic.jpg"
            },
            {
                "url": "//img.alicdn.com/imgextra/i4/2248304671/O1CN01nKOzg51kNMlbuUxUj_!!2248304671.jpg"
            },
            {
                "url": "//img.alicdn.com/imgextra/i2/2248304671/TB2g89KG7SWBuNjSszdXXbeSpXa_!!2248304671.jpg"
            },
            {
                "url": "//img.alicdn.com/imgextra/i3/2248304671/O1CN01GZ1mdC1kNMeKjeJJN_!!2248304671.jpg"
            }
        ],
        "item_weight": "",
        "item_size": "",
        "location": "江苏苏州",
        "post_fee": 0,
        "express_fee": null,
        "ems_fee": "",
        "shipping_to": "",
        "has_discount": "false",
        "video": {
            "url": null
        },
        "is_virtual": "",
        "sample_id": "",
        "is_promotion": "false",
        "props_name": "1626520:80163748:香味:马鞭草香;122276315:3289490:款式:基本款;147956252:45789:净含量:250ml",
        "prop_imgs": {
            "prop_img": []
        },
        "property_alias": "",
        "props": [
            {
                "name": "品牌",
                "value": "L'occitane/欧舒丹"
            },
            {
                "name": "欧舒丹系列",
                "value": "果漾马鞭草润肤露"
            },
            {
                "name": "产地",
                "value": "法国"
            },
            {
                "name": "香味",
                "value": "马鞭草香"
            },
            {
                "name": "化妆品备案编号/注册证号",
                "value": "国妆备进字J20156567"
            },
            {
                "name": "原料成分",
                "value": "马鞭草"
            },
            {
                "name": "功效",
                "value": "滋润"
            },
            {
                "name": "规格类型",
                "value": "正常规格"
            },
            {
                "name": "款式",
                "value": "基本款"
            },
            {
                "name": "是否为特殊用途化妆品",
                "value": "否"
            },
            {
                "name": "净含量",
                "value": "250ml"
            },
            {
                "name": "产品类别",
                "value": "普通类"
            },
            {
                "name": "限期使用日期范围",
                "value": "2024-04-01至2024-04-30"
            },
            {
                "name": "化妆品保质期",
                "value": "36个月"
            }
        ],
        "total_sold": null,
        "skus": {
            "sku": [
                {
                    "price": "260",
                    "total_price": 0,
                    "orginal_price": "260",
                    "properties": "1626520:80163748;122276315:3289490;147956252:45789",
                    "properties_name": "1626520:80163748:香味:马鞭草香;122276315:3289490:款式:基本款;147956252:45789:净含量:250ml",
                    "quantity": "57",
                    "sku_id": "3169248380648"
                }
            ]
        },
        "seller_id": "2248304671",
        "sales": 100,
        "shop_id": "114646595",
        "props_list": {
            "1626520:80163748": "香味:马鞭草香",
            "122276315:3289490": "款式:基本款",
            "147956252:45789": "净含量:250ml"
        },
        "seller_info": {
            "nick": "loccitane欧舒丹旗舰店",
            "item_score": "4.8 ",
            "score_p": "4.8 ",
            "delivery_score": "4.8 ",
            "shop_type": "B",
            "user_num_id": "2248304671",
            "sid": "114646595",
            "title": "L’OCCITANE欧舒丹官方旗舰店",
            "zhuy": "https://shop114646595.taobao.com/",
            "shop_name": "L’OCCITANE欧舒丹官方旗舰店"
        },
        "tmall": true,
        "error": "",
        "warning": "",
        "url_log": [],
        "fav_count": "9028",
        "fans_count": "784.3万",
        "freight": "快递: 免运费",
        "props_imgs": {
            "prop_img": []
        },
        "_ddf": "fu",
        "promo_type": null,
        "props_img": [],
        "format_check": "ok",
        "shop_item": [],
        "relate_items": []
    },
    "error": "",
    "secache": "00f8b463f88388b9c982f1fff72a600f",
    "secache_time": 1677749554,
    "secache_date": "2023-03-02 17:32:34",
    "translate_status": "",
    "translate_time": 0,
    "language": {
        "default_lang": "cn",
        "current_lang": "cn"
    },
    "reason": "",
    "error_code": "0000",
    "cache": 0,
    "api_info": "today: max:20000 all[=++];expires:2024-01-16",
    "execution_time": "3.212",
    "server_time": "Beijing/2023-03-02 17:32:34",
    "client_ip": "54.39.83.153",
    "call_args": {
        "num_iid": "531404855745",
        "is_promotion": "1"
    },
    "api_type": "taobao",
    "translate_language": "zh-CN",
    "translate_engine": "baidu",
    "server_memory": "5.79MB",
    "last_id": false
}