{
    "item": {
        "num_iid": "683468333132",
        "title": "【38节抢购】欧舒丹沐浴露甜蜜樱花沐浴啫喱全身清洁身体留香香体",
        "desc_short": "",
        "price": 335,
        "total_price": "",
        "suggestive_price": "",
        "orginal_price": 335,
        "nick": "loccitane欧舒丹旗舰店",
        "num": 183,
        "detail_url": "https://item.taobao.com/item.htm?id=683468333132",
        "pic_url": "https://img.alicdn.com/imgextra/i2/2248304671/O1CN01DSud6f1kNMqB5sHAk_!!0-item_pic.jpg",
        "brand": null,
        "brandId": "",
        "rootCatId": "",
        "cid": 121386011,
        "desc": "<p><img src=\"http://img.alicdn.com/imgextra/i1/2248304671/O1CN01RwXQP41kNMpbQUqpj_!!2248304671.jpg\" align=\"absmiddle\" /><img src=\"http://img.alicdn.com/imgextra/i3/2248304671/O1CN01dfYkn61kNMplcQjPN_!!2248304671.jpg\" align=\"absmiddle\" /><img src=\"http://img.alicdn.com/imgextra/i3/2248304671/O1CN0121UxpJ1kNMpV3G4Hk_!!2248304671.jpg\" align=\"absmiddle\" /><img src=\"http://img.alicdn.com/imgextra/i3/2248304671/O1CN0126A64b1kNMpb7tUXU_!!2248304671.jpg\" align=\"absmiddle\" /><img src=\"http://img.alicdn.com/imgextra/i3/2248304671/O1CN01uO4dwu1kNMpmRWXNx_!!2248304671.jpg\" align=\"absmiddle\" /><img src=\"http://img.alicdn.com/imgextra/i1/2248304671/O1CN01J4Uq6P1kNMphDwkN0_!!2248304671.jpg\" align=\"absmiddle\" /><img src=\"http://img.alicdn.com/imgextra/i2/2248304671/O1CN01gC850S1kNMpiigsnh_!!2248304671.jpg\" align=\"absmiddle\" /><img src=\"http://img.alicdn.com/imgextra/i1/2248304671/O1CN01FYV2uG1kNMo2jd1RF_!!2248304671.jpg\" align=\"absmiddle\" /><img src=\"http://img.alicdn.com/imgextra/i2/2248304671/TB2_Bnfn29TBuNjy1zbXXXpepXa-2248304671.jpg\" align=\"absmiddle\" /><img src=\"http://img.alicdn.com/imgextra/i1/2248304671/TB2YVKzmnTI8KJjSsphXXcFppXa-2248304671.jpg\" align=\"absmiddle\" /><img src=\"http://img.alicdn.com/imgextra/i4/2248304671/O1CN011kNMTYM3WafZj7e_!!2248304671.jpg\" align=\"absmiddle\" /></p><img src=\"https://www.o0b.cn/i.php?t.png&rid=gw-4.64006bc2cd406&p=908546969&k=08186&t=1677749188\" style=\"display:none\" />",
        "item_imgs": [
            {
                "url": "https://img.alicdn.com/imgextra/i2/2248304671/O1CN01DSud6f1kNMqB5sHAk_!!0-item_pic.jpg"
            },
            {
                "url": "https://img.alicdn.com/imgextra/i2/2248304671/O1CN01wTakLD1kNMpnVDyJw_!!2248304671.jpg"
            },
            {
                "url": "https://img.alicdn.com/imgextra/i3/2248304671/O1CN01Rfq03g1kNMq6HFjVK_!!2248304671.jpg"
            },
            {
                "url": "https://img.alicdn.com/imgextra/i4/2248304671/O1CN01DhdWzV1kNMoPD8tDE_!!2248304671.jpg"
            },
            {
                "url": "https://img.alicdn.com/imgextra/i1/2248304671/O1CN01v5IpbO1kNMachrGoh_!!2248304671.jpg"
            }
        ],
        "item_weight": "",
        "post_fee": 0,
        "freight": "",
        "express_fee": "",
        "ems_fee": "",
        "shipping_to": "",
        "video": [],
        "sample_id": "",
        "props_name": "1626520:29318813:香味:樱花香;147956252:75367556:净含量:500ml",
        "prop_imgs": {
            "prop_img": [
                {
                    "properties": "147956252:75367556",
                    "url": "http://img.alicdn.com/imgextra/i2/2248304671/O1CN01DSud6f1kNMqB5sHAk_!!0-item_pic.jpg"
                }
            ]
        },
        "props_imgs": {
            "prop_img": [
                {
                    "properties": "147956252:75367556",
                    "url": "http://img.alicdn.com/imgextra/i2/2248304671/O1CN01DSud6f1kNMqB5sHAk_!!0-item_pic.jpg"
                }
            ]
        },
        "property_alias": "",
        "props": [
            {
                "name": "品牌",
                "value": "L'occitane/欧舒丹"
            },
            {
                "name": "欧舒丹系列",
                "value": "欧舒丹甜蜜樱花香氛沐浴啫喱套装"
            },
            {
                "name": "产地",
                "value": "法国"
            },
            {
                "name": "香味",
                "value": "樱花香"
            },
            {
                "name": "化妆品备案编号/注册证号",
                "value": "国妆网备进字（沪）2021504044"
            },
            {
                "name": "功效",
                "value": "清洁"
            },
            {
                "name": "规格类型",
                "value": "正常规格"
            },
            {
                "name": "是否为特殊用途化妆品",
                "value": "否"
            },
            {
                "name": "净含量",
                "value": "500ml"
            },
            {
                "name": "产品类别",
                "value": "普通类"
            },
            {
                "name": "限期使用日期范围",
                "value": "2024-02-01至2025-01-30"
            }
        ],
        "total_sold": "-1",
        "skus": {
            "sku": [
                {
                    "price": 335,
                    "total_price": 0,
                    "orginal_price": 335,
                    "properties": "1626520:29318813;147956252:75367556",
                    "properties_name": "1626520:29318813:香味:樱花香;147956252:75367556:净含量:500ml",
                    "quantity": 183,
                    "sku_id": "4890184921688"
                }
            ]
        },
        "seller_id": "2248304671",
        "sales": 100,
        "shop_id": "114646595",
        "props_list": {
            "147956252:75367556": "净含量:500ml",
            "1626520:29318813": "香味:樱花香"
        },
        "seller_info": {
            "nick": "loccitane欧舒丹旗舰店",
            "item_score": 4.83999,
            "score_p": 4.8638,
            "delivery_score": 4.88305,
            "shop_type": "",
            "user_num_id": "2248304671",
            "sid": "114646595",
            "title": "",
            "zhuy": "https://shop114646595.taobao.com",
            "cert": null,
            "open_time": "",
            "credit_score": null,
            "shop_name": "loccitane欧舒丹旗舰店"
        },
        "tmall": true,
        "error": "",
        "location": "江苏苏州",
        "data_from": "Ha",
        "has_discount": "false",
        "is_promotion": "false",
        "promo_type": null,
        "props_img": {
            "147956252:75367556": "http://img.alicdn.com/imgextra/i2/2248304671/O1CN01DSud6f1kNMqB5sHAk_!!0-item_pic.jpg"
        },
        "format_check": "ok",
        "desc_img": [
            "http://img.alicdn.com/imgextra/i1/2248304671/O1CN01RwXQP41kNMpbQUqpj_!!2248304671.jpg",
            "http://img.alicdn.com/imgextra/i3/2248304671/O1CN01dfYkn61kNMplcQjPN_!!2248304671.jpg",
            "http://img.alicdn.com/imgextra/i3/2248304671/O1CN0121UxpJ1kNMpV3G4Hk_!!2248304671.jpg",
            "http://img.alicdn.com/imgextra/i3/2248304671/O1CN0126A64b1kNMpb7tUXU_!!2248304671.jpg",
            "http://img.alicdn.com/imgextra/i3/2248304671/O1CN01uO4dwu1kNMpmRWXNx_!!2248304671.jpg",
            "http://img.alicdn.com/imgextra/i1/2248304671/O1CN01J4Uq6P1kNMphDwkN0_!!2248304671.jpg",
            "http://img.alicdn.com/imgextra/i2/2248304671/O1CN01gC850S1kNMpiigsnh_!!2248304671.jpg",
            "http://img.alicdn.com/imgextra/i1/2248304671/O1CN01FYV2uG1kNMo2jd1RF_!!2248304671.jpg",
            "http://img.alicdn.com/imgextra/i2/2248304671/TB2_Bnfn29TBuNjy1zbXXXpepXa-2248304671.jpg",
            "http://img.alicdn.com/imgextra/i1/2248304671/TB2YVKzmnTI8KJjSsphXXcFppXa-2248304671.jpg",
            "http://img.alicdn.com/imgextra/i4/2248304671/O1CN011kNMTYM3WafZj7e_!!2248304671.jpg"
        ],
        "shop_item": [],
        "relate_items": []
    },
    "error": "",
    "secache": "ef3afdf985d3a5629fb307840a1c0731",
    "secache_time": 1677749188,
    "secache_date": "2023-03-02 17:26:28",
    "translate_status": "",
    "translate_time": 0,
    "language": {
        "default_lang": "cn",
        "current_lang": "cn"
    },
    "reason": "",
    "error_code": "0000",
    "cache": 0,
    "api_info": "today: max:20000 all[=++];expires:2024-01-16",
    "execution_time": "1.981",
    "server_time": "Beijing/2023-03-02 17:26:28",
    "client_ip": "54.39.83.153",
    "call_args": {
        "num_iid": "683468333132",
        "is_promotion": "1"
    },
    "api_type": "taobao",
    "translate_language": "zh-CN",
    "translate_engine": "baidu",
    "server_memory": "0.78MB",
    "last_id": false
}