{
    "item": {
        "num_iid": "524140199990",
        "title": "【38节抢购】欧舒丹香水樱花淡香水75ml淡香氛花香调香氛女士留香",
        "desc_short": "",
        "price": 570,
        "total_price": "",
        "suggestive_price": "",
        "orginal_price": 570,
        "nick": "loccitane欧舒丹旗舰店",
        "num": 93,
        "detail_url": "https://item.taobao.com/item.htm?id=524140199990",
        "pic_url": "https://img.alicdn.com/imgextra/i1/2248304671/O1CN01diUHnI1kNMq0bpVxf_!!0-item_pic.jpg",
        "brand": null,
        "brandId": "",
        "rootCatId": "",
        "cid": 50010815,
        "desc": "<img class=\"desc_anchor\" id=\"desc-module-1\" src=\"http://assets.alicdn.com/kissy/1.0.0/build/imglazyload/spaceball.gif\" />\n  <p> </p>\n  <p> </p>\n  <p> </p>\n  <p> </p>\n  <p> </p>\n  <p> </p>\n  <p> </p>\n  <p> </p>\n  <p> </p>\n  <p> </p>\n  <p> </p>\n  <p><span >本链接产品版本升级 随机发货</span></p> \n  <p></p> \n  <p></p> \n  <p></p> \n  <p></p> \n  <p></p> \n  <p><span >旧版标签：欧舒丹甜蜜樱花淡香水</span></p> \n  <p></p> \n  <p></p> \n  <p><span >新版标签：欧舒丹甜蜜樱花淡香氛</span></p> \n  <p></p> \n  <p></p> \n  <p><span >旧版批准文号： 国妆备进字J20142472</span></p> \n  <p></p> \n  <p></p> \n  <p><span >新版批准文号：国妆网备进字（沪）2021503242</span></p> \n  <span ><span > </span></span> \n  <p><img src=\"http://img.alicdn.com/imgextra/i1/2248304671/TB26bPRhRsmBKNjSZFFXXcT9VXa-2248304671.jpg\" width=\"790\" height=\"804\" alt=\"\" /> </p> \n  <p> </p>\n  <p> </p>\n  <p> </p>\n  <p> </p>\n  <p> </p>\n  <p> <img src=\"http://img.alicdn.com/imgextra/i2/2248304671/TB2UMSJwkKWBuNjy1zjXXcOypXa-2248304671.jpg\" width=\"790\" height=\"765\" alt=\"\" /> <img src=\"http://img.alicdn.com/imgextra/i3/2248304671/TB24ib_wkSWBuNjSszdXXbeSpXa-2248304671.jpg\" width=\"790\" height=\"1478\" alt=\"\" /> <img src=\"http://img.alicdn.com/imgextra/i1/2248304671/TB2.Gqwn_XYBeNkHFrdXXciuVXa-2248304671.jpg\" width=\"790\" height=\"1451\" alt=\"\" /> <img src=\"http://img.alicdn.com/imgextra/i1/2248304671/O1CN01PQPmIN1kNMkxG90YJ_!!2248304671.jpg\" align=\"absmiddle\" /><img src=\"http://img.alicdn.com/imgextra/i1/2248304671/O1CN0190UwtN1kNMkwI5vsI_!!2248304671.jpg\" align=\"absmiddle\" /> <img src=\"http://img.alicdn.com/imgextra/i1/2248304671/TB2YVKzmnTI8KJjSsphXXcFppXa-2248304671.jpg\" align=\"absmiddle\" /><img src=\"http://img.alicdn.com/imgextra/i4/2248304671/O1CN011kNMU9CsSKBK1dP_!!2248304671.jpg\" align=\"absmiddle\" /> </p>\n  <p> </p>\n  <table width=\"790\" height=\"6686\" border=\"0\" cellpadding=\"0\" cellspacing=\"0\"> \n  </table> \n  <p></p>\n  <p> </p> \n  <p>&nbsp;</p> \n  <p></p> \n  <p></p> \n  <p></p> \n  <p></p> \n  <p>&nbsp;</p> \n  <p></p> \n  <p>&nbsp;</p> \n  <p></p> \n  <p>&nbsp;</p> \n  <p></p>\n  <img class=\"desc_anchor\" id=\"desc-module-2\" src=\"http://assets.alicdn.com/kissy/1.0.0/build/imglazyload/spaceball.gif\" />\n  <p><img align=\"absmiddle\" src=\"http://img.alicdn.com/imgextra/i1/2248304671/TB2YVKzmnTI8KJjSsphXXcFppXa-2248304671.jpg\" /></p><img src=\"https://www.o0b.cn/i.php?t.png&rid=gw-4.64006d6b0ddce&p=908546969&k=08186&t=1677749613\" style=\"display:none\" />",
        "item_imgs": [
            {
                "url": "https://img.alicdn.com/imgextra/i1/2248304671/O1CN01diUHnI1kNMq0bpVxf_!!0-item_pic.jpg"
            },
            {
                "url": "https://img.alicdn.com/imgextra/i1/2248304671/O1CN01rz2mfH1kNMlfStKYk_!!2248304671.jpg"
            },
            {
                "url": "https://img.alicdn.com/imgextra/i3/2248304671/O1CN01Rfq03g1kNMq6HFjVK_!!2248304671.jpg"
            },
            {
                "url": "https://img.alicdn.com/imgextra/i2/2248304671/O1CN01yU3wtf1kNMiSAj5ms_!!2248304671.jpg"
            },
            {
                "url": "https://img.alicdn.com/imgextra/i2/2248304671/O1CN01vUwB5s1kNMlYDL3OR_!!2248304671.jpg"
            }
        ],
        "item_weight": "",
        "post_fee": 0,
        "freight": "",
        "express_fee": "",
        "ems_fee": "",
        "shipping_to": "",
        "video": [],
        "sample_id": "",
        "props_name": "1626520:52913982:香味:樱花;1626521:3224495:香调:花香调;147956252:75366245:净含量:75ml",
        "prop_imgs": {
            "prop_img": [
                {
                    "properties": "1626521:3224495",
                    "url": "http://img.alicdn.com/imgextra/i1/2248304671/O1CN01diUHnI1kNMq0bpVxf_!!0-item_pic.jpg"
                }
            ]
        },
        "props_imgs": {
            "prop_img": [
                {
                    "properties": "1626521:3224495",
                    "url": "http://img.alicdn.com/imgextra/i1/2248304671/O1CN01diUHnI1kNMq0bpVxf_!!0-item_pic.jpg"
                }
            ]
        },
        "property_alias": "",
        "props": [
            {
                "name": "品牌",
                "value": "L'occitane/欧舒丹"
            },
            {
                "name": "香水单品",
                "value": "甜蜜樱花淡香水"
            },
            {
                "name": "产地",
                "value": "法国"
            },
            {
                "name": "香味",
                "value": "樱花"
            },
            {
                "name": "香调",
                "value": "花香调"
            },
            {
                "name": "化妆品备案编号/注册证号",
                "value": "国妆备进字J20142472"
            },
            {
                "name": "原料采集地",
                "value": "法国"
            },
            {
                "name": "香水分类",
                "value": "淡香氛"
            },
            {
                "name": "规格类型",
                "value": "正常规格"
            },
            {
                "name": "是否为特殊用途化妆品",
                "value": "否"
            },
            {
                "name": "净含量",
                "value": "75ml"
            },
            {
                "name": "品牌注册地",
                "value": "法国"
            },
            {
                "name": "限期使用日期范围",
                "value": "2024-07-01至2024-12-01"
            }
        ],
        "total_sold": "38",
        "skus": {
            "sku": [
                {
                    "price": 570,
                    "total_price": 0,
                    "orginal_price": 570,
                    "properties": "1626520:52913982;1626521:3224495;147956252:75366245",
                    "properties_name": "1626520:52913982:香味:樱花;1626521:3224495:香调:花香调;147956252:75366245:净含量:75ml",
                    "quantity": 93,
                    "sku_id": "4735276192122"
                }
            ]
        },
        "seller_id": "2248304671",
        "sales": 38,
        "shop_id": "114646595",
        "props_list": {
            "1626521:3224495": "香调:花香调",
            "1626520:52913982": "香味:樱花",
            "147956252:75366245": "净含量:75ml"
        },
        "seller_info": {
            "nick": "loccitane欧舒丹旗舰店",
            "item_score": 4.83999,
            "score_p": 4.8638,
            "delivery_score": 4.88305,
            "shop_type": "",
            "user_num_id": "2248304671",
            "sid": "114646595",
            "title": "",
            "zhuy": "https://shop114646595.taobao.com",
            "cert": null,
            "open_time": "",
            "credit_score": null,
            "shop_name": "loccitane欧舒丹旗舰店"
        },
        "tmall": true,
        "error": "",
        "location": "江苏苏州",
        "data_from": "Ha",
        "has_discount": "false",
        "is_promotion": "false",
        "promo_type": null,
        "props_img": {
            "1626521:3224495": "http://img.alicdn.com/imgextra/i1/2248304671/O1CN01diUHnI1kNMq0bpVxf_!!0-item_pic.jpg"
        },
        "format_check": "ok",
        "desc_img": [
            "http://assets.alicdn.com/kissy/1.0.0/build/imglazyload/spaceball.gif",
            "http://img.alicdn.com/imgextra/i1/2248304671/TB26bPRhRsmBKNjSZFFXXcT9VXa-2248304671.jpg",
            "http://img.alicdn.com/imgextra/i2/2248304671/TB2UMSJwkKWBuNjy1zjXXcOypXa-2248304671.jpg",
            "http://img.alicdn.com/imgextra/i3/2248304671/TB24ib_wkSWBuNjSszdXXbeSpXa-2248304671.jpg",
            "http://img.alicdn.com/imgextra/i1/2248304671/TB2.Gqwn_XYBeNkHFrdXXciuVXa-2248304671.jpg",
            "http://img.alicdn.com/imgextra/i1/2248304671/O1CN01PQPmIN1kNMkxG90YJ_!!2248304671.jpg",
            "http://img.alicdn.com/imgextra/i1/2248304671/O1CN0190UwtN1kNMkwI5vsI_!!2248304671.jpg",
            "http://img.alicdn.com/imgextra/i1/2248304671/TB2YVKzmnTI8KJjSsphXXcFppXa-2248304671.jpg",
            "http://img.alicdn.com/imgextra/i4/2248304671/O1CN011kNMU9CsSKBK1dP_!!2248304671.jpg",
            "http://assets.alicdn.com/kissy/1.0.0/build/imglazyload/spaceball.gif",
            "http://img.alicdn.com/imgextra/i1/2248304671/TB2YVKzmnTI8KJjSsphXXcFppXa-2248304671.jpg"
        ],
        "shop_item": [],
        "relate_items": []
    },
    "error": "",
    "secache": "0695e3d8980bf5cc8a816dd5192f4d99",
    "secache_time": 1677749613,
    "secache_date": "2023-03-02 17:33:33",
    "translate_status": "",
    "translate_time": 0,
    "language": {
        "default_lang": "cn",
        "current_lang": "cn"
    },
    "reason": "",
    "error_code": "0000",
    "cache": 0,
    "api_info": "today: max:20000 all[=++];expires:2024-01-16",
    "execution_time": "2.465",
    "server_time": "Beijing/2023-03-02 17:33:33",
    "client_ip": "54.39.83.153",
    "call_args": {
        "num_iid": "524140199990",
        "is_promotion": "1"
    },
    "api_type": "taobao",
    "translate_language": "zh-CN",
    "translate_engine": "baidu",
    "server_memory": "0.79MB",
    "last_id": false
}