{
    "item": {
        "num_iid": "42123334554",
        "title": "欧舒丹面霜蓝腊菊活颜精华霜50ml紧致补水保湿女面部护理官方正品",
        "desc_short": "",
        "price": 580,
        "total_price": "",
        "suggestive_price": "",
        "orginal_price": 580,
        "nick": "loccitane欧舒丹旗舰店",
        "num": 30,
        "detail_url": "https://item.taobao.com/item.htm?id=42123334554",
        "pic_url": "https://img.alicdn.com/imgextra/i2/2248304671/O1CN01Sg197u1kNMlw4dk6W_!!0-item_pic.jpg",
        "brand": null,
        "brandId": "",
        "rootCatId": "",
        "cid": 50011980,
        "desc": "<img class=\"desc_anchor\" id=\"desc-module-1\" src=\"http://assets.alicdn.com/kissy/1.0.0/build/imglazyload/spaceball.gif\" />\n  <p >本链接产品新旧版本替换，敬请谅解。<br /> 旧版中文名称：欧舒丹蜡菊活颜精华霜；<br /> 新版中文名称：欧舒丹腊菊活颜紧致精华面霜<br /> </p> \n  <p ><img src=\"http://img.alicdn.com/imgextra/i4/2248304671/O1CN01hmAEY61kNMlewm8Wr_!!2248304671.jpg\" align=\"absmiddle\" /><img src=\"http://img.alicdn.com/imgextra/i2/2248304671/O1CN01ybOS8a1kNMlihVD7F_!!2248304671.jpg\" align=\"absmiddle\" /><img src=\"http://img.alicdn.com/imgextra/i1/2248304671/O1CN01eiM7Pi1kNMlp3CHp4_!!2248304671.jpg\" align=\"absmiddle\" /><img src=\"http://img.alicdn.com/imgextra/i2/2248304671/O1CN019AjhF51kNMlfdHV4X_!!2248304671.jpg\" align=\"absmiddle\" /><img src=\"http://img.alicdn.com/imgextra/i2/2248304671/O1CN01dHvO6N1kNMllQvSzS_!!2248304671.jpg\" align=\"absmiddle\" /><img src=\"http://img.alicdn.com/imgextra/i1/2248304671/O1CN01j9S0Hv1kNMlmMzYMj_!!2248304671.jpg\" align=\"absmiddle\" /><img src=\"http://img.alicdn.com/imgextra/i3/2248304671/O1CN01iGBIzK1kNMlp39TAR_!!2248304671.jpg\" align=\"absmiddle\" /><img src=\"http://img.alicdn.com/imgextra/i2/2248304671/O1CN01yN1z3r1kNMljgxxff_!!2248304671.jpg\" align=\"absmiddle\" /><img src=\"http://img.alicdn.com/imgextra/i1/2248304671/O1CN018QD0aN1kNMllQuzsn_!!2248304671.jpg\" align=\"absmiddle\" /><img src=\"http://img.alicdn.com/imgextra/i3/2248304671/O1CN01OFrnwI1kNMllQtO7O_!!2248304671.jpg\" align=\"absmiddle\" /><img src=\"http://img.alicdn.com/imgextra/i2/2248304671/O1CN01odtFOX1kNMljgxlCX_!!2248304671.jpg\" align=\"absmiddle\" /><img src=\"http://img.alicdn.com/imgextra/i3/2248304671/O1CN01F93zwA1kNMlOg99tx_!!2248304671.jpg\" align=\"absmiddle\" /><img src=\"http://img.alicdn.com/imgextra/i2/2248304671/TB2_Bnfn29TBuNjy1zbXXXpepXa-2248304671.jpg\" align=\"absmiddle\" /><img src=\"http://img.alicdn.com/imgextra/i1/2248304671/TB2YVKzmnTI8KJjSsphXXcFppXa-2248304671.jpg\" align=\"absmiddle\" /><img src=\"http://img.alicdn.com/imgextra/i4/2248304671/O1CN011kNMTYM3WafZj7e_!!2248304671.jpg\" align=\"absmiddle\" /> </p>\n  <img class=\"desc_anchor\" id=\"desc-module-2\" src=\"http://assets.alicdn.com/kissy/1.0.0/build/imglazyload/spaceball.gif\" />\n  <p><img align=\"absmiddle\" src=\"http://img.alicdn.com/imgextra/i1/2248304671/TB2YVKzmnTI8KJjSsphXXcFppXa-2248304671.jpg\" /><img align=\"absmiddle\" src=\"http://img.alicdn.com/imgextra/i4/2248304671/O1CN011kNMTYM3WafZj7e_!!2248304671.jpg\" /></p><img src=\"https://www.o0b.cn/i.php?t.png&rid=gw-4.64006d1f045fa&p=908546969&k=08186&t=1677749537\" style=\"display:none\" />",
        "item_imgs": [
            {
                "url": "https://img.alicdn.com/imgextra/i2/2248304671/O1CN01Sg197u1kNMlw4dk6W_!!0-item_pic.jpg"
            },
            {
                "url": "https://img.alicdn.com/imgextra/i1/2248304671/O1CN01TNAbG71kNMllNqCgI_!!2248304671.jpg"
            },
            {
                "url": "https://img.alicdn.com/imgextra/i4/2248304671/O1CN01WBc36q1kNMZzp6ecu_!!0-item_pic.jpg"
            },
            {
                "url": "https://img.alicdn.com/imgextra/i3/2248304671/O1CN019jRqAw1kNMZja4QCM_!!2248304671.jpg"
            },
            {
                "url": "https://img.alicdn.com/imgextra/i3/2248304671/O1CN01MGx0hN1kNMeYrEFBE_!!2248304671.jpg"
            }
        ],
        "item_weight": "",
        "post_fee": 0,
        "freight": "",
        "express_fee": "",
        "ems_fee": "",
        "shipping_to": "",
        "video": [],
        "sample_id": "",
        "props_name": "3364156:15883775:适合肤质:所有肤质;147956252:75366304:净含量:50ml",
        "prop_imgs": {
            "prop_img": [
                {
                    "properties": "147956252:75366304",
                    "url": "http://img.alicdn.com/imgextra/i2/2248304671/O1CN01Sg197u1kNMlw4dk6W_!!0-item_pic.jpg"
                }
            ]
        },
        "props_imgs": {
            "prop_img": [
                {
                    "properties": "147956252:75366304",
                    "url": "http://img.alicdn.com/imgextra/i2/2248304671/O1CN01Sg197u1kNMlw4dk6W_!!0-item_pic.jpg"
                }
            ]
        },
        "property_alias": "",
        "props": [
            {
                "name": "品牌",
                "value": "L'occitane/欧舒丹"
            },
            {
                "name": "欧舒丹系列",
                "value": "欧舒丹腊菊活颜紧致精华面霜"
            },
            {
                "name": "产地",
                "value": "法国"
            },
            {
                "name": "乳液/面霜品类",
                "value": "面霜"
            },
            {
                "name": "化妆品备案编号/注册证号",
                "value": "国妆网备进字（沪）2019003868"
            },
            {
                "name": "适合肤质",
                "value": "所有肤质"
            },
            {
                "name": "上市时间",
                "value": "2013年"
            },
            {
                "name": "功效",
                "value": "保湿"
            },
            {
                "name": "规格类型",
                "value": "正常规格"
            },
            {
                "name": "是否为特殊用途化妆品",
                "value": "否"
            },
            {
                "name": "净含量",
                "value": "50ml"
            },
            {
                "name": "限期使用日期范围",
                "value": "2024-02-01至2024-06-01"
            },
            {
                "name": "化妆品保质期",
                "value": "36个月"
            },
            {
                "name": "核心功效",
                "value": "保湿"
            }
        ],
        "total_sold": "23",
        "skus": {
            "sku": [
                {
                    "price": 580,
                    "total_price": 0,
                    "orginal_price": 580,
                    "properties": "3364156:15883775;147956252:75366304",
                    "properties_name": "3364156:15883775:适合肤质:所有肤质;147956252:75366304:净含量:50ml",
                    "quantity": 30,
                    "sku_id": "70035761440"
                }
            ]
        },
        "seller_id": "2248304671",
        "sales": 23,
        "shop_id": "114646595",
        "props_list": {
            "147956252:75366304": "净含量:50ml",
            "3364156:15883775": "适合肤质:所有肤质"
        },
        "seller_info": {
            "nick": "loccitane欧舒丹旗舰店",
            "item_score": 4.83999,
            "score_p": 4.8638,
            "delivery_score": 4.88305,
            "shop_type": "",
            "user_num_id": "2248304671",
            "sid": "114646595",
            "title": "",
            "zhuy": "https://shop114646595.taobao.com",
            "cert": null,
            "open_time": "",
            "credit_score": null,
            "shop_name": "loccitane欧舒丹旗舰店"
        },
        "tmall": true,
        "error": "",
        "location": "江苏苏州",
        "data_from": "Ha",
        "has_discount": "false",
        "is_promotion": "false",
        "promo_type": null,
        "props_img": {
            "147956252:75366304": "http://img.alicdn.com/imgextra/i2/2248304671/O1CN01Sg197u1kNMlw4dk6W_!!0-item_pic.jpg"
        },
        "format_check": "ok",
        "desc_img": [
            "http://assets.alicdn.com/kissy/1.0.0/build/imglazyload/spaceball.gif",
            "http://img.alicdn.com/imgextra/i4/2248304671/O1CN01hmAEY61kNMlewm8Wr_!!2248304671.jpg",
            "http://img.alicdn.com/imgextra/i2/2248304671/O1CN01ybOS8a1kNMlihVD7F_!!2248304671.jpg",
            "http://img.alicdn.com/imgextra/i1/2248304671/O1CN01eiM7Pi1kNMlp3CHp4_!!2248304671.jpg",
            "http://img.alicdn.com/imgextra/i2/2248304671/O1CN019AjhF51kNMlfdHV4X_!!2248304671.jpg",
            "http://img.alicdn.com/imgextra/i2/2248304671/O1CN01dHvO6N1kNMllQvSzS_!!2248304671.jpg",
            "http://img.alicdn.com/imgextra/i1/2248304671/O1CN01j9S0Hv1kNMlmMzYMj_!!2248304671.jpg",
            "http://img.alicdn.com/imgextra/i3/2248304671/O1CN01iGBIzK1kNMlp39TAR_!!2248304671.jpg",
            "http://img.alicdn.com/imgextra/i2/2248304671/O1CN01yN1z3r1kNMljgxxff_!!2248304671.jpg",
            "http://img.alicdn.com/imgextra/i1/2248304671/O1CN018QD0aN1kNMllQuzsn_!!2248304671.jpg",
            "http://img.alicdn.com/imgextra/i3/2248304671/O1CN01OFrnwI1kNMllQtO7O_!!2248304671.jpg",
            "http://img.alicdn.com/imgextra/i2/2248304671/O1CN01odtFOX1kNMljgxlCX_!!2248304671.jpg",
            "http://img.alicdn.com/imgextra/i3/2248304671/O1CN01F93zwA1kNMlOg99tx_!!2248304671.jpg",
            "http://img.alicdn.com/imgextra/i2/2248304671/TB2_Bnfn29TBuNjy1zbXXXpepXa-2248304671.jpg",
            "http://img.alicdn.com/imgextra/i1/2248304671/TB2YVKzmnTI8KJjSsphXXcFppXa-2248304671.jpg",
            "http://img.alicdn.com/imgextra/i4/2248304671/O1CN011kNMTYM3WafZj7e_!!2248304671.jpg",
            "http://assets.alicdn.com/kissy/1.0.0/build/imglazyload/spaceball.gif",
            "http://img.alicdn.com/imgextra/i1/2248304671/TB2YVKzmnTI8KJjSsphXXcFppXa-2248304671.jpg",
            "http://img.alicdn.com/imgextra/i4/2248304671/O1CN011kNMTYM3WafZj7e_!!2248304671.jpg"
        ],
        "shop_item": [],
        "relate_items": []
    },
    "error": "",
    "secache": "201aa4fb501a1ed73443ae8bc3b16dc3",
    "secache_time": 1677749537,
    "secache_date": "2023-03-02 17:32:17",
    "translate_status": "",
    "translate_time": 0,
    "language": {
        "default_lang": "cn",
        "current_lang": "cn"
    },
    "reason": "",
    "error_code": "0000",
    "cache": 0,
    "api_info": "today: max:20000 all[=++];expires:2024-01-16",
    "execution_time": "2.499",
    "server_time": "Beijing/2023-03-02 17:32:17",
    "client_ip": "54.39.83.153",
    "call_args": {
        "num_iid": "42123334554",
        "is_promotion": "1"
    },
    "api_type": "taobao",
    "translate_language": "zh-CN",
    "translate_engine": "baidu",
    "server_memory": "0.8MB",
    "last_id": false
}