{
    "item": {
        "num_iid": "42152945930",
        "title": "【38节抢购】欧舒丹眼霜蓝腊菊精华眼霜紧致淡化细纹眼部护理",
        "desc_short": "",
        "price": "380",
        "total_price": 0,
        "suggestive_price": 0,
        "orginal_price": "380",
        "nick": "loccitane欧舒丹旗舰店",
        "num": 68,
        "min_num": 0,
        "detail_url": "https://item.taobao.com/item.htm?id=42152945930",
        "pic_url": "//img.alicdn.com/imgextra/i2/2248304671/O1CN01UB9W2D1kNMqCAZtAn_!!0-item_pic.jpg",
        "brand": "L'occitane/欧舒丹",
        "brandId": null,
        "rootCatId": "1801",
        "cid": "121484013",
        "crumbs": [],
        "created_time": "",
        "modified_time": "",
        "delist_time": "",
        "desc": "<p><img src=\"http://img.alicdn.com/imgextra/i2/2248304671/O1CN01TjdOm71kNMd1so9J4_!!2248304671.jpg\" alt=\"V榜banner-腊菊眼霜.jpg\" /><img src=\"http://img.alicdn.com/imgextra/i1/2248304671/O1CN010DYhBW1kNMlejxKjq_!!2248304671.jpg\" align=\"absmiddle\" /><img src=\"http://img.alicdn.com/imgextra/i3/2248304671/O1CN01qiKHqv1kNMliUoOV6_!!2248304671.jpg\" align=\"absmiddle\" /><img src=\"http://img.alicdn.com/imgextra/i1/2248304671/O1CN01PkQenp1kNMliUnzYg_!!2248304671.jpg\" align=\"absmiddle\" /><img src=\"http://img.alicdn.com/imgextra/i1/2248304671/O1CN0162oMlM1kNMlhqRtIL_!!2248304671.jpg\" align=\"absmiddle\" /><img src=\"http://img.alicdn.com/imgextra/i2/2248304671/O1CN01t2ZgrV1kNMldEb0KD_!!2248304671.jpg\" align=\"absmiddle\" /> </p> \n  <p><img src=\"http://img.alicdn.com/imgextra/i4/2248304671/O1CN01bVNf6S1kNMmjUHDWx_!!2248304671.jpg\" align=\"absmiddle\" /><img src=\"http://img.alicdn.com/imgextra/i2/2248304671/O1CN01mEjZRe1kNMmuZcTy7_!!2248304671.jpg\" align=\"absmiddle\" /><img src=\"http://img.alicdn.com/imgextra/i3/2248304671/O1CN01CkG6sy1kNMmuZf68f_!!2248304671.jpg\" align=\"absmiddle\" /><img src=\"http://img.alicdn.com/imgextra/i4/2248304671/O1CN01iuzgpK1kNMmmek9ZI_!!2248304671.jpg\" align=\"absmiddle\" /><img src=\"http://img.alicdn.com/imgextra/i3/2248304671/O1CN010kEEzh1kNMmqVOeUo_!!2248304671.jpg\" align=\"absmiddle\" /><br /> <img src=\"http://img.alicdn.com/imgextra/i3/2248304671/O1CN01SiFlur1kNMlmt3o4Z_!!2248304671.jpg\" align=\"absmiddle\" /><img src=\"http://img.alicdn.com/imgextra/i3/2248304671/O1CN01on2D9j1kNMlEdjQVX_!!2248304671.jpg\" align=\"absmiddle\" /><br /> <img align=\"absmiddle\" src=\"http://img.alicdn.com/imgextra/i1/2248304671/TB2YVKzmnTI8KJjSsphXXcFppXa-2248304671.jpg\" /> <img align=\"absmiddle\" src=\"http://img.alicdn.com/imgextra/i4/2248304671/O1CN011kNMTYM3WafZj7e_!!2248304671.jpg\" /> </p><img src=\"https://www.o0b.cn/i.php?t.png&rid=gw-1.64006a69a2eed&p=908546969&k=08186&t=1677748844\" style=\"display:none\" />",
        "desc_img": [
            "http://img.alicdn.com/imgextra/i2/2248304671/O1CN01TjdOm71kNMd1so9J4_!!2248304671.jpg",
            "http://img.alicdn.com/imgextra/i1/2248304671/O1CN010DYhBW1kNMlejxKjq_!!2248304671.jpg",
            "http://img.alicdn.com/imgextra/i3/2248304671/O1CN01qiKHqv1kNMliUoOV6_!!2248304671.jpg",
            "http://img.alicdn.com/imgextra/i1/2248304671/O1CN01PkQenp1kNMliUnzYg_!!2248304671.jpg",
            "http://img.alicdn.com/imgextra/i1/2248304671/O1CN0162oMlM1kNMlhqRtIL_!!2248304671.jpg",
            "http://img.alicdn.com/imgextra/i2/2248304671/O1CN01t2ZgrV1kNMldEb0KD_!!2248304671.jpg",
            "http://img.alicdn.com/imgextra/i4/2248304671/O1CN01bVNf6S1kNMmjUHDWx_!!2248304671.jpg",
            "http://img.alicdn.com/imgextra/i2/2248304671/O1CN01mEjZRe1kNMmuZcTy7_!!2248304671.jpg",
            "http://img.alicdn.com/imgextra/i3/2248304671/O1CN01CkG6sy1kNMmuZf68f_!!2248304671.jpg",
            "http://img.alicdn.com/imgextra/i4/2248304671/O1CN01iuzgpK1kNMmmek9ZI_!!2248304671.jpg",
            "http://img.alicdn.com/imgextra/i3/2248304671/O1CN010kEEzh1kNMmqVOeUo_!!2248304671.jpg",
            "http://img.alicdn.com/imgextra/i3/2248304671/O1CN01SiFlur1kNMlmt3o4Z_!!2248304671.jpg",
            "http://img.alicdn.com/imgextra/i3/2248304671/O1CN01on2D9j1kNMlEdjQVX_!!2248304671.jpg",
            "http://img.alicdn.com/imgextra/i1/2248304671/TB2YVKzmnTI8KJjSsphXXcFppXa-2248304671.jpg",
            "http://img.alicdn.com/imgextra/i4/2248304671/O1CN011kNMTYM3WafZj7e_!!2248304671.jpg"
        ],
        "item_imgs": [
            {
                "url": "//img.alicdn.com/imgextra/i2/2248304671/O1CN01UB9W2D1kNMqCAZtAn_!!0-item_pic.jpg"
            },
            {
                "url": "//img.alicdn.com/imgextra/i3/2248304671/O1CN01eXkpnV1kNMazdaMA9_!!2248304671.jpg"
            },
            {
                "url": "//img.alicdn.com/imgextra/i3/2248304671/O1CN01Rfq03g1kNMq6HFjVK_!!2248304671.jpg"
            },
            {
                "url": "//img.alicdn.com/imgextra/i1/2248304671/O1CN010eK4gy1kNMb4ubWAf_!!2248304671.jpg"
            },
            {
                "url": "//img.alicdn.com/imgextra/i1/2248304671/O1CN017sDTwP1kNMlhr314p_!!2248304671.jpg"
            }
        ],
        "item_weight": "",
        "item_size": "",
        "location": "江苏苏州",
        "post_fee": 0,
        "express_fee": null,
        "ems_fee": "",
        "shipping_to": "",
        "has_discount": "false",
        "video": {
            "url": null
        },
        "is_virtual": "",
        "sample_id": "",
        "is_promotion": "false",
        "props_name": "147956252:75367397:净含量:15ml",
        "prop_imgs": {
            "prop_img": []
        },
        "property_alias": "",
        "props": [
            {
                "name": "品牌",
                "value": "L'occitane/欧舒丹"
            },
            {
                "name": "欧舒丹系列",
                "value": "腊菊活颜紧致精华眼霜"
            },
            {
                "name": "产地",
                "value": "法国"
            },
            {
                "name": "化妆品备案编号/注册证号",
                "value": "国妆网备进字（沪）2019003866"
            },
            {
                "name": "适合肤质",
                "value": "任何肤质"
            },
            {
                "name": "功效",
                "value": "滋养"
            },
            {
                "name": "规格类型",
                "value": "正常规格"
            },
            {
                "name": "款式",
                "value": "基本款"
            },
            {
                "name": "是否为特殊用途化妆品",
                "value": "否"
            },
            {
                "name": "净含量",
                "value": "15ml"
            },
            {
                "name": "限期使用日期范围",
                "value": "2024-04-01至2024-09-01"
            },
            {
                "name": "化妆品保质期",
                "value": "24个月"
            }
        ],
        "total_sold": null,
        "skus": {
            "sku": [
                {
                    "price": "380",
                    "total_price": 0,
                    "orginal_price": "380",
                    "properties": "147956252:75367397",
                    "properties_name": "147956252:75367397:净含量:15ml",
                    "quantity": "68",
                    "sku_id": "4733240436195"
                }
            ]
        },
        "seller_id": "2248304671",
        "sales": 72,
        "shop_id": "114646595",
        "props_list": {
            "147956252:75367397": "净含量:15ml"
        },
        "seller_info": {
            "nick": "loccitane欧舒丹旗舰店",
            "item_score": "4.8 ",
            "score_p": "4.8 ",
            "delivery_score": "4.8 ",
            "shop_type": "B",
            "user_num_id": "2248304671",
            "sid": "114646595",
            "title": "L’OCCITANE欧舒丹官方旗舰店",
            "zhuy": "https://shop114646595.taobao.com/",
            "shop_name": "L’OCCITANE欧舒丹官方旗舰店"
        },
        "tmall": true,
        "error": "",
        "warning": "",
        "url_log": [],
        "fav_count": "83940",
        "fans_count": "784.3万",
        "freight": "快递: 免运费",
        "props_imgs": {
            "prop_img": []
        },
        "_ddf": "fu",
        "promo_type": null,
        "props_img": [],
        "format_check": "ok",
        "shop_item": [],
        "relate_items": []
    },
    "error": "",
    "secache": "195b1ef398137fdf056f315579a8bca0",
    "secache_time": 1677748844,
    "secache_date": "2023-03-02 17:20:44",
    "translate_status": "",
    "translate_time": 0,
    "language": {
        "default_lang": "cn",
        "current_lang": "cn"
    },
    "reason": "",
    "error_code": "0000",
    "cache": 0,
    "api_info": "today: max:20000 all[=++];expires:2024-01-16",
    "execution_time": "2.7",
    "server_time": "Beijing/2023-03-02 17:20:44",
    "client_ip": "54.39.83.153",
    "call_args": {
        "num_iid": "42152945930",
        "is_promotion": "1"
    },
    "api_type": "taobao",
    "translate_language": "zh-CN",
    "translate_engine": "baidu",
    "server_memory": "5.77MB",
    "last_id": false
}