{
    "item": {
        "num_iid": "608108455373",
        "title": "【38节抢购】欧舒丹身体乳 乳木果润肤霜200ml 全身补水保湿滋润",
        "desc_short": "",
        "price": 390,
        "total_price": "",
        "suggestive_price": "",
        "orginal_price": 390,
        "nick": "loccitane欧舒丹旗舰店",
        "num": 99,
        "detail_url": "https://item.taobao.com/item.htm?id=608108455373",
        "pic_url": "https://img.alicdn.com/imgextra/i1/2248304671/O1CN01dNAym91kNMqD0Xk0C_!!0-item_pic.jpg",
        "brand": null,
        "brandId": "",
        "rootCatId": "",
        "cid": 121396013,
        "desc": "<p><img src=\"http://img.alicdn.com/imgextra/i4/2248304671/O1CN01mTOR071kNMmSUOQBx_!!2248304671.jpg\" align=\"absmiddle\" /><img src=\"http://img.alicdn.com/imgextra/i4/2248304671/O1CN017dbVIb1kNMne2DxE7_!!2248304671.jpg\" align=\"absmiddle\" /><img src=\"http://img.alicdn.com/imgextra/i3/2248304671/O1CN01laJ1Px1kNMnUhqzG7_!!2248304671.jpg\" align=\"absmiddle\" /><img src=\"http://img.alicdn.com/imgextra/i2/2248304671/O1CN01xAFpyt1kNMne2CD7o_!!2248304671.jpg\" align=\"absmiddle\" /><img src=\"http://img.alicdn.com/imgextra/i1/2248304671/O1CN01HMasVi1kNMnkRJAVd_!!2248304671.jpg\" align=\"absmiddle\" /><img src=\"http://img.alicdn.com/imgextra/i1/2248304671/O1CN01m8Nj7T1kNMnZYAAjd_!!2248304671.jpg\" align=\"absmiddle\" /><img src=\"http://img.alicdn.com/imgextra/i4/2248304671/O1CN011kNMTYM3WafZj7e_!!2248304671.jpg\" align=\"absmiddle\" /><img src=\"http://img.alicdn.com/imgextra/i1/2248304671/TB2YVKzmnTI8KJjSsphXXcFppXa-2248304671.jpg\" align=\"absmiddle\" /><img src=\"http://img.alicdn.com/imgextra/i2/2248304671/TB2_Bnfn29TBuNjy1zbXXXpepXa-2248304671.jpg\" align=\"absmiddle\" /></p> \n  <p>&nbsp;</p><img src=\"https://www.o0b.cn/i.php?t.png&rid=gw-4.64006d2390e03&p=908546969&k=08186&t=1677749543\" style=\"display:none\" />",
        "item_imgs": [
            {
                "url": "https://img.alicdn.com/imgextra/i1/2248304671/O1CN01dNAym91kNMqD0Xk0C_!!0-item_pic.jpg"
            },
            {
                "url": "https://img.alicdn.com/imgextra/i3/2248304671/O1CN01b1hQFq1kNMnmWLOwy_!!2248304671.jpg"
            },
            {
                "url": "https://img.alicdn.com/imgextra/i3/2248304671/O1CN01Rfq03g1kNMq6HFjVK_!!2248304671.jpg"
            },
            {
                "url": "https://img.alicdn.com/imgextra/i1/2248304671/O1CN01BuNxyY1kNMnfVjGMf_!!2248304671.jpg"
            },
            {
                "url": "https://img.alicdn.com/imgextra/i3/2248304671/O1CN01tBFGuk1kNMawrm25b_!!0-item_pic.jpg"
            }
        ],
        "item_weight": "",
        "post_fee": 0,
        "freight": "",
        "express_fee": "",
        "ems_fee": "",
        "shipping_to": "",
        "video": [],
        "sample_id": "",
        "props_name": "1626520:3304763:香味:乳木果;122276315:3289490:款式:基本款;147956252:45682:净含量:200ml",
        "prop_imgs": {
            "prop_img": [
                {
                    "properties": "122276315:3289490",
                    "url": "http://img.alicdn.com/imgextra/i1/2248304671/O1CN01dNAym91kNMqD0Xk0C_!!0-item_pic.jpg"
                }
            ]
        },
        "props_imgs": {
            "prop_img": [
                {
                    "properties": "122276315:3289490",
                    "url": "http://img.alicdn.com/imgextra/i1/2248304671/O1CN01dNAym91kNMqD0Xk0C_!!0-item_pic.jpg"
                }
            ]
        },
        "property_alias": "",
        "props": [
            {
                "name": "品牌",
                "value": "L'occitane/欧舒丹"
            },
            {
                "name": "欧舒丹系列",
                "value": "欧舒丹乳木果身体润肤霜 特润版"
            },
            {
                "name": "产地",
                "value": "法国"
            },
            {
                "name": "香味",
                "value": "乳木果"
            },
            {
                "name": "化妆品备案编号/注册证号",
                "value": "国妆网备进字（沪）2021504082"
            },
            {
                "name": "原料成分",
                "value": "乳木果油"
            },
            {
                "name": "功效",
                "value": "滋润"
            },
            {
                "name": "款式",
                "value": "基本款"
            },
            {
                "name": "是否为特殊用途化妆品",
                "value": "否"
            },
            {
                "name": "净含量",
                "value": "200ml"
            },
            {
                "name": "限期使用日期范围",
                "value": "2024-01-01至2024-07-01"
            }
        ],
        "total_sold": "-1",
        "skus": {
            "sku": [
                {
                    "price": 390,
                    "total_price": 0,
                    "orginal_price": 390,
                    "properties": "1626520:3304763;122276315:3289490;147956252:45682",
                    "properties_name": "1626520:3304763:香味:乳木果;122276315:3289490:款式:基本款;147956252:45682:净含量:200ml",
                    "quantity": 99,
                    "sku_id": "4268730585526"
                }
            ]
        },
        "seller_id": "2248304671",
        "sales": 200,
        "shop_id": "114646595",
        "props_list": {
            "122276315:3289490": "款式:基本款",
            "147956252:45682": "净含量:200ml",
            "1626520:3304763": "香味:乳木果"
        },
        "seller_info": {
            "nick": "loccitane欧舒丹旗舰店",
            "item_score": 4.83999,
            "score_p": 4.8638,
            "delivery_score": 4.88305,
            "shop_type": "",
            "user_num_id": "2248304671",
            "sid": "114646595",
            "title": "",
            "zhuy": "https://shop114646595.taobao.com",
            "cert": null,
            "open_time": "",
            "credit_score": null,
            "shop_name": "loccitane欧舒丹旗舰店"
        },
        "tmall": true,
        "error": "",
        "location": "江苏苏州",
        "data_from": "Ha",
        "has_discount": "false",
        "is_promotion": "false",
        "promo_type": null,
        "props_img": {
            "122276315:3289490": "http://img.alicdn.com/imgextra/i1/2248304671/O1CN01dNAym91kNMqD0Xk0C_!!0-item_pic.jpg"
        },
        "format_check": "ok",
        "desc_img": [
            "http://img.alicdn.com/imgextra/i4/2248304671/O1CN01mTOR071kNMmSUOQBx_!!2248304671.jpg",
            "http://img.alicdn.com/imgextra/i4/2248304671/O1CN017dbVIb1kNMne2DxE7_!!2248304671.jpg",
            "http://img.alicdn.com/imgextra/i3/2248304671/O1CN01laJ1Px1kNMnUhqzG7_!!2248304671.jpg",
            "http://img.alicdn.com/imgextra/i2/2248304671/O1CN01xAFpyt1kNMne2CD7o_!!2248304671.jpg",
            "http://img.alicdn.com/imgextra/i1/2248304671/O1CN01HMasVi1kNMnkRJAVd_!!2248304671.jpg",
            "http://img.alicdn.com/imgextra/i1/2248304671/O1CN01m8Nj7T1kNMnZYAAjd_!!2248304671.jpg",
            "http://img.alicdn.com/imgextra/i4/2248304671/O1CN011kNMTYM3WafZj7e_!!2248304671.jpg",
            "http://img.alicdn.com/imgextra/i1/2248304671/TB2YVKzmnTI8KJjSsphXXcFppXa-2248304671.jpg",
            "http://img.alicdn.com/imgextra/i2/2248304671/TB2_Bnfn29TBuNjy1zbXXXpepXa-2248304671.jpg"
        ],
        "shop_item": [],
        "relate_items": []
    },
    "error": "",
    "secache": "55c920bc387ada0a3bfa27730e4f30a1",
    "secache_time": 1677749543,
    "secache_date": "2023-03-02 17:32:23",
    "translate_status": "",
    "translate_time": 0,
    "language": {
        "default_lang": "cn",
        "current_lang": "cn"
    },
    "reason": "",
    "error_code": "0000",
    "cache": 0,
    "api_info": "today: max:20000 all[=++];expires:2024-01-16",
    "execution_time": "3.426",
    "server_time": "Beijing/2023-03-02 17:32:23",
    "client_ip": "54.39.83.153",
    "call_args": {
        "num_iid": "608108455373",
        "is_promotion": "1"
    },
    "api_type": "taobao",
    "translate_language": "zh-CN",
    "translate_engine": "baidu",
    "server_memory": "0.78MB",
    "last_id": false
}