{
    "item": {
        "num_iid": "698341124648",
        "title": "【38节抢购】欧舒丹四支手霜补水保湿滋润防干燥礼物护手霜手膜",
        "desc_short": "",
        "price": 380,
        "total_price": "",
        "suggestive_price": "",
        "orginal_price": 380,
        "nick": "loccitane欧舒丹旗舰店",
        "num": 200,
        "detail_url": "https://item.taobao.com/item.htm?id=698341124648",
        "pic_url": "https://img.alicdn.com/imgextra/i4/2248304671/O1CN01ok9jZO1kNMpuhtW8X_!!2248304671.jpg",
        "brand": null,
        "brandId": "",
        "rootCatId": "",
        "cid": 121452007,
        "desc": "<p><img src=\"http://img.alicdn.com/imgextra/i2/2248304671/O1CN011ghUk71kNMplv188m_!!2248304671.jpg\" align=\"absmiddle\" /><img src=\"http://img.alicdn.com/imgextra/i1/2248304671/O1CN01kg2uqq1kNMoHV38sN_!!2248304671.jpg\" align=\"absmiddle\" /><img src=\"http://img.alicdn.com/imgextra/i4/2248304671/O1CN01vGxaes1kNMoO50mXP_!!2248304671.jpg\" align=\"absmiddle\" /><img src=\"http://img.alicdn.com/imgextra/i3/2248304671/O1CN01qKh6PY1kNMoUvEmhX_!!2248304671.jpg\" align=\"absmiddle\" /></p> \n  <img src=\"http://img.alicdn.com/imgextra/i4/2248304671/O1CN01nYWAVt1kNMpeHs4OW_!!2248304671.jpg\" alt=\"20221222-LOC-D11限定4支手霜李佳琦（乳木果 樱花 暖栗 甜扁桃）_05.jpg\" /><img src=\"https://www.o0b.cn/i.php?t.png&rid=gw-4.64006d5d478b1&p=908546969&k=08186&t=1677749599\" style=\"display:none\" />",
        "item_imgs": [
            {
                "url": "https://img.alicdn.com/imgextra/i4/2248304671/O1CN01ok9jZO1kNMpuhtW8X_!!2248304671.jpg"
            },
            {
                "url": "https://img.alicdn.com/imgextra/i4/2248304671/O1CN01nACo081kNMpha3Aci_!!2248304671.jpg"
            },
            {
                "url": "https://img.alicdn.com/imgextra/i3/2248304671/O1CN01IKnTd21kNMq4krwyD_!!2248304671.jpg"
            },
            {
                "url": "https://img.alicdn.com/imgextra/i2/2248304671/O1CN01nHZEBq1kNMoiZHy9Y_!!2248304671.jpg"
            },
            {
                "url": "https://img.alicdn.com/imgextra/i3/2248304671/O1CN01NNGrrW1kNMeYr63P9_!!2248304671.jpg"
            }
        ],
        "item_weight": "",
        "post_fee": 0,
        "freight": "",
        "express_fee": "",
        "ems_fee": "",
        "shipping_to": "",
        "video": [],
        "sample_id": "",
        "props_name": "147956252:45867:净含量:120ml",
        "prop_imgs": {
            "prop_img": [
                {
                    "properties": "147956252:45867",
                    "url": "http://img.alicdn.com/imgextra/i2/2248304671/O1CN01w5Rd0Q1kNMq8gj2Sc_!!0-item_pic.jpg"
                }
            ]
        },
        "props_imgs": {
            "prop_img": [
                {
                    "properties": "147956252:45867",
                    "url": "http://img.alicdn.com/imgextra/i2/2248304671/O1CN01w5Rd0Q1kNMq8gj2Sc_!!0-item_pic.jpg"
                }
            ]
        },
        "property_alias": "",
        "props": [
            {
                "name": "品牌",
                "value": "L'occitane/欧舒丹"
            },
            {
                "name": "欧舒丹系列",
                "value": "四支手霜组合"
            },
            {
                "name": "产地",
                "value": "法国"
            },
            {
                "name": "化妆品备案编号/注册证号",
                "value": "国妆网备进字（沪）2021503885"
            },
            {
                "name": "功效",
                "value": "滋润"
            },
            {
                "name": "规格类型",
                "value": "正常规格"
            },
            {
                "name": "是否为特殊用途化妆品",
                "value": "否"
            },
            {
                "name": "净含量",
                "value": "120ml"
            },
            {
                "name": "限期使用日期范围",
                "value": "2025-03-01至2025-06-01"
            }
        ],
        "total_sold": "-1",
        "skus": {
            "sku": [
                {
                    "price": 380,
                    "total_price": 0,
                    "orginal_price": 380,
                    "properties": "147956252:45867",
                    "properties_name": "147956252:45867:净含量:120ml",
                    "quantity": 200,
                    "sku_id": "5113169270906"
                }
            ]
        },
        "seller_id": "2248304671",
        "sales": 5000,
        "shop_id": "114646595",
        "props_list": {
            "147956252:45867": "净含量:120ml"
        },
        "seller_info": {
            "nick": "loccitane欧舒丹旗舰店",
            "item_score": 4.83999,
            "score_p": 4.8638,
            "delivery_score": 4.88305,
            "shop_type": "",
            "user_num_id": "2248304671",
            "sid": "114646595",
            "title": "",
            "zhuy": "https://shop114646595.taobao.com",
            "cert": null,
            "open_time": "",
            "credit_score": null,
            "shop_name": "loccitane欧舒丹旗舰店"
        },
        "tmall": true,
        "error": "",
        "location": "江苏苏州",
        "data_from": "Ha",
        "has_discount": "false",
        "is_promotion": "false",
        "promo_type": null,
        "props_img": {
            "147956252:45867": "http://img.alicdn.com/imgextra/i2/2248304671/O1CN01w5Rd0Q1kNMq8gj2Sc_!!0-item_pic.jpg"
        },
        "format_check": "ok",
        "desc_img": [
            "http://img.alicdn.com/imgextra/i2/2248304671/O1CN011ghUk71kNMplv188m_!!2248304671.jpg",
            "http://img.alicdn.com/imgextra/i1/2248304671/O1CN01kg2uqq1kNMoHV38sN_!!2248304671.jpg",
            "http://img.alicdn.com/imgextra/i4/2248304671/O1CN01vGxaes1kNMoO50mXP_!!2248304671.jpg",
            "http://img.alicdn.com/imgextra/i3/2248304671/O1CN01qKh6PY1kNMoUvEmhX_!!2248304671.jpg",
            "http://img.alicdn.com/imgextra/i4/2248304671/O1CN01nYWAVt1kNMpeHs4OW_!!2248304671.jpg"
        ],
        "shop_item": [],
        "relate_items": []
    },
    "error": "",
    "secache": "350060157436148ab6e10a58f4a0268a",
    "secache_time": 1677749599,
    "secache_date": "2023-03-02 17:33:19",
    "translate_status": "",
    "translate_time": 0,
    "language": {
        "default_lang": "cn",
        "current_lang": "cn"
    },
    "reason": "",
    "error_code": "0000",
    "cache": 0,
    "api_info": "today: max:20000 all[=++];expires:2024-01-16",
    "execution_time": "1.835",
    "server_time": "Beijing/2023-03-02 17:33:19",
    "client_ip": "54.39.83.153",
    "call_args": {
        "num_iid": "698341124648",
        "is_promotion": "1"
    },
    "api_type": "taobao",
    "translate_language": "zh-CN",
    "translate_engine": "baidu",
    "server_memory": "0.78MB",
    "last_id": false
}