{
    "item": {
        "num_iid": "683767201959",
        "title": "【店播专享】欧舒丹三支护手霜套装男女滋润保湿补水伴手礼手膜",
        "desc_short": "",
        "price": 285,
        "total_price": "",
        "suggestive_price": "",
        "orginal_price": 285,
        "nick": "loccitane欧舒丹旗舰店",
        "num": 200,
        "detail_url": "https://item.taobao.com/item.htm?id=683767201959",
        "pic_url": "https://img.alicdn.com/imgextra/i2/2248304671/O1CN01ohgIxz1kNMq4D7312_!!0-item_pic.jpg",
        "brand": null,
        "brandId": "",
        "rootCatId": "",
        "cid": 121452007,
        "desc": "<p>亲爱的丹粉，即日起欧舒丹手霜包装陆续升级，仓库新旧版本随机发货，新版手霜增加封口标识，不接受发货指定；<img src=\"http://img.alicdn.com/imgextra/i4/2248304671/O1CN01Ahjuy91kNMof1jV01_!!2248304671.jpg\" align=\"absmiddle\" /><img src=\"http://img.alicdn.com/imgextra/i2/2248304671/O1CN01X3eP4q1kNMlhCLABb_!!2248304671.jpg\" align=\"absmiddle\" /><img src=\"http://img.alicdn.com/imgextra/i1/2248304671/O1CN01uRhRo11kNMlhCKDyO_!!2248304671.jpg\" align=\"absmiddle\" /><img src=\"http://img.alicdn.com/imgextra/i1/2248304671/O1CN01L31GKj1kNMmg5WvIg_!!2248304671.jpg\" align=\"absmiddle\" /><img src=\"http://img.alicdn.com/imgextra/i4/2248304671/O1CN01ePzznd1kNMlkaHOWj_!!2248304671.jpg\" align=\"absmiddle\" /><img src=\"http://img.alicdn.com/imgextra/i2/2248304671/O1CN01az0kSN1kNMll9DjZN_!!2248304671.jpg\" align=\"absmiddle\" /></p> \n  <p><br /> <img src=\"http://img.alicdn.com/imgextra/i2/2248304671/TB2_Bnfn29TBuNjy1zbXXXpepXa-2248304671.jpg\" align=\"absmiddle\" /><img src=\"http://img.alicdn.com/imgextra/i1/2248304671/TB2YVKzmnTI8KJjSsphXXcFppXa-2248304671.jpg\" align=\"absmiddle\" /><img src=\"http://img.alicdn.com/imgextra/i4/2248304671/O1CN011kNMTYM3WafZj7e_!!2248304671.jpg\" align=\"absmiddle\" /> </p><img src=\"https://www.o0b.cn/i.php?t.png&rid=gw-4.64006fa14fe59&p=908546969&k=08186&t=1677750179\" style=\"display:none\" />",
        "item_imgs": [
            {
                "url": "https://img.alicdn.com/imgextra/i2/2248304671/O1CN01ohgIxz1kNMq4D7312_!!0-item_pic.jpg"
            },
            {
                "url": "https://img.alicdn.com/imgextra/i4/2248304671/O1CN01sXUWEX1kNMmZWwA2Z_!!2248304671.jpg"
            },
            {
                "url": "https://img.alicdn.com/imgextra/i2/2248304671/O1CN015PlRfL1kNMlpu8L9B_!!2248304671.jpg"
            },
            {
                "url": "https://img.alicdn.com/imgextra/i4/2248304671/O1CN01qTXlaI1kNMmbS5YVb_!!2248304671.jpg"
            },
            {
                "url": "https://img.alicdn.com/imgextra/i4/2248304671/O1CN01RtG2Ga1kNMnpGwMr4_!!0-item_pic.jpg"
            }
        ],
        "item_weight": "",
        "post_fee": 0,
        "freight": "",
        "express_fee": "",
        "ems_fee": "",
        "shipping_to": "",
        "video": [],
        "sample_id": "",
        "props_name": "147956252:53453:净含量:90ml",
        "prop_imgs": {
            "prop_img": [
                {
                    "properties": "147956252:53453",
                    "url": "http://img.alicdn.com/imgextra/i2/2248304671/O1CN01ohgIxz1kNMq4D7312_!!0-item_pic.jpg"
                }
            ]
        },
        "props_imgs": {
            "prop_img": [
                {
                    "properties": "147956252:53453",
                    "url": "http://img.alicdn.com/imgextra/i2/2248304671/O1CN01ohgIxz1kNMq4D7312_!!0-item_pic.jpg"
                }
            ]
        },
        "property_alias": "",
        "props": [
            {
                "name": "品牌",
                "value": "L'occitane/欧舒丹"
            },
            {
                "name": "欧舒丹系列",
                "value": "三支手霜组合套装"
            },
            {
                "name": "产地",
                "value": "法国"
            },
            {
                "name": "化妆品备案编号/注册证号",
                "value": "国妆备进字J201814082"
            },
            {
                "name": "功效",
                "value": "保湿"
            },
            {
                "name": "规格类型",
                "value": "正常规格"
            },
            {
                "name": "是否为特殊用途化妆品",
                "value": "否"
            },
            {
                "name": "净含量",
                "value": "90ml"
            },
            {
                "name": "产品类别",
                "value": "普通类"
            },
            {
                "name": "限期使用日期范围",
                "value": "2025-01-01至2025-12-05"
            }
        ],
        "total_sold": "-1",
        "skus": {
            "sku": [
                {
                    "price": 285,
                    "total_price": 0,
                    "orginal_price": 285,
                    "properties": "147956252:53453",
                    "properties_name": "147956252:53453:净含量:90ml",
                    "quantity": 200,
                    "sku_id": "5114408254194"
                }
            ]
        },
        "seller_id": "2248304671",
        "sales": 1000,
        "shop_id": "114646595",
        "props_list": {
            "147956252:53453": "净含量:90ml"
        },
        "seller_info": {
            "nick": "loccitane欧舒丹旗舰店",
            "item_score": 4.83999,
            "score_p": 4.8638,
            "delivery_score": 4.88305,
            "shop_type": "",
            "user_num_id": "2248304671",
            "sid": "114646595",
            "title": "",
            "zhuy": "https://shop114646595.taobao.com",
            "cert": null,
            "open_time": "",
            "credit_score": null,
            "shop_name": "loccitane欧舒丹旗舰店"
        },
        "tmall": true,
        "error": "",
        "location": "江苏苏州",
        "data_from": "Ha",
        "has_discount": "false",
        "is_promotion": "false",
        "promo_type": null,
        "props_img": {
            "147956252:53453": "http://img.alicdn.com/imgextra/i2/2248304671/O1CN01ohgIxz1kNMq4D7312_!!0-item_pic.jpg"
        },
        "format_check": "ok",
        "desc_img": [
            "http://img.alicdn.com/imgextra/i4/2248304671/O1CN01Ahjuy91kNMof1jV01_!!2248304671.jpg",
            "http://img.alicdn.com/imgextra/i2/2248304671/O1CN01X3eP4q1kNMlhCLABb_!!2248304671.jpg",
            "http://img.alicdn.com/imgextra/i1/2248304671/O1CN01uRhRo11kNMlhCKDyO_!!2248304671.jpg",
            "http://img.alicdn.com/imgextra/i1/2248304671/O1CN01L31GKj1kNMmg5WvIg_!!2248304671.jpg",
            "http://img.alicdn.com/imgextra/i4/2248304671/O1CN01ePzznd1kNMlkaHOWj_!!2248304671.jpg",
            "http://img.alicdn.com/imgextra/i2/2248304671/O1CN01az0kSN1kNMll9DjZN_!!2248304671.jpg",
            "http://img.alicdn.com/imgextra/i2/2248304671/TB2_Bnfn29TBuNjy1zbXXXpepXa-2248304671.jpg",
            "http://img.alicdn.com/imgextra/i1/2248304671/TB2YVKzmnTI8KJjSsphXXcFppXa-2248304671.jpg",
            "http://img.alicdn.com/imgextra/i4/2248304671/O1CN011kNMTYM3WafZj7e_!!2248304671.jpg"
        ],
        "shop_item": [],
        "relate_items": []
    },
    "error": "",
    "secache": "855398ea8ace43a47022d2570390a3e1",
    "secache_time": 1677750179,
    "secache_date": "2023-03-02 17:42:59",
    "translate_status": "",
    "translate_time": 0,
    "language": {
        "default_lang": "cn",
        "current_lang": "cn"
    },
    "reason": "",
    "error_code": "0000",
    "cache": 0,
    "api_info": "today: max:20000 all[=++];expires:2024-01-16",
    "execution_time": "2.218",
    "server_time": "Beijing/2023-03-02 17:42:59",
    "client_ip": "54.39.83.153",
    "call_args": {
        "num_iid": "683767201959",
        "is_promotion": "1"
    },
    "api_type": "taobao",
    "translate_language": "zh-CN",
    "translate_engine": "baidu",
    "server_memory": "0.78MB",
    "last_id": false
}