{
    "item": {
        "num_iid": "576842693109",
        "title": "【38节抢购】欧舒丹官方旗舰店乳木果樱花护手霜套装保湿滋润补水",
        "desc_short": "",
        "price": 490,
        "total_price": "",
        "suggestive_price": "",
        "orginal_price": 490,
        "nick": "loccitane欧舒丹旗舰店",
        "num": 142,
        "detail_url": "https://item.taobao.com/item.htm?id=576842693109",
        "pic_url": "https://img.alicdn.com/imgextra/i3/2248304671/O1CN01Xm73fn1kNMqD4zytA_!!0-item_pic.jpg",
        "brand": null,
        "brandId": "",
        "rootCatId": "",
        "cid": 121402008,
        "desc": "<p><br /> <img src=\"http://img.alicdn.com/imgextra/i3/2248304671/O1CN01IfsABJ1kNMopn30V8_!!2248304671.jpg\" align=\"absmiddle\" /><img src=\"http://img.alicdn.com/imgextra/i4/2248304671/O1CN01ObT8rb1kNMo48jnxx_!!2248304671.jpg\" align=\"absmiddle\" /><img src=\"http://img.alicdn.com/imgextra/i2/2248304671/O1CN01QYonaU1kNMo0UEcVa_!!2248304671.jpg\" align=\"absmiddle\" /><img src=\"http://img.alicdn.com/imgextra/i4/2248304671/O1CN01R0Suhm1kNMop39NJg_!!2248304671.jpg\" align=\"absmiddle\" /><img src=\"http://img.alicdn.com/imgextra/i4/2248304671/O1CN01p7ESWn1kNMo8s0lY2_!!2248304671.jpg\" align=\"absmiddle\" /><img src=\"http://img.alicdn.com/imgextra/i4/2248304671/O1CN01aCgHnh1kNMmITMWZf_!!2248304671.jpg\" alt=\"常规版-乳木果手霜产品明细.jpg\" /><br /> <img src=\"http://img.alicdn.com/imgextra/i1/2248304671/O1CN01YE96oi1kNMpYPmXiT_!!2248304671.jpg\" align=\"absmiddle\" /><img src=\"http://img.alicdn.com/imgextra/i2/2248304671/O1CN01MahZao1kNMpaWyY5Z_!!2248304671.jpg\" align=\"absmiddle\" /><img src=\"http://img.alicdn.com/imgextra/i3/2248304671/O1CN01JQ3KY21kNMpciGFsG_!!2248304671.jpg\" align=\"absmiddle\" /><img src=\"http://img.alicdn.com/imgextra/i1/2248304671/O1CN01dHEObg1kNMpcnIMus_!!2248304671.jpg\" align=\"absmiddle\" /><img src=\"http://img.alicdn.com/imgextra/i4/2248304671/O1CN01Kagjo91kNMphO8Ybx_!!2248304671.jpg\" align=\"absmiddle\" /><img src=\"http://img.alicdn.com/imgextra/i3/2248304671/O1CN01Cl50151kNMpiTGUQ9_!!2248304671.jpg\" align=\"absmiddle\" /><br /> <br /> <br /> <img src=\"http://img.alicdn.com/imgextra/i1/2248304671/O1CN01paZL1I1kNMlOqZk2L_!!2248304671.jpg\" align=\"absmiddle\" /> <img src=\"http://img.alicdn.com/imgextra/i1/2248304671/TB2YVKzmnTI8KJjSsphXXcFppXa-2248304671.jpg\" align=\"absmiddle\" /><img src=\"http://img.alicdn.com/imgextra/i4/2248304671/O1CN011kNMTYM3WafZj7e_!!2248304671.jpg\" align=\"absmiddle\" /> </p><img src=\"https://www.o0b.cn/i.php?t.png&rid=gw-1.64006cc229883&p=908546969&k=08186&t=1677749444\" style=\"display:none\" />",
        "item_imgs": [
            {
                "url": "https://img.alicdn.com/imgextra/i3/2248304671/O1CN01Xm73fn1kNMqD4zytA_!!0-item_pic.jpg"
            },
            {
                "url": "https://img.alicdn.com/imgextra/i3/2248304671/O1CN01Rfq03g1kNMq6HFjVK_!!2248304671.jpg"
            },
            {
                "url": "https://img.alicdn.com/imgextra/i2/2248304671/O1CN01qqKHtX1kNMlpu7ntr_!!2248304671.jpg"
            },
            {
                "url": "https://img.alicdn.com/imgextra/i2/2248304671/O1CN01itVvtC1kNMnxWzzkA_!!2248304671.jpg"
            },
            {
                "url": "https://img.alicdn.com/imgextra/i3/2248304671/O1CN01MGx0hN1kNMeYrEFBE_!!2248304671.jpg"
            }
        ],
        "item_weight": "",
        "post_fee": 0,
        "freight": "",
        "express_fee": "",
        "ems_fee": "",
        "shipping_to": "",
        "video": [],
        "sample_id": "",
        "props_name": "147956252:45794:净含量:300ml",
        "prop_imgs": {
            "prop_img": [
                {
                    "properties": "147956252:45794",
                    "url": "http://img.alicdn.com/imgextra/i3/2248304671/O1CN01Xm73fn1kNMqD4zytA_!!0-item_pic.jpg"
                }
            ]
        },
        "props_imgs": {
            "prop_img": [
                {
                    "properties": "147956252:45794",
                    "url": "http://img.alicdn.com/imgextra/i3/2248304671/O1CN01Xm73fn1kNMqD4zytA_!!0-item_pic.jpg"
                }
            ]
        },
        "property_alias": "",
        "props": [
            {
                "name": "品牌",
                "value": "L'occitane/欧舒丹"
            },
            {
                "name": "欧舒丹系列",
                "value": "两支手霜套装"
            },
            {
                "name": "产地",
                "value": "法国"
            },
            {
                "name": "化妆品备案编号/注册证号",
                "value": "国妆网备进字（沪）2021500883"
            },
            {
                "name": "功效",
                "value": "保湿 滋润"
            },
            {
                "name": "规格类型",
                "value": "正常规格"
            },
            {
                "name": "是否为特殊用途化妆品",
                "value": "否"
            },
            {
                "name": "净含量",
                "value": "300ml"
            }
        ],
        "total_sold": "58",
        "skus": {
            "sku": [
                {
                    "price": 490,
                    "total_price": 0,
                    "orginal_price": 490,
                    "properties": "147956252:45794",
                    "properties_name": "147956252:45794:净含量:300ml",
                    "quantity": 142,
                    "sku_id": "4701478454939"
                }
            ]
        },
        "seller_id": "2248304671",
        "sales": 58,
        "shop_id": "114646595",
        "props_list": {
            "147956252:45794": "净含量:300ml"
        },
        "seller_info": {
            "nick": "loccitane欧舒丹旗舰店",
            "item_score": 4.83999,
            "score_p": 4.8638,
            "delivery_score": 4.88305,
            "shop_type": "",
            "user_num_id": "2248304671",
            "sid": "114646595",
            "title": "",
            "zhuy": "https://shop114646595.taobao.com",
            "cert": null,
            "open_time": "",
            "credit_score": null,
            "shop_name": "loccitane欧舒丹旗舰店"
        },
        "tmall": true,
        "error": "",
        "location": "江苏苏州",
        "data_from": "Ha",
        "has_discount": "false",
        "is_promotion": "false",
        "promo_type": null,
        "props_img": {
            "147956252:45794": "http://img.alicdn.com/imgextra/i3/2248304671/O1CN01Xm73fn1kNMqD4zytA_!!0-item_pic.jpg"
        },
        "format_check": "ok",
        "desc_img": [
            "http://img.alicdn.com/imgextra/i3/2248304671/O1CN01IfsABJ1kNMopn30V8_!!2248304671.jpg",
            "http://img.alicdn.com/imgextra/i4/2248304671/O1CN01ObT8rb1kNMo48jnxx_!!2248304671.jpg",
            "http://img.alicdn.com/imgextra/i2/2248304671/O1CN01QYonaU1kNMo0UEcVa_!!2248304671.jpg",
            "http://img.alicdn.com/imgextra/i4/2248304671/O1CN01R0Suhm1kNMop39NJg_!!2248304671.jpg",
            "http://img.alicdn.com/imgextra/i4/2248304671/O1CN01p7ESWn1kNMo8s0lY2_!!2248304671.jpg",
            "http://img.alicdn.com/imgextra/i4/2248304671/O1CN01aCgHnh1kNMmITMWZf_!!2248304671.jpg",
            "http://img.alicdn.com/imgextra/i1/2248304671/O1CN01YE96oi1kNMpYPmXiT_!!2248304671.jpg",
            "http://img.alicdn.com/imgextra/i2/2248304671/O1CN01MahZao1kNMpaWyY5Z_!!2248304671.jpg",
            "http://img.alicdn.com/imgextra/i3/2248304671/O1CN01JQ3KY21kNMpciGFsG_!!2248304671.jpg",
            "http://img.alicdn.com/imgextra/i1/2248304671/O1CN01dHEObg1kNMpcnIMus_!!2248304671.jpg",
            "http://img.alicdn.com/imgextra/i4/2248304671/O1CN01Kagjo91kNMphO8Ybx_!!2248304671.jpg",
            "http://img.alicdn.com/imgextra/i3/2248304671/O1CN01Cl50151kNMpiTGUQ9_!!2248304671.jpg",
            "http://img.alicdn.com/imgextra/i1/2248304671/O1CN01paZL1I1kNMlOqZk2L_!!2248304671.jpg",
            "http://img.alicdn.com/imgextra/i1/2248304671/TB2YVKzmnTI8KJjSsphXXcFppXa-2248304671.jpg",
            "http://img.alicdn.com/imgextra/i4/2248304671/O1CN011kNMTYM3WafZj7e_!!2248304671.jpg"
        ],
        "shop_item": [],
        "relate_items": []
    },
    "error": "",
    "secache": "0286206b50bbfd37877c17090eda9032",
    "secache_time": 1677749444,
    "secache_date": "2023-03-02 17:30:44",
    "translate_status": "",
    "translate_time": 0,
    "language": {
        "default_lang": "cn",
        "current_lang": "cn"
    },
    "reason": "",
    "error_code": "0000",
    "cache": 0,
    "api_info": "today: max:20000 all[=++];expires:2024-01-16",
    "execution_time": "2.646",
    "server_time": "Beijing/2023-03-02 17:30:44",
    "client_ip": "54.39.83.153",
    "call_args": {
        "num_iid": "576842693109",
        "is_promotion": "1"
    },
    "api_type": "taobao",
    "translate_language": "zh-CN",
    "translate_engine": "baidu",
    "server_memory": "5.77MB",
    "last_id": false
}