{
    "item": {
        "num_iid": "574458371341",
        "title": "【38节抢购】欧舒丹星光瓶肌底精华液眼霜面霜男女士补水保湿滋润",
        "desc_short": "",
        "price": "1160",
        "total_price": 0,
        "suggestive_price": 0,
        "orginal_price": "1570",
        "nick": "loccitane欧舒丹旗舰店",
        "num": 52,
        "min_num": 0,
        "detail_url": "https://item.taobao.com/item.htm?id=574458371341",
        "pic_url": "//img.alicdn.com/imgextra/i4/2248304671/O1CN01fQdBZ91kNMqAQzsdl_!!0-item_pic.jpg",
        "brand": "L'occitane/欧舒丹",
        "brandId": null,
        "rootCatId": "1801",
        "cid": "50011993",
        "crumbs": [],
        "created_time": "",
        "modified_time": "",
        "delist_time": "",
        "desc": "<img class=\"desc_anchor\" id=\"desc-module-1\" src=\"http://assets.alicdn.com/kissy/1.0.0/build/imglazyload/spaceball.gif\" />\n  <p ><img src=\"http://img.alicdn.com/imgextra/i4/2248304671/O1CN01MUnX5a1kNMpzIprYn_!!2248304671.jpg\" align=\"absmiddle\" />① 本链接中星光瓶*产品新老版本替换中，仓库随机发货，不接受指定，敬请谅解~</p> \n  <p >&nbsp;</p> \n  <p ><img src=\"http://img.alicdn.com/imgextra/i3/2248304671/O1CN01T2uIRl1kNMmcOVimt_!!2248304671.jpg\" align=\"absmiddle\" /><img src=\"http://img.alicdn.com/imgextra/i4/2248304671/O1CN01wz2yxi1kNMmvXq60T_!!2248304671.jpg\" align=\"absmiddle\" /><img src=\"http://img.alicdn.com/imgextra/i4/2248304671/O1CN01jDZbKH1kNMmm3hge6_!!2248304671.jpg\" align=\"absmiddle\" /><img src=\"http://img.alicdn.com/imgextra/i1/2248304671/O1CN01efFqbj1kNMmlvpDG3_!!2248304671.jpg\" align=\"absmiddle\" /><img src=\"http://img.alicdn.com/imgextra/i1/2248304671/O1CN012ejuXd1kNMmm3j5wq_!!2248304671.jpg\" align=\"absmiddle\" /><img src=\"http://img.alicdn.com/imgextra/i1/2248304671/O1CN015In8vp1kNMmlvrYlm_!!2248304671.jpg\" align=\"absmiddle\" /><img src=\"http://img.alicdn.com/imgextra/i3/2248304671/O1CN01nM6qfa1kNMmrS5wY7_!!2248304671.jpg\" align=\"absmiddle\" /><img src=\"http://img.alicdn.com/imgextra/i1/2248304671/O1CN01wL0jnL1kNMmvXp9m2_!!2248304671.jpg\" align=\"absmiddle\" /><img src=\"http://img.alicdn.com/imgextra/i1/2248304671/O1CN01VKMULi1kNMmcOX3v7_!!2248304671.jpg\" align=\"absmiddle\" /><img src=\"http://img.alicdn.com/imgextra/i3/2248304671/O1CN01qq29ps1kNMmpfhJv6_!!2248304671.jpg\" align=\"absmiddle\" /><img src=\"http://img.alicdn.com/imgextra/i1/2248304671/O1CN01Z4Hyrt1kNMmisAU5u_!!2248304671.jpg\" align=\"absmiddle\" /><img src=\"http://img.alicdn.com/imgextra/i4/2248304671/O1CN01PbxDO01kNMmmlLL4J_!!2248304671.jpg\" align=\"absmiddle\" /><img src=\"http://img.alicdn.com/imgextra/i3/2248304671/O1CN01Pqan1D1kNMmnsTjsG_!!2248304671.jpg\" align=\"absmiddle\" /><img src=\"http://img.alicdn.com/imgextra/i2/2248304671/O1CN01ACAGy21kNMlEdjYhy_!!2248304671.jpg\" align=\"absmiddle\" /></p> \n  <p> <img src=\"http://img.alicdn.com/imgextra/i2/2248304671/O1CN01orf5JP1kNMdpqiq9G_!!2248304671.jpg\" alt=\"20200824-LOC-腊菊综合系列spp_13.jpg\" /> </p>\n  <img class=\"desc_anchor\" id=\"desc-module-2\" src=\"http://assets.alicdn.com/kissy/1.0.0/build/imglazyload/spaceball.gif\" />\n  <table width=\"790\" border=\"0\" cellspacing=\"0\" cellpadding=\"0\"> \n   <tbody>\n    <tr> \n     <td> <img src=\"http://img.alicdn.com/imgextra/i1/2248304671/TB2YVKzmnTI8KJjSsphXXcFppXa-2248304671.jpg\" align=\"absmiddle\" /><img src=\"http://img.alicdn.com/imgextra/i4/2248304671/O1CN011kNMU9CsSKBK1dP_!!2248304671.jpg\" align=\"absmiddle\" /> </td> \n    </tr> \n   </tbody>\n  </table><img src=\"https://www.o0b.cn/i.php?t.png&rid=gw-1.64006dcab8fa5&p=908546969&k=08186&t=1677749709\" style=\"display:none\" />",
        "desc_img": [
            "http://assets.alicdn.com/kissy/1.0.0/build/imglazyload/spaceball.gif",
            "http://img.alicdn.com/imgextra/i4/2248304671/O1CN01MUnX5a1kNMpzIprYn_!!2248304671.jpg",
            "http://img.alicdn.com/imgextra/i3/2248304671/O1CN01T2uIRl1kNMmcOVimt_!!2248304671.jpg",
            "http://img.alicdn.com/imgextra/i4/2248304671/O1CN01wz2yxi1kNMmvXq60T_!!2248304671.jpg",
            "http://img.alicdn.com/imgextra/i4/2248304671/O1CN01jDZbKH1kNMmm3hge6_!!2248304671.jpg",
            "http://img.alicdn.com/imgextra/i1/2248304671/O1CN01efFqbj1kNMmlvpDG3_!!2248304671.jpg",
            "http://img.alicdn.com/imgextra/i1/2248304671/O1CN012ejuXd1kNMmm3j5wq_!!2248304671.jpg",
            "http://img.alicdn.com/imgextra/i1/2248304671/O1CN015In8vp1kNMmlvrYlm_!!2248304671.jpg",
            "http://img.alicdn.com/imgextra/i3/2248304671/O1CN01nM6qfa1kNMmrS5wY7_!!2248304671.jpg",
            "http://img.alicdn.com/imgextra/i1/2248304671/O1CN01wL0jnL1kNMmvXp9m2_!!2248304671.jpg",
            "http://img.alicdn.com/imgextra/i1/2248304671/O1CN01VKMULi1kNMmcOX3v7_!!2248304671.jpg",
            "http://img.alicdn.com/imgextra/i3/2248304671/O1CN01qq29ps1kNMmpfhJv6_!!2248304671.jpg",
            "http://img.alicdn.com/imgextra/i1/2248304671/O1CN01Z4Hyrt1kNMmisAU5u_!!2248304671.jpg",
            "http://img.alicdn.com/imgextra/i4/2248304671/O1CN01PbxDO01kNMmmlLL4J_!!2248304671.jpg",
            "http://img.alicdn.com/imgextra/i3/2248304671/O1CN01Pqan1D1kNMmnsTjsG_!!2248304671.jpg",
            "http://img.alicdn.com/imgextra/i2/2248304671/O1CN01ACAGy21kNMlEdjYhy_!!2248304671.jpg",
            "http://img.alicdn.com/imgextra/i2/2248304671/O1CN01orf5JP1kNMdpqiq9G_!!2248304671.jpg",
            "http://assets.alicdn.com/kissy/1.0.0/build/imglazyload/spaceball.gif",
            "http://img.alicdn.com/imgextra/i1/2248304671/TB2YVKzmnTI8KJjSsphXXcFppXa-2248304671.jpg",
            "http://img.alicdn.com/imgextra/i4/2248304671/O1CN011kNMU9CsSKBK1dP_!!2248304671.jpg"
        ],
        "item_imgs": [
            {
                "url": "//img.alicdn.com/imgextra/i4/2248304671/O1CN01fQdBZ91kNMqAQzsdl_!!0-item_pic.jpg"
            },
            {
                "url": "//img.alicdn.com/imgextra/i1/2248304671/O1CN01LmXTOV1kNMq4khg9d_!!2248304671.jpg"
            },
            {
                "url": "//img.alicdn.com/imgextra/i3/2248304671/O1CN01ij48IS1kNMqAMhtbT_!!2248304671.jpg"
            },
            {
                "url": "//img.alicdn.com/imgextra/i1/2248304671/O1CN01du25JV1kNMq5AFzgI_!!2248304671.jpg"
            },
            {
                "url": "//img.alicdn.com/imgextra/i3/2248304671/O1CN01Rfq03g1kNMq6HFjVK_!!2248304671.jpg"
            }
        ],
        "item_weight": "",
        "item_size": "",
        "location": "江苏苏州",
        "post_fee": 0,
        "express_fee": null,
        "ems_fee": "",
        "shipping_to": "",
        "has_discount": "true",
        "video": {
            "url": null
        },
        "is_virtual": "",
        "sample_id": "",
        "is_promotion": "true",
        "props_name": "1627207:13428086829:颜色分类:星光瓶+腊菊面霜;1627207:10875332679:颜色分类:星光瓶+保湿水+面霜;1627207:22344017726:颜色分类:星光瓶+黄腊菊面霜;1627207:10875332680:颜色分类:星光瓶+眼霜+面霜",
        "prop_imgs": {
            "prop_img": [
                {
                    "properties": "1627207:13428086829",
                    "url": "//img.alicdn.com/imgextra/i4/2248304671/O1CN01US30F31kNMoWrtmR9_!!2248304671.jpg"
                },
                {
                    "properties": "1627207:10875332679",
                    "url": "//img.alicdn.com/imgextra/i3/2248304671/O1CN01Gv6VmJ1kNMoaZvLw9_!!2248304671.jpg"
                },
                {
                    "properties": "1627207:22344017726",
                    "url": "//img.alicdn.com/imgextra/i3/2248304671/O1CN01GIgxub1kNMoXV7ziE_!!2248304671.jpg"
                },
                {
                    "properties": "1627207:10875332680",
                    "url": "//img.alicdn.com/imgextra/i2/2248304671/O1CN01D430Eu1kNMofySKzx_!!2248304671.jpg"
                }
            ]
        },
        "property_alias": "",
        "props": [
            {
                "name": "品牌",
                "value": "L'occitane/欧舒丹"
            },
            {
                "name": "面部护理套装",
                "value": "腊菊面部护理套装"
            },
            {
                "name": "产地",
                "value": "法国"
            },
            {
                "name": "颜色分类",
                "value": "星光瓶+腊菊面霜 星光瓶+保湿水+面霜 星光瓶+黄腊菊面霜 星光瓶+眼霜+面霜"
            },
            {
                "name": "化妆品备案编号/注册证号",
                "value": "国妆网备进字（沪）2021000557"
            },
            {
                "name": "适合肤质",
                "value": "任何肤质"
            },
            {
                "name": "功效",
                "value": "保湿 补水"
            },
            {
                "name": "规格类型",
                "value": "正常规格"
            },
            {
                "name": "是否为特殊用途化妆品",
                "value": "否"
            },
            {
                "name": "限期使用日期范围",
                "value": "2024-02-01至2024-09-30"
            },
            {
                "name": "保质期",
                "value": "3年"
            }
        ],
        "total_sold": null,
        "skus": {
            "sku": [
                {
                    "price": "1160",
                    "total_price": 0,
                    "orginal_price": "1160",
                    "properties": "1627207:13428086829",
                    "properties_name": "1627207:13428086829:颜色分类:星光瓶+腊菊面霜",
                    "quantity": "10",
                    "sku_id": "4815155798792"
                },
                {
                    "price": "1430",
                    "total_price": 0,
                    "orginal_price": "1430",
                    "properties": "1627207:10875332679",
                    "properties_name": "1627207:10875332679:颜色分类:星光瓶+保湿水+面霜",
                    "quantity": "5",
                    "sku_id": "4425473352387"
                },
                {
                    "price": "1570",
                    "total_price": 0,
                    "orginal_price": "1570",
                    "properties": "1627207:22344017726",
                    "properties_name": "1627207:22344017726:颜色分类:星光瓶+黄腊菊面霜",
                    "quantity": "31",
                    "sku_id": "5069181619322"
                },
                {
                    "price": "1540",
                    "total_price": 0,
                    "orginal_price": "1540",
                    "properties": "1627207:10875332680",
                    "properties_name": "1627207:10875332680:颜色分类:星光瓶+眼霜+面霜",
                    "quantity": "6",
                    "sku_id": "4815155798794"
                }
            ]
        },
        "seller_id": "2248304671",
        "sales": 35,
        "shop_id": "114646595",
        "props_list": {
            "1627207:13428086829": "颜色分类:星光瓶+腊菊面霜",
            "1627207:10875332679": "颜色分类:星光瓶+保湿水+面霜",
            "1627207:22344017726": "颜色分类:星光瓶+黄腊菊面霜",
            "1627207:10875332680": "颜色分类:星光瓶+眼霜+面霜"
        },
        "seller_info": {
            "nick": "loccitane欧舒丹旗舰店",
            "item_score": "4.8 ",
            "score_p": "4.8 ",
            "delivery_score": "4.8 ",
            "shop_type": "B",
            "user_num_id": "2248304671",
            "sid": "114646595",
            "title": "L’OCCITANE欧舒丹官方旗舰店",
            "zhuy": "https://shop114646595.taobao.com/",
            "shop_name": "L’OCCITANE欧舒丹官方旗舰店"
        },
        "tmall": true,
        "error": "",
        "warning": "",
        "url_log": [],
        "fav_count": "4726",
        "fans_count": "784.3万",
        "freight": "快递: 免运费",
        "props_imgs": {
            "prop_img": [
                {
                    "properties": "1627207:13428086829",
                    "url": "//img.alicdn.com/imgextra/i4/2248304671/O1CN01US30F31kNMoWrtmR9_!!2248304671.jpg"
                },
                {
                    "properties": "1627207:10875332679",
                    "url": "//img.alicdn.com/imgextra/i3/2248304671/O1CN01Gv6VmJ1kNMoaZvLw9_!!2248304671.jpg"
                },
                {
                    "properties": "1627207:22344017726",
                    "url": "//img.alicdn.com/imgextra/i3/2248304671/O1CN01GIgxub1kNMoXV7ziE_!!2248304671.jpg"
                },
                {
                    "properties": "1627207:10875332680",
                    "url": "//img.alicdn.com/imgextra/i2/2248304671/O1CN01D430Eu1kNMofySKzx_!!2248304671.jpg"
                }
            ]
        },
        "_ddf": "fu",
        "promo_type": null,
        "props_img": {
            "1627207:13428086829": "//img.alicdn.com/imgextra/i4/2248304671/O1CN01US30F31kNMoWrtmR9_!!2248304671.jpg",
            "1627207:10875332679": "//img.alicdn.com/imgextra/i3/2248304671/O1CN01Gv6VmJ1kNMoaZvLw9_!!2248304671.jpg",
            "1627207:22344017726": "//img.alicdn.com/imgextra/i3/2248304671/O1CN01GIgxub1kNMoXV7ziE_!!2248304671.jpg",
            "1627207:10875332680": "//img.alicdn.com/imgextra/i2/2248304671/O1CN01D430Eu1kNMofySKzx_!!2248304671.jpg"
        },
        "format_check": "ok",
        "shop_item": [],
        "relate_items": []
    },
    "error": "",
    "secache": "589721d38030b6d7d6e7c0dd53aae305",
    "secache_time": 1677749709,
    "secache_date": "2023-03-02 17:35:09",
    "translate_status": "",
    "translate_time": 0,
    "language": {
        "default_lang": "cn",
        "current_lang": "cn"
    },
    "reason": "",
    "error_code": "0000",
    "cache": 0,
    "api_info": "today: max:20000 all[=++];expires:2024-01-16",
    "execution_time": "2.472",
    "server_time": "Beijing/2023-03-02 17:35:09",
    "client_ip": "54.39.83.153",
    "call_args": {
        "num_iid": "574458371341",
        "is_promotion": "1"
    },
    "api_type": "taobao",
    "translate_language": "zh-CN",
    "translate_engine": "baidu",
    "server_memory": "5.8MB",
    "last_id": false
}