{
    "item": {
        "num_iid": "42589568633",
        "title": "【38节抢购】欧舒丹沐浴露樱花沐浴啫喱男女全身留香清洁保湿香氛",
        "desc_short": "",
        "price": 185,
        "total_price": "",
        "suggestive_price": "",
        "orginal_price": 185,
        "nick": "loccitane欧舒丹旗舰店",
        "num": 200,
        "detail_url": "https://item.taobao.com/item.htm?id=42589568633",
        "pic_url": "https://img.alicdn.com/imgextra/i2/2248304671/O1CN01WxjPqt1kNMq1wBpMy_!!0-item_pic.jpg",
        "brand": null,
        "brandId": "",
        "rootCatId": "",
        "cid": 121386011,
        "desc": "<p><img src=\"http://img.alicdn.com/imgextra/i3/2248304671/O1CN01kqIGrl1kNMq1NznG8_!!2248304671.jpg\" align=\"absmiddle\" /><img src=\"http://img.alicdn.com/imgextra/i4/2248304671/O1CN01jHRjJS1kNMoMLUrSe_!!2248304671.jpg\" align=\"absmiddle\" /></p> \n  <p><img src=\"http://img.alicdn.com/imgextra/i1/2248304671/O1CN01vyhhuj1kNMny9YPZx_!!2248304671.jpg\" align=\"absmiddle\" />&nbsp;<br /> <img src=\"http://img.alicdn.com/imgextra/i3/2248304671/O1CN01XXXi4O1kNMpe7LwVd_!!2248304671.jpg\" align=\"absmiddle\" /><img src=\"http://img.alicdn.com/imgextra/i3/2248304671/O1CN01dfYkn61kNMplcQjPN_!!2248304671.jpg\" align=\"absmiddle\" /><img src=\"http://img.alicdn.com/imgextra/i3/2248304671/O1CN0121UxpJ1kNMpV3G4Hk_!!2248304671.jpg\" align=\"absmiddle\" /><img src=\"http://img.alicdn.com/imgextra/i3/2248304671/O1CN0126A64b1kNMpb7tUXU_!!2248304671.jpg\" align=\"absmiddle\" /><img src=\"http://img.alicdn.com/imgextra/i3/2248304671/O1CN01uO4dwu1kNMpmRWXNx_!!2248304671.jpg\" align=\"absmiddle\" /><img src=\"http://img.alicdn.com/imgextra/i1/2248304671/O1CN01J4Uq6P1kNMphDwkN0_!!2248304671.jpg\" align=\"absmiddle\" /><img src=\"http://img.alicdn.com/imgextra/i2/2248304671/O1CN01gC850S1kNMpiigsnh_!!2248304671.jpg\" align=\"absmiddle\" /><img src=\"http://img.alicdn.com/imgextra/i1/2248304671/O1CN01FYV2uG1kNMo2jd1RF_!!2248304671.jpg\" align=\"absmiddle\" /><img src=\"http://img.alicdn.com/imgextra/i2/2248304671/TB2_Bnfn29TBuNjy1zbXXXpepXa-2248304671.jpg\" alt=\"1-品牌故事.jpg\" /><br /> <img src=\"http://img.alicdn.com/imgextra/i1/2248304671/TB2YVKzmnTI8KJjSsphXXcFppXa-2248304671.jpg\" alt=\"2-礼盒发放说明.jpg\" /><br /> <img src=\"http://img.alicdn.com/imgextra/i4/2248304671/O1CN011kNMTYM3WafZj7e_!!2248304671.jpg\" alt=\"3-正品保证-SPP页底.jpg\" /> </p> \n  <p>&nbsp;</p><img src=\"https://www.o0b.cn/i.php?t.png&rid=gw-1.64006a18c5d66&p=908546969&k=08186&t=1677748763\" style=\"display:none\" />",
        "item_imgs": [
            {
                "url": "https://img.alicdn.com/imgextra/i2/2248304671/O1CN01WxjPqt1kNMq1wBpMy_!!0-item_pic.jpg"
            },
            {
                "url": "https://img.alicdn.com/imgextra/i1/2248304671/O1CN01U3o6eo1kNMq6GooH7_!!2248304671.jpg"
            },
            {
                "url": "https://img.alicdn.com/imgextra/i3/2248304671/O1CN01Rfq03g1kNMq6HFjVK_!!2248304671.jpg"
            },
            {
                "url": "https://img.alicdn.com/imgextra/i4/2248304671/O1CN01ipwoTs1kNMpljkwmY_!!2248304671.jpg"
            },
            {
                "url": "https://img.alicdn.com/imgextra/i2/2248304671/O1CN01wTakLD1kNMpnVDyJw_!!2248304671.jpg"
            }
        ],
        "item_weight": "",
        "post_fee": 0,
        "freight": "",
        "express_fee": "",
        "ems_fee": "",
        "shipping_to": "",
        "video": [],
        "sample_id": "",
        "props_name": "1626520:52913982:香味:樱花;1626520:52913982:香味:樱花;147956252:45789:净含量:250ml;147956252:75367556:净含量:500ml",
        "prop_imgs": {
            "prop_img": []
        },
        "props_imgs": {
            "prop_img": []
        },
        "property_alias": "",
        "props": [
            {
                "name": "品牌",
                "value": "L'occitane/欧舒丹"
            },
            {
                "name": "欧舒丹系列",
                "value": "甜蜜樱花沐浴啫喱"
            },
            {
                "name": "产地",
                "value": "法国"
            },
            {
                "name": "香味",
                "value": "樱花"
            },
            {
                "name": "化妆品备案编号/注册证号",
                "value": "国妆备进字J20141698"
            },
            {
                "name": "功效",
                "value": "清洁"
            },
            {
                "name": "规格类型",
                "value": "正常规格"
            },
            {
                "name": "是否为特殊用途化妆品",
                "value": "否"
            },
            {
                "name": "净含量",
                "value": "250ml 500ml"
            },
            {
                "name": "产品类别",
                "value": "普通类"
            },
            {
                "name": "限期使用日期范围",
                "value": "2024-04-01至2024-09-01"
            }
        ],
        "total_sold": "-1",
        "skus": {
            "sku": [
                {
                    "price": 185,
                    "total_price": 0,
                    "orginal_price": 185,
                    "properties": "1626520:52913982;147956252:45789",
                    "properties_name": "1626520:52913982:香味:樱花;147956252:45789:净含量:250ml",
                    "quantity": 200,
                    "sku_id": "72040393893"
                },
                {
                    "price": 335,
                    "total_price": 0,
                    "orginal_price": 335,
                    "properties": "1626520:52913982;147956252:75367556",
                    "properties_name": "1626520:52913982:香味:樱花;147956252:75367556:净含量:500ml",
                    "quantity": 200,
                    "sku_id": "4810919967630"
                }
            ]
        },
        "seller_id": "2248304671",
        "sales": 3000,
        "shop_id": "114646595",
        "props_list": {
            "1626520:52913982": "香味:樱花",
            "147956252:45789": "净含量:250ml",
            "147956252:75367556": "净含量:500ml"
        },
        "seller_info": {
            "nick": "loccitane欧舒丹旗舰店",
            "item_score": 4.83999,
            "score_p": 4.8638,
            "delivery_score": 4.88305,
            "shop_type": "",
            "user_num_id": "2248304671",
            "sid": "114646595",
            "title": "",
            "zhuy": "https://shop114646595.taobao.com",
            "cert": null,
            "open_time": "",
            "credit_score": null,
            "shop_name": "loccitane欧舒丹旗舰店"
        },
        "tmall": true,
        "error": "",
        "location": "江苏苏州",
        "data_from": "Ha",
        "has_discount": "false",
        "is_promotion": "false",
        "promo_type": null,
        "props_img": [],
        "format_check": "ok",
        "desc_img": [
            "http://img.alicdn.com/imgextra/i3/2248304671/O1CN01kqIGrl1kNMq1NznG8_!!2248304671.jpg",
            "http://img.alicdn.com/imgextra/i4/2248304671/O1CN01jHRjJS1kNMoMLUrSe_!!2248304671.jpg",
            "http://img.alicdn.com/imgextra/i1/2248304671/O1CN01vyhhuj1kNMny9YPZx_!!2248304671.jpg",
            "http://img.alicdn.com/imgextra/i3/2248304671/O1CN01XXXi4O1kNMpe7LwVd_!!2248304671.jpg",
            "http://img.alicdn.com/imgextra/i3/2248304671/O1CN01dfYkn61kNMplcQjPN_!!2248304671.jpg",
            "http://img.alicdn.com/imgextra/i3/2248304671/O1CN0121UxpJ1kNMpV3G4Hk_!!2248304671.jpg",
            "http://img.alicdn.com/imgextra/i3/2248304671/O1CN0126A64b1kNMpb7tUXU_!!2248304671.jpg",
            "http://img.alicdn.com/imgextra/i3/2248304671/O1CN01uO4dwu1kNMpmRWXNx_!!2248304671.jpg",
            "http://img.alicdn.com/imgextra/i1/2248304671/O1CN01J4Uq6P1kNMphDwkN0_!!2248304671.jpg",
            "http://img.alicdn.com/imgextra/i2/2248304671/O1CN01gC850S1kNMpiigsnh_!!2248304671.jpg",
            "http://img.alicdn.com/imgextra/i1/2248304671/O1CN01FYV2uG1kNMo2jd1RF_!!2248304671.jpg",
            "http://img.alicdn.com/imgextra/i2/2248304671/TB2_Bnfn29TBuNjy1zbXXXpepXa-2248304671.jpg",
            "http://img.alicdn.com/imgextra/i1/2248304671/TB2YVKzmnTI8KJjSsphXXcFppXa-2248304671.jpg",
            "http://img.alicdn.com/imgextra/i4/2248304671/O1CN011kNMTYM3WafZj7e_!!2248304671.jpg"
        ],
        "shop_item": [],
        "relate_items": []
    },
    "error": "",
    "secache": "a06ed74158363a471708e77f9ede6264",
    "secache_time": 1677748763,
    "secache_date": "2023-03-02 17:19:23",
    "translate_status": "",
    "translate_time": 0,
    "language": {
        "default_lang": "cn",
        "current_lang": "cn"
    },
    "reason": "",
    "error_code": "0000",
    "cache": 0,
    "api_info": "today: max:20000 all[=++];expires:2024-01-16",
    "execution_time": "2.508",
    "server_time": "Beijing/2023-03-02 17:19:23",
    "client_ip": "54.39.83.153",
    "call_args": {
        "num_iid": "42589568633",
        "is_promotion": "1"
    },
    "api_type": "taobao",
    "translate_language": "zh-CN",
    "translate_engine": "baidu",
    "server_memory": "5.77MB",
    "last_id": false
}