{
    "item": {
        "num_iid": "43391814784",
        "title": "【38节预售】欧舒丹手霜套装乳木果樱花护手霜保湿伴手礼滋润礼盒",
        "desc_short": "",
        "price": "285",
        "orginal_price": "285",
        "nick": "loccitane欧舒丹旗舰店",
        "num": 399,
        "pic_url": "//img.alicdn.com/imgextra/i2/2248304671/O1CN01ONbhWt1kNMq7buKDU_!!0-item_pic.jpg",
        "brand": "L'occitane/欧舒丹",
        "brandId": 0,
        "rootCatId": "1801",
        "cid": "121452007",
        "crumbs": [],
        "detail_url": "https://item.taobao.com/item.htm?id=43391814784",
        "desc": "",
        "item_imgs": [
            {
                "url": "//img.alicdn.com/imgextra/i2/2248304671/O1CN01ONbhWt1kNMq7buKDU_!!0-item_pic.jpg"
            },
            {
                "url": "//img.alicdn.com/imgextra/i2/2248304671/O1CN019yartt1kNMq3BrfRW_!!2248304671.jpg"
            },
            {
                "url": "//img.alicdn.com/imgextra/i3/2248304671/O1CN01w53dJr1kNMq2mQD7J_!!2248304671.jpg"
            },
            {
                "url": "//img.alicdn.com/imgextra/i2/2248304671/O1CN01VNnK9s1kNMot1nqkU_!!2248304671.jpg"
            },
            {
                "url": "//img.alicdn.com/imgextra/i1/2248304671/O1CN01KBBJWF1kNMoQcnywN_!!2248304671.jpg"
            }
        ],
        "item_weight": 0,
        "location": "江苏苏州",
        "post_fee": 0,
        "express_fee": 0,
        "ems_fee": 0,
        "shipping_to": "",
        "has_discount": "false",
        "video": {
            "url": "https://cloud.video.taobao.com/play/u/2248304671/p/2/e/6/t/1/261839747014.mp4?appKey=38829"
        },
        "is_virtual": "",
        "sample_id": "",
        "is_promotion": "false",
        "prop_imgs": {
            "prop_img": []
        },
        "property_alias": "",
        "props": [
            {
                "name": "品牌",
                "value": "L'occitane/欧舒丹"
            },
            {
                "name": "欧舒丹系列",
                "value": "护手霜套装"
            },
            {
                "name": "产地",
                "value": "法国"
            },
            {
                "name": "化妆品备案编号/注册证号",
                "value": "国妆网备进字（沪）2021500883"
            },
            {
                "name": "适合肤质",
                "value": "任何肤质"
            },
            {
                "name": "功效",
                "value": "保湿"
            },
            {
                "name": "规格类型",
                "value": "正常规格"
            },
            {
                "name": "是否为特殊用途化妆品",
                "value": "否"
            },
            {
                "name": "净含量",
                "value": "90ml 64.5g"
            },
            {
                "name": "产品类别",
                "value": "普通类"
            },
            {
                "name": "限期使用日期范围",
                "value": "2024-07-01至2025-06-01"
            }
        ],
        "props_name": "147956252:53453:净含量:90ml 三支手霜;147956252:36727308:净含量:64.5g 两手一唇",
        "total_sold": 4000,
        "skus": {
            "sku": [
                {
                    "price": "50",
                    "total_price": 0,
                    "orginal_price": "50",
                    "properties": "147956252:53453",
                    "properties_name": "147956252:53453:净含量:90ml 三支手霜",
                    "quantity": "200",
                    "sku_id": "4221152601557"
                },
                {
                    "price": "50",
                    "total_price": 0,
                    "orginal_price": "50",
                    "properties": "147956252:36727308",
                    "properties_name": "147956252:36727308:净含量:64.5g 两手一唇",
                    "quantity": "199",
                    "sku_id": "4892282584722"
                }
            ]
        },
        "seller_id": "2248304671",
        "shop_id": "114646595",
        "props_list": {
            "147956252:53453": "净含量:90ml 三支手霜",
            "147956252:36727308": "净含量:64.5g 两手一唇"
        },
        "seller_info": {
            "nick": "loccitane欧舒丹旗舰店",
            "item_score": "4.8 ",
            "score_p": "4.8 ",
            "delivery_score": "4.8 ",
            "shop_type": "B",
            "user_num_id": "2248304671",
            "sid": "114646595",
            "title": "L’OCCITANE欧舒丹官方旗舰店",
            "zhuy": "https://shop114646595.taobao.com/",
            "shop_name": "L’OCCITANE欧舒丹官方旗舰店"
        },
        "tmall": true,
        "update_time": "2023-03-01 09:36:03",
        "data_update": "2023-03-01 09:36:03",
        "data_f": "fu",
        "data_from": "hid",
        "promo_type": null,
        "props_img": [],
        "error": null,
        "format_check": "ok",
        "sales": 0,
        "desc_img": [],
        "shop_item": [],
        "relate_items": []
    },
    "error": "",
    "secache": "98af8700ba12414d73623ecc4aa94753",
    "secache_time": 1677748764,
    "secache_date": "2023-03-02 17:19:24",
    "translate_status": "",
    "translate_time": 0,
    "language": {
        "default_lang": "cn",
        "current_lang": "cn"
    },
    "reason": "",
    "error_code": "0000",
    "cache": 0,
    "api_info": "today: max:20000 all[=++];expires:2024-01-16",
    "execution_time": "0.275",
    "server_time": "Beijing/2023-03-02 17:19:24",
    "client_ip": "54.39.83.153",
    "call_args": {
        "num_iid": "43391814784",
        "is_promotion": "1"
    },
    "api_type": "taobao",
    "translate_language": "zh-CN",
    "translate_engine": "baidu_api",
    "server_memory": "5.79MB",
    "last_id": false
}