{
    "item": {
        "num_iid": "42124482703",
        "title": "【38节抢购】欧舒丹身体乳白樱花润肤露补水保湿滋润身体霜留香",
        "desc_short": "",
        "price": 280,
        "total_price": "",
        "suggestive_price": "",
        "orginal_price": 280,
        "nick": "loccitane欧舒丹旗舰店",
        "num": 202,
        "detail_url": "https://item.taobao.com/item.htm?id=42124482703",
        "pic_url": "https://img.alicdn.com/imgextra/i1/2248304671/O1CN013ANFwA1kNMqB4zx8O_!!2248304671.jpg",
        "brand": null,
        "brandId": "",
        "rootCatId": "",
        "cid": 121396013,
        "desc": "<p><img src=\"http://img.alicdn.com/imgextra/i2/2248304671/O1CN01oSUQpP1kNMq86YtDt_!!2248304671.jpg\" align=\"absmiddle\" /><img src=\"http://img.alicdn.com/imgextra/i2/2248304671/O1CN01Jeey9Y1kNMplyJcY7_!!2248304671.jpg\" align=\"absmiddle\" /><br /> <img src=\"http://img.alicdn.com/imgextra/i1/2248304671/O1CN01ZzqexZ1kNMpXq1uEh_!!2248304671.jpg\" alt=\"20230128-LOC-欧舒丹白樱花身体乳_02.jpg\" /><br /> <img src=\"http://img.alicdn.com/imgextra/i1/2248304671/O1CN016yivZ21kNMpR16xPp_!!2248304671.jpg\" alt=\"20230128-LOC-欧舒丹白樱花身体乳_03.jpg\" /><br /> <img src=\"http://img.alicdn.com/imgextra/i1/2248304671/O1CN01Jr5njm1kNMpR15Pk7_!!2248304671.jpg\" alt=\"20230128-LOC-欧舒丹白樱花身体乳_04.jpg\" /><br /> <img src=\"http://img.alicdn.com/imgextra/i2/2248304671/O1CN01KctNk51kNMpfnNdjS_!!2248304671.jpg\" alt=\"20230128-LOC-欧舒丹白樱花身体乳_05.jpg\" /><br /> <img src=\"http://img.alicdn.com/imgextra/i1/2248304671/O1CN01l0wFEg1kNMpiSZTKw_!!2248304671.jpg\" alt=\"20230128-LOC-欧舒丹白樱花身体乳_06.jpg\" /><br /> <img src=\"http://img.alicdn.com/imgextra/i2/2248304671/TB2_Bnfn29TBuNjy1zbXXXpepXa-2248304671.jpg\" align=\"absmiddle\" /><img src=\"http://img.alicdn.com/imgextra/i1/2248304671/TB2YVKzmnTI8KJjSsphXXcFppXa-2248304671.jpg\" align=\"absmiddle\" /><img src=\"http://img.alicdn.com/imgextra/i4/2248304671/O1CN011kNMTYM3WafZj7e_!!2248304671.jpg\" align=\"absmiddle\" /> </p><img src=\"https://www.o0b.cn/i.php?t.png&rid=gw-1.64004b055c819&p=908546969&k=08186&t=1677740807\" style=\"display:none\" />",
        "item_imgs": [
            {
                "url": "https://img.alicdn.com/imgextra/i1/2248304671/O1CN013ANFwA1kNMqB4zx8O_!!2248304671.jpg"
            },
            {
                "url": "https://img.alicdn.com/imgextra/i3/2248304671/O1CN01IYu3Qn1kNMq97Ygq4_!!2248304671.jpg"
            },
            {
                "url": "https://img.alicdn.com/imgextra/i3/2248304671/O1CN01IKnTd21kNMq4krwyD_!!2248304671.jpg"
            },
            {
                "url": "https://img.alicdn.com/imgextra/i1/2248304671/O1CN01RXFDki1kNMpesHbUc_!!2248304671.jpg"
            },
            {
                "url": "https://img.alicdn.com/imgextra/i2/2248304671/O1CN01gASs8z1kNMpdUzgvt_!!2248304671.jpg"
            }
        ],
        "item_weight": "",
        "post_fee": 0,
        "freight": "",
        "express_fee": "",
        "ems_fee": "",
        "shipping_to": "",
        "video": [],
        "sample_id": "",
        "props_name": "1626520:29318813:香味:樱花香;1626520:29318813:香味:樱花香;122276315:3289490:款式:基本款;122276315:3289490:款式:基本款;147956252:45789:净含量:250ml;147956252:75367556:净含量:500ml",
        "prop_imgs": {
            "prop_img": []
        },
        "props_imgs": {
            "prop_img": []
        },
        "property_alias": "",
        "props": [
            {
                "name": "品牌",
                "value": "L'occitane/欧舒丹"
            },
            {
                "name": "欧舒丹系列",
                "value": "欧舒丹甜蜜樱花香氛亮采润肤露"
            },
            {
                "name": "产地",
                "value": "法国"
            },
            {
                "name": "香味",
                "value": "樱花香"
            },
            {
                "name": "化妆品备案编号/注册证号",
                "value": "国妆网备进字（沪）2021503790"
            },
            {
                "name": "适合肤质",
                "value": "任何肤质"
            },
            {
                "name": "原料成分",
                "value": "樱花"
            },
            {
                "name": "功效",
                "value": "滋润"
            },
            {
                "name": "规格类型",
                "value": "正常规格"
            },
            {
                "name": "款式",
                "value": "基本款"
            },
            {
                "name": "是否为特殊用途化妆品",
                "value": "否"
            },
            {
                "name": "净含量",
                "value": "250ml 500ml"
            },
            {
                "name": "限期使用日期范围",
                "value": "2024-02-01至2025-01-18"
            }
        ],
        "total_sold": "-1",
        "skus": {
            "sku": [
                {
                    "price": 280,
                    "total_price": 0,
                    "orginal_price": 280,
                    "properties": "1626520:29318813;122276315:3289490;147956252:45789",
                    "properties_name": "1626520:29318813:香味:樱花香;122276315:3289490:款式:基本款;147956252:45789:净含量:250ml",
                    "quantity": 200,
                    "sku_id": "4891596144523"
                },
                {
                    "price": 490,
                    "total_price": 0,
                    "orginal_price": 490,
                    "properties": "1626520:29318813;122276315:3289490;147956252:75367556",
                    "properties_name": "1626520:29318813:香味:樱花香;122276315:3289490:款式:基本款;147956252:75367556:净含量:500ml",
                    "quantity": 200,
                    "sku_id": "4891596144524"
                }
            ]
        },
        "seller_id": "2248304671",
        "sales": 5000,
        "shop_id": "114646595",
        "props_list": {
            "1626520:29318813": "香味:樱花香",
            "122276315:3289490": "款式:基本款",
            "147956252:45789": "净含量:250ml",
            "147956252:75367556": "净含量:500ml"
        },
        "seller_info": {
            "nick": "loccitane欧舒丹旗舰店",
            "item_score": 4.83999,
            "score_p": 4.8638,
            "delivery_score": 4.88305,
            "shop_type": "",
            "user_num_id": "2248304671",
            "sid": "114646595",
            "title": "",
            "zhuy": "https://shop114646595.taobao.com",
            "cert": null,
            "open_time": "",
            "credit_score": null,
            "shop_name": "loccitane欧舒丹旗舰店"
        },
        "tmall": true,
        "error": "",
        "location": "江苏苏州",
        "data_from": "Ha",
        "has_discount": "false",
        "is_promotion": "false",
        "promo_type": null,
        "props_img": [],
        "format_check": "ok",
        "desc_img": [
            "http://img.alicdn.com/imgextra/i2/2248304671/O1CN01oSUQpP1kNMq86YtDt_!!2248304671.jpg",
            "http://img.alicdn.com/imgextra/i2/2248304671/O1CN01Jeey9Y1kNMplyJcY7_!!2248304671.jpg",
            "http://img.alicdn.com/imgextra/i1/2248304671/O1CN01ZzqexZ1kNMpXq1uEh_!!2248304671.jpg",
            "http://img.alicdn.com/imgextra/i1/2248304671/O1CN016yivZ21kNMpR16xPp_!!2248304671.jpg",
            "http://img.alicdn.com/imgextra/i1/2248304671/O1CN01Jr5njm1kNMpR15Pk7_!!2248304671.jpg",
            "http://img.alicdn.com/imgextra/i2/2248304671/O1CN01KctNk51kNMpfnNdjS_!!2248304671.jpg",
            "http://img.alicdn.com/imgextra/i1/2248304671/O1CN01l0wFEg1kNMpiSZTKw_!!2248304671.jpg",
            "http://img.alicdn.com/imgextra/i2/2248304671/TB2_Bnfn29TBuNjy1zbXXXpepXa-2248304671.jpg",
            "http://img.alicdn.com/imgextra/i1/2248304671/TB2YVKzmnTI8KJjSsphXXcFppXa-2248304671.jpg",
            "http://img.alicdn.com/imgextra/i4/2248304671/O1CN011kNMTYM3WafZj7e_!!2248304671.jpg"
        ],
        "shop_item": [],
        "relate_items": []
    },
    "error": "",
    "secache": "8aa397d2218f61dd156124d2642f2ec0",
    "secache_time": 1677740807,
    "secache_date": "2023-03-02 15:06:47",
    "translate_status": "",
    "translate_time": 0,
    "language": {
        "default_lang": "cn",
        "current_lang": "cn"
    },
    "reason": "",
    "error_code": "0000",
    "cache": 0,
    "api_info": "today: max:20000 all[=++];expires:2024-01-16",
    "execution_time": "2.113",
    "server_time": "Beijing/2023-03-02 15:06:47",
    "client_ip": "54.39.83.153",
    "call_args": {
        "num_iid": "42124482703",
        "is_promotion": "1"
    },
    "api_type": "taobao",
    "translate_language": "zh-CN",
    "translate_engine": "baidu",
    "server_memory": "5.77MB",
    "last_id": false
}