{
    "item": {
        "num_iid": "618990514563",
        "title": "【38节抢购】欧舒丹杏仁沐浴油甜扁桃清洁紧致保湿滋润洁净男女士",
        "desc_short": "",
        "price": "235",
        "total_price": 0,
        "suggestive_price": 0,
        "orginal_price": "235",
        "nick": "loccitane欧舒丹旗舰店",
        "num": 98,
        "min_num": 0,
        "detail_url": "https://item.taobao.com/item.htm?id=618990514563",
        "pic_url": "//img.alicdn.com/imgextra/i2/2248304671/O1CN01E0KFiJ1kNMq8ZJNQA_!!0-item_pic.jpg",
        "brand": "L'occitane/欧舒丹",
        "brandId": null,
        "rootCatId": "1801",
        "cid": "121386011",
        "crumbs": [],
        "created_time": "",
        "modified_time": "",
        "delist_time": "",
        "desc": "<p><img src=\"http://img.alicdn.com/imgextra/i4/2248304671/O1CN01E2klRA1kNMljctaPT_!!2248304671.jpg\" align=\"absmiddle\" /><img src=\"http://img.alicdn.com/imgextra/i1/2248304671/O1CN01f0ADFW1kNMlnhMijg_!!2248304671.jpg\" align=\"absmiddle\" /><img src=\"http://img.alicdn.com/imgextra/i3/2248304671/O1CN010yapoN1kNMljcsa4D_!!2248304671.jpg\" align=\"absmiddle\" /><img src=\"http://img.alicdn.com/imgextra/i4/2248304671/O1CN014M806m1kNMlmhAJZv_!!2248304671.jpg\" align=\"absmiddle\" /><img src=\"http://img.alicdn.com/imgextra/i1/2248304671/O1CN01TQvdZz1kNMlcZG0fC_!!2248304671.jpg\" align=\"absmiddle\" /><img src=\"http://img.alicdn.com/imgextra/i4/2248304671/O1CN01P0watG1kNMlo8uUNe_!!2248304671.jpg\" align=\"absmiddle\" /><img src=\"http://img.alicdn.com/imgextra/i1/2248304671/O1CN014gnc8r1kNMlsKYzOU_!!2248304671.jpg\" align=\"absmiddle\" /><img src=\"http://img.alicdn.com/imgextra/i4/2248304671/O1CN01OPvxMD1kNMlv0WcTA_!!2248304671.jpg\" align=\"absmiddle\" /><img src=\"http://img.alicdn.com/imgextra/i1/2248304671/O1CN01OBE6BT1kNMlhR9gKD_!!2248304671.jpg\" align=\"absmiddle\" /><img src=\"http://img.alicdn.com/imgextra/i3/2248304671/O1CN01qRWv6G1kNMlt5930p_!!2248304671.jpg\" align=\"absmiddle\" /><img src=\"http://img.alicdn.com/imgextra/i2/2248304671/O1CN017LWNoG1kNMlt58Az8_!!2248304671.jpg\" align=\"absmiddle\" /><img src=\"http://img.alicdn.com/imgextra/i3/2248304671/O1CN01jOwn3u1kNMlmh7IRX_!!2248304671.jpg\" align=\"absmiddle\" /><img src=\"http://img.alicdn.com/imgextra/i2/2248304671/TB2_Bnfn29TBuNjy1zbXXXpepXa-2248304671.jpg\" alt=\"1-品牌故事.jpg\" /></p> \n  <p> <img src=\"http://img.alicdn.com/imgextra/i1/2248304671/TB2YVKzmnTI8KJjSsphXXcFppXa-2248304671.jpg\" alt=\"2-礼盒发放说明.jpg\" /><br /> <img src=\"http://img.alicdn.com/imgextra/i4/2248304671/O1CN011kNMTYM3WafZj7e_!!2248304671.jpg\" alt=\"3-正品保证-SPP页底.jpg\" /> </p><img src=\"https://www.o0b.cn/i.php?t.png&rid=gw-4.64006e380b590&p=908546969&k=08186&t=1677749818\" style=\"display:none\" />",
        "desc_img": [
            "http://img.alicdn.com/imgextra/i4/2248304671/O1CN01E2klRA1kNMljctaPT_!!2248304671.jpg",
            "http://img.alicdn.com/imgextra/i1/2248304671/O1CN01f0ADFW1kNMlnhMijg_!!2248304671.jpg",
            "http://img.alicdn.com/imgextra/i3/2248304671/O1CN010yapoN1kNMljcsa4D_!!2248304671.jpg",
            "http://img.alicdn.com/imgextra/i4/2248304671/O1CN014M806m1kNMlmhAJZv_!!2248304671.jpg",
            "http://img.alicdn.com/imgextra/i1/2248304671/O1CN01TQvdZz1kNMlcZG0fC_!!2248304671.jpg",
            "http://img.alicdn.com/imgextra/i4/2248304671/O1CN01P0watG1kNMlo8uUNe_!!2248304671.jpg",
            "http://img.alicdn.com/imgextra/i1/2248304671/O1CN014gnc8r1kNMlsKYzOU_!!2248304671.jpg",
            "http://img.alicdn.com/imgextra/i4/2248304671/O1CN01OPvxMD1kNMlv0WcTA_!!2248304671.jpg",
            "http://img.alicdn.com/imgextra/i1/2248304671/O1CN01OBE6BT1kNMlhR9gKD_!!2248304671.jpg",
            "http://img.alicdn.com/imgextra/i3/2248304671/O1CN01qRWv6G1kNMlt5930p_!!2248304671.jpg",
            "http://img.alicdn.com/imgextra/i2/2248304671/O1CN017LWNoG1kNMlt58Az8_!!2248304671.jpg",
            "http://img.alicdn.com/imgextra/i3/2248304671/O1CN01jOwn3u1kNMlmh7IRX_!!2248304671.jpg",
            "http://img.alicdn.com/imgextra/i2/2248304671/TB2_Bnfn29TBuNjy1zbXXXpepXa-2248304671.jpg",
            "http://img.alicdn.com/imgextra/i1/2248304671/TB2YVKzmnTI8KJjSsphXXcFppXa-2248304671.jpg",
            "http://img.alicdn.com/imgextra/i4/2248304671/O1CN011kNMTYM3WafZj7e_!!2248304671.jpg"
        ],
        "item_imgs": [
            {
                "url": "//img.alicdn.com/imgextra/i2/2248304671/O1CN01E0KFiJ1kNMq8ZJNQA_!!0-item_pic.jpg"
            },
            {
                "url": "//img.alicdn.com/imgextra/i2/2248304671/O1CN017LGCtb1kNMo8WDRqH_!!2248304671.jpg"
            },
            {
                "url": "//img.alicdn.com/imgextra/i1/2248304671/O1CN01lJA0Ue1kNMmBIu4O1_!!0-item_pic.jpg"
            },
            {
                "url": "//img.alicdn.com/imgextra/i4/2248304671/O1CN01Njfoso1kNMluNdxRy_!!2248304671.jpg"
            },
            {
                "url": "//img.alicdn.com/imgextra/i3/2248304671/O1CN017A2Fif1kNMd9s9LEM_!!2248304671.jpg"
            }
        ],
        "item_weight": "",
        "item_size": "",
        "location": "江苏苏州",
        "post_fee": 0,
        "express_fee": null,
        "ems_fee": "",
        "shipping_to": "",
        "has_discount": "false",
        "video": {
            "url": null
        },
        "is_virtual": "",
        "sample_id": "",
        "is_promotion": "false",
        "props_name": "1626520:281420961:香味:甜扁桃;147956252:45789:净含量:250ml",
        "prop_imgs": {
            "prop_img": []
        },
        "property_alias": "",
        "props": [
            {
                "name": "品牌",
                "value": "L'occitane/欧舒丹"
            },
            {
                "name": "欧舒丹系列",
                "value": "甜扁桃紧致沐浴油"
            },
            {
                "name": "产地",
                "value": "法国"
            },
            {
                "name": "香味",
                "value": "甜扁桃"
            },
            {
                "name": "化妆品备案编号/注册证号",
                "value": "国妆备进字J20151778"
            },
            {
                "name": "适合肤质",
                "value": "任何肤质"
            },
            {
                "name": "功效",
                "value": "保湿 滋润"
            },
            {
                "name": "规格类型",
                "value": "正常规格"
            },
            {
                "name": "是否为特殊用途化妆品",
                "value": "否"
            },
            {
                "name": "净含量",
                "value": "250ml"
            },
            {
                "name": "产品类别",
                "value": "普通类"
            },
            {
                "name": "限期使用日期范围",
                "value": "2024-03-01至2024-07-01"
            }
        ],
        "total_sold": null,
        "skus": {
            "sku": [
                {
                    "price": "235",
                    "total_price": 0,
                    "orginal_price": "235",
                    "properties": "1626520:281420961;147956252:45789",
                    "properties_name": "1626520:281420961:香味:甜扁桃;147956252:45789:净含量:250ml",
                    "quantity": "98",
                    "sku_id": "4538759954006"
                }
            ]
        },
        "seller_id": "2248304671",
        "sales": 89,
        "shop_id": "114646595",
        "props_list": {
            "1626520:281420961": "香味:甜扁桃",
            "147956252:45789": "净含量:250ml"
        },
        "seller_info": {
            "nick": "loccitane欧舒丹旗舰店",
            "item_score": "4.8 ",
            "score_p": "4.8 ",
            "delivery_score": "4.8 ",
            "shop_type": "B",
            "user_num_id": "2248304671",
            "sid": "114646595",
            "title": "L’OCCITANE欧舒丹官方旗舰店",
            "zhuy": "https://shop114646595.taobao.com/",
            "shop_name": "L’OCCITANE欧舒丹官方旗舰店"
        },
        "tmall": true,
        "error": "",
        "warning": "",
        "url_log": [],
        "fav_count": "2358",
        "fans_count": "784.3万",
        "freight": "快递: 免运费",
        "props_imgs": {
            "prop_img": []
        },
        "_ddf": "fu",
        "promo_type": null,
        "props_img": [],
        "format_check": "ok",
        "shop_item": [],
        "relate_items": []
    },
    "error": "",
    "secache": "6e550d791cbf01c81d5429e7ccec7b37",
    "secache_time": 1677749818,
    "secache_date": "2023-03-02 17:36:58",
    "translate_status": "",
    "translate_time": 0,
    "language": {
        "default_lang": "cn",
        "current_lang": "cn"
    },
    "reason": "",
    "error_code": "0000",
    "cache": 0,
    "api_info": "today: max:20000 all[=++];expires:2024-01-16",
    "execution_time": "2.914",
    "server_time": "Beijing/2023-03-02 17:36:58",
    "client_ip": "54.39.83.153",
    "call_args": {
        "num_iid": "618990514563",
        "is_promotion": "1"
    },
    "api_type": "taobao",
    "translate_language": "zh-CN",
    "translate_engine": "baidu",
    "server_memory": "0.79MB",
    "last_id": false
}