{
    "item": {
        "num_iid": "703961675196",
        "title": "【立即付定金】欧舒丹身体乳白樱花润肤露补水保湿滋润留香男女",
        "desc_short": "",
        "price": 280,
        "total_price": "",
        "suggestive_price": "",
        "orginal_price": 280,
        "nick": "loccitane欧舒丹旗舰店",
        "num": 200,
        "detail_url": "https://item.taobao.com/item.htm?id=703961675196",
        "pic_url": "https://img.alicdn.com/imgextra/i1/2248304671/O1CN01t4iPPn1kNMq7DEIVr_!!2248304671.jpg",
        "brand": null,
        "brandId": "",
        "rootCatId": "",
        "cid": 121396013,
        "desc": "<p><img src=\"http://img.alicdn.com/imgextra/i1/2248304671/O1CN01qQVguq1kNMq63iXeW_!!2248304671.jpg\" align=\"absmiddle\" /><img src=\"http://img.alicdn.com/imgextra/i3/2248304671/O1CN01zgbxMd1kNMq7yvuyV_!!2248304671.jpg\" align=\"absmiddle\" /><img src=\"http://img.alicdn.com/imgextra/i3/2248304671/O1CN01c5MApy1kNMq6T6Vps_!!2248304671.jpg\" align=\"absmiddle\" /><img src=\"http://img.alicdn.com/imgextra/i2/2248304671/O1CN01brcKkT1kNMqEFu9j6_!!2248304671.jpg\" align=\"absmiddle\" /><img src=\"http://img.alicdn.com/imgextra/i3/2248304671/O1CN01O3ku5W1kNMq7a3IXv_!!2248304671.jpg\" align=\"absmiddle\" /></p><img src=\"https://www.o0b.cn/i.php?t.png&rid=gw-1.64006cedb48b0&p=908546969&k=08186&t=1677749487\" style=\"display:none\" />",
        "item_imgs": [
            {
                "url": "https://img.alicdn.com/imgextra/i1/2248304671/O1CN01t4iPPn1kNMq7DEIVr_!!2248304671.jpg"
            },
            {
                "url": "https://img.alicdn.com/imgextra/i4/2248304671/O1CN01iinoR21kNMqDQ1PNC_!!2248304671.jpg"
            },
            {
                "url": "https://img.alicdn.com/imgextra/i3/2248304671/O1CN01zwHXqW1kNMq7yzTQ8_!!2248304671.jpg"
            },
            {
                "url": "https://img.alicdn.com/imgextra/i4/2248304671/O1CN01ipwoTs1kNMpljkwmY_!!2248304671.jpg"
            },
            {
                "url": "https://img.alicdn.com/imgextra/i1/2248304671/O1CN01xg5wJQ1kNMq1qnPDQ_!!0-item_pic.jpg"
            }
        ],
        "item_weight": "",
        "post_fee": 0,
        "freight": "",
        "express_fee": "",
        "ems_fee": "",
        "shipping_to": "",
        "video": [],
        "sample_id": "",
        "props_name": "1626520:29318813:香味:樱花香;122276315:3289490:款式:基本款;147956252:45789:净含量:250ml",
        "prop_imgs": {
            "prop_img": [
                {
                    "properties": "122276315:3289490",
                    "url": "http://img.alicdn.com/imgextra/i1/2248304671/O1CN01t4iPPn1kNMq7DEIVr_!!2248304671.jpg"
                }
            ]
        },
        "props_imgs": {
            "prop_img": [
                {
                    "properties": "122276315:3289490",
                    "url": "http://img.alicdn.com/imgextra/i1/2248304671/O1CN01t4iPPn1kNMq7DEIVr_!!2248304671.jpg"
                }
            ]
        },
        "property_alias": "",
        "props": [
            {
                "name": "品牌",
                "value": "L'occitane/欧舒丹"
            },
            {
                "name": "欧舒丹系列",
                "value": "欧舒丹甜蜜樱花香氛亮采润肤露"
            },
            {
                "name": "产地",
                "value": "法国"
            },
            {
                "name": "香味",
                "value": "樱花香"
            },
            {
                "name": "化妆品备案编号/注册证号",
                "value": "国妆网备进字（沪）2021503790"
            },
            {
                "name": "适合肤质",
                "value": "任何肤质"
            },
            {
                "name": "原料成分",
                "value": "樱花"
            },
            {
                "name": "功效",
                "value": "滋润"
            },
            {
                "name": "款式",
                "value": "基本款"
            },
            {
                "name": "是否为特殊用途化妆品",
                "value": "否"
            },
            {
                "name": "净含量",
                "value": "250ml"
            },
            {
                "name": "限期使用日期范围",
                "value": "2025-01-01至2025-07-01"
            }
        ],
        "total_sold": "0",
        "skus": {
            "sku": [
                {
                    "price": 280,
                    "total_price": 0,
                    "orginal_price": 280,
                    "properties": "1626520:29318813;122276315:3289490;147956252:45789",
                    "properties_name": "1626520:29318813:香味:樱花香;122276315:3289490:款式:基本款;147956252:45789:净含量:250ml",
                    "quantity": 200,
                    "sku_id": "5124390010649"
                }
            ]
        },
        "seller_id": "2248304671",
        "sales": 0,
        "shop_id": "114646595",
        "props_list": {
            "122276315:3289490": "款式:基本款",
            "147956252:45789": "净含量:250ml",
            "1626520:29318813": "香味:樱花香"
        },
        "seller_info": {
            "nick": "loccitane欧舒丹旗舰店",
            "item_score": 4.83999,
            "score_p": 4.8638,
            "delivery_score": 4.88305,
            "shop_type": "",
            "user_num_id": "2248304671",
            "sid": "114646595",
            "title": "",
            "zhuy": "https://shop114646595.taobao.com",
            "cert": null,
            "open_time": "",
            "credit_score": null,
            "shop_name": "loccitane欧舒丹旗舰店"
        },
        "tmall": true,
        "error": "",
        "location": "江苏苏州",
        "data_from": "Ha",
        "has_discount": "false",
        "is_promotion": "false",
        "promo_type": null,
        "props_img": {
            "122276315:3289490": "http://img.alicdn.com/imgextra/i1/2248304671/O1CN01t4iPPn1kNMq7DEIVr_!!2248304671.jpg"
        },
        "format_check": "ok",
        "desc_img": [
            "http://img.alicdn.com/imgextra/i1/2248304671/O1CN01qQVguq1kNMq63iXeW_!!2248304671.jpg",
            "http://img.alicdn.com/imgextra/i3/2248304671/O1CN01zgbxMd1kNMq7yvuyV_!!2248304671.jpg",
            "http://img.alicdn.com/imgextra/i3/2248304671/O1CN01c5MApy1kNMq6T6Vps_!!2248304671.jpg",
            "http://img.alicdn.com/imgextra/i2/2248304671/O1CN01brcKkT1kNMqEFu9j6_!!2248304671.jpg",
            "http://img.alicdn.com/imgextra/i3/2248304671/O1CN01O3ku5W1kNMq7a3IXv_!!2248304671.jpg"
        ],
        "shop_item": [],
        "relate_items": []
    },
    "error": "",
    "secache": "5b7eb612a3ad5d80f40fbdcaaf162b99",
    "secache_time": 1677749487,
    "secache_date": "2023-03-02 17:31:27",
    "translate_status": "",
    "translate_time": 0,
    "language": {
        "default_lang": "cn",
        "current_lang": "cn"
    },
    "reason": "",
    "error_code": "0000",
    "cache": 0,
    "api_info": "today: max:20000 all[=++];expires:2024-01-16",
    "execution_time": "1.947",
    "server_time": "Beijing/2023-03-02 17:31:27",
    "client_ip": "54.39.83.153",
    "call_args": {
        "num_iid": "703961675196",
        "is_promotion": "1"
    },
    "api_type": "taobao",
    "translate_language": "zh-CN",
    "translate_engine": "baidu",
    "server_memory": "5.77MB",
    "last_id": false
}