{
    "item": {
        "num_iid": "44051862667",
        "title": "欧舒丹洗发水玫瑰之心花香清新女柔顺温和留香改善毛躁正品官方",
        "desc_short": "",
        "price": 210,
        "total_price": "",
        "suggestive_price": "",
        "orginal_price": 210,
        "nick": "loccitane欧舒丹旗舰店",
        "num": 48,
        "detail_url": "https://item.taobao.com/item.htm?id=44051862667",
        "pic_url": "https://img.alicdn.com/imgextra/i4/2248304671/O1CN01tHcm8o1kNMpfCAeLn_!!0-item_pic.jpg",
        "brand": null,
        "brandId": "",
        "rootCatId": "",
        "cid": 121396029,
        "desc": "<p >本链接部分产品有效期截止2022/10/14，介意慎拍</p> \n  <table border=\"0\" cellpadding=\"0\" cellspacing=\"0\" width=\"790\"> \n   <tbody>\n    <tr> \n     <td> &nbsp; </td> \n    </tr> \n   </tbody>\n  </table> \n  <p><img src=\"http://img.alicdn.com/imgextra/i4/2248304671/O1CN01NYQXM81kNMptVSXXs_!!2248304671.jpg\" align=\"absmiddle\" /><img src=\"http://img.alicdn.com/imgextra/i3/2248304671/O1CN01kS4oJC1kNMpHu7MWR_!!2248304671.jpg\" align=\"absmiddle\" /><img src=\"http://img.alicdn.com/imgextra/i3/2248304671/O1CN01qbfP3S1kNMpDEHY5u_!!2248304671.jpg\" align=\"absmiddle\" /><img src=\"http://img.alicdn.com/imgextra/i2/2248304671/O1CN01j4yTlM1kNMpJ19WKM_!!2248304671.jpg\" align=\"absmiddle\" /><img src=\"http://img.alicdn.com/imgextra/i3/2248304671/O1CN01Z2qTVn1kNMpD6u1aq_!!2248304671.jpg\" align=\"absmiddle\" /><img src=\"http://img.alicdn.com/imgextra/i2/2248304671/TB2_Bnfn29TBuNjy1zbXXXpepXa-2248304671.jpg\" align=\"absmiddle\" /><img align=\"absmiddle\" src=\"http://img.alicdn.com/imgextra/i1/2248304671/TB2YVKzmnTI8KJjSsphXXcFppXa-2248304671.jpg\" /><img src=\"http://img.alicdn.com/imgextra/i4/2248304671/O1CN011kNMTYM3WafZj7e_!!2248304671.jpg\" align=\"absmiddle\" /></p><img src=\"https://www.o0b.cn/i.php?t.png&rid=gw-4.64006c2871d31&p=908546969&k=08186&t=1677749291\" style=\"display:none\" />",
        "item_imgs": [
            {
                "url": "https://img.alicdn.com/imgextra/i4/2248304671/O1CN01tHcm8o1kNMpfCAeLn_!!0-item_pic.jpg"
            },
            {
                "url": "https://img.alicdn.com/imgextra/i1/2248304671/O1CN01vGMi821kNMpAqQ8p4_!!2248304671.jpg"
            },
            {
                "url": "https://img.alicdn.com/imgextra/i4/2248304671/O1CN01aqnFES1kNMpF7nBLV_!!2248304671.jpg"
            },
            {
                "url": "https://img.alicdn.com/imgextra/i3/2248304671/O1CN01MGx0hN1kNMeYrEFBE_!!2248304671.jpg"
            }
        ],
        "item_weight": "",
        "post_fee": 0,
        "freight": "",
        "express_fee": "",
        "ems_fee": "",
        "shipping_to": "",
        "video": [],
        "sample_id": "",
        "props_name": "1626520:28895:香味:玫瑰;147956252:49250:净含量:240ml",
        "prop_imgs": {
            "prop_img": [
                {
                    "properties": "147956252:49250",
                    "url": "http://img.alicdn.com/imgextra/i4/2248304671/O1CN01tHcm8o1kNMpfCAeLn_!!0-item_pic.jpg"
                }
            ]
        },
        "props_imgs": {
            "prop_img": [
                {
                    "properties": "147956252:49250",
                    "url": "http://img.alicdn.com/imgextra/i4/2248304671/O1CN01tHcm8o1kNMpfCAeLn_!!0-item_pic.jpg"
                }
            ]
        },
        "property_alias": "",
        "props": [
            {
                "name": "品牌",
                "value": "L'occitane/欧舒丹"
            },
            {
                "name": "L’occitane/欧舒丹",
                "value": "玫瑰之心洗发露"
            },
            {
                "name": "功效",
                "value": "滋润"
            },
            {
                "name": "产地",
                "value": "法国"
            },
            {
                "name": "香味",
                "value": "玫瑰"
            },
            {
                "name": "化妆品备案编号/注册证号",
                "value": "国妆网备进字(沪)2019006587"
            },
            {
                "name": "适用发质",
                "value": "所有发质"
            },
            {
                "name": "规格类型",
                "value": "正常规格"
            },
            {
                "name": "是否为特殊用途化妆品",
                "value": "否"
            },
            {
                "name": "净含量",
                "value": "240ml"
            }
        ],
        "total_sold": "49",
        "skus": {
            "sku": [
                {
                    "price": 210,
                    "total_price": 0,
                    "orginal_price": 210,
                    "properties": "1626520:28895;147956252:49250",
                    "properties_name": "1626520:28895:香味:玫瑰;147956252:49250:净含量:240ml",
                    "quantity": 48,
                    "sku_id": "5123656335095"
                }
            ]
        },
        "seller_id": "2248304671",
        "sales": 49,
        "shop_id": "114646595",
        "props_list": {
            "147956252:49250": "净含量:240ml",
            "1626520:28895": "香味:玫瑰"
        },
        "seller_info": {
            "nick": "loccitane欧舒丹旗舰店",
            "item_score": 4.83999,
            "score_p": 4.8638,
            "delivery_score": 4.88305,
            "shop_type": "",
            "user_num_id": "2248304671",
            "sid": "114646595",
            "title": "",
            "zhuy": "https://shop114646595.taobao.com",
            "cert": null,
            "open_time": "",
            "credit_score": null,
            "shop_name": "loccitane欧舒丹旗舰店"
        },
        "tmall": true,
        "error": "",
        "location": "江苏苏州",
        "data_from": "Ha",
        "has_discount": "false",
        "is_promotion": "false",
        "promo_type": null,
        "props_img": {
            "147956252:49250": "http://img.alicdn.com/imgextra/i4/2248304671/O1CN01tHcm8o1kNMpfCAeLn_!!0-item_pic.jpg"
        },
        "format_check": "ok",
        "desc_img": [
            "http://img.alicdn.com/imgextra/i4/2248304671/O1CN01NYQXM81kNMptVSXXs_!!2248304671.jpg",
            "http://img.alicdn.com/imgextra/i3/2248304671/O1CN01kS4oJC1kNMpHu7MWR_!!2248304671.jpg",
            "http://img.alicdn.com/imgextra/i3/2248304671/O1CN01qbfP3S1kNMpDEHY5u_!!2248304671.jpg",
            "http://img.alicdn.com/imgextra/i2/2248304671/O1CN01j4yTlM1kNMpJ19WKM_!!2248304671.jpg",
            "http://img.alicdn.com/imgextra/i3/2248304671/O1CN01Z2qTVn1kNMpD6u1aq_!!2248304671.jpg",
            "http://img.alicdn.com/imgextra/i2/2248304671/TB2_Bnfn29TBuNjy1zbXXXpepXa-2248304671.jpg",
            "http://img.alicdn.com/imgextra/i1/2248304671/TB2YVKzmnTI8KJjSsphXXcFppXa-2248304671.jpg",
            "http://img.alicdn.com/imgextra/i4/2248304671/O1CN011kNMTYM3WafZj7e_!!2248304671.jpg"
        ],
        "shop_item": [],
        "relate_items": []
    },
    "error": "",
    "secache": "6d6369f9d39092b18406ee558bbac8d0",
    "secache_time": 1677749291,
    "secache_date": "2023-03-02 17:28:11",
    "translate_status": "",
    "translate_time": 0,
    "language": {
        "default_lang": "cn",
        "current_lang": "cn"
    },
    "reason": "",
    "error_code": "0000",
    "cache": 0,
    "api_info": "today: max:20000 all[=++];expires:2024-01-16",
    "execution_time": "3.051",
    "server_time": "Beijing/2023-03-02 17:28:11",
    "client_ip": "54.39.83.153",
    "call_args": {
        "num_iid": "44051862667",
        "is_promotion": "1"
    },
    "api_type": "taobao",
    "translate_language": "zh-CN",
    "translate_engine": "baidu",
    "server_memory": "0.78MB",
    "last_id": false
}