{
    "item": {
        "num_iid": "42972619574",
        "title": "【38预售倒计时】欧舒丹4支护手霜樱花乳木果男女士保湿滋润礼盒",
        "desc_short": "",
        "price": 380,
        "total_price": "",
        "suggestive_price": "",
        "orginal_price": 380,
        "nick": "loccitane欧舒丹旗舰店",
        "num": 200,
        "detail_url": "https://item.taobao.com/item.htm?id=42972619574",
        "pic_url": "https://img.alicdn.com/imgextra/i3/2248304671/O1CN016OoThu1kNMq55AFN8_!!2248304671.jpg",
        "brand": null,
        "brandId": "",
        "rootCatId": "",
        "cid": 121452007,
        "desc": "",
        "item_imgs": [
            {
                "url": "https://img.alicdn.com/imgextra/i3/2248304671/O1CN016OoThu1kNMq55AFN8_!!2248304671.jpg"
            },
            {
                "url": "https://img.alicdn.com/imgextra/i4/2248304671/O1CN01nACo081kNMpha3Aci_!!2248304671.jpg"
            },
            {
                "url": "https://img.alicdn.com/imgextra/i2/2248304671/O1CN01D0tzkP1kNMq7YSEQf_!!2248304671.jpg"
            },
            {
                "url": "https://img.alicdn.com/imgextra/i3/2248304671/O1CN01aA3r2h1kNMop2Hnmi_!!2248304671.jpg"
            },
            {
                "url": "https://img.alicdn.com/imgextra/i4/2248304671/O1CN017yHWCR1kNMnzRt1IY_!!2248304671.jpg"
            }
        ],
        "item_weight": "",
        "post_fee": 0,
        "freight": "",
        "express_fee": "",
        "ems_fee": "",
        "shipping_to": "",
        "video": [],
        "sample_id": "",
        "props_name": "147956252:45867:净含量:120ml",
        "prop_imgs": {
            "prop_img": [
                {
                    "properties": "147956252:45867",
                    "url": "http://img.alicdn.com/imgextra/i3/2248304671/O1CN017Bt8TZ1kNMq5E6Cje_!!0-item_pic.jpg"
                }
            ]
        },
        "props_imgs": {
            "prop_img": [
                {
                    "properties": "147956252:45867",
                    "url": "http://img.alicdn.com/imgextra/i3/2248304671/O1CN017Bt8TZ1kNMq5E6Cje_!!0-item_pic.jpg"
                }
            ]
        },
        "property_alias": "",
        "props": [
            {
                "name": "品牌",
                "value": "L'occitane/欧舒丹"
            },
            {
                "name": "欧舒丹系列",
                "value": "4支手霜套装"
            },
            {
                "name": "产地",
                "value": "法国"
            },
            {
                "name": "化妆品备案编号/注册证号",
                "value": "国妆网备进字（沪）2021500883"
            },
            {
                "name": "适合肤质",
                "value": "任何肤质"
            },
            {
                "name": "上市时间",
                "value": "2014年"
            },
            {
                "name": "功效",
                "value": "保湿 滋润 补水"
            },
            {
                "name": "规格类型",
                "value": "正常规格"
            },
            {
                "name": "款式",
                "value": "直播款 基本款"
            },
            {
                "name": "是否为特殊用途化妆品",
                "value": "否"
            },
            {
                "name": "净含量",
                "value": "120ml"
            },
            {
                "name": "产品类别",
                "value": "普通类"
            },
            {
                "name": "限期使用日期范围",
                "value": "2024-07-01至2025-06-01"
            },
            {
                "name": "化妆品保质期",
                "value": "36个月"
            }
        ],
        "total_sold": "-1",
        "skus": {
            "sku": [
                {
                    "price": 380,
                    "total_price": 0,
                    "orginal_price": 380,
                    "properties": "147956252:45867",
                    "properties_name": "147956252:45867:净含量:120ml",
                    "quantity": 200,
                    "sku_id": "4088756263107"
                }
            ]
        },
        "seller_id": "2248304671",
        "sales": 3000,
        "shop_id": "114646595",
        "props_list": {
            "147956252:45867": "净含量:120ml"
        },
        "seller_info": {
            "nick": "loccitane欧舒丹旗舰店",
            "item_score": 4.83999,
            "score_p": 4.8638,
            "delivery_score": 4.88305,
            "shop_type": "",
            "user_num_id": "2248304671",
            "sid": "114646595",
            "title": "",
            "zhuy": "https://shop114646595.taobao.com",
            "cert": null,
            "open_time": "",
            "credit_score": null,
            "shop_name": "loccitane欧舒丹旗舰店"
        },
        "tmall": true,
        "error": "",
        "location": "江苏苏州",
        "data_from": "Ha",
        "has_discount": "false",
        "is_promotion": "false",
        "promo_type": null,
        "props_img": {
            "147956252:45867": "http://img.alicdn.com/imgextra/i3/2248304671/O1CN017Bt8TZ1kNMq5E6Cje_!!0-item_pic.jpg"
        },
        "format_check": "ok",
        "desc_img": [],
        "shop_item": [],
        "relate_items": []
    },
    "error": "",
    "secache": "f353c2f1e099328d4835499c35cb071a",
    "secache_time": 1677740800,
    "secache_date": "2023-03-02 15:06:40",
    "translate_status": "",
    "translate_time": 0,
    "language": {
        "default_lang": "cn",
        "current_lang": "cn"
    },
    "reason": "",
    "error_code": "0000",
    "cache": 0,
    "api_info": "today: max:20000 all[=++];expires:2024-01-16",
    "execution_time": "6.955",
    "server_time": "Beijing/2023-03-02 15:06:40",
    "client_ip": "54.39.83.153",
    "call_args": {
        "num_iid": "42972619574",
        "is_promotion": "1"
    },
    "api_type": "taobao",
    "translate_language": "zh-CN",
    "translate_engine": "baidu",
    "server_memory": "0.77MB",
    "last_id": false
}