{
    "item": {
        "num_iid": "687649917698",
        "title": "欧舒丹香水格拉斯橙花淡香氛75ml男士女士花香调礼物官方正品",
        "desc_short": "",
        "price": "620",
        "total_price": 0,
        "suggestive_price": 0,
        "orginal_price": "620",
        "nick": "loccitane欧舒丹旗舰店",
        "num": 50,
        "min_num": 0,
        "detail_url": "https://item.taobao.com/item.htm?id=687649917698",
        "pic_url": "//img.alicdn.com/imgextra/i2/2248304671/O1CN017Svjdt1kNMoHyXBfl_!!0-item_pic.jpg",
        "brand": "L'occitane/欧舒丹",
        "brandId": null,
        "rootCatId": "50010788",
        "cid": "50010815",
        "crumbs": [],
        "created_time": "",
        "modified_time": "",
        "delist_time": "",
        "desc": "<img class=\"desc_anchor\" id=\"desc-module-1\" src=\"http://assets.alicdn.com/kissy/1.0.0/build/imglazyload/spaceball.gif\" />\n  <img src=\"http://img.alicdn.com/imgextra/i3/2248304671/O1CN01VL4qy91kNMo2Xarxx_!!2248304671.jpg\" alt=\"20221013-LOC-格拉斯橙花淡香水75ml_01.jpg\" />\n  <br /> \n  <img src=\"http://img.alicdn.com/imgextra/i4/2248304671/O1CN01vqw3TT1kNMoDTCNYT_!!2248304671.jpg\" alt=\"20221013-LOC-格拉斯橙花淡香水75ml_02.jpg\" />\n  <br /> \n  <img src=\"http://img.alicdn.com/imgextra/i2/2248304671/O1CN01df78KU1kNMoHxxL8u_!!2248304671.jpg\" alt=\"20221013-LOC-格拉斯橙花淡香水75ml_03.jpg\" />\n  <br /> \n  <img src=\"http://img.alicdn.com/imgextra/i3/2248304671/O1CN01Hh1S2O1kNMoDTAyEO_!!2248304671.jpg\" alt=\"20221013-LOC-格拉斯橙花淡香水75ml_04.jpg\" />\n  <br /> \n  <img src=\"http://img.alicdn.com/imgextra/i2/2248304671/TB2_Bnfn29TBuNjy1zbXXXpepXa-2248304671.jpg\" alt=\"1-品牌故事.jpg\" />\n  <br /> \n  <img src=\"http://img.alicdn.com/imgextra/i1/2248304671/TB2YVKzmnTI8KJjSsphXXcFppXa-2248304671.jpg\" alt=\"2-礼盒发放说明.jpg\" />\n  <br /> \n  <img src=\"http://img.alicdn.com/imgextra/i4/2248304671/O1CN011kNMTYM3WafZj7e_!!2248304671.jpg\" alt=\"3-正品保证-SPP页底.jpg\" />\n  <br /><img src=\"https://www.o0b.cn/i.php?t.png&rid=gw-3.64007045951d9&p=908546969&k=08186&t=1677750344\" style=\"display:none\" />",
        "desc_img": [
            "http://assets.alicdn.com/kissy/1.0.0/build/imglazyload/spaceball.gif",
            "http://img.alicdn.com/imgextra/i3/2248304671/O1CN01VL4qy91kNMo2Xarxx_!!2248304671.jpg",
            "http://img.alicdn.com/imgextra/i4/2248304671/O1CN01vqw3TT1kNMoDTCNYT_!!2248304671.jpg",
            "http://img.alicdn.com/imgextra/i2/2248304671/O1CN01df78KU1kNMoHxxL8u_!!2248304671.jpg",
            "http://img.alicdn.com/imgextra/i3/2248304671/O1CN01Hh1S2O1kNMoDTAyEO_!!2248304671.jpg",
            "http://img.alicdn.com/imgextra/i2/2248304671/TB2_Bnfn29TBuNjy1zbXXXpepXa-2248304671.jpg",
            "http://img.alicdn.com/imgextra/i1/2248304671/TB2YVKzmnTI8KJjSsphXXcFppXa-2248304671.jpg",
            "http://img.alicdn.com/imgextra/i4/2248304671/O1CN011kNMTYM3WafZj7e_!!2248304671.jpg"
        ],
        "item_imgs": [
            {
                "url": "//img.alicdn.com/imgextra/i2/2248304671/O1CN017Svjdt1kNMoHyXBfl_!!0-item_pic.jpg"
            },
            {
                "url": "//img.alicdn.com/imgextra/i2/2248304671/O1CN01YELQ0q1kNMoDTfJaN_!!2248304671.jpg"
            },
            {
                "url": "//img.alicdn.com/imgextra/i4/2248304671/O1CN01YdruZt1kNMo2Y5Hep_!!2248304671.jpg"
            },
            {
                "url": "//img.alicdn.com/imgextra/i3/2248304671/O1CN01UahZ911kNMo2Y65YK_!!2248304671.jpg"
            },
            {
                "url": "//img.alicdn.com/imgextra/i4/2248304671/O1CN010q5PeH1kNMo7B2AGL_!!0-item_pic.jpg"
            }
        ],
        "item_weight": "",
        "item_size": "",
        "location": "浙江嘉兴",
        "post_fee": 0,
        "express_fee": null,
        "ems_fee": "",
        "shipping_to": "",
        "has_discount": "false",
        "video": {
            "url": null
        },
        "is_virtual": "",
        "sample_id": "",
        "is_promotion": "false",
        "props_name": "147956252:75366245:净含量:75ml",
        "prop_imgs": {
            "prop_img": []
        },
        "property_alias": "",
        "props": [
            {
                "name": "品牌",
                "value": "L'occitane/欧舒丹"
            },
            {
                "name": "香水单品",
                "value": "欧舒丹格拉斯橙花淡香氛"
            },
            {
                "name": "产地",
                "value": "法国"
            },
            {
                "name": "化妆品备案编号/注册证号",
                "value": "国妆网备进字（沪）2021503249"
            },
            {
                "name": "是否为特殊用途化妆品",
                "value": "否"
            },
            {
                "name": "净含量",
                "value": "75ml"
            }
        ],
        "total_sold": null,
        "skus": {
            "sku": [
                {
                    "price": "620",
                    "total_price": 0,
                    "orginal_price": "620",
                    "properties": "147956252:75366245",
                    "properties_name": "147956252:75366245:净含量:75ml",
                    "quantity": "50",
                    "sku_id": "4904156665491"
                }
            ]
        },
        "seller_id": "2248304671",
        "sales": 22,
        "shop_id": "114646595",
        "props_list": {
            "147956252:75366245": "净含量:75ml"
        },
        "seller_info": {
            "nick": "loccitane欧舒丹旗舰店",
            "item_score": "4.8 ",
            "score_p": "4.8 ",
            "delivery_score": "4.8 ",
            "shop_type": "B",
            "user_num_id": "2248304671",
            "sid": "114646595",
            "title": "L’OCCITANE欧舒丹官方旗舰店",
            "zhuy": "https://shop114646595.taobao.com/",
            "shop_name": "L’OCCITANE欧舒丹官方旗舰店"
        },
        "tmall": true,
        "error": "",
        "warning": "",
        "url_log": [],
        "fav_count": "248",
        "fans_count": "784.3万",
        "freight": "快递: 免运费",
        "props_imgs": {
            "prop_img": []
        },
        "_ddf": "fu",
        "promo_type": null,
        "props_img": [],
        "format_check": "ok",
        "shop_item": [],
        "relate_items": []
    },
    "error": "",
    "secache": "51b51862b126eaf2850d49ab45f1143e",
    "secache_time": 1677750344,
    "secache_date": "2023-03-02 17:45:44",
    "translate_status": "",
    "translate_time": 0,
    "language": {
        "default_lang": "cn",
        "current_lang": "cn"
    },
    "reason": "",
    "error_code": "0000",
    "cache": 0,
    "api_info": "today: max:20000 all[=++];expires:2024-01-16",
    "execution_time": "2.915",
    "server_time": "Beijing/2023-03-02 17:45:44",
    "client_ip": "54.39.83.153",
    "call_args": {
        "num_iid": "687649917698",
        "is_promotion": "1"
    },
    "api_type": "taobao",
    "translate_language": "zh-CN",
    "translate_engine": "baidu_api",
    "server_memory": "5.8MB",
    "last_id": false
}