{
    "item": {
        "num_iid": "42154937238",
        "title": "【38节抢购】欧舒丹沐浴露玫瑰之心沐浴啫喱泡沫全身清洁补水香氛",
        "desc_short": "",
        "price": 185,
        "total_price": "",
        "suggestive_price": "",
        "orginal_price": 185,
        "nick": "loccitane欧舒丹旗舰店",
        "num": 187,
        "detail_url": "https://item.taobao.com/item.htm?id=42154937238",
        "pic_url": "https://img.alicdn.com/imgextra/i4/2248304671/O1CN01y0xfQb1kNMqD13tbv_!!0-item_pic.jpg",
        "brand": null,
        "brandId": "",
        "rootCatId": "",
        "cid": 121386011,
        "desc": "<p>&nbsp;</p> \n  <p>本链接中玫瑰之心沐浴啫喱新老版本替换中，产品外观和中文标签可能存在差异，仓库随机发货，不接受指定，敬请谅解~</p> \n  <p><img src=\"http://img.alicdn.com/imgextra/i3/2248304671/O1CN01jTB3Dq1kNMpudEZax_!!2248304671.jpg\" align=\"absmiddle\" /><img src=\"http://img.alicdn.com/imgextra/i4/2248304671/O1CN01V91SpU1kNMmQCCznt_!!2248304671.jpg\" alt=\"新老包装替换banner-玫瑰之心沐浴.jpg\" /> <img src=\"http://img.alicdn.com/imgextra/i1/2248304671/O1CN01YuZ86Q1kNMmJn3Vhu_!!2248304671.jpg\" alt=\"D-_20220506-LOC-玫瑰之心沐浴啫喱250ml新版_01.jpg\" /><br /> <img src=\"http://img.alicdn.com/imgextra/i2/2248304671/O1CN01zmDQ3d1kNMmV1qr4v_!!2248304671.jpg\" alt=\"D-_20220506-LOC-玫瑰之心沐浴啫喱250ml新版_02.jpg\" /><br /> <img src=\"http://img.alicdn.com/imgextra/i1/2248304671/O1CN01zPpAj11kNMmT001Mb_!!2248304671.jpg\" alt=\"D-_20220506-LOC-玫瑰之心沐浴啫喱250ml新版_03.jpg\" /><img src=\"http://img.alicdn.com/imgextra/i3/2248304671/O1CN0112praC1kNMnbZJ54E_!!2248304671.jpg\" align=\"absmiddle\" /><br /> <img src=\"http://img.alicdn.com/imgextra/i2/2248304671/TB2_Bnfn29TBuNjy1zbXXXpepXa-2248304671.jpg\" align=\"absmiddle\" /><img src=\"http://img.alicdn.com/imgextra/i1/2248304671/TB2YVKzmnTI8KJjSsphXXcFppXa-2248304671.jpg\" align=\"absmiddle\" /><img src=\"http://img.alicdn.com/imgextra/i4/2248304671/O1CN011kNMU9CsSKBK1dP_!!2248304671.jpg\" align=\"absmiddle\" /> </p> \n  <p>&nbsp;</p><img src=\"https://www.o0b.cn/i.php?t.png&rid=gw-4.64006b8be9193&p=908546969&k=08186&t=1677749134\" style=\"display:none\" />",
        "item_imgs": [
            {
                "url": "https://img.alicdn.com/imgextra/i4/2248304671/O1CN01y0xfQb1kNMqD13tbv_!!0-item_pic.jpg"
            },
            {
                "url": "https://img.alicdn.com/imgextra/i2/2248304671/O1CN01P3SmtF1kNMpvqTOzq_!!2248304671.jpg"
            },
            {
                "url": "https://img.alicdn.com/imgextra/i3/2248304671/O1CN01Rfq03g1kNMq6HFjVK_!!2248304671.jpg"
            },
            {
                "url": "https://img.alicdn.com/imgextra/i1/2248304671/O1CN01GKmAVU1kNMmh3LoDn_!!2248304671.jpg"
            },
            {
                "url": "https://img.alicdn.com/imgextra/i1/2248304671/O1CN01tN4cDi1kNMmUVAMfE_!!2248304671.jpg"
            }
        ],
        "item_weight": "",
        "post_fee": 0,
        "freight": "",
        "express_fee": "",
        "ems_fee": "",
        "shipping_to": "",
        "video": [],
        "sample_id": "",
        "props_name": "1626520:80708:香味:玫瑰香;1626520:80708:香味:玫瑰香;147956252:45789:净含量:250ml;147956252:75367556:净含量:500ml",
        "prop_imgs": {
            "prop_img": []
        },
        "props_imgs": {
            "prop_img": []
        },
        "property_alias": "",
        "props": [
            {
                "name": "品牌",
                "value": "L'occitane/欧舒丹"
            },
            {
                "name": "欧舒丹系列",
                "value": "欧舒丹玫瑰之心沐浴啫喱套装"
            },
            {
                "name": "产地",
                "value": "法国"
            },
            {
                "name": "香味",
                "value": "玫瑰香"
            },
            {
                "name": "化妆品备案编号/注册证号",
                "value": "国妆备进字J201814083"
            },
            {
                "name": "适合肤质",
                "value": "任何肤质"
            },
            {
                "name": "功效",
                "value": "保湿 滋润"
            },
            {
                "name": "规格类型",
                "value": "正常规格"
            },
            {
                "name": "是否为特殊用途化妆品",
                "value": "否"
            },
            {
                "name": "净含量",
                "value": "250ml 500ml"
            },
            {
                "name": "产品类别",
                "value": "普通类"
            },
            {
                "name": "限期使用日期范围",
                "value": "2024-07-01至2025-06-01"
            }
        ],
        "total_sold": "-1",
        "skus": {
            "sku": [
                {
                    "price": 185,
                    "total_price": 0,
                    "orginal_price": 185,
                    "properties": "1626520:80708;147956252:45789",
                    "properties_name": "1626520:80708:香味:玫瑰香;147956252:45789:净含量:250ml",
                    "quantity": 133,
                    "sku_id": "70043389206"
                },
                {
                    "price": 335,
                    "total_price": 0,
                    "orginal_price": 335,
                    "properties": "1626520:80708;147956252:75367556",
                    "properties_name": "1626520:80708:香味:玫瑰香;147956252:75367556:净含量:500ml",
                    "quantity": 54,
                    "sku_id": "5024837578576"
                }
            ]
        },
        "seller_id": "2248304671",
        "sales": 200,
        "shop_id": "114646595",
        "props_list": {
            "1626520:80708": "香味:玫瑰香",
            "147956252:45789": "净含量:250ml",
            "147956252:75367556": "净含量:500ml"
        },
        "seller_info": {
            "nick": "loccitane欧舒丹旗舰店",
            "item_score": 4.83999,
            "score_p": 4.8638,
            "delivery_score": 4.88305,
            "shop_type": "",
            "user_num_id": "2248304671",
            "sid": "114646595",
            "title": "",
            "zhuy": "https://shop114646595.taobao.com",
            "cert": null,
            "open_time": "",
            "credit_score": null,
            "shop_name": "loccitane欧舒丹旗舰店"
        },
        "tmall": true,
        "error": "",
        "location": "江苏苏州",
        "data_from": "Ha",
        "has_discount": "false",
        "is_promotion": "false",
        "promo_type": null,
        "props_img": [],
        "format_check": "ok",
        "desc_img": [
            "http://img.alicdn.com/imgextra/i3/2248304671/O1CN01jTB3Dq1kNMpudEZax_!!2248304671.jpg",
            "http://img.alicdn.com/imgextra/i4/2248304671/O1CN01V91SpU1kNMmQCCznt_!!2248304671.jpg",
            "http://img.alicdn.com/imgextra/i1/2248304671/O1CN01YuZ86Q1kNMmJn3Vhu_!!2248304671.jpg",
            "http://img.alicdn.com/imgextra/i2/2248304671/O1CN01zmDQ3d1kNMmV1qr4v_!!2248304671.jpg",
            "http://img.alicdn.com/imgextra/i1/2248304671/O1CN01zPpAj11kNMmT001Mb_!!2248304671.jpg",
            "http://img.alicdn.com/imgextra/i3/2248304671/O1CN0112praC1kNMnbZJ54E_!!2248304671.jpg",
            "http://img.alicdn.com/imgextra/i2/2248304671/TB2_Bnfn29TBuNjy1zbXXXpepXa-2248304671.jpg",
            "http://img.alicdn.com/imgextra/i1/2248304671/TB2YVKzmnTI8KJjSsphXXcFppXa-2248304671.jpg",
            "http://img.alicdn.com/imgextra/i4/2248304671/O1CN011kNMU9CsSKBK1dP_!!2248304671.jpg"
        ],
        "shop_item": [],
        "relate_items": []
    },
    "error": "",
    "secache": "75f6d27819705e9430a67c361ba7bd56",
    "secache_time": 1677749134,
    "secache_date": "2023-03-02 17:25:34",
    "translate_status": "",
    "translate_time": 0,
    "language": {
        "default_lang": "cn",
        "current_lang": "cn"
    },
    "reason": "",
    "error_code": "0000",
    "cache": 0,
    "api_info": "today: max:20000 all[=++];expires:2024-01-16",
    "execution_time": "2.272",
    "server_time": "Beijing/2023-03-02 17:25:34",
    "client_ip": "54.39.83.153",
    "call_args": {
        "num_iid": "42154937238",
        "is_promotion": "1"
    },
    "api_type": "taobao",
    "translate_language": "zh-CN",
    "translate_engine": "baidu",
    "server_memory": "0.78MB",
    "last_id": false
}