{
    "item": {
        "num_iid": "613051976478",
        "title": "欧舒丹南法枕梦香薰蜡烛140g薰衣草佛手柑香薰香调精油官方旗舰店",
        "desc_short": "",
        "price": 235,
        "total_price": "",
        "suggestive_price": "",
        "orginal_price": 235,
        "nick": "loccitane欧舒丹旗舰店",
        "num": 24,
        "detail_url": "https://item.taobao.com/item.htm?id=613051976478",
        "pic_url": "https://img.alicdn.com/imgextra/i3/2248304671/O1CN01Ild12R1kNMlavmbds_!!0-item_pic.jpg",
        "brand": null,
        "brandId": "",
        "rootCatId": "",
        "cid": 121368015,
        "desc": "",
        "item_imgs": [
            {
                "url": "https://img.alicdn.com/imgextra/i3/2248304671/O1CN01Ild12R1kNMlavmbds_!!0-item_pic.jpg"
            },
            {
                "url": "https://img.alicdn.com/imgextra/i4/2248304671/O1CN01O5yeAD1kNMl75MJ92_!!2248304671.jpg"
            },
            {
                "url": "https://img.alicdn.com/imgextra/i3/2248304671/O1CN01woIw1i1kNMbvlxcbZ_!!2248304671.jpg"
            },
            {
                "url": "https://img.alicdn.com/imgextra/i3/2248304671/O1CN01MGx0hN1kNMeYrEFBE_!!2248304671.jpg"
            }
        ],
        "item_weight": "",
        "post_fee": 0,
        "freight": "",
        "express_fee": "",
        "ems_fee": "",
        "shipping_to": "",
        "video": [],
        "sample_id": "",
        "props_name": "",
        "prop_imgs": {
            "prop_img": []
        },
        "props_imgs": {
            "prop_img": []
        },
        "property_alias": "",
        "props": [
            {
                "name": "品牌",
                "value": "L'occitane/欧舒丹"
            },
            {
                "name": "熏香工具/DIY用具单品",
                "value": "南法枕梦香薰蜡烛"
            },
            {
                "name": "材质",
                "value": "其他/other"
            },
            {
                "name": "产地",
                "value": "法国"
            },
            {
                "name": "保质期",
                "value": "3年"
            },
            {
                "name": "适合肤质",
                "value": "任何肤质"
            }
        ],
        "total_sold": "43",
        "skus": {
            "sku": []
        },
        "seller_id": "2248304671",
        "sales": 43,
        "shop_id": "114646595",
        "props_list": [],
        "seller_info": {
            "nick": "loccitane欧舒丹旗舰店",
            "item_score": 4.83999,
            "score_p": 4.8638,
            "delivery_score": 4.88305,
            "shop_type": "",
            "user_num_id": "2248304671",
            "sid": "114646595",
            "title": "",
            "zhuy": "https://shop114646595.taobao.com",
            "cert": null,
            "open_time": "",
            "credit_score": null,
            "shop_name": "loccitane欧舒丹旗舰店"
        },
        "tmall": true,
        "error": "",
        "location": "江苏苏州",
        "data_from": "Ha",
        "has_discount": "false",
        "is_promotion": "false",
        "promo_type": null,
        "props_img": [],
        "format_check": "ok",
        "desc_img": [],
        "shop_item": [],
        "relate_items": []
    },
    "error": "",
    "secache": "5ff8ed6f970882e07ce236482f522a9b",
    "secache_time": 1677749839,
    "secache_date": "2023-03-02 17:37:19",
    "translate_status": "",
    "translate_time": 0,
    "language": {
        "default_lang": "cn",
        "current_lang": "cn"
    },
    "reason": "",
    "error_code": "0000",
    "cache": 0,
    "api_info": "today: max:20000 all[=++];expires:2024-01-16",
    "execution_time": "7.011",
    "server_time": "Beijing/2023-03-02 17:37:19",
    "client_ip": "54.39.83.153",
    "call_args": {
        "num_iid": "613051976478",
        "is_promotion": "1"
    },
    "api_type": "taobao",
    "translate_language": "zh-CN",
    "translate_engine": "baidu",
    "server_memory": "0.75MB",
    "last_id": false
}