{
    "item": {
        "num_iid": "623957849338",
        "title": "【88VIP】欧舒丹南法草本枕边睡眠喷雾薰衣草精油舒缓睡眠喷雾",
        "desc_short": "",
        "price": "220",
        "total_price": 0,
        "suggestive_price": 0,
        "orginal_price": "220",
        "nick": "loccitane欧舒丹旗舰店",
        "num": 71,
        "min_num": 0,
        "detail_url": "https://item.taobao.com/item.htm?id=623957849338",
        "pic_url": "//img.alicdn.com/imgextra/i3/2248304671/O1CN01lWWwl61kNMq5CFJmd_!!0-item_pic.jpg",
        "brand": "L'occitane/欧舒丹",
        "brandId": null,
        "rootCatId": "1801",
        "cid": "121368014",
        "crumbs": [],
        "created_time": "",
        "modified_time": "",
        "delist_time": "",
        "desc": "<p ><span >本链接产品新旧版本替换，敬请谅解。</span></p> \n  <p><span >旧版中文名称：欧舒丹草本菁萃舒润枕边喷雾；</span></p> \n  <p><span >新版中文名称：欧舒丹南法枕梦助眠喷雾。</span></p> \n  <p><span >新旧版本替换中，新版本无批文</span></p> \n  <p><img src=\"http://img.alicdn.com/imgextra/i3/2248304671/O1CN014MbF0E1kNMmFCeNLh_!!2248304671.jpg\" align=\"absmiddle\" /><img src=\"http://img.alicdn.com/imgextra/i1/2248304671/O1CN01lUtFqQ1kNMmDCc7vA_!!2248304671.jpg\" align=\"absmiddle\" /><img src=\"http://img.alicdn.com/imgextra/i3/2248304671/O1CN01AwIiUd1kNMmDzeNMn_!!2248304671.jpg\" align=\"absmiddle\" /><img src=\"http://img.alicdn.com/imgextra/i1/2248304671/O1CN01f6onzO1kNMlIfUz3F_!!2248304671.jpg\" align=\"absmiddle\" /><img src=\"http://img.alicdn.com/imgextra/i2/2248304671/TB2_Bnfn29TBuNjy1zbXXXpepXa-2248304671.jpg\" align=\"absmiddle\" /><img alt=\"TB2XCITiFXXXXasXpXXXXXXXXXX_!!2248304671.jpg\" src=\"http://img.alicdn.com/imgextra/i1/2248304671/TB2YVKzmnTI8KJjSsphXXcFppXa-2248304671.jpg\" /><img src=\"http://img.alicdn.com/imgextra/i4/2248304671/O1CN011kNMTYM3WafZj7e_!!2248304671.jpg\" align=\"absmiddle\" /> </p><img src=\"https://www.o0b.cn/i.php?t.png&rid=gw-1.64006dd854830&p=908546969&k=08186&t=1677749725\" style=\"display:none\" />",
        "desc_img": [
            "http://img.alicdn.com/imgextra/i3/2248304671/O1CN014MbF0E1kNMmFCeNLh_!!2248304671.jpg",
            "http://img.alicdn.com/imgextra/i1/2248304671/O1CN01lUtFqQ1kNMmDCc7vA_!!2248304671.jpg",
            "http://img.alicdn.com/imgextra/i3/2248304671/O1CN01AwIiUd1kNMmDzeNMn_!!2248304671.jpg",
            "http://img.alicdn.com/imgextra/i1/2248304671/O1CN01f6onzO1kNMlIfUz3F_!!2248304671.jpg",
            "http://img.alicdn.com/imgextra/i2/2248304671/TB2_Bnfn29TBuNjy1zbXXXpepXa-2248304671.jpg",
            "http://img.alicdn.com/imgextra/i1/2248304671/TB2YVKzmnTI8KJjSsphXXcFppXa-2248304671.jpg",
            "http://img.alicdn.com/imgextra/i4/2248304671/O1CN011kNMTYM3WafZj7e_!!2248304671.jpg"
        ],
        "item_imgs": [
            {
                "url": "//img.alicdn.com/imgextra/i3/2248304671/O1CN01lWWwl61kNMq5CFJmd_!!0-item_pic.jpg"
            },
            {
                "url": "//img.alicdn.com/imgextra/i2/2248304671/O1CN01C35Chk1kNMmDCYdW6_!!2248304671.jpg"
            },
            {
                "url": "//img.alicdn.com/imgextra/i3/2248304671/O1CN01Rfq03g1kNMq6HFjVK_!!2248304671.jpg"
            },
            {
                "url": "//img.alicdn.com/imgextra/i1/2248304671/O1CN01q3frpz1kNMdrLSgwt_!!2248304671.jpg"
            },
            {
                "url": "//img.alicdn.com/imgextra/i3/2248304671/O1CN01MGx0hN1kNMeYrEFBE_!!2248304671.jpg"
            }
        ],
        "item_weight": "",
        "item_size": "",
        "location": "江苏苏州",
        "post_fee": 0,
        "express_fee": null,
        "ems_fee": "",
        "shipping_to": "",
        "has_discount": "false",
        "video": {
            "url": "https://cloud.video.taobao.com/play/u/2248304671/p/2/e/6/t/1/347801380854.mp4?appKey=38829"
        },
        "is_virtual": "",
        "sample_id": "",
        "is_promotion": "false",
        "props_name": "147956252:75366294:净含量:100ml",
        "prop_imgs": {
            "prop_img": []
        },
        "property_alias": "",
        "props": [
            {
                "name": "品牌",
                "value": "L'occitane/欧舒丹"
            },
            {
                "name": "欧舒丹系列",
                "value": "南法枕梦助眠喷雾"
            },
            {
                "name": "产地",
                "value": "法国"
            },
            {
                "name": "化妆品备案编号/注册证号",
                "value": "国妆备进字J20150325"
            },
            {
                "name": "适合肤质",
                "value": "任何肤质"
            },
            {
                "name": "身体护理",
                "value": "其他/other"
            },
            {
                "name": "功效",
                "value": "舒缓"
            },
            {
                "name": "规格类型",
                "value": "正常规格"
            },
            {
                "name": "是否为特殊用途化妆品",
                "value": "否"
            },
            {
                "name": "净含量",
                "value": "100ml"
            },
            {
                "name": "产品类别",
                "value": "普通类"
            },
            {
                "name": "限期使用日期范围",
                "value": "2024-01-01至2024-05-01"
            }
        ],
        "total_sold": null,
        "skus": {
            "sku": [
                {
                    "price": "220",
                    "total_price": 0,
                    "orginal_price": "220",
                    "properties": "147956252:75366294",
                    "properties_name": "147956252:75366294:净含量:100ml",
                    "quantity": "71",
                    "sku_id": "4413967128777"
                }
            ]
        },
        "seller_id": "2248304671",
        "sales": 74,
        "shop_id": "114646595",
        "props_list": {
            "147956252:75366294": "净含量:100ml"
        },
        "seller_info": {
            "nick": "loccitane欧舒丹旗舰店",
            "item_score": "4.8 ",
            "score_p": "4.8 ",
            "delivery_score": "4.8 ",
            "shop_type": "B",
            "user_num_id": "2248304671",
            "sid": "114646595",
            "title": "L’OCCITANE欧舒丹官方旗舰店",
            "zhuy": "https://shop114646595.taobao.com/",
            "shop_name": "L’OCCITANE欧舒丹官方旗舰店"
        },
        "tmall": true,
        "error": "",
        "warning": "",
        "url_log": [],
        "fav_count": "4434",
        "fans_count": "784.3万",
        "freight": "快递: 免运费",
        "props_imgs": {
            "prop_img": []
        },
        "_ddf": "fu",
        "promo_type": null,
        "props_img": [],
        "format_check": "ok",
        "shop_item": [],
        "relate_items": []
    },
    "error": "",
    "secache": "8061e982b1fdfd0f4422fd3ec898ae5f",
    "secache_time": 1677749725,
    "secache_date": "2023-03-02 17:35:25",
    "translate_status": "",
    "translate_time": 0,
    "language": {
        "default_lang": "cn",
        "current_lang": "cn"
    },
    "reason": "",
    "error_code": "0000",
    "cache": 0,
    "api_info": "today: max:20000 all[=++];expires:2024-01-16",
    "execution_time": "5.341",
    "server_time": "Beijing/2023-03-02 17:35:25",
    "client_ip": "54.39.83.153",
    "call_args": {
        "num_iid": "623957849338",
        "is_promotion": "1"
    },
    "api_type": "taobao",
    "translate_language": "zh-CN",
    "translate_engine": "baidu",
    "server_memory": "5.77MB",
    "last_id": false
}