{
    "item": {
        "num_iid": "674100148655",
        "title": "【38节抢购】欧舒丹身体乳薄荷马鞭草润肤乳全身补水保湿滋润留香",
        "desc_short": "",
        "price": 280,
        "total_price": "",
        "suggestive_price": "",
        "orginal_price": 280,
        "nick": "loccitane欧舒丹旗舰店",
        "num": 82,
        "detail_url": "https://item.taobao.com/item.htm?id=674100148655",
        "pic_url": "https://img.alicdn.com/imgextra/i4/2248304671/O1CN01lJqgix1kNMq1xD4JC_!!0-item_pic.jpg",
        "brand": null,
        "brandId": "",
        "rootCatId": "",
        "cid": 121396013,
        "desc": "<p><img src=\"http://img.alicdn.com/imgextra/i2/2248304671/O1CN01Dl0R4T1kNMmPdRRKn_!!2248304671.jpg\" alt=\"20220525-LOC-薄荷马鞭草润肤凝露250ml_01.jpg\" /><br /> <img src=\"http://img.alicdn.com/imgextra/i2/2248304671/O1CN01zc0hEl1kNMmTT9jUm_!!2248304671.jpg\" alt=\"20220525-LOC-薄荷马鞭草润肤凝露250ml_02.jpg\" /><br /> <img src=\"http://img.alicdn.com/imgextra/i3/2248304671/O1CN01L4D6t61kNMmUYs7ML_!!2248304671.jpg\" alt=\"20220525-LOC-薄荷马鞭草润肤凝露250ml_03.jpg\" /><br /> <img src=\"http://img.alicdn.com/imgextra/i1/2248304671/O1CN019EbMOa1kNMntvtdBl_!!2248304671.jpg\" alt=\"薄荷马鞭草香氛润肤凝霜-背标明细.jpg\" /> <img src=\"http://img.alicdn.com/imgextra/i1/2248304671/TB2YVKzmnTI8KJjSsphXXcFppXa-2248304671.jpg\" alt=\"2-礼盒发放说明.jpg\" /><br /> <img src=\"http://img.alicdn.com/imgextra/i4/2248304671/O1CN011kNMTYM3WafZj7e_!!2248304671.jpg\" alt=\"3-正品保证-SPP页底.jpg\" /> </p><img src=\"https://www.o0b.cn/i.php?t.png&rid=gw-3.64006ee6a0ff6&p=908546969&k=08186&t=1677749993\" style=\"display:none\" />",
        "item_imgs": [
            {
                "url": "https://img.alicdn.com/imgextra/i4/2248304671/O1CN01lJqgix1kNMq1xD4JC_!!0-item_pic.jpg"
            },
            {
                "url": "https://img.alicdn.com/imgextra/i3/2248304671/O1CN01Rfq03g1kNMq6HFjVK_!!2248304671.jpg"
            },
            {
                "url": "https://img.alicdn.com/imgextra/i1/2248304671/O1CN01cxJsxx1kNMma5ZljB_!!2248304671.jpg"
            },
            {
                "url": "https://img.alicdn.com/imgextra/i1/2248304671/O1CN01lTlhnR1kNMmSmbU4B_!!2248304671.jpg"
            },
            {
                "url": "https://img.alicdn.com/imgextra/i3/2248304671/O1CN01Pk0GXV1kNMmSozdkS_!!2248304671.jpg"
            }
        ],
        "item_weight": "",
        "post_fee": 0,
        "freight": "",
        "express_fee": "",
        "ems_fee": "",
        "shipping_to": "",
        "video": [],
        "sample_id": "",
        "props_name": "1626520:38711886:香味:薄荷马鞭草;147956252:45789:净含量:250ml",
        "prop_imgs": {
            "prop_img": [
                {
                    "properties": "147956252:45789",
                    "url": "http://img.alicdn.com/imgextra/i4/2248304671/O1CN01lJqgix1kNMq1xD4JC_!!0-item_pic.jpg"
                }
            ]
        },
        "props_imgs": {
            "prop_img": [
                {
                    "properties": "147956252:45789",
                    "url": "http://img.alicdn.com/imgextra/i4/2248304671/O1CN01lJqgix1kNMq1xD4JC_!!0-item_pic.jpg"
                }
            ]
        },
        "property_alias": "",
        "props": [
            {
                "name": "品牌",
                "value": "L'occitane/欧舒丹"
            },
            {
                "name": "欧舒丹系列",
                "value": "欧舒丹薄荷马鞭草香氛润肤凝霜套装"
            },
            {
                "name": "产地",
                "value": "法国"
            },
            {
                "name": "香味",
                "value": "薄荷马鞭草"
            },
            {
                "name": "化妆品备案编号/注册证号",
                "value": "国妆网备进字（沪）2021503172"
            },
            {
                "name": "原料成分",
                "value": "薄荷马鞭草"
            },
            {
                "name": "功效",
                "value": "滋润"
            },
            {
                "name": "是否为特殊用途化妆品",
                "value": "否"
            },
            {
                "name": "净含量",
                "value": "250ml"
            },
            {
                "name": "限期使用日期范围",
                "value": "2024-07-01至2025-06-01"
            }
        ],
        "total_sold": "78",
        "skus": {
            "sku": [
                {
                    "price": 280,
                    "total_price": 0,
                    "orginal_price": 280,
                    "properties": "1626520:38711886;147956252:45789",
                    "properties_name": "1626520:38711886:香味:薄荷马鞭草;147956252:45789:净含量:250ml",
                    "quantity": 82,
                    "sku_id": "5023776466714"
                }
            ]
        },
        "seller_id": "2248304671",
        "sales": 78,
        "shop_id": "114646595",
        "props_list": {
            "147956252:45789": "净含量:250ml",
            "1626520:38711886": "香味:薄荷马鞭草"
        },
        "seller_info": {
            "nick": "loccitane欧舒丹旗舰店",
            "item_score": 4.83999,
            "score_p": 4.8638,
            "delivery_score": 4.88305,
            "shop_type": "",
            "user_num_id": "2248304671",
            "sid": "114646595",
            "title": "",
            "zhuy": "https://shop114646595.taobao.com",
            "cert": null,
            "open_time": "",
            "credit_score": null,
            "shop_name": "loccitane欧舒丹旗舰店"
        },
        "tmall": true,
        "error": "",
        "location": "江苏苏州",
        "data_from": "Ha",
        "has_discount": "false",
        "is_promotion": "false",
        "promo_type": null,
        "props_img": {
            "147956252:45789": "http://img.alicdn.com/imgextra/i4/2248304671/O1CN01lJqgix1kNMq1xD4JC_!!0-item_pic.jpg"
        },
        "format_check": "ok",
        "desc_img": [
            "http://img.alicdn.com/imgextra/i2/2248304671/O1CN01Dl0R4T1kNMmPdRRKn_!!2248304671.jpg",
            "http://img.alicdn.com/imgextra/i2/2248304671/O1CN01zc0hEl1kNMmTT9jUm_!!2248304671.jpg",
            "http://img.alicdn.com/imgextra/i3/2248304671/O1CN01L4D6t61kNMmUYs7ML_!!2248304671.jpg",
            "http://img.alicdn.com/imgextra/i1/2248304671/O1CN019EbMOa1kNMntvtdBl_!!2248304671.jpg",
            "http://img.alicdn.com/imgextra/i1/2248304671/TB2YVKzmnTI8KJjSsphXXcFppXa-2248304671.jpg",
            "http://img.alicdn.com/imgextra/i4/2248304671/O1CN011kNMTYM3WafZj7e_!!2248304671.jpg"
        ],
        "shop_item": [],
        "relate_items": []
    },
    "error": "",
    "secache": "51b7e825d484d1cf13d012cd92b94173",
    "secache_time": 1677749993,
    "secache_date": "2023-03-02 17:39:53",
    "translate_status": "",
    "translate_time": 0,
    "language": {
        "default_lang": "cn",
        "current_lang": "cn"
    },
    "reason": "",
    "error_code": "0000",
    "cache": 0,
    "api_info": "today: max:20000 all[=++];expires:2024-01-16",
    "execution_time": "2.464",
    "server_time": "Beijing/2023-03-02 17:39:53",
    "client_ip": "54.39.83.153",
    "call_args": {
        "num_iid": "674100148655",
        "is_promotion": "1"
    },
    "api_type": "taobao",
    "translate_language": "zh-CN",
    "translate_engine": "baidu_api",
    "server_memory": "5.8MB",
    "last_id": false
}