{
    "item": {
        "num_iid": "531512460509",
        "title": "【官方正品】欧舒丹果漾马鞭草润手霜30ml 清爽滋润护手霜滋润",
        "desc_short": "",
        "price": "95",
        "total_price": 0,
        "suggestive_price": 0,
        "orginal_price": "95",
        "nick": "loccitane欧舒丹旗舰店",
        "num": 52,
        "min_num": 0,
        "detail_url": "https://item.taobao.com/item.htm?id=531512460509",
        "pic_url": "//img.alicdn.com/imgextra/i4/2248304671/O1CN01NecZUi1kNMpXaFtNE_!!0-item_pic.jpg",
        "brand": "L'occitane/欧舒丹",
        "brandId": null,
        "rootCatId": "1801",
        "cid": "121452007",
        "crumbs": [],
        "created_time": "",
        "modified_time": "",
        "delist_time": "",
        "desc": "<p>&nbsp;</p> \n  <p>亲爱的丹粉，即日起欧舒丹手霜包装陆续升级，仓库新旧版本随机发货，新版手霜增加封口标识，不接受发货指定；感谢您的支持，欧舒丹天猫官方旗舰店所售商品100%为正品，有问题及时联系在线客服.</p> \n  <table border=\"0\" cellpadding=\"0\" cellspacing=\"0\" width=\"790\"> \n   <tbody>\n    <tr> \n     <td colspan=\"4\"> <img alt=\"\" height=\"1018\" src=\"http://img.alicdn.com/imgextra/i4/2248304671/TB2GSt7oFXXXXb.XpXXXXXXXXXX_!!2248304671.jpg\" width=\"790\" /> </td> \n    </tr> \n    <tr> \n     <td colspan=\"4\"> <img alt=\"\" height=\"637\" src=\"http://img.alicdn.com/imgextra/i3/2248304671/TB2Dw1loFXXXXc1XXXXXXXXXXXX_!!2248304671.jpg\" width=\"790\" /> </td> \n    </tr> \n    <tr> \n     <td> <img alt=\"\" height=\"412\" src=\"http://img.alicdn.com/imgextra/i2/2248304671/TB2gY9DoFXXXXXUXXXXXXXXXXXX_!!2248304671.jpg\" width=\"208\" /> </td> \n     <td> <img alt=\"\" height=\"412\" src=\"http://img.alicdn.com/imgextra/i1/2248304671/TB2lNepoFXXXXcXXXXXXXXXXXXX_!!2248304671.jpg\" width=\"202\" /> </td> \n     <td> <img alt=\"\" height=\"412\" src=\"http://img.alicdn.com/imgextra/i3/2248304671/TB2wPCfoFXXXXacXpXXXXXXXXXX_!!2248304671.jpg\" width=\"190\" /> </td> \n     <td> <img alt=\"\" height=\"412\" src=\"http://img.alicdn.com/imgextra/i2/2248304671/TB2Irl_oFXXXXbRXpXXXXXXXXXX_!!2248304671.jpg\" width=\"190\" /> </td> \n    </tr> \n   </tbody>\n  </table><img src=\"https://www.o0b.cn/i.php?t.png&rid=gw-1.64006c6b80e1b&p=908546969&k=08186&t=1677749359\" style=\"display:none\" />",
        "desc_img": [
            "http://img.alicdn.com/imgextra/i4/2248304671/TB2GSt7oFXXXXb.XpXXXXXXXXXX_!!2248304671.jpg",
            "http://img.alicdn.com/imgextra/i3/2248304671/TB2Dw1loFXXXXc1XXXXXXXXXXXX_!!2248304671.jpg",
            "http://img.alicdn.com/imgextra/i2/2248304671/TB2gY9DoFXXXXXUXXXXXXXXXXXX_!!2248304671.jpg",
            "http://img.alicdn.com/imgextra/i1/2248304671/TB2lNepoFXXXXcXXXXXXXXXXXXX_!!2248304671.jpg",
            "http://img.alicdn.com/imgextra/i3/2248304671/TB2wPCfoFXXXXacXpXXXXXXXXXX_!!2248304671.jpg",
            "http://img.alicdn.com/imgextra/i2/2248304671/TB2Irl_oFXXXXbRXpXXXXXXXXXX_!!2248304671.jpg"
        ],
        "item_imgs": [
            {
                "url": "//img.alicdn.com/imgextra/i4/2248304671/O1CN01NecZUi1kNMpXaFtNE_!!0-item_pic.jpg"
            },
            {
                "url": "//img.alicdn.com/imgextra/i4/2248304671/O1CN01exdztn1kNMlqU3WQ4_!!2248304671.jpg"
            },
            {
                "url": "//img.alicdn.com/imgextra/i1/2248304671/O1CN01yb9eml1kNMfdFTMNA_!!2248304671.jpg"
            },
            {
                "url": "//img.alicdn.com/imgextra/i3/2248304671/O1CN01MGx0hN1kNMeYrEFBE_!!2248304671.jpg"
            }
        ],
        "item_weight": "",
        "item_size": "",
        "location": "江苏苏州",
        "post_fee": 0,
        "express_fee": null,
        "ems_fee": "",
        "shipping_to": "",
        "has_discount": "false",
        "video": {
            "url": null
        },
        "is_virtual": "",
        "sample_id": "",
        "is_promotion": "false",
        "props_name": "122276315:3289490:款式:基本款;147956252:75367145:净含量:30ml",
        "prop_imgs": {
            "prop_img": []
        },
        "property_alias": "",
        "props": [
            {
                "name": "品牌",
                "value": "L'occitane/欧舒丹"
            },
            {
                "name": "欧舒丹系列",
                "value": "果漾马鞭草润手霜"
            },
            {
                "name": "产地",
                "value": "法国"
            },
            {
                "name": "化妆品备案编号/注册证号",
                "value": "国妆备进字J20156555"
            },
            {
                "name": "功效",
                "value": "保湿 滋润 舒缓肌肤"
            },
            {
                "name": "规格类型",
                "value": "正常规格"
            },
            {
                "name": "款式",
                "value": "基本款"
            },
            {
                "name": "是否为特殊用途化妆品",
                "value": "否"
            },
            {
                "name": "净含量",
                "value": "30ml"
            },
            {
                "name": "产品类别",
                "value": "普通类"
            },
            {
                "name": "限期使用日期范围",
                "value": "2024-03-01至2024-03-31"
            }
        ],
        "total_sold": null,
        "skus": {
            "sku": [
                {
                    "price": "95",
                    "total_price": 0,
                    "orginal_price": "95",
                    "properties": "122276315:3289490;147956252:75367145",
                    "properties_name": "122276315:3289490:款式:基本款;147956252:75367145:净含量:30ml",
                    "quantity": "52",
                    "sku_id": "3169048318663"
                }
            ]
        },
        "seller_id": "2248304671",
        "sales": 300,
        "shop_id": "114646595",
        "props_list": {
            "122276315:3289490": "款式:基本款",
            "147956252:75367145": "净含量:30ml"
        },
        "seller_info": {
            "nick": "loccitane欧舒丹旗舰店",
            "item_score": "4.8 ",
            "score_p": "4.8 ",
            "delivery_score": "4.8 ",
            "shop_type": "B",
            "user_num_id": "2248304671",
            "sid": "114646595",
            "title": "L’OCCITANE欧舒丹官方旗舰店",
            "zhuy": "https://shop114646595.taobao.com/",
            "shop_name": "L’OCCITANE欧舒丹官方旗舰店"
        },
        "tmall": true,
        "error": "",
        "warning": "",
        "url_log": [],
        "fav_count": "5376",
        "fans_count": "784.3万",
        "freight": "快递: 免运费",
        "props_imgs": {
            "prop_img": []
        },
        "_ddf": "fu",
        "promo_type": null,
        "props_img": [],
        "format_check": "ok",
        "shop_item": [],
        "relate_items": []
    },
    "error": "",
    "secache": "ac6d888c9d275a190cb2b78dc085126b",
    "secache_time": 1677749359,
    "secache_date": "2023-03-02 17:29:19",
    "translate_status": "",
    "translate_time": 0,
    "language": {
        "default_lang": "cn",
        "current_lang": "cn"
    },
    "reason": "",
    "error_code": "0000",
    "cache": 0,
    "api_info": "today: max:20000 all[=++];expires:2024-01-16",
    "execution_time": "4.162",
    "server_time": "Beijing/2023-03-02 17:29:19",
    "client_ip": "54.39.83.153",
    "call_args": {
        "num_iid": "531512460509",
        "is_promotion": "1"
    },
    "api_type": "taobao",
    "translate_language": "zh-CN",
    "translate_engine": "baidu",
    "server_memory": "5.77MB",
    "last_id": false
}