{
    "item": {
        "num_iid": "42155081490",
        "title": "【38节抢购】欧舒丹身体乳玫瑰之心润肤露全身补水清新玫瑰香官方",
        "desc_short": "",
        "price": 260,
        "total_price": "",
        "suggestive_price": "",
        "orginal_price": 260,
        "nick": "loccitane欧舒丹旗舰店",
        "num": 48,
        "detail_url": "https://item.taobao.com/item.htm?id=42155081490",
        "pic_url": "https://img.alicdn.com/imgextra/i3/2248304671/O1CN01wev6kN1kNMq4oTuk8_!!0-item_pic.jpg",
        "brand": null,
        "brandId": "",
        "rootCatId": "",
        "cid": 121396013,
        "desc": "<p >&nbsp;</p> \n  <p>本链接产品新旧版本替换，敬请谅解。<br /> 旧版中文名称：欧舒丹玫瑰皇后润肤露；<br /> 新版中文名称：欧舒丹玫瑰之心润肤露 </p> \n  <img src=\"http://img.alicdn.com/imgextra/i1/2248304671/O1CN01iYt3nx1kNMncFZ5aQ_!!2248304671.jpg\" alt=\"20220830-LOC-玫瑰之心润肤露250ml-新版_01.jpg\" />\n  <br /> \n  <img src=\"http://img.alicdn.com/imgextra/i1/2248304671/O1CN01eGTDqa1kNMnZxsQ8D_!!2248304671.jpg\" alt=\"20220830-LOC-玫瑰之心润肤露250ml-新版_02.jpg\" />\n  <br /> \n  <img src=\"http://img.alicdn.com/imgextra/i1/2248304671/O1CN015HF4MR1kNMnkho6cL_!!2248304671.jpg\" alt=\"20220830-LOC-玫瑰之心润肤露250ml-新版_03.jpg\" />\n  <br /> \n  <img src=\"http://img.alicdn.com/imgextra/i3/2248304671/O1CN01cFD4ap1kNMnkhndU4_!!2248304671.jpg\" alt=\"20220830-LOC-玫瑰之心润肤露250ml-新版_04.jpg\" />\n  <br /> \n  <img src=\"http://img.alicdn.com/imgextra/i2/2248304671/O1CN01JKUpl61kNMne1l69o_!!2248304671.jpg\" alt=\"20220830-LOC-玫瑰之心润肤露250ml-新版_05.jpg\" />\n  <br /> \n  <img src=\"http://img.alicdn.com/imgextra/i3/2248304671/O1CN01sRjqCu1kNMnjRHFRJ_!!2248304671.jpg\" alt=\"20220830-LOC-玫瑰之心润肤露250ml-新版_06.jpg\" />\n  <br /> \n  <img src=\"http://img.alicdn.com/imgextra/i3/2248304671/O1CN01IpJQxN1kNMngilW6h_!!2248304671.jpg\" alt=\"20220830-LOC-玫瑰之心润肤露250ml-新版_07.jpg\" />\n  <br /> \n  <img src=\"http://img.alicdn.com/imgextra/i4/2248304671/O1CN01vm7IPq1kNMnd2CmCD_!!2248304671.jpg\" alt=\"20220830-LOC-玫瑰之心润肤露250ml-新版_08.jpg\" />\n  <br /> \n  <img src=\"http://img.alicdn.com/imgextra/i2/2248304671/TB2_Bnfn29TBuNjy1zbXXXpepXa-2248304671.jpg\" alt=\"1-品牌故事.jpg\" />\n  <br /> \n  <img src=\"http://img.alicdn.com/imgextra/i1/2248304671/TB2YVKzmnTI8KJjSsphXXcFppXa-2248304671.jpg\" alt=\"2-礼盒发放说明.jpg\" />\n  <br /> \n  <img src=\"http://img.alicdn.com/imgextra/i4/2248304671/O1CN011kNMTYM3WafZj7e_!!2248304671.jpg\" alt=\"3-正品保证-SPP页底.jpg\" />\n  <br /><img src=\"https://www.o0b.cn/i.php?t.png&rid=gw-3.64006b7faab9f&p=908546969&k=08186&t=1677749122\" style=\"display:none\" />",
        "item_imgs": [
            {
                "url": "https://img.alicdn.com/imgextra/i3/2248304671/O1CN01wev6kN1kNMq4oTuk8_!!0-item_pic.jpg"
            },
            {
                "url": "https://img.alicdn.com/imgextra/i3/2248304671/O1CN01Rfq03g1kNMq6HFjVK_!!2248304671.jpg"
            },
            {
                "url": "https://img.alicdn.com/imgextra/i4/2248304671/O1CN01VZp3Ln1kNMmXhKhix_!!2248304671.jpg"
            },
            {
                "url": "https://img.alicdn.com/imgextra/i4/2248304671/O1CN011OGDFM1kNMZibqiJF_!!2248304671.jpg"
            },
            {
                "url": "https://img.alicdn.com/imgextra/i1/2248304671/O1CN01qK1hfI1kNMlf7JWSN_!!2248304671.jpg"
            }
        ],
        "item_weight": "",
        "post_fee": 0,
        "freight": "",
        "express_fee": "",
        "ems_fee": "",
        "shipping_to": "",
        "video": [],
        "sample_id": "",
        "props_name": "1626520:28895:香味:玫瑰;147956252:45789:净含量:250ml",
        "prop_imgs": {
            "prop_img": [
                {
                    "properties": "147956252:45789",
                    "url": "http://img.alicdn.com/imgextra/i3/2248304671/O1CN01wev6kN1kNMq4oTuk8_!!0-item_pic.jpg"
                }
            ]
        },
        "props_imgs": {
            "prop_img": [
                {
                    "properties": "147956252:45789",
                    "url": "http://img.alicdn.com/imgextra/i3/2248304671/O1CN01wev6kN1kNMq4oTuk8_!!0-item_pic.jpg"
                }
            ]
        },
        "property_alias": "",
        "props": [
            {
                "name": "品牌",
                "value": "L'occitane/欧舒丹"
            },
            {
                "name": "欧舒丹系列",
                "value": "欧舒丹玫瑰润肤露套装"
            },
            {
                "name": "产地",
                "value": "法国"
            },
            {
                "name": "香味",
                "value": "玫瑰"
            },
            {
                "name": "化妆品备案编号/注册证号",
                "value": "国妆备进字J201814145"
            },
            {
                "name": "适合肤质",
                "value": "任何肤质"
            },
            {
                "name": "原料成分",
                "value": "玫瑰"
            },
            {
                "name": "功效",
                "value": "滋润"
            },
            {
                "name": "规格类型",
                "value": "正常规格"
            },
            {
                "name": "款式",
                "value": "基本款"
            },
            {
                "name": "是否为特殊用途化妆品",
                "value": "否"
            },
            {
                "name": "净含量",
                "value": "250ml"
            },
            {
                "name": "产品类别",
                "value": "普通类"
            },
            {
                "name": "限期使用日期范围",
                "value": "2024-07-01至2025-06-01"
            },
            {
                "name": "化妆品保质期",
                "value": "36个月"
            }
        ],
        "total_sold": "-1",
        "skus": {
            "sku": [
                {
                    "price": 260,
                    "total_price": 0,
                    "orginal_price": 260,
                    "properties": "1626520:28895;147956252:45789",
                    "properties_name": "1626520:28895:香味:玫瑰;147956252:45789:净含量:250ml",
                    "quantity": 48,
                    "sku_id": "69883398075"
                }
            ]
        },
        "seller_id": "2248304671",
        "sales": 200,
        "shop_id": "114646595",
        "props_list": {
            "147956252:45789": "净含量:250ml",
            "1626520:28895": "香味:玫瑰"
        },
        "seller_info": {
            "nick": "loccitane欧舒丹旗舰店",
            "item_score": 4.83999,
            "score_p": 4.8638,
            "delivery_score": 4.88305,
            "shop_type": "",
            "user_num_id": "2248304671",
            "sid": "114646595",
            "title": "",
            "zhuy": "https://shop114646595.taobao.com",
            "cert": null,
            "open_time": "",
            "credit_score": null,
            "shop_name": "loccitane欧舒丹旗舰店"
        },
        "tmall": true,
        "error": "",
        "location": "江苏苏州",
        "data_from": "Ha",
        "has_discount": "false",
        "is_promotion": "false",
        "promo_type": null,
        "props_img": {
            "147956252:45789": "http://img.alicdn.com/imgextra/i3/2248304671/O1CN01wev6kN1kNMq4oTuk8_!!0-item_pic.jpg"
        },
        "format_check": "ok",
        "desc_img": [
            "http://img.alicdn.com/imgextra/i1/2248304671/O1CN01iYt3nx1kNMncFZ5aQ_!!2248304671.jpg",
            "http://img.alicdn.com/imgextra/i1/2248304671/O1CN01eGTDqa1kNMnZxsQ8D_!!2248304671.jpg",
            "http://img.alicdn.com/imgextra/i1/2248304671/O1CN015HF4MR1kNMnkho6cL_!!2248304671.jpg",
            "http://img.alicdn.com/imgextra/i3/2248304671/O1CN01cFD4ap1kNMnkhndU4_!!2248304671.jpg",
            "http://img.alicdn.com/imgextra/i2/2248304671/O1CN01JKUpl61kNMne1l69o_!!2248304671.jpg",
            "http://img.alicdn.com/imgextra/i3/2248304671/O1CN01sRjqCu1kNMnjRHFRJ_!!2248304671.jpg",
            "http://img.alicdn.com/imgextra/i3/2248304671/O1CN01IpJQxN1kNMngilW6h_!!2248304671.jpg",
            "http://img.alicdn.com/imgextra/i4/2248304671/O1CN01vm7IPq1kNMnd2CmCD_!!2248304671.jpg",
            "http://img.alicdn.com/imgextra/i2/2248304671/TB2_Bnfn29TBuNjy1zbXXXpepXa-2248304671.jpg",
            "http://img.alicdn.com/imgextra/i1/2248304671/TB2YVKzmnTI8KJjSsphXXcFppXa-2248304671.jpg",
            "http://img.alicdn.com/imgextra/i4/2248304671/O1CN011kNMTYM3WafZj7e_!!2248304671.jpg"
        ],
        "shop_item": [],
        "relate_items": []
    },
    "error": "",
    "secache": "9d7fc702b1832d88add3760cf4c83bce",
    "secache_time": 1677749122,
    "secache_date": "2023-03-02 17:25:22",
    "translate_status": "",
    "translate_time": 0,
    "language": {
        "default_lang": "cn",
        "current_lang": "cn"
    },
    "reason": "",
    "error_code": "0000",
    "cache": 0,
    "api_info": "today: max:20000 all[=++];expires:2024-01-16",
    "execution_time": "2.385",
    "server_time": "Beijing/2023-03-02 17:25:22",
    "client_ip": "54.39.83.153",
    "call_args": {
        "num_iid": "42155081490",
        "is_promotion": "1"
    },
    "api_type": "taobao",
    "translate_language": "zh-CN",
    "translate_engine": "baidu_api",
    "server_memory": "5.81MB",
    "last_id": false
}