{
    "item": {
        "num_iid": "538599199559",
        "title": "【38节抢购】欧舒丹玫瑰之心沐浴露身体套装礼盒清洁滋润香体",
        "desc_short": "",
        "price": "445",
        "orginal_price": "445",
        "nick": "loccitane欧舒丹旗舰店",
        "num": 73,
        "pic_url": "//img.alicdn.com/imgextra/i2/2248304671/O1CN01PwLHmH1kNMq83OVu7_!!2248304671.jpg",
        "brand": "L'occitane/欧舒丹",
        "brandId": 0,
        "rootCatId": "1801",
        "cid": "121484012",
        "crumbs": [],
        "detail_url": "https://item.taobao.com/item.htm?id=538599199559",
        "desc": "<p><img src=\"http://img.alicdn.com/imgextra/i1/2248304671/O1CN01TtTZoO1kNMmQEmAeq_!!2248304671.jpg\" alt=\"新老包装替换banner-玫瑰之心套装.jpg\" /> <img src=\"http://img.alicdn.com/imgextra/i1/2248304671/O1CN01CtKqXQ1kNMmcBcvcy_!!2248304671.jpg\" align=\"absmiddle\" /><img src=\"http://img.alicdn.com/imgextra/i2/2248304671/O1CN01hmHwog1kNMmUVEjFF_!!2248304671.jpg\" align=\"absmiddle\" /><img src=\"http://img.alicdn.com/imgextra/i1/2248304671/O1CN01eEllxG1kNMZwIeSY6_!!2248304671.jpg\" align=\"absmiddle\" /><img src=\"http://img.alicdn.com/imgextra/i4/2248304671/O1CN01Lwyegb1kNMkBIHRHO_!!2248304671.jpg\" align=\"absmiddle\" /><img src=\"http://img.alicdn.com/imgextra/i4/2248304671/O1CN01iok3IR1kNMkEiHh4e_!!2248304671.jpg\" align=\"absmiddle\" /><img src=\"http://img.alicdn.com/imgextra/i3/2248304671/O1CN0112praC1kNMnbZJ54E_!!2248304671.jpg\" align=\"absmiddle\" /> <img src=\"http://img.alicdn.com/imgextra/i2/2248304671/O1CN01tbMbQV1kNMm6BsicI_!!2248304671.jpg\" alt=\"20220429-loc-玫瑰之心沐浴润肤套装-标签_06.jpg\" /> <img src=\"http://img.alicdn.com/imgextra/i2/2248304671/TB2_Bnfn29TBuNjy1zbXXXpepXa-2248304671.jpg\" alt=\"1-品牌故事.jpg\" /><br /> <img src=\"http://img.alicdn.com/imgextra/i1/2248304671/TB2YVKzmnTI8KJjSsphXXcFppXa-2248304671.jpg\" alt=\"2-礼盒发放说明.jpg\" /><br /> <img src=\"http://img.alicdn.com/imgextra/i4/2248304671/O1CN011kNMTYM3WafZj7e_!!2248304671.jpg\" alt=\"3-正品保证-SPP页底.jpg\" /> </p><img src=\"https://www.o0b.cn/i.php?t.png&rid=gw-4.63feabf78c0c3&p=837512465&k=23706&t=1677634553\" style=\"display:none\" />",
        "item_imgs": [
            {
                "url": "//img.alicdn.com/imgextra/i2/2248304671/O1CN01PwLHmH1kNMq83OVu7_!!2248304671.jpg"
            },
            {
                "url": "//img.alicdn.com/imgextra/i4/2248304671/O1CN01wpg1wC1kNMmSvc5b9_!!2248304671.jpg"
            },
            {
                "url": "//img.alicdn.com/imgextra/i3/2248304671/O1CN01w53dJr1kNMq2mQD7J_!!2248304671.jpg"
            },
            {
                "url": "//img.alicdn.com/imgextra/i4/2248304671/O1CN01VZp3Ln1kNMmXhKhix_!!2248304671.jpg"
            },
            {
                "url": "//img.alicdn.com/imgextra/i2/2248304671/O1CN01lQghXo1kNMdbdcEOj_!!2248304671.jpg"
            }
        ],
        "item_weight": 0,
        "location": "江苏苏州",
        "post_fee": 0,
        "express_fee": 0,
        "ems_fee": 0,
        "shipping_to": "",
        "has_discount": "false",
        "video": {
            "url": null
        },
        "is_virtual": "",
        "sample_id": "",
        "is_promotion": "false",
        "prop_imgs": {
            "prop_img": []
        },
        "property_alias": "",
        "props": [
            {
                "name": "品牌",
                "value": "L'occitane/欧舒丹"
            },
            {
                "name": "欧舒丹系列",
                "value": "玫瑰身体套装"
            },
            {
                "name": "产地",
                "value": "法国"
            },
            {
                "name": "香味",
                "value": "玫瑰"
            },
            {
                "name": "化妆品备案编号/注册证号",
                "value": "国妆备进字J201814145"
            },
            {
                "name": "适合肤质",
                "value": "任何肤质"
            },
            {
                "name": "原料成分",
                "value": "玫瑰"
            },
            {
                "name": "功效",
                "value": "滋润"
            },
            {
                "name": "规格类型",
                "value": "正常规格"
            },
            {
                "name": "是否为特殊用途化妆品",
                "value": "否"
            },
            {
                "name": "净含量",
                "value": "500ml"
            },
            {
                "name": "产品类别",
                "value": "普通类"
            },
            {
                "name": "限期使用日期范围",
                "value": "2024-07-01至2025-06-01"
            },
            {
                "name": "化妆品保质期",
                "value": "36个月"
            }
        ],
        "props_name": "1626520:28895:香味:玫瑰;147956252:75367556:净含量:500ml",
        "total_sold": 90,
        "skus": {
            "sku": [
                {
                    "price": "50",
                    "total_price": 0,
                    "orginal_price": "50",
                    "properties": "1626520:28895;147956252:75367556",
                    "properties_name": "1626520:28895:香味:玫瑰;147956252:75367556:净含量:500ml",
                    "quantity": "73",
                    "sku_id": "3922533227528"
                }
            ]
        },
        "seller_id": "2248304671",
        "shop_id": "114646595",
        "props_list": {
            "1626520:28895": "香味:玫瑰",
            "147956252:75367556": "净含量:500ml"
        },
        "seller_info": {
            "nick": "loccitane欧舒丹旗舰店",
            "item_score": "4.8 ",
            "score_p": "4.8 ",
            "delivery_score": "4.8 ",
            "shop_type": "B",
            "user_num_id": "2248304671",
            "sid": "114646595",
            "title": "L’OCCITANE欧舒丹官方旗舰店",
            "zhuy": "https://shop114646595.taobao.com/",
            "shop_name": "L’OCCITANE欧舒丹官方旗舰店"
        },
        "tmall": true,
        "update_time": "2023-03-01 09:35:53",
        "data_update": "2023-03-01 09:35:53",
        "data_f": "fu",
        "data_from": "hid",
        "promo_type": null,
        "props_img": [],
        "error": null,
        "format_check": "ok",
        "sales": 0,
        "desc_img": [
            "http://img.alicdn.com/imgextra/i1/2248304671/O1CN01TtTZoO1kNMmQEmAeq_!!2248304671.jpg",
            "http://img.alicdn.com/imgextra/i1/2248304671/O1CN01CtKqXQ1kNMmcBcvcy_!!2248304671.jpg",
            "http://img.alicdn.com/imgextra/i2/2248304671/O1CN01hmHwog1kNMmUVEjFF_!!2248304671.jpg",
            "http://img.alicdn.com/imgextra/i1/2248304671/O1CN01eEllxG1kNMZwIeSY6_!!2248304671.jpg",
            "http://img.alicdn.com/imgextra/i4/2248304671/O1CN01Lwyegb1kNMkBIHRHO_!!2248304671.jpg",
            "http://img.alicdn.com/imgextra/i4/2248304671/O1CN01iok3IR1kNMkEiHh4e_!!2248304671.jpg",
            "http://img.alicdn.com/imgextra/i3/2248304671/O1CN0112praC1kNMnbZJ54E_!!2248304671.jpg",
            "http://img.alicdn.com/imgextra/i2/2248304671/O1CN01tbMbQV1kNMm6BsicI_!!2248304671.jpg",
            "http://img.alicdn.com/imgextra/i2/2248304671/TB2_Bnfn29TBuNjy1zbXXXpepXa-2248304671.jpg",
            "http://img.alicdn.com/imgextra/i1/2248304671/TB2YVKzmnTI8KJjSsphXXcFppXa-2248304671.jpg",
            "http://img.alicdn.com/imgextra/i4/2248304671/O1CN011kNMTYM3WafZj7e_!!2248304671.jpg",
            "https://www.o0b.cn/i.php?t.png&rid=gw-4.63feabf78c0c3&p=837512465&k=23706&t=1677634553"
        ],
        "shop_item": [],
        "relate_items": []
    },
    "error": "",
    "secache": "ccecb1cf1ca437f6c9ff5bbbe77bed1b",
    "secache_time": 1677749216,
    "secache_date": "2023-03-02 17:26:56",
    "translate_status": "",
    "translate_time": 0,
    "language": {
        "default_lang": "cn",
        "current_lang": "cn"
    },
    "reason": "",
    "error_code": "0000",
    "cache": 0,
    "api_info": "today: max:20000 all[=++];expires:2024-01-16",
    "execution_time": "0.281",
    "server_time": "Beijing/2023-03-02 17:26:56",
    "client_ip": "54.39.83.153",
    "call_args": {
        "num_iid": "538599199559",
        "is_promotion": "1"
    },
    "api_type": "taobao",
    "translate_language": "zh-CN",
    "translate_engine": "baidu_api",
    "server_memory": "5.79MB",
    "last_id": false
}