{
    "item": {
        "num_iid": "535618134511",
        "title": "【38预售倒计时】欧舒丹洗发水合集草本平衡头皮护理清洁控油丰盈",
        "desc_short": "",
        "price": 210,
        "total_price": "",
        "suggestive_price": "",
        "orginal_price": 210,
        "nick": "loccitane欧舒丹旗舰店",
        "num": 201,
        "detail_url": "https://item.taobao.com/item.htm?id=535618134511",
        "pic_url": "https://img.alicdn.com/imgextra/i2/2248304671/O1CN01GNDb7U1kNMq7TG2Oc_!!0-item_pic.jpg",
        "brand": null,
        "brandId": "",
        "rootCatId": "",
        "cid": 121396029,
        "desc": "<p>本链接中强韧丰盈洗发产品新老包装替换中，仓库随机发货，不接受指定~</p> \n  <p><img src=\"http://img.alicdn.com/imgextra/i1/2248304671/O1CN01KQ5vbi1kNMq7Xxgkr_!!2248304671.jpg\" align=\"absmiddle\" /></p> \n  <p><img src=\"http://img.alicdn.com/imgextra/i4/2248304671/O1CN01Fufd1s1kNMn3WLRJ6_!!2248304671.jpg\" align=\"absmiddle\" /></p> \n  <p><img src=\"http://img.alicdn.com/imgextra/i3/2248304671/O1CN01vWSW681kNMldFPM8k_!!2248304671.jpg\" align=\"absmiddle\" /><img src=\"http://img.alicdn.com/imgextra/i4/2248304671/O1CN01WJLLbG1kNMlgzfUrh_!!2248304671.jpg\" align=\"absmiddle\" /><img src=\"http://img.alicdn.com/imgextra/i3/2248304671/O1CN012wAh3l1kNMlkfKqn0_!!2248304671.jpg\" align=\"absmiddle\" /><img src=\"http://img.alicdn.com/imgextra/i1/2248304671/O1CN01gklKfa1kNMliQ6VFw_!!2248304671.jpg\" align=\"absmiddle\" /><img src=\"http://img.alicdn.com/imgextra/i1/2248304671/O1CN018jUvYp1kNMlgzhdvG_!!2248304671.jpg\" align=\"absmiddle\" /><img src=\"http://img.alicdn.com/imgextra/i2/2248304671/O1CN01dMUkcV1kNMlWto0S0_!!2248304671.jpg\" align=\"absmiddle\" /><img src=\"http://img.alicdn.com/imgextra/i4/2248304671/O1CN01YV2n8L1kNMoefyuHF_!!2248304671.jpg\" align=\"absmiddle\" /><img src=\"http://img.alicdn.com/imgextra/i4/2248304671/O1CN01VG6XKx1kNMoVHy911_!!2248304671.jpg\" align=\"absmiddle\" /><img src=\"http://img.alicdn.com/imgextra/i2/2248304671/O1CN01FnLl9K1kNMod45gZY_!!2248304671.jpg\" align=\"absmiddle\" /><img src=\"http://img.alicdn.com/imgextra/i3/2248304671/O1CN01eWLtK51kNMoWgUWAI_!!2248304671.jpg\" align=\"absmiddle\" /><img src=\"http://img.alicdn.com/imgextra/i3/2248304671/O1CN01TG4DnR1kNMoZcy4vG_!!2248304671.jpg\" align=\"absmiddle\" /><img src=\"http://img.alicdn.com/imgextra/i2/2248304671/O1CN01vME0Xg1kNMogXLoZe_!!2248304671.jpg\" align=\"absmiddle\" /><img src=\"http://img.alicdn.com/imgextra/i1/2248304671/O1CN01KSZ0wt1kNMoboyRGQ_!!2248304671.jpg\" align=\"absmiddle\" /><img src=\"http://img.alicdn.com/imgextra/i1/2248304671/O1CN010oYZ0i1kNMobow9uX_!!2248304671.jpg\" align=\"absmiddle\" /><img src=\"http://img.alicdn.com/imgextra/i2/2248304671/O1CN01UGNTej1kNMogXKsL3_!!2248304671.jpg\" align=\"absmiddle\" /><img src=\"http://img.alicdn.com/imgextra/i4/2248304671/O1CN01P8FzMb1kNMoVHyDAL_!!2248304671.jpg\" align=\"absmiddle\" /><img src=\"http://img.alicdn.com/imgextra/i1/2248304671/O1CN01af5Dnh1kNMoWgS6Rz_!!2248304671.jpg\" align=\"absmiddle\" /><img src=\"http://img.alicdn.com/imgextra/i2/2248304671/O1CN01hEoMiX1kNMoWgTytL_!!2248304671.jpg\" align=\"absmiddle\" /><img src=\"http://img.alicdn.com/imgextra/i4/2248304671/O1CN018NBUyP1kNMoQYFGmi_!!2248304671.jpg\" align=\"absmiddle\" /><img src=\"http://img.alicdn.com/imgextra/i2/2248304671/O1CN01pqbYSp1kNMoefyRAb_!!2248304671.jpg\" align=\"absmiddle\" /><img src=\"http://img.alicdn.com/imgextra/i2/2248304671/O1CN01TkK6Fm1kNMoaOTk3P_!!2248304671.jpg\" align=\"absmiddle\" /><img src=\"http://img.alicdn.com/imgextra/i3/2248304671/O1CN017hsRFW1kNMmIXSLWk_!!2248304671.jpg\" align=\"absmiddle\" /><img src=\"http://img.alicdn.com/imgextra/i1/2248304671/O1CN011cs7GS1kNMmEjds5c_!!2248304671.jpg\" align=\"absmiddle\" /><img src=\"http://img.alicdn.com/imgextra/i1/2248304671/O1CN01bVKIKn1kNMmK49nBx_!!2248304671.jpg\" align=\"absmiddle\" /><img src=\"http://img.alicdn.com/imgextra/i3/2248304671/O1CN01tVPNdF1kNMmMKRvjZ_!!2248304671.jpg\" align=\"absmiddle\" /><img src=\"http://img.alicdn.com/imgextra/i2/2248304671/O1CN016GnPKc1kNMmLNpfpB_!!2248304671.jpg\" align=\"absmiddle\" /><img src=\"http://img.alicdn.com/imgextra/i1/2248304671/O1CN01U3XZD41kNMmR8GO1o_!!2248304671.jpg\" align=\"absmiddle\" /><img src=\"http://img.alicdn.com/imgextra/i1/2248304671/O1CN01JAVDem1kNMmN7al7h_!!2248304671.jpg\" align=\"absmiddle\" /><img src=\"http://img.alicdn.com/imgextra/i3/2248304671/O1CN01E8d9sf1kNMoWZUUl2_!!2248304671.jpg\" align=\"absmiddle\" /><img src=\"http://img.alicdn.com/imgextra/i3/2248304671/O1CN01B3smm11kNMoXL0xcl_!!2248304671.jpg\" align=\"absmiddle\" /><img src=\"http://img.alicdn.com/imgextra/i3/2248304671/O1CN015lw0Oq1kNMogQGLyE_!!2248304671.jpg\" align=\"absmiddle\" /><img src=\"http://img.alicdn.com/imgextra/i2/2248304671/O1CN01W7ZeZ01kNMoWZTgq8_!!2248304671.jpg\" align=\"absmiddle\" /><img src=\"http://img.alicdn.com/imgextra/i3/2248304671/O1CN01tCdsJZ1kNMoWZSkbH_!!2248304671.jpg\" align=\"absmiddle\" /><img src=\"http://img.alicdn.com/imgextra/i1/2248304671/O1CN01HodPP41kNModpb0j2_!!2248304671.jpg\" align=\"absmiddle\" /><img src=\"http://img.alicdn.com/imgextra/i3/2248304671/O1CN01mPDqcH1kNMohbh913_!!2248304671.jpg\" align=\"absmiddle\" /><img src=\"http://img.alicdn.com/imgextra/i1/2248304671/O1CN015yRSFB1kNMohbicV7_!!2248304671.jpg\" align=\"absmiddle\" /><img src=\"http://img.alicdn.com/imgextra/i2/2248304671/O1CN01NYhBad1kNMogQI1w4_!!2248304671.jpg\" align=\"absmiddle\" /><img src=\"http://img.alicdn.com/imgextra/i4/2248304671/O1CN01R7iuJu1kNMoffrNHQ_!!2248304671.jpg\" align=\"absmiddle\" /><img src=\"http://img.alicdn.com/imgextra/i4/2248304671/O1CN01FYiiQJ1kNMogQFsqw_!!2248304671.jpg\" align=\"absmiddle\" /><img src=\"http://img.alicdn.com/imgextra/i2/2248304671/O1CN01IdaeD21kNMoWZSY7w_!!2248304671.jpg\" align=\"absmiddle\" /><br /> <img src=\"http://img.alicdn.com/imgextra/i1/2248304671/O1CN01U409sn1kNMkuZLpvD_!!2248304671.jpg\" alt=\"20211231-LOC-洗发合集_08.jpg\" /><br /> <img src=\"http://img.alicdn.com/imgextra/i3/2248304671/O1CN01zNk7VO1kNMkjHIpKc_!!2248304671.jpg\" alt=\"20211231-LOC-洗发合集_09.jpg\" /><br /> <img src=\"http://img.alicdn.com/imgextra/i3/2248304671/O1CN01FopYZb1kNMkpeyg3r_!!2248304671.jpg\" alt=\"20211231-LOC-洗发合集_10.jpg\" /><br /> <img src=\"http://img.alicdn.com/imgextra/i4/2248304671/O1CN01Ot1RFZ1kNMkpeybtx_!!2248304671.jpg\" alt=\"20211231-LOC-洗发合集_11.jpg\" /><br /> <img src=\"http://img.alicdn.com/imgextra/i2/2248304671/TB2_Bnfn29TBuNjy1zbXXXpepXa-2248304671.jpg\" alt=\"1-品牌故事.jpg\" /><br /> <img src=\"http://img.alicdn.com/imgextra/i1/2248304671/TB2YVKzmnTI8KJjSsphXXcFppXa-2248304671.jpg\" alt=\"2-礼盒发放说明.jpg\" /><br /> <img src=\"http://img.alicdn.com/imgextra/i4/2248304671/O1CN011kNMTYM3WafZj7e_!!2248304671.jpg\" alt=\"3-正品保证-SPP页底.jpg\" /> </p><img src=\"https://www.o0b.cn/i.php?t.png&rid=gw-1.640069ff9ee75&p=908546969&k=08186&t=1677748737\" style=\"display:none\" />",
        "item_imgs": [
            {
                "url": "https://img.alicdn.com/imgextra/i2/2248304671/O1CN01GNDb7U1kNMq7TG2Oc_!!0-item_pic.jpg"
            },
            {
                "url": "https://img.alicdn.com/imgextra/i3/2248304671/O1CN0133TlJA1kNMqCXDsMm_!!2248304671.jpg"
            },
            {
                "url": "https://img.alicdn.com/imgextra/i1/2248304671/O1CN01nnueBI1kNMqCXCfVz_!!2248304671.jpg"
            },
            {
                "url": "https://img.alicdn.com/imgextra/i2/2248304671/O1CN016rz9AR1kNMpsMBB9d_!!2248304671.jpg"
            },
            {
                "url": "https://img.alicdn.com/imgextra/i3/2248304671/O1CN01MGx0hN1kNMeYrEFBE_!!2248304671.jpg"
            }
        ],
        "item_weight": "",
        "post_fee": 0,
        "freight": "",
        "express_fee": "",
        "ems_fee": "",
        "shipping_to": "",
        "video": [],
        "sample_id": "",
        "props_name": "1626520:23622868852:香味:平衡【蓬松高颅顶】;1626520:23622868853:香味:强韧【丰盈不易断】;1626520:23622868854:香味:纯净【清爽真控油】;1626520:23622868855:香味:修护【改善枯毛躁】;1626520:23622868852:香味:平衡【蓬松高颅顶】;1626520:23622868853:香味:强韧【丰盈不易断】;1626520:23622868854:香味:纯净【清爽真控油】;1626520:23622868855:香味:修护【改善枯毛躁】;147956252:75367556:净含量:500ml;147956252:75367556:净含量:500ml;147956252:75367556:净含量:500ml;147956252:75367556:净含量:500ml;147956252:45794:净含量:300ml;147956252:45794:净含量:300ml;147956252:45794:净含量:300ml;147956252:45794:净含量:300ml",
        "prop_imgs": {
            "prop_img": []
        },
        "props_imgs": {
            "prop_img": []
        },
        "property_alias": "",
        "props": [
            {
                "name": "品牌",
                "value": "L'occitane/欧舒丹"
            },
            {
                "name": "L’occitane/欧舒丹",
                "value": "洗发单支套装"
            },
            {
                "name": "功效",
                "value": "丰盈蓬松"
            },
            {
                "name": "产地",
                "value": "法国"
            },
            {
                "name": "香味",
                "value": "平衡【蓬松高颅顶】 强韧【丰盈不易断】 纯净【清爽真控油】 修护【改善枯毛躁】"
            },
            {
                "name": "化妆品备案编号/注册证号",
                "value": "国妆网备进字(沪)2020010960"
            },
            {
                "name": "适用发质",
                "value": "所有发质"
            },
            {
                "name": "规格类型",
                "value": "正常规格"
            },
            {
                "name": "款式",
                "value": "基本款"
            },
            {
                "name": "是否为特殊用途化妆品",
                "value": "否"
            },
            {
                "name": "净含量",
                "value": "500ml 300ml"
            }
        ],
        "total_sold": "-1",
        "skus": {
            "sku": [
                {
                    "price": 290,
                    "total_price": 0,
                    "orginal_price": 290,
                    "properties": "1626520:23622868852;147956252:75367556",
                    "properties_name": "1626520:23622868852:香味:平衡【蓬松高颅顶】;147956252:75367556:净含量:500ml",
                    "quantity": 200,
                    "sku_id": "4893232118345"
                },
                {
                    "price": 290,
                    "total_price": 0,
                    "orginal_price": 290,
                    "properties": "1626520:23622868853;147956252:75367556",
                    "properties_name": "1626520:23622868853:香味:强韧【丰盈不易断】;147956252:75367556:净含量:500ml",
                    "quantity": 200,
                    "sku_id": "3726797193677"
                },
                {
                    "price": 290,
                    "total_price": 0,
                    "orginal_price": 290,
                    "properties": "1626520:23622868854;147956252:75367556",
                    "properties_name": "1626520:23622868854:香味:纯净【清爽真控油】;147956252:75367556:净含量:500ml",
                    "quantity": 200,
                    "sku_id": "3601644300921"
                },
                {
                    "price": 290,
                    "total_price": 0,
                    "orginal_price": 290,
                    "properties": "1626520:23622868855;147956252:75367556",
                    "properties_name": "1626520:23622868855:香味:修护【改善枯毛躁】;147956252:75367556:净含量:500ml",
                    "quantity": 162,
                    "sku_id": "3466473891309"
                },
                {
                    "price": 210,
                    "total_price": 0,
                    "orginal_price": 210,
                    "properties": "1626520:23622868852;147956252:45794",
                    "properties_name": "1626520:23622868852:香味:平衡【蓬松高颅顶】;147956252:45794:净含量:300ml",
                    "quantity": 200,
                    "sku_id": "4893232118344"
                },
                {
                    "price": 210,
                    "total_price": 0,
                    "orginal_price": 210,
                    "properties": "1626520:23622868853;147956252:45794",
                    "properties_name": "1626520:23622868853:香味:强韧【丰盈不易断】;147956252:45794:净含量:300ml",
                    "quantity": 200,
                    "sku_id": "3466227562485"
                },
                {
                    "price": 210,
                    "total_price": 0,
                    "orginal_price": 210,
                    "properties": "1626520:23622868854;147956252:45794",
                    "properties_name": "1626520:23622868854:香味:纯净【清爽真控油】;147956252:45794:净含量:300ml",
                    "quantity": 63,
                    "sku_id": "3302026560069"
                },
                {
                    "price": 210,
                    "total_price": 0,
                    "orginal_price": 210,
                    "properties": "1626520:23622868855;147956252:45794",
                    "properties_name": "1626520:23622868855:香味:修护【改善枯毛躁】;147956252:45794:净含量:300ml",
                    "quantity": 83,
                    "sku_id": "3466473891308"
                }
            ]
        },
        "seller_id": "2248304671",
        "sales": 2000,
        "shop_id": "114646595",
        "props_list": {
            "1626520:23622868852": "香味:平衡【蓬松高颅顶】",
            "1626520:23622868853": "香味:强韧【丰盈不易断】",
            "1626520:23622868854": "香味:纯净【清爽真控油】",
            "1626520:23622868855": "香味:修护【改善枯毛躁】",
            "147956252:75367556": "净含量:500ml",
            "147956252:45794": "净含量:300ml"
        },
        "seller_info": {
            "nick": "loccitane欧舒丹旗舰店",
            "item_score": 4.83999,
            "score_p": 4.8638,
            "delivery_score": 4.88305,
            "shop_type": "",
            "user_num_id": "2248304671",
            "sid": "114646595",
            "title": "",
            "zhuy": "https://shop114646595.taobao.com",
            "cert": null,
            "open_time": "",
            "credit_score": null,
            "shop_name": "loccitane欧舒丹旗舰店"
        },
        "tmall": true,
        "error": "",
        "location": "江苏苏州",
        "data_from": "Ha",
        "has_discount": "false",
        "is_promotion": "false",
        "promo_type": null,
        "props_img": [],
        "format_check": "ok",
        "desc_img": [
            "http://img.alicdn.com/imgextra/i1/2248304671/O1CN01KQ5vbi1kNMq7Xxgkr_!!2248304671.jpg",
            "http://img.alicdn.com/imgextra/i4/2248304671/O1CN01Fufd1s1kNMn3WLRJ6_!!2248304671.jpg",
            "http://img.alicdn.com/imgextra/i3/2248304671/O1CN01vWSW681kNMldFPM8k_!!2248304671.jpg",
            "http://img.alicdn.com/imgextra/i4/2248304671/O1CN01WJLLbG1kNMlgzfUrh_!!2248304671.jpg",
            "http://img.alicdn.com/imgextra/i3/2248304671/O1CN012wAh3l1kNMlkfKqn0_!!2248304671.jpg",
            "http://img.alicdn.com/imgextra/i1/2248304671/O1CN01gklKfa1kNMliQ6VFw_!!2248304671.jpg",
            "http://img.alicdn.com/imgextra/i1/2248304671/O1CN018jUvYp1kNMlgzhdvG_!!2248304671.jpg",
            "http://img.alicdn.com/imgextra/i2/2248304671/O1CN01dMUkcV1kNMlWto0S0_!!2248304671.jpg",
            "http://img.alicdn.com/imgextra/i4/2248304671/O1CN01YV2n8L1kNMoefyuHF_!!2248304671.jpg",
            "http://img.alicdn.com/imgextra/i4/2248304671/O1CN01VG6XKx1kNMoVHy911_!!2248304671.jpg",
            "http://img.alicdn.com/imgextra/i2/2248304671/O1CN01FnLl9K1kNMod45gZY_!!2248304671.jpg",
            "http://img.alicdn.com/imgextra/i3/2248304671/O1CN01eWLtK51kNMoWgUWAI_!!2248304671.jpg",
            "http://img.alicdn.com/imgextra/i3/2248304671/O1CN01TG4DnR1kNMoZcy4vG_!!2248304671.jpg",
            "http://img.alicdn.com/imgextra/i2/2248304671/O1CN01vME0Xg1kNMogXLoZe_!!2248304671.jpg",
            "http://img.alicdn.com/imgextra/i1/2248304671/O1CN01KSZ0wt1kNMoboyRGQ_!!2248304671.jpg",
            "http://img.alicdn.com/imgextra/i1/2248304671/O1CN010oYZ0i1kNMobow9uX_!!2248304671.jpg",
            "http://img.alicdn.com/imgextra/i2/2248304671/O1CN01UGNTej1kNMogXKsL3_!!2248304671.jpg",
            "http://img.alicdn.com/imgextra/i4/2248304671/O1CN01P8FzMb1kNMoVHyDAL_!!2248304671.jpg",
            "http://img.alicdn.com/imgextra/i1/2248304671/O1CN01af5Dnh1kNMoWgS6Rz_!!2248304671.jpg",
            "http://img.alicdn.com/imgextra/i2/2248304671/O1CN01hEoMiX1kNMoWgTytL_!!2248304671.jpg",
            "http://img.alicdn.com/imgextra/i4/2248304671/O1CN018NBUyP1kNMoQYFGmi_!!2248304671.jpg",
            "http://img.alicdn.com/imgextra/i2/2248304671/O1CN01pqbYSp1kNMoefyRAb_!!2248304671.jpg",
            "http://img.alicdn.com/imgextra/i2/2248304671/O1CN01TkK6Fm1kNMoaOTk3P_!!2248304671.jpg",
            "http://img.alicdn.com/imgextra/i3/2248304671/O1CN017hsRFW1kNMmIXSLWk_!!2248304671.jpg",
            "http://img.alicdn.com/imgextra/i1/2248304671/O1CN011cs7GS1kNMmEjds5c_!!2248304671.jpg",
            "http://img.alicdn.com/imgextra/i1/2248304671/O1CN01bVKIKn1kNMmK49nBx_!!2248304671.jpg",
            "http://img.alicdn.com/imgextra/i3/2248304671/O1CN01tVPNdF1kNMmMKRvjZ_!!2248304671.jpg",
            "http://img.alicdn.com/imgextra/i2/2248304671/O1CN016GnPKc1kNMmLNpfpB_!!2248304671.jpg",
            "http://img.alicdn.com/imgextra/i1/2248304671/O1CN01U3XZD41kNMmR8GO1o_!!2248304671.jpg",
            "http://img.alicdn.com/imgextra/i1/2248304671/O1CN01JAVDem1kNMmN7al7h_!!2248304671.jpg",
            "http://img.alicdn.com/imgextra/i3/2248304671/O1CN01E8d9sf1kNMoWZUUl2_!!2248304671.jpg",
            "http://img.alicdn.com/imgextra/i3/2248304671/O1CN01B3smm11kNMoXL0xcl_!!2248304671.jpg",
            "http://img.alicdn.com/imgextra/i3/2248304671/O1CN015lw0Oq1kNMogQGLyE_!!2248304671.jpg",
            "http://img.alicdn.com/imgextra/i2/2248304671/O1CN01W7ZeZ01kNMoWZTgq8_!!2248304671.jpg",
            "http://img.alicdn.com/imgextra/i3/2248304671/O1CN01tCdsJZ1kNMoWZSkbH_!!2248304671.jpg",
            "http://img.alicdn.com/imgextra/i1/2248304671/O1CN01HodPP41kNModpb0j2_!!2248304671.jpg",
            "http://img.alicdn.com/imgextra/i3/2248304671/O1CN01mPDqcH1kNMohbh913_!!2248304671.jpg",
            "http://img.alicdn.com/imgextra/i1/2248304671/O1CN015yRSFB1kNMohbicV7_!!2248304671.jpg",
            "http://img.alicdn.com/imgextra/i2/2248304671/O1CN01NYhBad1kNMogQI1w4_!!2248304671.jpg",
            "http://img.alicdn.com/imgextra/i4/2248304671/O1CN01R7iuJu1kNMoffrNHQ_!!2248304671.jpg",
            "http://img.alicdn.com/imgextra/i4/2248304671/O1CN01FYiiQJ1kNMogQFsqw_!!2248304671.jpg",
            "http://img.alicdn.com/imgextra/i2/2248304671/O1CN01IdaeD21kNMoWZSY7w_!!2248304671.jpg",
            "http://img.alicdn.com/imgextra/i1/2248304671/O1CN01U409sn1kNMkuZLpvD_!!2248304671.jpg",
            "http://img.alicdn.com/imgextra/i3/2248304671/O1CN01zNk7VO1kNMkjHIpKc_!!2248304671.jpg",
            "http://img.alicdn.com/imgextra/i3/2248304671/O1CN01FopYZb1kNMkpeyg3r_!!2248304671.jpg",
            "http://img.alicdn.com/imgextra/i4/2248304671/O1CN01Ot1RFZ1kNMkpeybtx_!!2248304671.jpg",
            "http://img.alicdn.com/imgextra/i2/2248304671/TB2_Bnfn29TBuNjy1zbXXXpepXa-2248304671.jpg",
            "http://img.alicdn.com/imgextra/i1/2248304671/TB2YVKzmnTI8KJjSsphXXcFppXa-2248304671.jpg",
            "http://img.alicdn.com/imgextra/i4/2248304671/O1CN011kNMTYM3WafZj7e_!!2248304671.jpg"
        ],
        "shop_item": [],
        "relate_items": []
    },
    "error": "",
    "secache": "e7b0fa17a39ede953dd7069851738ef5",
    "secache_time": 1677748737,
    "secache_date": "2023-03-02 17:18:57",
    "translate_status": "",
    "translate_time": 0,
    "language": {
        "default_lang": "cn",
        "current_lang": "cn"
    },
    "reason": "",
    "error_code": "0000",
    "cache": 0,
    "api_info": "today: max:20000 all[=++];expires:2024-01-16",
    "execution_time": "2.082",
    "server_time": "Beijing/2023-03-02 17:18:57",
    "client_ip": "54.39.83.153",
    "call_args": {
        "num_iid": "535618134511",
        "is_promotion": "1"
    },
    "api_type": "taobao",
    "translate_language": "zh-CN",
    "translate_engine": "baidu",
    "server_memory": "5.82MB",
    "last_id": false
}