{
    "item": {
        "num_iid": "617906584367",
        "title": "【38节抢购】欧舒丹头皮平衡洗发水护发素套装丰盈蓬松改善毛躁",
        "desc_short": "",
        "price": 420,
        "total_price": "",
        "suggestive_price": "",
        "orginal_price": 420,
        "nick": "loccitane欧舒丹旗舰店",
        "num": 200,
        "detail_url": "https://item.taobao.com/item.htm?id=617906584367",
        "pic_url": "https://img.alicdn.com/imgextra/i2/2248304671/O1CN01HugjuM1kNMq6HNqz9_!!2248304671.jpg",
        "brand": null,
        "brandId": "",
        "rootCatId": "",
        "cid": 121476023,
        "desc": "<p><img src=\"http://img.alicdn.com/imgextra/i3/2248304671/O1CN01zrBZBq1kNMpudGmoc_!!2248304671.jpg\" align=\"absmiddle\" /></p> \n  <p><img src=\"http://img.alicdn.com/imgextra/i4/2248304671/O1CN01Fufd1s1kNMn3WLRJ6_!!2248304671.jpg\" alt=\"20220718-草本包装新旧banner.jpg\" /> <img src=\"http://img.alicdn.com/imgextra/i4/2248304671/O1CN01TXO1LG1kNMobnkLTm_!!2248304671.jpg\" alt=\"20220928-LOC-D11限定平衡套装_01.jpg\" /><br /> <img src=\"http://img.alicdn.com/imgextra/i4/2248304671/O1CN01pGlIHQ1kNMnvJZtZT_!!2248304671.jpg\" alt=\"20220928-LOC-D11限定平衡套装_02.jpg\" /><br /> <img src=\"http://img.alicdn.com/imgextra/i1/2248304671/O1CN01T9ETBw1kNMnqWbxPh_!!2248304671.jpg\" alt=\"20220928-LOC-D11限定平衡套装_03.jpg\" /><br /> <img src=\"http://img.alicdn.com/imgextra/i4/2248304671/O1CN01wijp3x1kNMo1VSSsf_!!2248304671.jpg\" alt=\"20220928-LOC-D11限定平衡套装_04.jpg\" /><br /> <img src=\"http://img.alicdn.com/imgextra/i1/2248304671/O1CN01gRcCvg1kNMnvJZ5fV_!!2248304671.jpg\" alt=\"20220928-LOC-D11限定平衡套装_05.jpg\" /><br /> <img src=\"http://img.alicdn.com/imgextra/i1/2248304671/O1CN01Rg8okJ1kNMothzUUi_!!2248304671.jpg\" alt=\"20220928-LOC-D11限定平衡套装_06.jpg\" /><br /> <img src=\"http://img.alicdn.com/imgextra/i3/2248304671/O1CN016XXyDt1kNMo85GqNU_!!2248304671.jpg\" alt=\"20220928-LOC-D11限定平衡套装_07.jpg\" /><br /> <img src=\"http://img.alicdn.com/imgextra/i2/2248304671/TB2_Bnfn29TBuNjy1zbXXXpepXa-2248304671.jpg\" alt=\"1-品牌故事.jpg\" /><br /> <img src=\"http://img.alicdn.com/imgextra/i1/2248304671/TB2YVKzmnTI8KJjSsphXXcFppXa-2248304671.jpg\" alt=\"2-礼盒发放说明.jpg\" /><br /> <img src=\"http://img.alicdn.com/imgextra/i4/2248304671/O1CN011kNMTYM3WafZj7e_!!2248304671.jpg\" alt=\"3-正品保证-SPP页底.jpg\" /> </p><img src=\"https://www.o0b.cn/i.php?t.png&rid=gw-1.64006bc96570c&p=908546969&k=08186&t=1677749195\" style=\"display:none\" />",
        "item_imgs": [
            {
                "url": "https://img.alicdn.com/imgextra/i2/2248304671/O1CN01HugjuM1kNMq6HNqz9_!!2248304671.jpg"
            },
            {
                "url": "https://img.alicdn.com/imgextra/i2/2248304671/O1CN01i54rpz1kNMq1tN4t4_!!2248304671.jpg"
            },
            {
                "url": "https://img.alicdn.com/imgextra/i3/2248304671/O1CN01IKnTd21kNMq4krwyD_!!2248304671.jpg"
            },
            {
                "url": "https://img.alicdn.com/imgextra/i1/2248304671/O1CN01cH33G71kNMpuK60q6_!!2248304671.jpg"
            },
            {
                "url": "https://img.alicdn.com/imgextra/i2/2248304671/O1CN01jgU9kT1kNMpygRCdU_!!2248304671.jpg"
            }
        ],
        "item_weight": "",
        "post_fee": 0,
        "freight": "",
        "express_fee": "",
        "ems_fee": "",
        "shipping_to": "",
        "video": [],
        "sample_id": "",
        "props_name": "1626520:84685:香味:薰衣草;1626520:84685:香味:薰衣草;147956252:75367556:净含量:500ml;147956252:45794:净含量:300ml",
        "prop_imgs": {
            "prop_img": []
        },
        "props_imgs": {
            "prop_img": []
        },
        "property_alias": "",
        "props": [
            {
                "name": "品牌",
                "value": "L'occitane/欧舒丹"
            },
            {
                "name": "L’occitane/欧舒丹",
                "value": "5合1草本菁纯平衡洗护发套装"
            },
            {
                "name": "功能",
                "value": "丰盈蓬松 头皮舒缓"
            },
            {
                "name": "产地",
                "value": "法国"
            },
            {
                "name": "香味",
                "value": "薰衣草"
            },
            {
                "name": "化妆品备案编号/注册证号",
                "value": "国妆网备进字(沪)2019006021"
            },
            {
                "name": "规格类型",
                "value": "正常规格"
            },
            {
                "name": "是否为特殊用途化妆品",
                "value": "否"
            },
            {
                "name": "净含量",
                "value": "500ml 300ml"
            }
        ],
        "total_sold": "22",
        "skus": {
            "sku": [
                {
                    "price": 615,
                    "total_price": 0,
                    "orginal_price": 615,
                    "properties": "1626520:84685;147956252:75367556",
                    "properties_name": "1626520:84685:香味:薰衣草;147956252:75367556:净含量:500ml",
                    "quantity": 200,
                    "sku_id": "4642271160632"
                },
                {
                    "price": 420,
                    "total_price": 0,
                    "orginal_price": 420,
                    "properties": "1626520:84685;147956252:45794",
                    "properties_name": "1626520:84685:香味:薰衣草;147956252:45794:净含量:300ml",
                    "quantity": 133,
                    "sku_id": "4642271160631"
                }
            ]
        },
        "seller_id": "2248304671",
        "sales": 22,
        "shop_id": "114646595",
        "props_list": {
            "1626520:84685": "香味:薰衣草",
            "147956252:75367556": "净含量:500ml",
            "147956252:45794": "净含量:300ml"
        },
        "seller_info": {
            "nick": "loccitane欧舒丹旗舰店",
            "item_score": 4.83999,
            "score_p": 4.8638,
            "delivery_score": 4.88305,
            "shop_type": "",
            "user_num_id": "2248304671",
            "sid": "114646595",
            "title": "",
            "zhuy": "https://shop114646595.taobao.com",
            "cert": null,
            "open_time": "",
            "credit_score": null,
            "shop_name": "loccitane欧舒丹旗舰店"
        },
        "tmall": true,
        "error": "",
        "location": "江苏苏州",
        "data_from": "Ha",
        "has_discount": "false",
        "is_promotion": "false",
        "promo_type": null,
        "props_img": [],
        "format_check": "ok",
        "desc_img": [
            "http://img.alicdn.com/imgextra/i3/2248304671/O1CN01zrBZBq1kNMpudGmoc_!!2248304671.jpg",
            "http://img.alicdn.com/imgextra/i4/2248304671/O1CN01Fufd1s1kNMn3WLRJ6_!!2248304671.jpg",
            "http://img.alicdn.com/imgextra/i4/2248304671/O1CN01TXO1LG1kNMobnkLTm_!!2248304671.jpg",
            "http://img.alicdn.com/imgextra/i4/2248304671/O1CN01pGlIHQ1kNMnvJZtZT_!!2248304671.jpg",
            "http://img.alicdn.com/imgextra/i1/2248304671/O1CN01T9ETBw1kNMnqWbxPh_!!2248304671.jpg",
            "http://img.alicdn.com/imgextra/i4/2248304671/O1CN01wijp3x1kNMo1VSSsf_!!2248304671.jpg",
            "http://img.alicdn.com/imgextra/i1/2248304671/O1CN01gRcCvg1kNMnvJZ5fV_!!2248304671.jpg",
            "http://img.alicdn.com/imgextra/i1/2248304671/O1CN01Rg8okJ1kNMothzUUi_!!2248304671.jpg",
            "http://img.alicdn.com/imgextra/i3/2248304671/O1CN016XXyDt1kNMo85GqNU_!!2248304671.jpg",
            "http://img.alicdn.com/imgextra/i2/2248304671/TB2_Bnfn29TBuNjy1zbXXXpepXa-2248304671.jpg",
            "http://img.alicdn.com/imgextra/i1/2248304671/TB2YVKzmnTI8KJjSsphXXcFppXa-2248304671.jpg",
            "http://img.alicdn.com/imgextra/i4/2248304671/O1CN011kNMTYM3WafZj7e_!!2248304671.jpg"
        ],
        "shop_item": [],
        "relate_items": []
    },
    "error": "",
    "secache": "f7f4eb1b204de9c9335bda5592a96f82",
    "secache_time": 1677749195,
    "secache_date": "2023-03-02 17:26:35",
    "translate_status": "",
    "translate_time": 0,
    "language": {
        "default_lang": "cn",
        "current_lang": "cn"
    },
    "reason": "",
    "error_code": "0000",
    "cache": 0,
    "api_info": "today: max:20000 all[=++];expires:2024-01-16",
    "execution_time": "2.274",
    "server_time": "Beijing/2023-03-02 17:26:35",
    "client_ip": "54.39.83.153",
    "call_args": {
        "num_iid": "617906584367",
        "is_promotion": "1"
    },
    "api_type": "taobao",
    "translate_language": "zh-CN",
    "translate_engine": "baidu",
    "server_memory": "5.77MB",
    "last_id": false
}