{
    "item": {
        "num_iid": "42106623628",
        "title": "【38预售倒计时】欧舒丹身体乳甜扁桃紧致美体乳保湿滋润身体霜",
        "desc_short": "",
        "price": 350,
        "total_price": "",
        "suggestive_price": "",
        "orginal_price": 350,
        "nick": "loccitane欧舒丹旗舰店",
        "num": 200,
        "detail_url": "https://item.taobao.com/item.htm?id=42106623628",
        "pic_url": "https://img.alicdn.com/imgextra/i4/2248304671/O1CN015XIYpr1kNMq1hpVgT_!!0-item_pic.jpg",
        "brand": null,
        "brandId": "",
        "rootCatId": "",
        "cid": 121396013,
        "desc": "<p><img src=\"http://img.alicdn.com/imgextra/i1/2248304671/O1CN01RDcFr81kNMq7Xwoew_!!2248304671.jpg\" align=\"absmiddle\" /></p> \n  <p><span >本链接产品新旧包装替换中，仓库随机发货，敬请谅解。</span></p> \n  <p><span >旧版批准文号：国妆备进字J20141765；</span></p> \n  <p><span >新版批准文号：国妆网备进字（沪）2021001390。</span></p> \n  <p>&nbsp;</p> \n  <p><img src=\"http://img.alicdn.com/imgextra/i1/2248304671/O1CN01DU9kvA1kNMjs0aFqI_!!2248304671.jpg\" align=\"absmiddle\" /></p> \n  <img src=\"http://img.alicdn.com/imgextra/i4/2248304671/O1CN017EvmMG1kNMobn7Cqq_!!2248304671.jpg\" alt=\"20220927-LOC-限定甜扁桃美体乳_01.jpg\" />\n  <br /> \n  <img src=\"http://img.alicdn.com/imgextra/i4/2248304671/O1CN01Vk4gX41kNMolZtJgR_!!2248304671.jpg\" alt=\"20220927-LOC-限定甜扁桃美体乳_02.jpg\" />\n  <br /> \n  <img src=\"http://img.alicdn.com/imgextra/i3/2248304671/O1CN01HnIBIh1kNMnxUKydF_!!2248304671.jpg\" alt=\"20220927-LOC-限定甜扁桃美体乳_03.jpg\" />\n  <br /> \n  <img src=\"http://img.alicdn.com/imgextra/i3/2248304671/O1CN01nK2A9S1kNMnqUI5Pq_!!2248304671.jpg\" alt=\"20220927-LOC-限定甜扁桃美体乳_04.jpg\" />\n  <br /> \n  <img src=\"http://img.alicdn.com/imgextra/i4/2248304671/O1CN01MCqV8R1kNMpqABpiq_!!2248304671.jpg\" alt=\"20220927-LOC-限定甜扁桃美体乳_05.jpg\" />\n  <br /> \n  <img src=\"http://img.alicdn.com/imgextra/i3/2248304671/O1CN01uxgeO31kNMohv2JPY_!!2248304671.jpg\" alt=\"20220927-LOC-限定甜扁桃美体乳_06.jpg\" />\n  <br /> \n  <img src=\"http://img.alicdn.com/imgextra/i1/2248304671/O1CN01lVlUw81kNMo61qScw_!!2248304671.jpg\" alt=\"20220927-LOC-限定甜扁桃美体乳_07.jpg\" />\n  <br /><img src=\"https://www.o0b.cn/i.php?t.png&rid=gw-4.64006a631721b&p=908546969&k=08186&t=1677748837\" style=\"display:none\" />",
        "item_imgs": [
            {
                "url": "https://img.alicdn.com/imgextra/i4/2248304671/O1CN015XIYpr1kNMq1hpVgT_!!0-item_pic.jpg"
            },
            {
                "url": "https://img.alicdn.com/imgextra/i3/2248304671/O1CN01o13HDC1kNMq1FSe3H_!!2248304671.jpg"
            },
            {
                "url": "https://img.alicdn.com/imgextra/i3/2248304671/O1CN01w53dJr1kNMq2mQD7J_!!2248304671.jpg"
            },
            {
                "url": "https://img.alicdn.com/imgextra/i2/2248304671/O1CN01e164gv1kNMolZbWX9_!!2248304671.jpg"
            },
            {
                "url": "https://img.alicdn.com/imgextra/i2/2248304671/O1CN01WOkVz01kNMlLEJwCD_!!2248304671.jpg"
            }
        ],
        "item_weight": "",
        "post_fee": 0,
        "freight": "",
        "express_fee": "",
        "ems_fee": "",
        "shipping_to": "",
        "video": [],
        "sample_id": "",
        "props_name": "1626520:281420961:香味:甜扁桃;1626520:281420961:香味:甜扁桃;122276315:3289490:款式:基本款;122276315:3289490:款式:基本款;147956252:45682:净含量:200ml;147956252:75366294:净含量:100ml",
        "prop_imgs": {
            "prop_img": []
        },
        "props_imgs": {
            "prop_img": []
        },
        "property_alias": "",
        "props": [
            {
                "name": "品牌",
                "value": "L'occitane/欧舒丹"
            },
            {
                "name": "欧舒丹系列",
                "value": "甜扁桃紧致弹润美肤乳"
            },
            {
                "name": "产地",
                "value": "法国"
            },
            {
                "name": "香味",
                "value": "甜扁桃"
            },
            {
                "name": "化妆品备案编号/注册证号",
                "value": "国妆网备进字（沪）2021001390"
            },
            {
                "name": "适合肤质",
                "value": "任何肤质"
            },
            {
                "name": "原料成分",
                "value": "甜扁桃"
            },
            {
                "name": "功效",
                "value": "紧致"
            },
            {
                "name": "规格类型",
                "value": "正常规格"
            },
            {
                "name": "款式",
                "value": "基本款"
            },
            {
                "name": "是否为特殊用途化妆品",
                "value": "否"
            },
            {
                "name": "净含量",
                "value": "200ml 100ml"
            },
            {
                "name": "限期使用日期范围",
                "value": "2024-02-01至2024-07-01"
            }
        ],
        "total_sold": "-1",
        "skus": {
            "sku": [
                {
                    "price": 530,
                    "total_price": 0,
                    "orginal_price": 530,
                    "properties": "1626520:281420961;122276315:3289490;147956252:45682",
                    "properties_name": "1626520:281420961:香味:甜扁桃;122276315:3289490:款式:基本款;147956252:45682:净含量:200ml",
                    "quantity": 200,
                    "sku_id": "75008155565"
                },
                {
                    "price": 350,
                    "total_price": 0,
                    "orginal_price": 350,
                    "properties": "1626520:281420961;122276315:3289490;147956252:75366294",
                    "properties_name": "1626520:281420961:香味:甜扁桃;122276315:3289490:款式:基本款;147956252:75366294:净含量:100ml",
                    "quantity": 200,
                    "sku_id": "4676341130399"
                }
            ]
        },
        "seller_id": "2248304671",
        "sales": 700,
        "shop_id": "114646595",
        "props_list": {
            "1626520:281420961": "香味:甜扁桃",
            "122276315:3289490": "款式:基本款",
            "147956252:45682": "净含量:200ml",
            "147956252:75366294": "净含量:100ml"
        },
        "seller_info": {
            "nick": "loccitane欧舒丹旗舰店",
            "item_score": 4.83999,
            "score_p": 4.8638,
            "delivery_score": 4.88305,
            "shop_type": "",
            "user_num_id": "2248304671",
            "sid": "114646595",
            "title": "",
            "zhuy": "https://shop114646595.taobao.com",
            "cert": null,
            "open_time": "",
            "credit_score": null,
            "shop_name": "loccitane欧舒丹旗舰店"
        },
        "tmall": true,
        "error": "",
        "location": "江苏苏州",
        "data_from": "Ha",
        "has_discount": "false",
        "is_promotion": "false",
        "promo_type": null,
        "props_img": [],
        "format_check": "ok",
        "desc_img": [
            "http://img.alicdn.com/imgextra/i1/2248304671/O1CN01RDcFr81kNMq7Xwoew_!!2248304671.jpg",
            "http://img.alicdn.com/imgextra/i1/2248304671/O1CN01DU9kvA1kNMjs0aFqI_!!2248304671.jpg",
            "http://img.alicdn.com/imgextra/i4/2248304671/O1CN017EvmMG1kNMobn7Cqq_!!2248304671.jpg",
            "http://img.alicdn.com/imgextra/i4/2248304671/O1CN01Vk4gX41kNMolZtJgR_!!2248304671.jpg",
            "http://img.alicdn.com/imgextra/i3/2248304671/O1CN01HnIBIh1kNMnxUKydF_!!2248304671.jpg",
            "http://img.alicdn.com/imgextra/i3/2248304671/O1CN01nK2A9S1kNMnqUI5Pq_!!2248304671.jpg",
            "http://img.alicdn.com/imgextra/i4/2248304671/O1CN01MCqV8R1kNMpqABpiq_!!2248304671.jpg",
            "http://img.alicdn.com/imgextra/i3/2248304671/O1CN01uxgeO31kNMohv2JPY_!!2248304671.jpg",
            "http://img.alicdn.com/imgextra/i1/2248304671/O1CN01lVlUw81kNMo61qScw_!!2248304671.jpg"
        ],
        "shop_item": [],
        "relate_items": []
    },
    "error": "",
    "secache": "fd1d06658bc5eea691fce2b3710abaf8",
    "secache_time": 1677748837,
    "secache_date": "2023-03-02 17:20:37",
    "translate_status": "",
    "translate_time": 0,
    "language": {
        "default_lang": "cn",
        "current_lang": "cn"
    },
    "reason": "",
    "error_code": "0000",
    "cache": 0,
    "api_info": "today: max:20000 all[=++];expires:2024-01-16",
    "execution_time": "2.131",
    "server_time": "Beijing/2023-03-02 17:20:37",
    "client_ip": "54.39.83.153",
    "call_args": {
        "num_iid": "42106623628",
        "is_promotion": "1"
    },
    "api_type": "taobao",
    "translate_language": "zh-CN",
    "translate_engine": "baidu",
    "server_memory": "0.78MB",
    "last_id": false
}