{
    "item": {
        "num_iid": "42104243979",
        "title": "【38节抢购】欧舒丹洗面奶蓝腊菊洁面泡沫氨基酸小蓝瓶保湿滋润",
        "desc_short": "",
        "price": "260",
        "orginal_price": "260",
        "nick": "loccitane欧舒丹旗舰店",
        "num": 52,
        "pic_url": "//img.alicdn.com/imgextra/i1/2248304671/O1CN014UvPl41kNMq7yaq4W_!!0-item_pic.jpg",
        "brand": "L'occitane/欧舒丹",
        "brandId": 0,
        "rootCatId": "1801",
        "cid": "50011977",
        "crumbs": [],
        "detail_url": "https://item.taobao.com/item.htm?id=42104243979",
        "desc": "<img class=\"desc_anchor\" id=\"desc-module-1\" src=\"http://assets.alicdn.com/kissy/1.0.0/build/imglazyload/spaceball.gif\" />\n  <p><img src=\"http://img.alicdn.com/imgextra/i4/2248304671/O1CN01TDemFu1kNMlhjCxcr_!!2248304671.jpg\" align=\"absmiddle\" /><img src=\"http://img.alicdn.com/imgextra/i3/2248304671/O1CN01ug9NM61kNMlhZd9iT_!!2248304671.jpg\" align=\"absmiddle\" /><img src=\"http://img.alicdn.com/imgextra/i3/2248304671/O1CN01Uc81CZ1kNMlqf8Shs_!!2248304671.jpg\" align=\"absmiddle\" /><img src=\"http://img.alicdn.com/imgextra/i1/2248304671/O1CN01niMQlH1kNMld7K3zg_!!2248304671.jpg\" align=\"absmiddle\" /><img src=\"http://img.alicdn.com/imgextra/i1/2248304671/O1CN01J2YQCk1kNMlptdsOV_!!2248304671.jpg\" align=\"absmiddle\" /><img src=\"http://img.alicdn.com/imgextra/i2/2248304671/O1CN01E1JQY31kNMlfJWV3f_!!2248304671.jpg\" align=\"absmiddle\" /><img src=\"http://img.alicdn.com/imgextra/i2/2248304671/O1CN01xvAPUY1kNMmuac6n6_!!2248304671.jpg\" align=\"absmiddle\" /><img src=\"http://img.alicdn.com/imgextra/i3/2248304671/O1CN01kNx5Dd1kNMmnmyI8M_!!2248304671.jpg\" align=\"absmiddle\" /><img src=\"http://img.alicdn.com/imgextra/i2/2248304671/O1CN01YIzfbY1kNMmpZt94V_!!2248304671.jpg\" align=\"absmiddle\" /><img src=\"http://img.alicdn.com/imgextra/i3/2248304671/O1CN012c4uJm1kNMmrMQtnW_!!2248304671.jpg\" align=\"absmiddle\" /><img src=\"http://img.alicdn.com/imgextra/i2/2248304671/O1CN01YmPRl21kNMmmfgUfP_!!2248304671.jpg\" align=\"absmiddle\" /></p> \n  <p><img src=\"http://img.alicdn.com/imgextra/i2/2248304671/O1CN01MhONy41kNMlptazaC_!!2248304671.jpg\" align=\"absmiddle\" /><img src=\"http://img.alicdn.com/imgextra/i2/2248304671/O1CN01LNeLmO1kNMkwdcv0p_!!2248304671.jpg\" align=\"absmiddle\" /> </p>\n  <img class=\"desc_anchor\" id=\"desc-module-2\" src=\"http://assets.alicdn.com/kissy/1.0.0/build/imglazyload/spaceball.gif\" />\n  <p><img align=\"absmiddle\" src=\"http://img.alicdn.com/imgextra/i1/2248304671/TB2YVKzmnTI8KJjSsphXXcFppXa-2248304671.jpg\" /></p><img src=\"https://www.o0b.cn/i.php?t.png&rid=gw-4.63fee2f59a145&p=730470754&k=87963&t=1677648631\" style=\"display:none\" />",
        "item_imgs": [
            {
                "url": "//img.alicdn.com/imgextra/i1/2248304671/O1CN014UvPl41kNMq7yaq4W_!!0-item_pic.jpg"
            },
            {
                "url": "//img.alicdn.com/imgextra/i3/2248304671/O1CN01SuuRBz1kNMkySuG1L_!!2248304671.jpg"
            },
            {
                "url": "//img.alicdn.com/imgextra/i3/2248304671/O1CN01Rfq03g1kNMq6HFjVK_!!2248304671.jpg"
            },
            {
                "url": "//img.alicdn.com/imgextra/i1/2248304671/O1CN01TNAbG71kNMllNqCgI_!!2248304671.jpg"
            },
            {
                "url": "//img.alicdn.com/imgextra/i1/2248304671/O1CN01vzxVmQ1kNMcffPl6C_!!2248304671.jpg"
            }
        ],
        "item_weight": 0,
        "location": "江苏苏州",
        "post_fee": 0,
        "express_fee": 0,
        "ems_fee": 0,
        "shipping_to": "",
        "has_discount": "false",
        "video": {
            "url": null
        },
        "is_virtual": "",
        "sample_id": "",
        "is_promotion": "false",
        "prop_imgs": {
            "prop_img": []
        },
        "property_alias": "",
        "props": [
            {
                "name": "品牌",
                "value": "L'occitane/欧舒丹"
            },
            {
                "name": "欧舒丹系列",
                "value": "腊菊活颜洁面泡沫套装"
            },
            {
                "name": "产地",
                "value": "法国"
            },
            {
                "name": "化妆品备案编号/注册证号",
                "value": "国妆网备进字（沪）2021000310"
            },
            {
                "name": "适合肤质",
                "value": "任何肤质"
            },
            {
                "name": "起泡程度",
                "value": "泡沫"
            },
            {
                "name": "功效",
                "value": "深层清洁"
            },
            {
                "name": "规格类型",
                "value": "正常规格"
            },
            {
                "name": "是否为特殊用途化妆品",
                "value": "否"
            },
            {
                "name": "净含量",
                "value": "150ml"
            },
            {
                "name": "限期使用日期范围",
                "value": "2024-03-01至2024-08-01"
            },
            {
                "name": "化妆品保质期",
                "value": "36个月"
            }
        ],
        "props_name": "147956252:45684:净含量:150ml",
        "total_sold": 200,
        "skus": {
            "sku": [
                {
                    "price": "260",
                    "total_price": 0,
                    "orginal_price": "260",
                    "properties": "147956252:45684",
                    "properties_name": "147956252:45684:净含量:150ml",
                    "quantity": "52",
                    "sku_id": "74996787775"
                }
            ]
        },
        "seller_id": "2248304671",
        "shop_id": "114646595",
        "props_list": {
            "147956252:45684": "净含量:150ml"
        },
        "seller_info": {
            "nick": "loccitane欧舒丹旗舰店",
            "item_score": "4.8 ",
            "score_p": "4.8 ",
            "delivery_score": "4.8 ",
            "shop_type": "B",
            "user_num_id": "2248304671",
            "sid": "114646595",
            "title": "L’OCCITANE欧舒丹官方旗舰店",
            "zhuy": "https://shop114646595.taobao.com/",
            "shop_name": "L’OCCITANE欧舒丹官方旗舰店"
        },
        "tmall": true,
        "update_time": "2023-03-01 13:30:31",
        "data_update": "2023-03-01 13:30:31",
        "data_f": "fu",
        "data_from": "hid",
        "promo_type": null,
        "props_img": [],
        "error": null,
        "format_check": "ok",
        "sales": 0,
        "desc_img": [
            "http://assets.alicdn.com/kissy/1.0.0/build/imglazyload/spaceball.gif",
            "http://img.alicdn.com/imgextra/i4/2248304671/O1CN01TDemFu1kNMlhjCxcr_!!2248304671.jpg",
            "http://img.alicdn.com/imgextra/i3/2248304671/O1CN01ug9NM61kNMlhZd9iT_!!2248304671.jpg",
            "http://img.alicdn.com/imgextra/i3/2248304671/O1CN01Uc81CZ1kNMlqf8Shs_!!2248304671.jpg",
            "http://img.alicdn.com/imgextra/i1/2248304671/O1CN01niMQlH1kNMld7K3zg_!!2248304671.jpg",
            "http://img.alicdn.com/imgextra/i1/2248304671/O1CN01J2YQCk1kNMlptdsOV_!!2248304671.jpg",
            "http://img.alicdn.com/imgextra/i2/2248304671/O1CN01E1JQY31kNMlfJWV3f_!!2248304671.jpg",
            "http://img.alicdn.com/imgextra/i2/2248304671/O1CN01xvAPUY1kNMmuac6n6_!!2248304671.jpg",
            "http://img.alicdn.com/imgextra/i3/2248304671/O1CN01kNx5Dd1kNMmnmyI8M_!!2248304671.jpg",
            "http://img.alicdn.com/imgextra/i2/2248304671/O1CN01YIzfbY1kNMmpZt94V_!!2248304671.jpg",
            "http://img.alicdn.com/imgextra/i3/2248304671/O1CN012c4uJm1kNMmrMQtnW_!!2248304671.jpg",
            "http://img.alicdn.com/imgextra/i2/2248304671/O1CN01YmPRl21kNMmmfgUfP_!!2248304671.jpg",
            "http://img.alicdn.com/imgextra/i2/2248304671/O1CN01MhONy41kNMlptazaC_!!2248304671.jpg",
            "http://img.alicdn.com/imgextra/i2/2248304671/O1CN01LNeLmO1kNMkwdcv0p_!!2248304671.jpg",
            "http://assets.alicdn.com/kissy/1.0.0/build/imglazyload/spaceball.gif",
            "http://img.alicdn.com/imgextra/i1/2248304671/TB2YVKzmnTI8KJjSsphXXcFppXa-2248304671.jpg",
            "https://www.o0b.cn/i.php?t.png&rid=gw-4.63fee2f59a145&p=730470754&k=87963&t=1677648631"
        ],
        "shop_item": [],
        "relate_items": []
    },
    "error": "",
    "secache": "68b1ded177fed7fa3f80913169a78d4f",
    "secache_time": 1677749139,
    "secache_date": "2023-03-02 17:25:39",
    "translate_status": "",
    "translate_time": 0,
    "language": {
        "default_lang": "cn",
        "current_lang": "cn"
    },
    "reason": "",
    "error_code": "0000",
    "cache": 0,
    "api_info": "today: max:20000 all[=++];expires:2024-01-16",
    "execution_time": "0.363",
    "server_time": "Beijing/2023-03-02 17:25:39",
    "client_ip": "54.39.83.153",
    "call_args": {
        "num_iid": "42104243979",
        "is_promotion": "1"
    },
    "api_type": "taobao",
    "translate_language": "zh-CN",
    "translate_engine": "baidu_api",
    "server_memory": "5.79MB",
    "last_id": false
}