{
    "item": {
        "num_iid": "43837712300",
        "title": "【38节抢购】欧舒丹4支手霜套装樱花乳木果护手霜保湿补水手膜",
        "desc_short": "",
        "price": 380,
        "orginal_price": 380,
        "nick": "loccitane欧舒丹旗舰店",
        "num": 200,
        "pic_url": "https://img.alicdn.com/imgextra/i4/2248304671/O1CN01mnd63a1kNMq6ktk1u_!!0-item_pic.jpg",
        "brand": null,
        "brandId": 0,
        "rootCatId": 0,
        "cid": 121402008,
        "crumbs": null,
        "detail_url": "https://item.taobao.com/item.htm?id=43837712300",
        "desc": "<p>亲爱的丹粉，即日起欧舒丹手霜包装陆续升级，仓库新旧版本随机发货，新版手霜增加封口标识，不接受发货指定；<img src=\"http://img.alicdn.com/imgextra/i4/2248304671/O1CN01Ahjuy91kNMof1jV01_!!2248304671.jpg\" align=\"absmiddle\" /><img src=\"http://img.alicdn.com/imgextra/i2/2248304671/O1CN01jGOpCQ1kNMq07BPdl_!!2248304671.jpg\" align=\"absmiddle\" /><img src=\"http://img.alicdn.com/imgextra/i3/2248304671/O1CN01cMtffm1kNMowaHDts_!!2248304671.jpg\" align=\"absmiddle\" /><img src=\"http://img.alicdn.com/imgextra/i2/2248304671/O1CN01sbMuZq1kNMonb1xJR_!!2248304671.jpg\" align=\"absmiddle\" /><img src=\"http://img.alicdn.com/imgextra/i3/2248304671/O1CN01jSoZCg1kNMoxk6Nx3_!!2248304671.jpg\" align=\"absmiddle\" /><img src=\"http://img.alicdn.com/imgextra/i1/2248304671/O1CN01nx47rg1kNMqCY94cy_!!2248304671.jpg\" align=\"absmiddle\" /><img src=\"http://img.alicdn.com/imgextra/i1/2248304671/O1CN019dZCc81kNMonb21Rn_!!2248304671.jpg\" align=\"absmiddle\" /><img src=\"http://img.alicdn.com/imgextra/i2/2248304671/O1CN01zpctsh1kNMopvVR4w_!!2248304671.jpg\" align=\"absmiddle\" /><img src=\"http://img.alicdn.com/imgextra/i3/2248304671/O1CN016T4z5I1kNMlDBqrfC_!!2248304671.jpg\" align=\"absmiddle\" />&nbsp;<br /> <img src=\"http://img.alicdn.com/imgextra/i2/2248304671/TB2_Bnfn29TBuNjy1zbXXXpepXa-2248304671.jpg\" align=\"absmiddle\" /><img src=\"http://img.alicdn.com/imgextra/i1/2248304671/TB2YVKzmnTI8KJjSsphXXcFppXa-2248304671.jpg\" align=\"absmiddle\" /><img src=\"http://img.alicdn.com/imgextra/i4/2248304671/O1CN011kNMTYM3WafZj7e_!!2248304671.jpg\" align=\"absmiddle\" /> </p><img src=\"https://www.o0b.cn/i.php?t.png&rid=gw-3.63feac21d390f&p=837512465&k=23706&t=1677634595\" style=\"display:none\" />",
        "item_imgs": [
            {
                "url": "https://img.alicdn.com/imgextra/i4/2248304671/O1CN01mnd63a1kNMq6ktk1u_!!0-item_pic.jpg"
            },
            {
                "url": "https://img.alicdn.com/imgextra/i3/2248304671/O1CN01Rfq03g1kNMq6HFjVK_!!2248304671.jpg"
            },
            {
                "url": "https://img.alicdn.com/imgextra/i4/2248304671/O1CN01x6rhMe1kNMlrs1KSf_!!2248304671.jpg"
            },
            {
                "url": "https://img.alicdn.com/imgextra/i1/2248304671/O1CN01bGeG581kNMg2IUEhW_!!2248304671.jpg"
            },
            {
                "url": "https://img.alicdn.com/imgextra/i2/2248304671/O1CN01lQghXo1kNMdbdcEOj_!!2248304671.jpg"
            }
        ],
        "item_weight": 0,
        "location": "江苏苏州",
        "post_fee": 0,
        "express_fee": 0,
        "ems_fee": 0,
        "shipping_to": "",
        "has_discount": "false",
        "video": [],
        "is_virtual": null,
        "sample_id": "",
        "is_promotion": "false",
        "prop_imgs": {
            "prop_img": [
                {
                    "properties": "147956252:45867",
                    "url": "http://img.alicdn.com/imgextra/i4/2248304671/O1CN01mnd63a1kNMq6ktk1u_!!0-item_pic.jpg"
                }
            ]
        },
        "property_alias": "",
        "props": [
            {
                "name": "品牌",
                "value": "L'occitane/欧舒丹"
            },
            {
                "name": "欧舒丹系列",
                "value": "手霜套装"
            },
            {
                "name": "产地",
                "value": "法国"
            },
            {
                "name": "化妆品备案编号/注册证号",
                "value": "国妆网备进字（沪）2021500883"
            },
            {
                "name": "适合肤质",
                "value": "任何肤质"
            },
            {
                "name": "上市时间",
                "value": "2018年"
            },
            {
                "name": "功效",
                "value": "保湿 滋润 补水"
            },
            {
                "name": "规格类型",
                "value": "正常规格"
            },
            {
                "name": "是否为特殊用途化妆品",
                "value": "否"
            },
            {
                "name": "净含量",
                "value": "120ml"
            },
            {
                "name": "产品类别",
                "value": "普通类"
            }
        ],
        "props_name": "147956252:45867:净含量:120ml",
        "total_sold": 100,
        "skus": {
            "sku": [
                {
                    "price": 380,
                    "total_price": 0,
                    "orginal_price": 380,
                    "properties": "147956252:45867",
                    "properties_name": "147956252:45867:净含量:120ml",
                    "quantity": 200,
                    "sku_id": "3474215041694"
                }
            ]
        },
        "seller_id": "2248304671",
        "shop_id": "114646595",
        "props_list": {
            "147956252:45867": "净含量:120ml"
        },
        "seller_info": {
            "nick": "loccitane欧舒丹旗舰店",
            "item_score": 4.84014,
            "score_p": 4.86394,
            "delivery_score": 4.88312,
            "shop_type": "",
            "user_num_id": "2248304671",
            "sid": "114646595",
            "title": "",
            "zhuy": "https://shop114646595.taobao.com",
            "cert": null,
            "open_time": "",
            "credit_score": null,
            "shop_name": "loccitane欧舒丹旗舰店"
        },
        "tmall": true,
        "update_time": "2023-03-01 09:36:35",
        "data_update": "2023-03-01 09:36:35",
        "data_f": "Ha",
        "data_from": "hid",
        "promo_type": null,
        "props_img": {
            "147956252:45867": "http://img.alicdn.com/imgextra/i4/2248304671/O1CN01mnd63a1kNMq6ktk1u_!!0-item_pic.jpg"
        },
        "error": null,
        "format_check": "ok",
        "sales": 0,
        "desc_img": [
            "http://img.alicdn.com/imgextra/i4/2248304671/O1CN01Ahjuy91kNMof1jV01_!!2248304671.jpg",
            "http://img.alicdn.com/imgextra/i2/2248304671/O1CN01jGOpCQ1kNMq07BPdl_!!2248304671.jpg",
            "http://img.alicdn.com/imgextra/i3/2248304671/O1CN01cMtffm1kNMowaHDts_!!2248304671.jpg",
            "http://img.alicdn.com/imgextra/i2/2248304671/O1CN01sbMuZq1kNMonb1xJR_!!2248304671.jpg",
            "http://img.alicdn.com/imgextra/i3/2248304671/O1CN01jSoZCg1kNMoxk6Nx3_!!2248304671.jpg",
            "http://img.alicdn.com/imgextra/i1/2248304671/O1CN01nx47rg1kNMqCY94cy_!!2248304671.jpg",
            "http://img.alicdn.com/imgextra/i1/2248304671/O1CN019dZCc81kNMonb21Rn_!!2248304671.jpg",
            "http://img.alicdn.com/imgextra/i2/2248304671/O1CN01zpctsh1kNMopvVR4w_!!2248304671.jpg",
            "http://img.alicdn.com/imgextra/i3/2248304671/O1CN016T4z5I1kNMlDBqrfC_!!2248304671.jpg",
            "http://img.alicdn.com/imgextra/i2/2248304671/TB2_Bnfn29TBuNjy1zbXXXpepXa-2248304671.jpg",
            "http://img.alicdn.com/imgextra/i1/2248304671/TB2YVKzmnTI8KJjSsphXXcFppXa-2248304671.jpg",
            "http://img.alicdn.com/imgextra/i4/2248304671/O1CN011kNMTYM3WafZj7e_!!2248304671.jpg",
            "https://www.o0b.cn/i.php?t.png&rid=gw-3.63feac21d390f&p=837512465&k=23706&t=1677634595"
        ],
        "shop_item": [],
        "relate_items": []
    },
    "error": "",
    "secache": "232d33bc54acadd7c137ce5b44864248",
    "secache_time": 1677748743,
    "secache_date": "2023-03-02 17:19:03",
    "translate_status": "",
    "translate_time": 0,
    "language": {
        "default_lang": "cn",
        "current_lang": "cn"
    },
    "reason": "",
    "error_code": "0000",
    "cache": 0,
    "api_info": "today: max:20000 all[=++];expires:2024-01-16",
    "execution_time": "0.277",
    "server_time": "Beijing/2023-03-02 17:19:03",
    "client_ip": "54.39.83.153",
    "call_args": {
        "num_iid": "43837712300",
        "is_promotion": "1"
    },
    "api_type": "taobao",
    "translate_language": "zh-CN",
    "translate_engine": "baidu_api",
    "server_memory": "5.79MB",
    "last_id": false
}