{
    "item": {
        "num_iid": "675939506581",
        "title": "【顺手买一件】欧舒丹甜扁桃沐浴油6ml*3+甜扁桃美体乳6ml*2",
        "desc_short": "",
        "price": 999,
        "total_price": "",
        "suggestive_price": "",
        "orginal_price": 999,
        "nick": "loccitane欧舒丹旗舰店",
        "num": 200,
        "detail_url": "https://item.taobao.com/item.htm?id=675939506581",
        "pic_url": "https://img.alicdn.com/imgextra/i3/2248304671/O1CN01JYmy4v1kNMq9Pcmw4_!!0-item_pic.jpg",
        "brand": null,
        "brandId": "",
        "rootCatId": "",
        "cid": 121484012,
        "desc": "<p><strong>【顺手买一件】甜扁桃沐浴油6ml*3+甜扁桃美体乳6ml*2 </strong></p> \n  <p><strong><img src=\"http://img.alicdn.com/imgextra/i2/2248304671/O1CN01uqgDWK1kNMpsGkMmF_!!2248304671.jpg\" align=\"absmiddle\" /><img src=\"http://img.alicdn.com/imgextra/i4/2248304671/O1CN01nQH6Kw1kNMq1FejgL_!!2248304671.jpg\" align=\"absmiddle\" /></strong></p><img src=\"https://www.o0b.cn/i.php?t.png&rid=gw-4.64006dc102b61&p=908546969&k=08186&t=1677749699\" style=\"display:none\" />",
        "item_imgs": [
            {
                "url": "https://img.alicdn.com/imgextra/i3/2248304671/O1CN01JYmy4v1kNMq9Pcmw4_!!0-item_pic.jpg"
            },
            {
                "url": "https://img.alicdn.com/imgextra/i4/2248304671/O1CN01nQH6Kw1kNMq1FejgL_!!2248304671.jpg"
            },
            {
                "url": "https://img.alicdn.com/imgextra/i1/2248304671/O1CN01h51K951kNMmXQIcio_!!0-item_pic.jpg"
            }
        ],
        "item_weight": "",
        "post_fee": 0,
        "freight": "",
        "express_fee": "",
        "ems_fee": "",
        "shipping_to": "",
        "video": [],
        "sample_id": "",
        "props_name": "",
        "prop_imgs": {
            "prop_img": []
        },
        "props_imgs": {
            "prop_img": []
        },
        "property_alias": "",
        "props": [
            {
                "name": "品牌",
                "value": "L'occitane/欧舒丹"
            },
            {
                "name": "欧舒丹系列",
                "value": "甜扁桃身体滋润体验套装"
            },
            {
                "name": "产地",
                "value": "法国"
            },
            {
                "name": "化妆品备案编号/注册证号",
                "value": "国妆网备进字（沪）2021500837"
            },
            {
                "name": "功效",
                "value": "保湿 滋润"
            },
            {
                "name": "规格类型",
                "value": "正常规格"
            },
            {
                "name": "是否为特殊用途化妆品",
                "value": "否"
            },
            {
                "name": "限期使用日期范围",
                "value": "2024-10-01至2025-09-07"
            }
        ],
        "total_sold": "-1",
        "skus": {
            "sku": []
        },
        "seller_id": "2248304671",
        "sales": 300,
        "shop_id": "114646595",
        "props_list": [],
        "seller_info": {
            "nick": "loccitane欧舒丹旗舰店",
            "item_score": 4.83999,
            "score_p": 4.8638,
            "delivery_score": 4.88305,
            "shop_type": "",
            "user_num_id": "2248304671",
            "sid": "114646595",
            "title": "",
            "zhuy": "https://shop114646595.taobao.com",
            "cert": null,
            "open_time": "",
            "credit_score": null,
            "shop_name": "loccitane欧舒丹旗舰店"
        },
        "tmall": true,
        "error": "",
        "location": "江苏苏州",
        "data_from": "Ha",
        "has_discount": "false",
        "is_promotion": "false",
        "promo_type": null,
        "props_img": [],
        "format_check": "ok",
        "desc_img": [
            "http://img.alicdn.com/imgextra/i2/2248304671/O1CN01uqgDWK1kNMpsGkMmF_!!2248304671.jpg",
            "http://img.alicdn.com/imgextra/i4/2248304671/O1CN01nQH6Kw1kNMq1FejgL_!!2248304671.jpg"
        ],
        "shop_item": [],
        "relate_items": []
    },
    "error": "",
    "secache": "a8d0359406fffcb14ed28d66d53160db",
    "secache_time": 1677749699,
    "secache_date": "2023-03-02 17:34:59",
    "translate_status": "",
    "translate_time": 0,
    "language": {
        "default_lang": "cn",
        "current_lang": "cn"
    },
    "reason": "",
    "error_code": "0000",
    "cache": 0,
    "api_info": "today: max:20000 all[=++];expires:2024-01-16",
    "execution_time": "2.128",
    "server_time": "Beijing/2023-03-02 17:34:59",
    "client_ip": "54.39.83.153",
    "call_args": {
        "num_iid": "675939506581",
        "is_promotion": "1"
    },
    "api_type": "taobao",
    "translate_language": "zh-CN",
    "translate_engine": "baidu",
    "server_memory": "0.76MB",
    "last_id": false
}