{
    "item": {
        "num_iid": "618021744224",
        "title": "【38节抢购】欧舒丹白樱花沐浴露身体乳护手霜套装润肤保湿滋润",
        "desc_short": "",
        "price": 560,
        "total_price": "",
        "suggestive_price": "",
        "orginal_price": 560,
        "nick": "loccitane欧舒丹旗舰店",
        "num": 24,
        "detail_url": "https://item.taobao.com/item.htm?id=618021744224",
        "pic_url": "https://img.alicdn.com/imgextra/i1/2248304671/O1CN01eroUxM1kNMq4r1HIs_!!0-item_pic.jpg",
        "brand": null,
        "brandId": "",
        "rootCatId": "",
        "cid": 121484012,
        "desc": "",
        "item_imgs": [
            {
                "url": "https://img.alicdn.com/imgextra/i1/2248304671/O1CN01eroUxM1kNMq4r1HIs_!!0-item_pic.jpg"
            },
            {
                "url": "https://img.alicdn.com/imgextra/i3/2248304671/O1CN01Rfq03g1kNMq6HFjVK_!!2248304671.jpg"
            },
            {
                "url": "https://img.alicdn.com/imgextra/i1/2248304671/O1CN01ah5rAo1kNMokmsGjJ_!!2248304671.jpg"
            },
            {
                "url": "https://img.alicdn.com/imgextra/i4/2248304671/O1CN01JTa5BE1kNMpjl4gJ3_!!2248304671.jpg"
            },
            {
                "url": "https://img.alicdn.com/imgextra/i3/2248304671/O1CN01MGx0hN1kNMeYrEFBE_!!2248304671.jpg"
            }
        ],
        "item_weight": "",
        "post_fee": 0,
        "freight": "",
        "express_fee": "",
        "ems_fee": "",
        "shipping_to": "",
        "video": [],
        "sample_id": "",
        "props_name": "1626520:29318813:香味:樱花香;147956252:17208675:净含量:530ml",
        "prop_imgs": {
            "prop_img": [
                {
                    "properties": "147956252:17208675",
                    "url": "http://img.alicdn.com/imgextra/i1/2248304671/O1CN01eroUxM1kNMq4r1HIs_!!0-item_pic.jpg"
                }
            ]
        },
        "props_imgs": {
            "prop_img": [
                {
                    "properties": "147956252:17208675",
                    "url": "http://img.alicdn.com/imgextra/i1/2248304671/O1CN01eroUxM1kNMq4r1HIs_!!0-item_pic.jpg"
                }
            ]
        },
        "property_alias": "",
        "props": [
            {
                "name": "品牌",
                "value": "L'occitane/欧舒丹"
            },
            {
                "name": "欧舒丹系列",
                "value": "甜蜜樱花套装"
            },
            {
                "name": "产地",
                "value": "法国"
            },
            {
                "name": "香味",
                "value": "樱花香"
            },
            {
                "name": "化妆品备案编号/注册证号",
                "value": "国妆网备进字（沪）2021503790"
            },
            {
                "name": "适合肤质",
                "value": "任何肤质"
            },
            {
                "name": "原料成分",
                "value": "樱花"
            },
            {
                "name": "功效",
                "value": "保湿 滋润 清洁"
            },
            {
                "name": "规格类型",
                "value": "正常规格"
            },
            {
                "name": "是否为特殊用途化妆品",
                "value": "否"
            },
            {
                "name": "净含量",
                "value": "530ml"
            },
            {
                "name": "限期使用日期范围",
                "value": "2023-11-01至2024-04-01"
            }
        ],
        "total_sold": "24",
        "skus": {
            "sku": [
                {
                    "price": 560,
                    "total_price": 0,
                    "orginal_price": 560,
                    "properties": "1626520:29318813;147956252:17208675",
                    "properties_name": "1626520:29318813:香味:樱花香;147956252:17208675:净含量:530ml",
                    "quantity": 24,
                    "sku_id": "5060371166955"
                }
            ]
        },
        "seller_id": "2248304671",
        "sales": 24,
        "shop_id": "114646595",
        "props_list": {
            "147956252:17208675": "净含量:530ml",
            "1626520:29318813": "香味:樱花香"
        },
        "seller_info": {
            "nick": "loccitane欧舒丹旗舰店",
            "item_score": 4.83999,
            "score_p": 4.8638,
            "delivery_score": 4.88305,
            "shop_type": "",
            "user_num_id": "2248304671",
            "sid": "114646595",
            "title": "",
            "zhuy": "https://shop114646595.taobao.com",
            "cert": null,
            "open_time": "",
            "credit_score": null,
            "shop_name": "loccitane欧舒丹旗舰店"
        },
        "tmall": true,
        "error": "",
        "location": "江苏苏州",
        "data_from": "Ha",
        "has_discount": "false",
        "is_promotion": "false",
        "promo_type": null,
        "props_img": {
            "147956252:17208675": "http://img.alicdn.com/imgextra/i1/2248304671/O1CN01eroUxM1kNMq4r1HIs_!!0-item_pic.jpg"
        },
        "format_check": "ok",
        "desc_img": [],
        "shop_item": [],
        "relate_items": []
    },
    "error": "",
    "secache": "84eba07e964030d661bc720f1e6c129e",
    "secache_time": 1677749689,
    "secache_date": "2023-03-02 17:34:49",
    "translate_status": "",
    "translate_time": 0,
    "language": {
        "default_lang": "cn",
        "current_lang": "cn"
    },
    "reason": "",
    "error_code": "0000",
    "cache": 0,
    "api_info": "today: max:20000 all[=++];expires:2024-01-16",
    "execution_time": "6.367",
    "server_time": "Beijing/2023-03-02 17:34:49",
    "client_ip": "54.39.83.153",
    "call_args": {
        "num_iid": "618021744224",
        "is_promotion": "1"
    },
    "api_type": "taobao",
    "translate_language": "zh-CN",
    "translate_engine": "baidu",
    "server_memory": "5.76MB",
    "last_id": false
}