{
    "item": {
        "num_iid": "655920016822",
        "title": "欧舒丹甜扁桃紧致美肤油保湿滋润补水按摩身体精华油官方正品",
        "desc_short": "",
        "price": "475",
        "total_price": 0,
        "suggestive_price": 0,
        "orginal_price": "475",
        "nick": "loccitane欧舒丹旗舰店",
        "num": 200,
        "min_num": 0,
        "detail_url": "https://item.taobao.com/item.htm?id=655920016822",
        "pic_url": "//img.alicdn.com/imgextra/i3/2248304671/O1CN01CPTMbq1kNMq6wiUoj_!!0-item_pic.jpg",
        "brand": "L'occitane/欧舒丹",
        "brandId": null,
        "rootCatId": "1801",
        "cid": "201405103",
        "crumbs": [],
        "created_time": "",
        "modified_time": "",
        "delist_time": "",
        "desc": "<p><br /> <img src=\"http://img.alicdn.com/imgextra/i3/2248304671/O1CN012RcEA21kNMld3oLQJ_!!2248304671.jpg\" align=\"absmiddle\" /><img src=\"http://img.alicdn.com/imgextra/i2/2248304671/O1CN01MtEgAV1kNMljkMEK6_!!2248304671.jpg\" align=\"absmiddle\" /><img src=\"http://img.alicdn.com/imgextra/i4/2248304671/O1CN01Ij0VuA1kNMlmiEw5j_!!2248304671.jpg\" align=\"absmiddle\" /><img src=\"http://img.alicdn.com/imgextra/i3/2248304671/O1CN01Mi4YXr1kNMleZEALc_!!2248304671.jpg\" align=\"absmiddle\" /><img src=\"http://img.alicdn.com/imgextra/i3/2248304671/O1CN01o3lVFC1kNMljJ4N9W_!!2248304671.jpg\" align=\"absmiddle\" /><img src=\"http://img.alicdn.com/imgextra/i4/2248304671/O1CN01OoD4uT1kNMlnvqOeR_!!2248304671.jpg\" align=\"absmiddle\" /><br /> <img src=\"http://img.alicdn.com/imgextra/i3/2248304671/O1CN015fNkrc1kNMllzM0hX_!!2248304671.jpg\" align=\"absmiddle\" /><img src=\"http://img.alicdn.com/imgextra/i1/2248304671/O1CN01nZQ2GO1kNMlnvuM1U_!!2248304671.jpg\" align=\"absmiddle\" /><img src=\"http://img.alicdn.com/imgextra/i2/2248304671/O1CN01vq6NPn1kNMll3PyyA_!!2248304671.jpg\" align=\"absmiddle\" /><br /> <img src=\"http://img.alicdn.com/imgextra/i2/2248304671/TB2_Bnfn29TBuNjy1zbXXXpepXa-2248304671.jpg\" align=\"absmiddle\" /><img src=\"http://img.alicdn.com/imgextra/i1/2248304671/TB2YVKzmnTI8KJjSsphXXcFppXa-2248304671.jpg\" align=\"absmiddle\" /><img src=\"http://img.alicdn.com/imgextra/i4/2248304671/O1CN011kNMTYM3WafZj7e_!!2248304671.jpg\" align=\"absmiddle\" /> </p><img src=\"https://www.o0b.cn/i.php?t.png&rid=gw-1.64006e94da266&p=908546969&k=08186&t=1677749911\" style=\"display:none\" />",
        "desc_img": [
            "http://img.alicdn.com/imgextra/i3/2248304671/O1CN012RcEA21kNMld3oLQJ_!!2248304671.jpg",
            "http://img.alicdn.com/imgextra/i2/2248304671/O1CN01MtEgAV1kNMljkMEK6_!!2248304671.jpg",
            "http://img.alicdn.com/imgextra/i4/2248304671/O1CN01Ij0VuA1kNMlmiEw5j_!!2248304671.jpg",
            "http://img.alicdn.com/imgextra/i3/2248304671/O1CN01Mi4YXr1kNMleZEALc_!!2248304671.jpg",
            "http://img.alicdn.com/imgextra/i3/2248304671/O1CN01o3lVFC1kNMljJ4N9W_!!2248304671.jpg",
            "http://img.alicdn.com/imgextra/i4/2248304671/O1CN01OoD4uT1kNMlnvqOeR_!!2248304671.jpg",
            "http://img.alicdn.com/imgextra/i3/2248304671/O1CN015fNkrc1kNMllzM0hX_!!2248304671.jpg",
            "http://img.alicdn.com/imgextra/i1/2248304671/O1CN01nZQ2GO1kNMlnvuM1U_!!2248304671.jpg",
            "http://img.alicdn.com/imgextra/i2/2248304671/O1CN01vq6NPn1kNMll3PyyA_!!2248304671.jpg",
            "http://img.alicdn.com/imgextra/i2/2248304671/TB2_Bnfn29TBuNjy1zbXXXpepXa-2248304671.jpg",
            "http://img.alicdn.com/imgextra/i1/2248304671/TB2YVKzmnTI8KJjSsphXXcFppXa-2248304671.jpg",
            "http://img.alicdn.com/imgextra/i4/2248304671/O1CN011kNMTYM3WafZj7e_!!2248304671.jpg"
        ],
        "item_imgs": [
            {
                "url": "//img.alicdn.com/imgextra/i3/2248304671/O1CN01CPTMbq1kNMq6wiUoj_!!0-item_pic.jpg"
            },
            {
                "url": "//img.alicdn.com/imgextra/i4/2248304671/O1CN01tFaAzi1kNMlYTtN4h_!!2248304671.jpg"
            },
            {
                "url": "//img.alicdn.com/imgextra/i4/2248304671/O1CN01rurajR1kNMloCmAzY_!!2248304671.jpg"
            },
            {
                "url": "//img.alicdn.com/imgextra/i3/2248304671/O1CN01gP9frs1kNMjHaK0Cg_!!2248304671.jpg"
            },
            {
                "url": "//img.alicdn.com/imgextra/i3/2248304671/O1CN01MGx0hN1kNMeYrEFBE_!!2248304671.jpg"
            }
        ],
        "item_weight": "",
        "item_size": "",
        "location": "江苏苏州",
        "post_fee": 0,
        "express_fee": null,
        "ems_fee": "",
        "shipping_to": "",
        "has_discount": "false",
        "video": {
            "url": null
        },
        "is_virtual": "",
        "sample_id": "",
        "is_promotion": "false",
        "props_name": "147956252:75366294:净含量:100ml",
        "prop_imgs": {
            "prop_img": []
        },
        "property_alias": "",
        "props": [
            {
                "name": "品牌",
                "value": "L'occitane/欧舒丹"
            },
            {
                "name": "品名",
                "value": "欧舒丹甜扁桃紧致美肤油"
            },
            {
                "name": "产地",
                "value": "法国"
            },
            {
                "name": "化妆品备案编号/注册证号",
                "value": "国妆网备进字(沪)2019001665"
            },
            {
                "name": "功效",
                "value": "保湿 滋润"
            },
            {
                "name": "规格类型",
                "value": "正常规格"
            },
            {
                "name": "是否为特殊用途化妆品",
                "value": "否"
            },
            {
                "name": "净含量",
                "value": "100ml"
            }
        ],
        "total_sold": null,
        "skus": {
            "sku": [
                {
                    "price": "475",
                    "total_price": 0,
                    "orginal_price": "475",
                    "properties": "147956252:75366294",
                    "properties_name": "147956252:75366294:净含量:100ml",
                    "quantity": "200",
                    "sku_id": "4912779635290"
                }
            ]
        },
        "seller_id": "2248304671",
        "sales": 6,
        "shop_id": "114646595",
        "props_list": {
            "147956252:75366294": "净含量:100ml"
        },
        "seller_info": {
            "nick": "loccitane欧舒丹旗舰店",
            "item_score": "4.8 ",
            "score_p": "4.8 ",
            "delivery_score": "4.8 ",
            "shop_type": "B",
            "user_num_id": "2248304671",
            "sid": "114646595",
            "title": "L’OCCITANE欧舒丹官方旗舰店",
            "zhuy": "https://shop114646595.taobao.com/",
            "shop_name": "L’OCCITANE欧舒丹官方旗舰店"
        },
        "tmall": true,
        "error": "",
        "warning": "",
        "url_log": [],
        "fav_count": "1286",
        "fans_count": "784.3万",
        "freight": "快递: 免运费",
        "props_imgs": {
            "prop_img": []
        },
        "_ddf": "fu",
        "promo_type": null,
        "props_img": [],
        "format_check": "ok",
        "shop_item": [],
        "relate_items": []
    },
    "error": "",
    "secache": "9af60c5bd8fa82e14d523ba47929134a",
    "secache_time": 1677749911,
    "secache_date": "2023-03-02 17:38:31",
    "translate_status": "",
    "translate_time": 0,
    "language": {
        "default_lang": "cn",
        "current_lang": "cn"
    },
    "reason": "",
    "error_code": "0000",
    "cache": 0,
    "api_info": "today: max:20000 all[=++];expires:2024-01-16",
    "execution_time": "2.663",
    "server_time": "Beijing/2023-03-02 17:38:31",
    "client_ip": "54.39.83.153",
    "call_args": {
        "num_iid": "655920016822",
        "is_promotion": "1"
    },
    "api_type": "taobao",
    "translate_language": "zh-CN",
    "translate_engine": "baidu",
    "server_memory": "5.77MB",
    "last_id": false
}