{
    "item": {
        "num_iid": "44408642752",
        "title": "【38节抢购】欧舒丹薰衣草味洁手液温和清洁保湿滋润舒缓洗手液",
        "desc_short": "",
        "price": "180",
        "orginal_price": "180",
        "nick": "loccitane欧舒丹旗舰店",
        "num": 10,
        "pic_url": "//img.alicdn.com/imgextra/i2/2248304671/O1CN01SFSqJz1kNMpvvWzIa_!!0-item_pic.jpg",
        "brand": "L'occitane/欧舒丹",
        "brandId": 0,
        "rootCatId": "1801",
        "cid": "121402008",
        "crumbs": [],
        "detail_url": "https://item.taobao.com/item.htm?id=44408642752",
        "desc": "",
        "item_imgs": [
            {
                "url": "//img.alicdn.com/imgextra/i2/2248304671/O1CN01SFSqJz1kNMpvvWzIa_!!0-item_pic.jpg"
            },
            {
                "url": "//img.alicdn.com/imgextra/i3/2248304671/O1CN01Rfq03g1kNMq6HFjVK_!!2248304671.jpg"
            },
            {
                "url": "//img.alicdn.com/imgextra/i3/2248304671/O1CN01ezAts31kNMpFRYl8l_!!0-item_pic.jpg"
            },
            {
                "url": "//img.alicdn.com/imgextra/i1/2248304671/O1CN01RXLxOV1kNMo7VIBiC_!!2248304671.jpg"
            },
            {
                "url": "//img.alicdn.com/imgextra/i3/2248304671/O1CN01GZ1mdC1kNMeKjeJJN_!!2248304671.jpg"
            }
        ],
        "item_weight": 0,
        "location": "江苏苏州",
        "post_fee": 0,
        "express_fee": 0,
        "ems_fee": 0,
        "shipping_to": "",
        "has_discount": "false",
        "video": {
            "url": null
        },
        "is_virtual": "",
        "sample_id": "",
        "is_promotion": "false",
        "prop_imgs": {
            "prop_img": []
        },
        "property_alias": "",
        "props": [
            {
                "name": "品牌",
                "value": "L'occitane/欧舒丹"
            },
            {
                "name": "欧舒丹系列",
                "value": "欧舒丹薰衣草洗手液套装"
            },
            {
                "name": "产地",
                "value": "法国"
            },
            {
                "name": "化妆品备案编号/注册证号",
                "value": "国妆网备进字（沪）2019005130"
            },
            {
                "name": "适合肤质",
                "value": "任何肤质"
            },
            {
                "name": "功效",
                "value": "深层清洁"
            },
            {
                "name": "规格类型",
                "value": "正常规格"
            },
            {
                "name": "是否为特殊用途化妆品",
                "value": "否"
            },
            {
                "name": "净含量",
                "value": "300ml"
            }
        ],
        "props_name": "147956252:45794:净含量:300ml",
        "total_sold": 100,
        "skus": {
            "sku": [
                {
                    "price": "180",
                    "total_price": 0,
                    "orginal_price": "180",
                    "properties": "147956252:45794",
                    "properties_name": "147956252:45794:净含量:300ml",
                    "quantity": "10",
                    "sku_id": "80653226257"
                }
            ]
        },
        "seller_id": "2248304671",
        "shop_id": "114646595",
        "props_list": {
            "147956252:45794": "净含量:300ml"
        },
        "seller_info": {
            "nick": "loccitane欧舒丹旗舰店",
            "item_score": "4.8 ",
            "score_p": "4.8 ",
            "delivery_score": "4.8 ",
            "shop_type": "B",
            "user_num_id": "2248304671",
            "sid": "114646595",
            "title": "L’OCCITANE欧舒丹官方旗舰店",
            "zhuy": "https://shop114646595.taobao.com/",
            "shop_name": "L’OCCITANE欧舒丹官方旗舰店"
        },
        "tmall": true,
        "update_time": "2023-03-01 09:36:11",
        "data_update": "2023-03-01 09:36:11",
        "data_f": "fu",
        "data_from": "hid",
        "promo_type": null,
        "props_img": [],
        "error": null,
        "format_check": "ok",
        "sales": 0,
        "desc_img": [],
        "shop_item": [],
        "relate_items": []
    },
    "error": "",
    "secache": "6ed1b9eb5ebc51c78a100369d4ebc0e5",
    "secache_time": 1677749475,
    "secache_date": "2023-03-02 17:31:15",
    "translate_status": "",
    "translate_time": 0,
    "language": {
        "default_lang": "cn",
        "current_lang": "cn"
    },
    "reason": "",
    "error_code": "0000",
    "cache": 0,
    "api_info": "today: max:20000 all[=++];expires:2024-01-16",
    "execution_time": "0.297",
    "server_time": "Beijing/2023-03-02 17:31:15",
    "client_ip": "54.39.83.153",
    "call_args": {
        "num_iid": "44408642752",
        "is_promotion": "1"
    },
    "api_type": "taobao",
    "translate_language": "zh-CN",
    "translate_engine": "baidu_api",
    "server_memory": "5.78MB",
    "last_id": false
}