{
    "item": {
        "num_iid": "619185903671",
        "title": "【38节抢购】欧舒丹洗发水护发素草本修护套装氨基酸蓬松改善毛躁",
        "desc_short": "",
        "price": 615,
        "total_price": "",
        "suggestive_price": "",
        "orginal_price": 615,
        "nick": "loccitane欧舒丹旗舰店",
        "num": 20,
        "detail_url": "https://item.taobao.com/item.htm?id=619185903671",
        "pic_url": "https://img.alicdn.com/imgextra/i2/2248304671/O1CN01MmOaVl1kNMqCCLzRv_!!0-item_pic.jpg",
        "brand": null,
        "brandId": "",
        "rootCatId": "",
        "cid": 121476023,
        "desc": "<p ><img src=\"http://img.alicdn.com/imgextra/i3/2248304671/O1CN01E8d9sf1kNMoWZUUl2_!!2248304671.jpg\" align=\"absmiddle\" /><img src=\"http://img.alicdn.com/imgextra/i3/2248304671/O1CN01B3smm11kNMoXL0xcl_!!2248304671.jpg\" align=\"absmiddle\" /><img src=\"http://img.alicdn.com/imgextra/i3/2248304671/O1CN015lw0Oq1kNMogQGLyE_!!2248304671.jpg\" align=\"absmiddle\" /><img src=\"http://img.alicdn.com/imgextra/i2/2248304671/O1CN01W7ZeZ01kNMoWZTgq8_!!2248304671.jpg\" align=\"absmiddle\" /><img src=\"http://img.alicdn.com/imgextra/i3/2248304671/O1CN01tCdsJZ1kNMoWZSkbH_!!2248304671.jpg\" align=\"absmiddle\" /><img src=\"http://img.alicdn.com/imgextra/i1/2248304671/O1CN01HodPP41kNModpb0j2_!!2248304671.jpg\" align=\"absmiddle\" /><img src=\"http://img.alicdn.com/imgextra/i3/2248304671/O1CN01mPDqcH1kNMohbh913_!!2248304671.jpg\" align=\"absmiddle\" /><img src=\"http://img.alicdn.com/imgextra/i1/2248304671/O1CN015yRSFB1kNMohbicV7_!!2248304671.jpg\" align=\"absmiddle\" /><img src=\"http://img.alicdn.com/imgextra/i2/2248304671/O1CN01NYhBad1kNMogQI1w4_!!2248304671.jpg\" align=\"absmiddle\" /><img src=\"http://img.alicdn.com/imgextra/i4/2248304671/O1CN01R7iuJu1kNMoffrNHQ_!!2248304671.jpg\" align=\"absmiddle\" /><img src=\"http://img.alicdn.com/imgextra/i4/2248304671/O1CN01FYiiQJ1kNMogQFsqw_!!2248304671.jpg\" align=\"absmiddle\" /><img src=\"http://img.alicdn.com/imgextra/i3/2248304671/O1CN019Vt1ya1kNMocws2Kd_!!2248304671.jpg\" align=\"absmiddle\" /><img src=\"http://img.alicdn.com/imgextra/i1/2248304671/O1CN01DHe5j81kNMoeYtmWt_!!2248304671.jpg\" align=\"absmiddle\" /><img src=\"http://img.alicdn.com/imgextra/i4/2248304671/O1CN01TvsNX51kNMoeYuBU5_!!2248304671.jpg\" align=\"absmiddle\" /><img src=\"http://img.alicdn.com/imgextra/i2/2248304671/O1CN01IdaeD21kNMoWZSY7w_!!2248304671.jpg\" align=\"absmiddle\" /></p> \n  <p> <img src=\"http://img.alicdn.com/imgextra/i4/2248304671/O1CN01yv3aYl1kNMkx6uR4h_!!2248304671.jpg\" alt=\"20211231-LOC-草本修护洗护发套装_07.jpg\" /><br /> <img src=\"http://img.alicdn.com/imgextra/i2/2248304671/O1CN01QUGJXv1kNMkssfbzx_!!2248304671.jpg\" alt=\"20211231-LOC-草本修护洗护发套装_08.jpg\" /><br /> <img src=\"http://img.alicdn.com/imgextra/i2/2248304671/O1CN01Nqijuy1kNMmJGWSCp_!!2248304671.jpg\" alt=\"草本菁纯修护大套新旧版本banner.jpg\" /><br /> <img src=\"http://img.alicdn.com/imgextra/i2/2248304671/O1CN01x69b5I1kNMmO98A25_!!2248304671.jpg\" alt=\"草本菁纯修护小套新旧版本banner.jpg\" /><br /> <img alt=\"礼盒发放说明.jpg\" src=\"http://img.alicdn.com/imgextra/i1/2248304671/TB2YVKzmnTI8KJjSsphXXcFppXa-2248304671.jpg\" /><img align=\"absmiddle\" src=\"http://img.alicdn.com/imgextra/i4/2248304671/O1CN011kNMTYM3WafZj7e_!!2248304671.jpg\" /> </p><img src=\"https://www.o0b.cn/i.php?t.png&rid=gw-4.64006f61c840b&p=908546969&k=08186&t=1677750116\" style=\"display:none\" />",
        "item_imgs": [
            {
                "url": "https://img.alicdn.com/imgextra/i2/2248304671/O1CN01MmOaVl1kNMqCCLzRv_!!0-item_pic.jpg"
            },
            {
                "url": "https://img.alicdn.com/imgextra/i3/2248304671/O1CN01wNj70G1kNMh7Idm1Y_!!2248304671.jpg"
            },
            {
                "url": "https://img.alicdn.com/imgextra/i3/2248304671/O1CN01Rfq03g1kNMq6HFjVK_!!2248304671.jpg"
            },
            {
                "url": "https://img.alicdn.com/imgextra/i3/2248304671/O1CN01gC5rNR1kNMpwKJCvT_!!2248304671.jpg"
            },
            {
                "url": "https://img.alicdn.com/imgextra/i3/2248304671/O1CN01GapYiu1kNMp2ir4XQ_!!2248304671.jpg"
            }
        ],
        "item_weight": "",
        "post_fee": 0,
        "freight": "",
        "express_fee": "",
        "ems_fee": "",
        "shipping_to": "",
        "video": [],
        "sample_id": "",
        "props_name": "1626520:120869:香味:花香;147956252:75367556:净含量:500ml",
        "prop_imgs": {
            "prop_img": [
                {
                    "properties": "147956252:75367556",
                    "url": "http://img.alicdn.com/imgextra/i2/2248304671/O1CN01MmOaVl1kNMqCCLzRv_!!0-item_pic.jpg"
                }
            ]
        },
        "props_imgs": {
            "prop_img": [
                {
                    "properties": "147956252:75367556",
                    "url": "http://img.alicdn.com/imgextra/i2/2248304671/O1CN01MmOaVl1kNMqCCLzRv_!!0-item_pic.jpg"
                }
            ]
        },
        "property_alias": "",
        "props": [
            {
                "name": "品牌",
                "value": "L'occitane/欧舒丹"
            },
            {
                "name": "L’occitane/欧舒丹",
                "value": "草本修护套装"
            },
            {
                "name": "功能",
                "value": "丰盈蓬松 温和清洁、修护"
            },
            {
                "name": "产地",
                "value": "法国"
            },
            {
                "name": "香味",
                "value": "花香"
            },
            {
                "name": "化妆品备案编号/注册证号",
                "value": "国妆备进字J201815097"
            },
            {
                "name": "规格类型",
                "value": "正常规格"
            },
            {
                "name": "是否为特殊用途化妆品",
                "value": "否"
            },
            {
                "name": "净含量",
                "value": "500ml"
            },
            {
                "name": "产品类别",
                "value": "普通类"
            }
        ],
        "total_sold": "7",
        "skus": {
            "sku": [
                {
                    "price": 615,
                    "total_price": 0,
                    "orginal_price": 615,
                    "properties": "1626520:120869;147956252:75367556",
                    "properties_name": "1626520:120869:香味:花香;147956252:75367556:净含量:500ml",
                    "quantity": 20,
                    "sku_id": "4646651049862"
                }
            ]
        },
        "seller_id": "2248304671",
        "sales": 7,
        "shop_id": "114646595",
        "props_list": {
            "147956252:75367556": "净含量:500ml",
            "1626520:120869": "香味:花香"
        },
        "seller_info": {
            "nick": "loccitane欧舒丹旗舰店",
            "item_score": 4.83999,
            "score_p": 4.8638,
            "delivery_score": 4.88305,
            "shop_type": "",
            "user_num_id": "2248304671",
            "sid": "114646595",
            "title": "",
            "zhuy": "https://shop114646595.taobao.com",
            "cert": null,
            "open_time": "",
            "credit_score": null,
            "shop_name": "loccitane欧舒丹旗舰店"
        },
        "tmall": true,
        "error": "",
        "location": "江苏苏州",
        "data_from": "Ha",
        "has_discount": "false",
        "is_promotion": "false",
        "promo_type": null,
        "props_img": {
            "147956252:75367556": "http://img.alicdn.com/imgextra/i2/2248304671/O1CN01MmOaVl1kNMqCCLzRv_!!0-item_pic.jpg"
        },
        "format_check": "ok",
        "desc_img": [
            "http://img.alicdn.com/imgextra/i3/2248304671/O1CN01E8d9sf1kNMoWZUUl2_!!2248304671.jpg",
            "http://img.alicdn.com/imgextra/i3/2248304671/O1CN01B3smm11kNMoXL0xcl_!!2248304671.jpg",
            "http://img.alicdn.com/imgextra/i3/2248304671/O1CN015lw0Oq1kNMogQGLyE_!!2248304671.jpg",
            "http://img.alicdn.com/imgextra/i2/2248304671/O1CN01W7ZeZ01kNMoWZTgq8_!!2248304671.jpg",
            "http://img.alicdn.com/imgextra/i3/2248304671/O1CN01tCdsJZ1kNMoWZSkbH_!!2248304671.jpg",
            "http://img.alicdn.com/imgextra/i1/2248304671/O1CN01HodPP41kNModpb0j2_!!2248304671.jpg",
            "http://img.alicdn.com/imgextra/i3/2248304671/O1CN01mPDqcH1kNMohbh913_!!2248304671.jpg",
            "http://img.alicdn.com/imgextra/i1/2248304671/O1CN015yRSFB1kNMohbicV7_!!2248304671.jpg",
            "http://img.alicdn.com/imgextra/i2/2248304671/O1CN01NYhBad1kNMogQI1w4_!!2248304671.jpg",
            "http://img.alicdn.com/imgextra/i4/2248304671/O1CN01R7iuJu1kNMoffrNHQ_!!2248304671.jpg",
            "http://img.alicdn.com/imgextra/i4/2248304671/O1CN01FYiiQJ1kNMogQFsqw_!!2248304671.jpg",
            "http://img.alicdn.com/imgextra/i3/2248304671/O1CN019Vt1ya1kNMocws2Kd_!!2248304671.jpg",
            "http://img.alicdn.com/imgextra/i1/2248304671/O1CN01DHe5j81kNMoeYtmWt_!!2248304671.jpg",
            "http://img.alicdn.com/imgextra/i4/2248304671/O1CN01TvsNX51kNMoeYuBU5_!!2248304671.jpg",
            "http://img.alicdn.com/imgextra/i2/2248304671/O1CN01IdaeD21kNMoWZSY7w_!!2248304671.jpg",
            "http://img.alicdn.com/imgextra/i4/2248304671/O1CN01yv3aYl1kNMkx6uR4h_!!2248304671.jpg",
            "http://img.alicdn.com/imgextra/i2/2248304671/O1CN01QUGJXv1kNMkssfbzx_!!2248304671.jpg",
            "http://img.alicdn.com/imgextra/i2/2248304671/O1CN01Nqijuy1kNMmJGWSCp_!!2248304671.jpg",
            "http://img.alicdn.com/imgextra/i2/2248304671/O1CN01x69b5I1kNMmO98A25_!!2248304671.jpg",
            "http://img.alicdn.com/imgextra/i1/2248304671/TB2YVKzmnTI8KJjSsphXXcFppXa-2248304671.jpg",
            "http://img.alicdn.com/imgextra/i4/2248304671/O1CN011kNMTYM3WafZj7e_!!2248304671.jpg"
        ],
        "shop_item": [],
        "relate_items": []
    },
    "error": "",
    "secache": "85ed4a61f6ba67211a0ff52400ca1925",
    "secache_time": 1677750116,
    "secache_date": "2023-03-02 17:41:56",
    "translate_status": "",
    "translate_time": 0,
    "language": {
        "default_lang": "cn",
        "current_lang": "cn"
    },
    "reason": "",
    "error_code": "0000",
    "cache": 0,
    "api_info": "today: max:20000 all[=++];expires:2024-01-16",
    "execution_time": "2.407",
    "server_time": "Beijing/2023-03-02 17:41:56",
    "client_ip": "54.39.83.153",
    "call_args": {
        "num_iid": "619185903671",
        "is_promotion": "1"
    },
    "api_type": "taobao",
    "translate_language": "zh-CN",
    "translate_engine": "baidu",
    "server_memory": "0.79MB",
    "last_id": false
}