{
    "item": {
        "num_iid": "673746709797",
        "title": "【店播专享】欧舒丹护手霜套装马鞭草樱花男女滋润保湿不油腻手膜",
        "desc_short": "",
        "price": 570,
        "orginal_price": 570,
        "nick": "loccitane欧舒丹旗舰店",
        "num": 200,
        "pic_url": "https://img.alicdn.com/imgextra/i4/2248304671/O1CN017ornfN1kNMpvYdhNx_!!0-item_pic.jpg",
        "brand": null,
        "brandId": 0,
        "rootCatId": 0,
        "cid": 121452007,
        "crumbs": null,
        "detail_url": "https://item.taobao.com/item.htm?id=673746709797",
        "desc": "",
        "item_imgs": [
            {
                "url": "https://img.alicdn.com/imgextra/i4/2248304671/O1CN017ornfN1kNMpvYdhNx_!!0-item_pic.jpg"
            },
            {
                "url": "https://img.alicdn.com/imgextra/i4/2248304671/O1CN017GWGuK1kNMp8c0CBM_!!2248304671.jpg"
            },
            {
                "url": "https://img.alicdn.com/imgextra/i2/2248304671/O1CN01VNnK9s1kNMot1nqkU_!!2248304671.jpg"
            },
            {
                "url": "https://img.alicdn.com/imgextra/i2/2248304671/O1CN015PlRfL1kNMlpu8L9B_!!2248304671.jpg"
            },
            {
                "url": "https://img.alicdn.com/imgextra/i3/2248304671/O1CN01GZ1mdC1kNMeKjeJJN_!!2248304671.jpg"
            }
        ],
        "item_weight": 0,
        "location": "江苏苏州",
        "post_fee": 0,
        "express_fee": 0,
        "ems_fee": 0,
        "shipping_to": "",
        "has_discount": "false",
        "video": [],
        "is_virtual": null,
        "sample_id": "",
        "is_promotion": "false",
        "prop_imgs": {
            "prop_img": [
                {
                    "properties": "147956252:45928",
                    "url": "http://img.alicdn.com/imgextra/i4/2248304671/O1CN017ornfN1kNMpvYdhNx_!!0-item_pic.jpg"
                }
            ]
        },
        "property_alias": "",
        "props": [
            {
                "name": "品牌",
                "value": "L'occitane/欧舒丹"
            },
            {
                "name": "欧舒丹系列",
                "value": "六只手霜套装"
            },
            {
                "name": "产地",
                "value": "法国"
            },
            {
                "name": "化妆品备案编号/注册证号",
                "value": "国妆网备进字（沪）2021500883"
            },
            {
                "name": "功效",
                "value": "保湿"
            },
            {
                "name": "规格类型",
                "value": "正常规格"
            },
            {
                "name": "是否为特殊用途化妆品",
                "value": "否"
            },
            {
                "name": "净含量",
                "value": "180ml"
            },
            {
                "name": "限期使用日期范围",
                "value": "2024-07-01至2025-06-01"
            }
        ],
        "props_name": "147956252:45928:净含量:180ml",
        "total_sold": 900,
        "skus": {
            "sku": [
                {
                    "price": 570,
                    "total_price": 0,
                    "orginal_price": 570,
                    "properties": "147956252:45928",
                    "properties_name": "147956252:45928:净含量:180ml",
                    "quantity": 200,
                    "sku_id": "4893439172804"
                }
            ]
        },
        "seller_id": "2248304671",
        "shop_id": "114646595",
        "props_list": {
            "147956252:45928": "净含量:180ml"
        },
        "seller_info": {
            "nick": "loccitane欧舒丹旗舰店",
            "item_score": 4.84014,
            "score_p": 4.86394,
            "delivery_score": 4.88312,
            "shop_type": "",
            "user_num_id": "2248304671",
            "sid": "114646595",
            "title": "",
            "zhuy": "https://shop114646595.taobao.com",
            "cert": null,
            "open_time": "",
            "credit_score": null,
            "shop_name": "loccitane欧舒丹旗舰店"
        },
        "tmall": true,
        "update_time": "2023-03-01 09:36:36",
        "data_update": "2023-03-01 09:36:36",
        "data_f": "Ha",
        "data_from": "hid",
        "promo_type": null,
        "props_img": {
            "147956252:45928": "http://img.alicdn.com/imgextra/i4/2248304671/O1CN017ornfN1kNMpvYdhNx_!!0-item_pic.jpg"
        },
        "error": null,
        "format_check": "ok",
        "sales": 0,
        "desc_img": [],
        "shop_item": [],
        "relate_items": []
    },
    "error": "",
    "secache": "25802c2cdb3593f4785568d5a3b29878",
    "secache_time": 1677749305,
    "secache_date": "2023-03-02 17:28:25",
    "translate_status": "",
    "translate_time": 0,
    "language": {
        "default_lang": "cn",
        "current_lang": "cn"
    },
    "reason": "",
    "error_code": "0000",
    "cache": 0,
    "api_info": "today: max:20000 all[=++];expires:2024-01-16",
    "execution_time": "0.494",
    "server_time": "Beijing/2023-03-02 17:28:25",
    "client_ip": "54.39.83.153",
    "call_args": {
        "num_iid": "673746709797",
        "is_promotion": "1"
    },
    "api_type": "taobao",
    "translate_language": "zh-CN",
    "translate_engine": "baidu_api",
    "server_memory": "5.78MB",
    "last_id": false
}