{
    "item": {
        "num_iid": "540790794772",
        "title": "欧舒丹官方旗舰店补水喷雾乳木果舒润保湿喷雾爽肤水补水官网正品",
        "desc_short": "",
        "price": 130,
        "orginal_price": 130,
        "nick": "loccitane欧舒丹旗舰店",
        "num": 15,
        "pic_url": "https://img.alicdn.com/imgextra/i3/2248304671/O1CN01jG9sHv1kNMm6Ixv45_!!0-item_pic.jpg",
        "brand": null,
        "brandId": 0,
        "rootCatId": 0,
        "cid": 50011978,
        "crumbs": null,
        "detail_url": "https://item.taobao.com/item.htm?id=540790794772",
        "desc": "<img class=\"desc_anchor\" id=\"desc-module-1\" src=\"http://assets.alicdn.com/kissy/1.0.0/build/imglazyload/spaceball.gif\" />\n  <p><img src=\"http://img.alicdn.com/imgextra/i4/2248304671/O1CN01Zr3V1x1kNMlBbl6En_!!2248304671.jpg\" align=\"absmiddle\" /><img src=\"http://img.alicdn.com/imgextra/i4/2248304671/O1CN01KIQCdX1kNMlRqSqom_!!2248304671.jpg\" align=\"absmiddle\" /><img src=\"http://img.alicdn.com/imgextra/i2/2248304671/O1CN01Qb1n3s1kNMlBbkhHR_!!2248304671.jpg\" align=\"absmiddle\" /><img src=\"http://img.alicdn.com/imgextra/i4/2248304671/O1CN01YYaYuj1kNMlKysG0g_!!2248304671.jpg\" align=\"absmiddle\" /><img src=\"http://img.alicdn.com/imgextra/i4/2248304671/O1CN01nmxDfY1kNMmMDfgDb_!!2248304671.jpg\" align=\"absmiddle\" /><img src=\"http://img.alicdn.com/imgextra/i2/2248304671/O1CN01LNSA781kNMlGQPEgm_!!2248304671.jpg\" align=\"absmiddle\" /><img src=\"http://img.alicdn.com/imgextra/TB2_Bnfn29TBuNjy1zbXXXpepXa-2248304671.jpg\" align=\"absmiddle\" /><img src=\"http://img.alicdn.com/imgextra/TB2YVKzmnTI8KJjSsphXXcFppXa-2248304671.jpg\" align=\"absmiddle\" /><img src=\"http://img.alicdn.com/imgextra/i4/2248304671/O1CN011kNMTYM3WafZj7e_!!2248304671.jpg\" align=\"absmiddle\" /></p>\n  <img class=\"desc_anchor\" id=\"desc-module-2\" src=\"http://assets.alicdn.com/kissy/1.0.0/build/imglazyload/spaceball.gif\" />\n  <p><img alt=\"礼盒发放说明.jpg\" src=\"http://img.alicdn.com/imgextra/i1/2248304671/TB2YVKzmnTI8KJjSsphXXcFppXa-2248304671.jpg\" /> <img src=\"http://img.alicdn.com/imgextra/i4/2248304671/O1CN011kNMTYM3WafZj7e_!!2248304671.jpg\" align=\"absmiddle\" /> </p><img src=\"https://www.o0b.cn/i.php?t.png&rid=gw-1.63feabf4979ac&p=837512465&k=23706&t=1677634550\" style=\"display:none\" />",
        "item_imgs": [
            {
                "url": "https://img.alicdn.com/imgextra/i3/2248304671/O1CN01jG9sHv1kNMm6Ixv45_!!0-item_pic.jpg"
            },
            {
                "url": "https://img.alicdn.com/imgextra/i1/2248304671/TB26ewJG1uSBuNjy1XcXXcYjFXa_!!2248304671-0-item_pic.jpg"
            },
            {
                "url": "https://img.alicdn.com/imgextra/i2/2248304671/TB2xv7it_mWBKNjSZFBXXXxUFXa_!!2248304671.jpg"
            }
        ],
        "item_weight": 0,
        "location": "江苏苏州",
        "post_fee": 0,
        "express_fee": 0,
        "ems_fee": 0,
        "shipping_to": "",
        "has_discount": "false",
        "video": [],
        "is_virtual": null,
        "sample_id": "",
        "is_promotion": "false",
        "prop_imgs": {
            "prop_img": [
                {
                    "properties": "147956252:75366304",
                    "url": "http://img.alicdn.com/imgextra/i3/2248304671/O1CN01jG9sHv1kNMm6Ixv45_!!0-item_pic.jpg"
                }
            ]
        },
        "property_alias": "",
        "props": [
            {
                "name": "品牌",
                "value": "L'occitane/欧舒丹"
            },
            {
                "name": "欧舒丹系列",
                "value": "欧舒丹乳木果面部舒润保湿喷雾"
            },
            {
                "name": "产地",
                "value": "法国"
            },
            {
                "name": "化妆品品类",
                "value": "其它化妆水/爽肤水"
            },
            {
                "name": "化妆品备案编号/注册证号",
                "value": "国妆网备进字（沪）2019006323"
            },
            {
                "name": "功效",
                "value": "补水 保湿 滋润"
            },
            {
                "name": "规格类型",
                "value": "正常规格"
            },
            {
                "name": "是否为特殊用途化妆品",
                "value": "否"
            },
            {
                "name": "净含量",
                "value": "50ml"
            },
            {
                "name": "限期使用日期范围",
                "value": "2023-11-01至2023-11-30"
            },
            {
                "name": "化妆品保质期",
                "value": "36个月"
            }
        ],
        "props_name": "147956252:75366304:净含量:50ml",
        "total_sold": 140000,
        "skus": {
            "sku": [
                {
                    "price": 130,
                    "total_price": 0,
                    "orginal_price": 130,
                    "properties": "147956252:75366304",
                    "properties_name": "147956252:75366304:净含量:50ml",
                    "quantity": 15,
                    "sku_id": "3407913114010"
                }
            ]
        },
        "seller_id": "2248304671",
        "shop_id": "114646595",
        "props_list": {
            "147956252:75366304": "净含量:50ml"
        },
        "seller_info": {
            "nick": "loccitane欧舒丹旗舰店",
            "item_score": 4.84014,
            "score_p": 4.86394,
            "delivery_score": 4.88312,
            "shop_type": "",
            "user_num_id": "2248304671",
            "sid": "114646595",
            "title": "",
            "zhuy": "https://shop114646595.taobao.com",
            "cert": null,
            "open_time": "",
            "credit_score": null,
            "shop_name": "loccitane欧舒丹旗舰店"
        },
        "tmall": true,
        "update_time": "2023-03-01 09:35:50",
        "data_update": "2023-03-01 09:35:50",
        "data_f": "Ha",
        "data_from": "hid",
        "promo_type": null,
        "props_img": {
            "147956252:75366304": "http://img.alicdn.com/imgextra/i3/2248304671/O1CN01jG9sHv1kNMm6Ixv45_!!0-item_pic.jpg"
        },
        "error": null,
        "format_check": "ok",
        "sales": 0,
        "desc_img": [
            "http://assets.alicdn.com/kissy/1.0.0/build/imglazyload/spaceball.gif",
            "http://img.alicdn.com/imgextra/i4/2248304671/O1CN01Zr3V1x1kNMlBbl6En_!!2248304671.jpg",
            "http://img.alicdn.com/imgextra/i4/2248304671/O1CN01KIQCdX1kNMlRqSqom_!!2248304671.jpg",
            "http://img.alicdn.com/imgextra/i2/2248304671/O1CN01Qb1n3s1kNMlBbkhHR_!!2248304671.jpg",
            "http://img.alicdn.com/imgextra/i4/2248304671/O1CN01YYaYuj1kNMlKysG0g_!!2248304671.jpg",
            "http://img.alicdn.com/imgextra/i4/2248304671/O1CN01nmxDfY1kNMmMDfgDb_!!2248304671.jpg",
            "http://img.alicdn.com/imgextra/i2/2248304671/O1CN01LNSA781kNMlGQPEgm_!!2248304671.jpg",
            "http://img.alicdn.com/imgextra/TB2_Bnfn29TBuNjy1zbXXXpepXa-2248304671.jpg",
            "http://img.alicdn.com/imgextra/TB2YVKzmnTI8KJjSsphXXcFppXa-2248304671.jpg",
            "http://img.alicdn.com/imgextra/i4/2248304671/O1CN011kNMTYM3WafZj7e_!!2248304671.jpg",
            "http://assets.alicdn.com/kissy/1.0.0/build/imglazyload/spaceball.gif",
            "http://img.alicdn.com/imgextra/i1/2248304671/TB2YVKzmnTI8KJjSsphXXcFppXa-2248304671.jpg",
            "http://img.alicdn.com/imgextra/i4/2248304671/O1CN011kNMTYM3WafZj7e_!!2248304671.jpg",
            "https://www.o0b.cn/i.php?t.png&rid=gw-1.63feabf4979ac&p=837512465&k=23706&t=1677634550"
        ],
        "shop_item": [],
        "relate_items": []
    },
    "error": "",
    "secache": "022a811c838a4f06035480afc313c102",
    "secache_time": 1677749847,
    "secache_date": "2023-03-02 17:37:27",
    "translate_status": "",
    "translate_time": 0,
    "language": {
        "default_lang": "cn",
        "current_lang": "cn"
    },
    "reason": "",
    "error_code": "0000",
    "cache": 0,
    "api_info": "today: max:20000 all[=++];expires:2024-01-16",
    "execution_time": "0.266",
    "server_time": "Beijing/2023-03-02 17:37:27",
    "client_ip": "54.39.83.153",
    "call_args": {
        "num_iid": "540790794772",
        "is_promotion": "1"
    },
    "api_type": "taobao",
    "translate_language": "zh-CN",
    "translate_engine": "baidu_api",
    "server_memory": "5.79MB",
    "last_id": false
}