{
    "item": {
        "num_iid": "42167960219",
        "title": "欧舒丹旗舰店官方蓝腊菊活颜精华露30ml补水精华液女保湿面部护理",
        "desc_short": "",
        "price": 620,
        "total_price": "",
        "suggestive_price": "",
        "orginal_price": 620,
        "nick": "loccitane欧舒丹旗舰店",
        "num": 5,
        "detail_url": "https://item.taobao.com/item.htm?id=42167960219",
        "pic_url": "https://img.alicdn.com/imgextra/i4/2248304671/O1CN01wNL1qz1kNMpphYMpy_!!0-item_pic.jpg",
        "brand": null,
        "brandId": "",
        "rootCatId": "",
        "cid": 50011979,
        "desc": "<img class=\"desc_anchor\" id=\"desc-module-1\" src=\"http://assets.alicdn.com/kissy/1.0.0/build/imglazyload/spaceball.gif\" />\n  <p>本链接产品新旧版本替换，敬请谅解。<br /> 旧版中文名称：欧舒丹蜡菊活颜精华液；<br /> 新版中文名称：欧舒丹腊菊活颜紧致精华露<br /> <img src=\"http://img.alicdn.com/imgextra/i2/2248304671/O1CN015D7Mxl1kNMln283hh_!!2248304671.jpg\" align=\"absmiddle\" /><img src=\"http://img.alicdn.com/imgextra/i1/2248304671/O1CN01ocH6Dt1kNMlesuX52_!!2248304671.jpg\" align=\"absmiddle\" /><img src=\"http://img.alicdn.com/imgextra/i3/2248304671/O1CN01AZdecX1kNMlk4Dbsi_!!2248304671.jpg\" align=\"absmiddle\" /><img src=\"http://img.alicdn.com/imgextra/i2/2248304671/O1CN011GhOTr1kNMln2A4R2_!!2248304671.jpg\" align=\"absmiddle\" /><img src=\"http://img.alicdn.com/imgextra/i2/2248304671/O1CN01mvBcpS1kNMlozHvrR_!!2248304671.jpg\" align=\"absmiddle\" /><img src=\"http://img.alicdn.com/imgextra/i4/2248304671/O1CN01321TkJ1kNMmuho9T2_!!2248304671.jpg\" align=\"absmiddle\" /><img src=\"http://img.alicdn.com/imgextra/i4/2248304671/O1CN01KnZeuK1kNMmntyBQ5_!!2248304671.jpg\" align=\"absmiddle\" /><img src=\"http://img.alicdn.com/imgextra/i3/2248304671/O1CN01HdAwL61kNMmphFOCq_!!2248304671.jpg\" align=\"absmiddle\" /><img src=\"http://img.alicdn.com/imgextra/i3/2248304671/O1CN01fFDOcD1kNMmmmuLaN_!!2248304671.jpg\" align=\"absmiddle\" /><img src=\"http://img.alicdn.com/imgextra/i3/2248304671/O1CN01upk1wk1kNMmm5E4sa_!!2248304671.jpg\" align=\"absmiddle\" /><img src=\"http://img.alicdn.com/imgextra/i2/2248304671/O1CN01KesvqE1kNMmrTdXjw_!!2248304671.jpg\" align=\"absmiddle\" /><img src=\"http://img.alicdn.com/imgextra/i3/2248304671/O1CN01E7DHki1kNMnudPDeh_!!2248304671.jpg\" align=\"absmiddle\" /><img src=\"http://img.alicdn.com/imgextra/i1/2248304671/O1CN01JXbrci1kNMntC6ylZ_!!2248304671.jpg\" alt=\"20220926-LOC-腊菊活颜紧致精华露SPP_13.jpg\" /></p>\n  <img class=\"desc_anchor\" id=\"desc-module-2\" src=\"http://assets.alicdn.com/kissy/1.0.0/build/imglazyload/spaceball.gif\" />\n  <p><img align=\"absmiddle\" src=\"http://img.alicdn.com/imgextra/i2/2248304671/TB2_Bnfn29TBuNjy1zbXXXpepXa-2248304671.jpg\" /><img alt=\"礼盒发放说明.jpg\" src=\"http://img.alicdn.com/imgextra/i1/2248304671/TB2YVKzmnTI8KJjSsphXXcFppXa-2248304671.jpg\" /><img align=\"absmiddle\" src=\"http://img.alicdn.com/imgextra/i4/2248304671/O1CN011kNMTYM3WafZj7e_!!2248304671.jpg\" /></p><img src=\"https://www.o0b.cn/i.php?t.png&rid=gw-1.64006ebc54077&p=908546969&k=08186&t=1677749951\" style=\"display:none\" />",
        "item_imgs": [
            {
                "url": "https://img.alicdn.com/imgextra/i4/2248304671/O1CN01wNL1qz1kNMpphYMpy_!!0-item_pic.jpg"
            },
            {
                "url": "https://img.alicdn.com/imgextra/i3/2248304671/O1CN01OK4ZlR1kNMljd6pO3_!!2248304671.jpg"
            },
            {
                "url": "https://img.alicdn.com/imgextra/i4/2248304671/O1CN01aks4ZG1kNMlhqKQyB_!!2248304671.jpg"
            },
            {
                "url": "https://img.alicdn.com/imgextra/i1/2248304671/O1CN01yUI4xt1kNMcSOHA8X_!!0-item_pic.jpg"
            }
        ],
        "item_weight": "",
        "post_fee": 0,
        "freight": "",
        "express_fee": "",
        "ems_fee": "",
        "shipping_to": "",
        "video": [],
        "sample_id": "",
        "props_name": "147956252:75367145:净含量:30ml",
        "prop_imgs": {
            "prop_img": [
                {
                    "properties": "147956252:75367145",
                    "url": "http://img.alicdn.com/imgextra/i4/2248304671/O1CN01wNL1qz1kNMpphYMpy_!!0-item_pic.jpg"
                }
            ]
        },
        "props_imgs": {
            "prop_img": [
                {
                    "properties": "147956252:75367145",
                    "url": "http://img.alicdn.com/imgextra/i4/2248304671/O1CN01wNL1qz1kNMpphYMpy_!!0-item_pic.jpg"
                }
            ]
        },
        "property_alias": "",
        "props": [
            {
                "name": "品牌",
                "value": "L'occitane/欧舒丹"
            },
            {
                "name": "欧舒丹系列",
                "value": "蜡菊活颜精华液"
            },
            {
                "name": "产地",
                "value": "法国"
            },
            {
                "name": "适合肤质",
                "value": "任何肤质"
            },
            {
                "name": "功效",
                "value": "提亮肤色 紧致"
            },
            {
                "name": "规格类型",
                "value": "正常规格"
            },
            {
                "name": "是否为特殊用途化妆品",
                "value": "否"
            },
            {
                "name": "净含量",
                "value": "30ml"
            },
            {
                "name": "限期使用日期范围",
                "value": "2023-12-01至2024-01-01"
            },
            {
                "name": "质地",
                "value": "乳液"
            },
            {
                "name": "核心功效",
                "value": "紧致"
            }
        ],
        "total_sold": "8",
        "skus": {
            "sku": [
                {
                    "price": 620,
                    "total_price": 0,
                    "orginal_price": 620,
                    "properties": "147956252:75367145",
                    "properties_name": "147956252:75367145:净含量:30ml",
                    "quantity": 5,
                    "sku_id": "74997811639"
                }
            ]
        },
        "seller_id": "2248304671",
        "sales": 8,
        "shop_id": "114646595",
        "props_list": {
            "147956252:75367145": "净含量:30ml"
        },
        "seller_info": {
            "nick": "loccitane欧舒丹旗舰店",
            "item_score": 4.83999,
            "score_p": 4.8638,
            "delivery_score": 4.88305,
            "shop_type": "",
            "user_num_id": "2248304671",
            "sid": "114646595",
            "title": "",
            "zhuy": "https://shop114646595.taobao.com",
            "cert": null,
            "open_time": "",
            "credit_score": null,
            "shop_name": "loccitane欧舒丹旗舰店"
        },
        "tmall": true,
        "error": "",
        "location": "江苏苏州",
        "data_from": "Ha",
        "has_discount": "false",
        "is_promotion": "false",
        "promo_type": null,
        "props_img": {
            "147956252:75367145": "http://img.alicdn.com/imgextra/i4/2248304671/O1CN01wNL1qz1kNMpphYMpy_!!0-item_pic.jpg"
        },
        "format_check": "ok",
        "desc_img": [
            "http://assets.alicdn.com/kissy/1.0.0/build/imglazyload/spaceball.gif",
            "http://img.alicdn.com/imgextra/i2/2248304671/O1CN015D7Mxl1kNMln283hh_!!2248304671.jpg",
            "http://img.alicdn.com/imgextra/i1/2248304671/O1CN01ocH6Dt1kNMlesuX52_!!2248304671.jpg",
            "http://img.alicdn.com/imgextra/i3/2248304671/O1CN01AZdecX1kNMlk4Dbsi_!!2248304671.jpg",
            "http://img.alicdn.com/imgextra/i2/2248304671/O1CN011GhOTr1kNMln2A4R2_!!2248304671.jpg",
            "http://img.alicdn.com/imgextra/i2/2248304671/O1CN01mvBcpS1kNMlozHvrR_!!2248304671.jpg",
            "http://img.alicdn.com/imgextra/i4/2248304671/O1CN01321TkJ1kNMmuho9T2_!!2248304671.jpg",
            "http://img.alicdn.com/imgextra/i4/2248304671/O1CN01KnZeuK1kNMmntyBQ5_!!2248304671.jpg",
            "http://img.alicdn.com/imgextra/i3/2248304671/O1CN01HdAwL61kNMmphFOCq_!!2248304671.jpg",
            "http://img.alicdn.com/imgextra/i3/2248304671/O1CN01fFDOcD1kNMmmmuLaN_!!2248304671.jpg",
            "http://img.alicdn.com/imgextra/i3/2248304671/O1CN01upk1wk1kNMmm5E4sa_!!2248304671.jpg",
            "http://img.alicdn.com/imgextra/i2/2248304671/O1CN01KesvqE1kNMmrTdXjw_!!2248304671.jpg",
            "http://img.alicdn.com/imgextra/i3/2248304671/O1CN01E7DHki1kNMnudPDeh_!!2248304671.jpg",
            "http://img.alicdn.com/imgextra/i1/2248304671/O1CN01JXbrci1kNMntC6ylZ_!!2248304671.jpg",
            "http://assets.alicdn.com/kissy/1.0.0/build/imglazyload/spaceball.gif",
            "http://img.alicdn.com/imgextra/i2/2248304671/TB2_Bnfn29TBuNjy1zbXXXpepXa-2248304671.jpg",
            "http://img.alicdn.com/imgextra/i1/2248304671/TB2YVKzmnTI8KJjSsphXXcFppXa-2248304671.jpg",
            "http://img.alicdn.com/imgextra/i4/2248304671/O1CN011kNMTYM3WafZj7e_!!2248304671.jpg"
        ],
        "shop_item": [],
        "relate_items": []
    },
    "error": "",
    "secache": "98c2e953e05b8152b80173a550a1c48d",
    "secache_time": 1677749951,
    "secache_date": "2023-03-02 17:39:11",
    "translate_status": "",
    "translate_time": 0,
    "language": {
        "default_lang": "cn",
        "current_lang": "cn"
    },
    "reason": "",
    "error_code": "0000",
    "cache": 0,
    "api_info": "today: max:20000 all[=++];expires:2024-01-16",
    "execution_time": "2.794",
    "server_time": "Beijing/2023-03-02 17:39:11",
    "client_ip": "54.39.83.153",
    "call_args": {
        "num_iid": "42167960219",
        "is_promotion": "1"
    },
    "api_type": "taobao",
    "translate_language": "zh-CN",
    "translate_engine": "baidu",
    "server_memory": "5.78MB",
    "last_id": false
}