{
    "item": {
        "num_iid": "591655228450",
        "title": "【38节抢购】欧舒丹马鞭草沐浴露润肤露套装男女全身清洁保湿滋润",
        "desc_short": "",
        "price": 445,
        "total_price": "",
        "suggestive_price": "",
        "orginal_price": 445,
        "nick": "loccitane欧舒丹旗舰店",
        "num": 200,
        "detail_url": "https://item.taobao.com/item.htm?id=591655228450",
        "pic_url": "https://img.alicdn.com/imgextra/i1/2248304671/O1CN01LD0zlV1kNMqEIj6bB_!!0-item_pic.jpg",
        "brand": null,
        "brandId": "",
        "rootCatId": "",
        "cid": 121484012,
        "desc": "",
        "item_imgs": [
            {
                "url": "https://img.alicdn.com/imgextra/i1/2248304671/O1CN01LD0zlV1kNMqEIj6bB_!!0-item_pic.jpg"
            },
            {
                "url": "https://img.alicdn.com/imgextra/i4/2248304671/O1CN01VWODHE1kNMq7EqXIw_!!2248304671.jpg"
            },
            {
                "url": "https://img.alicdn.com/imgextra/i3/2248304671/O1CN01Rfq03g1kNMq6HFjVK_!!2248304671.jpg"
            },
            {
                "url": "https://img.alicdn.com/imgextra/i4/2248304671/O1CN01jITvo71kNMiJEbVMa_!!2248304671.jpg"
            },
            {
                "url": "https://img.alicdn.com/imgextra/i4/2248304671/O1CN01exdztn1kNMlqU3WQ4_!!2248304671.jpg"
            }
        ],
        "item_weight": "",
        "post_fee": 0,
        "freight": "",
        "express_fee": "",
        "ems_fee": "",
        "shipping_to": "",
        "video": [],
        "sample_id": "",
        "props_name": "1626520:6983463:香味:清新马鞭草;1626520:38711886:香味:薄荷马鞭草;147956252:75367556:净含量:500ml;147956252:75367556:净含量:500ml",
        "prop_imgs": {
            "prop_img": [
                {
                    "properties": "1626520:6983463",
                    "url": "http://img.alicdn.com/imgextra/i2/2248304671/O1CN01J3sO4E1kNMnZC7KIH_!!2248304671.jpg"
                },
                {
                    "properties": "1626520:38711886",
                    "url": "http://img.alicdn.com/imgextra/i2/2248304671/O1CN015tYElu1kNMnYRLmy9_!!2248304671.jpg"
                }
            ]
        },
        "props_imgs": {
            "prop_img": [
                {
                    "properties": "1626520:6983463",
                    "url": "http://img.alicdn.com/imgextra/i2/2248304671/O1CN01J3sO4E1kNMnZC7KIH_!!2248304671.jpg"
                },
                {
                    "properties": "1626520:38711886",
                    "url": "http://img.alicdn.com/imgextra/i2/2248304671/O1CN015tYElu1kNMnYRLmy9_!!2248304671.jpg"
                }
            ]
        },
        "property_alias": "",
        "props": [
            {
                "name": "品牌",
                "value": "L'occitane/欧舒丹"
            },
            {
                "name": "欧舒丹系列",
                "value": "马鞭草沐浴润肤套装"
            },
            {
                "name": "产地",
                "value": "法国"
            },
            {
                "name": "香味",
                "value": "清新马鞭草 薄荷马鞭草"
            },
            {
                "name": "化妆品备案编号/注册证号",
                "value": "国妆网备进字（沪）2021504042"
            },
            {
                "name": "保质期",
                "value": "3年"
            },
            {
                "name": "适合肤质",
                "value": "任何肤质"
            },
            {
                "name": "原料成分",
                "value": "柠檬马鞭草"
            },
            {
                "name": "功效",
                "value": "滋润 深层清洁"
            },
            {
                "name": "规格类型",
                "value": "正常规格"
            },
            {
                "name": "是否为特殊用途化妆品",
                "value": "否"
            },
            {
                "name": "净含量",
                "value": "500ml"
            },
            {
                "name": "限期使用日期范围",
                "value": "2024-04-01至2025-03-31"
            }
        ],
        "total_sold": "-1",
        "skus": {
            "sku": [
                {
                    "price": 445,
                    "total_price": 0,
                    "orginal_price": 445,
                    "properties": "1626520:6983463;147956252:75367556",
                    "properties_name": "1626520:6983463:香味:清新马鞭草;147956252:75367556:净含量:500ml",
                    "quantity": 94,
                    "sku_id": "4739156425404"
                },
                {
                    "price": 465,
                    "total_price": 0,
                    "orginal_price": 465,
                    "properties": "1626520:38711886;147956252:75367556",
                    "properties_name": "1626520:38711886:香味:薄荷马鞭草;147956252:75367556:净含量:500ml",
                    "quantity": 200,
                    "sku_id": "5037688794660"
                }
            ]
        },
        "seller_id": "2248304671",
        "sales": 100,
        "shop_id": "114646595",
        "props_list": {
            "1626520:6983463": "香味:清新马鞭草",
            "1626520:38711886": "香味:薄荷马鞭草",
            "147956252:75367556": "净含量:500ml"
        },
        "seller_info": {
            "nick": "loccitane欧舒丹旗舰店",
            "item_score": 4.83999,
            "score_p": 4.8638,
            "delivery_score": 4.88305,
            "shop_type": "",
            "user_num_id": "2248304671",
            "sid": "114646595",
            "title": "",
            "zhuy": "https://shop114646595.taobao.com",
            "cert": null,
            "open_time": "",
            "credit_score": null,
            "shop_name": "loccitane欧舒丹旗舰店"
        },
        "tmall": true,
        "error": "",
        "location": "江苏苏州",
        "data_from": "Ha",
        "has_discount": "false",
        "is_promotion": "false",
        "promo_type": null,
        "props_img": {
            "1626520:6983463": "http://img.alicdn.com/imgextra/i2/2248304671/O1CN01J3sO4E1kNMnZC7KIH_!!2248304671.jpg",
            "1626520:38711886": "http://img.alicdn.com/imgextra/i2/2248304671/O1CN015tYElu1kNMnYRLmy9_!!2248304671.jpg"
        },
        "format_check": "ok",
        "desc_img": [],
        "shop_item": [],
        "relate_items": []
    },
    "error": "",
    "secache": "749b1cdf2906f88f56a98bce5a641642",
    "secache_time": 1677748957,
    "secache_date": "2023-03-02 17:22:37",
    "translate_status": "",
    "translate_time": 0,
    "language": {
        "default_lang": "cn",
        "current_lang": "cn"
    },
    "reason": "",
    "error_code": "0000",
    "cache": 0,
    "api_info": "today: max:20000 all[=++];expires:2024-01-16",
    "execution_time": "6.697",
    "server_time": "Beijing/2023-03-02 17:22:37",
    "client_ip": "54.39.83.153",
    "call_args": {
        "num_iid": "591655228450",
        "is_promotion": "1"
    },
    "api_type": "taobao",
    "translate_language": "zh-CN",
    "translate_engine": "baidu",
    "server_memory": "0.77MB",
    "last_id": false
}