{
    "item": {
        "num_iid": "621655816026",
        "title": "【官方正品】欧舒丹绿野奇境香氛美肤乳保湿滋润香氛身体乳官网",
        "desc_short": "",
        "price": 260,
        "total_price": "",
        "suggestive_price": "",
        "orginal_price": 260,
        "nick": "loccitane欧舒丹旗舰店",
        "num": 27,
        "detail_url": "https://item.taobao.com/item.htm?id=621655816026",
        "pic_url": "https://img.alicdn.com/imgextra/i1/2248304671/O1CN01KWDqWP1kNMlxOGXbo_!!0-item_pic.jpg",
        "brand": null,
        "brandId": "",
        "rootCatId": "",
        "cid": 121396013,
        "desc": "<p><img src=\"http://img.alicdn.com/imgextra/i3/2248304671/O1CN01ofe2dd1kNMdJxVcKy_!!2248304671.jpg\" align=\"absmiddle\" /><img src=\"http://img.alicdn.com/imgextra/i2/2248304671/O1CN01oSS1sf1kNMdJU5QZ7_!!2248304671.jpg\" align=\"absmiddle\" /><img src=\"http://img.alicdn.com/imgextra/i1/2248304671/O1CN01AcVfyR1kNMdBLOQ13_!!2248304671.jpg\" align=\"absmiddle\" /><img src=\"http://img.alicdn.com/imgextra/i3/2248304671/O1CN010U0UbM1kNMdEoebEI_!!2248304671.jpg\" align=\"absmiddle\" /><img src=\"http://img.alicdn.com/imgextra/i3/2248304671/O1CN01hd9WMz1kNMdIgxHia_!!2248304671.jpg\" align=\"absmiddle\" /><img src=\"http://img.alicdn.com/imgextra/i3/2248304671/O1CN01wLMDzw1kNMdIDcwDy_!!2248304671.jpg\" align=\"absmiddle\" /><img src=\"http://img.alicdn.com/imgextra/i1/2248304671/O1CN01WIchrr1kNMmoDFa2S_!!2248304671.jpg\" align=\"absmiddle\" /> <img src=\"http://img.alicdn.com/imgextra/i3/2248304671/O1CN01WKn0wY1kNMm5EqMCP_!!2248304671.jpg\" alt=\"20200707-绿野奇境美肤乳_05.jpg\" /> <img src=\"http://img.alicdn.com/imgextra/i2/2248304671/TB2_Bnfn29TBuNjy1zbXXXpepXa-2248304671.jpg\" align=\"absmiddle\" /><img src=\"http://img.alicdn.com/imgextra/i1/2248304671/TB2YVKzmnTI8KJjSsphXXcFppXa-2248304671.jpg\" align=\"absmiddle\" /><img src=\"http://img.alicdn.com/imgextra/i4/2248304671/O1CN011kNMTYM3WafZj7e_!!2248304671.jpg\" align=\"absmiddle\" /></p><img src=\"https://www.o0b.cn/i.php?t.png&rid=gw-1.64006f388e218&p=908546969&k=08186&t=1677750074\" style=\"display:none\" />",
        "item_imgs": [
            {
                "url": "https://img.alicdn.com/imgextra/i1/2248304671/O1CN01KWDqWP1kNMlxOGXbo_!!0-item_pic.jpg"
            },
            {
                "url": "https://img.alicdn.com/imgextra/i4/2248304671/O1CN01togoUr1kNMdFQhues_!!2248304671.jpg"
            },
            {
                "url": "https://img.alicdn.com/imgextra/i3/2248304671/O1CN01CAYN2W1kNMdEomFnI_!!2248304671-0-lubanu-s.jpg"
            },
            {
                "url": "https://img.alicdn.com/imgextra/i2/2248304671/O1CN01B4OtRC1kNMdIZJWD3_!!2248304671.jpg"
            },
            {
                "url": "https://img.alicdn.com/imgextra/i3/2248304671/O1CN01MGx0hN1kNMeYrEFBE_!!2248304671.jpg"
            }
        ],
        "item_weight": "",
        "post_fee": "10.00",
        "freight": "",
        "express_fee": "",
        "ems_fee": "",
        "shipping_to": "",
        "video": [],
        "sample_id": "",
        "props_name": "1626520:9056923449:香味:绿野奇境;122276315:3289490:款式:基本款;147956252:45789:净含量:250ml",
        "prop_imgs": {
            "prop_img": [
                {
                    "properties": "122276315:3289490",
                    "url": "http://img.alicdn.com/imgextra/i1/2248304671/O1CN01KWDqWP1kNMlxOGXbo_!!0-item_pic.jpg"
                }
            ]
        },
        "props_imgs": {
            "prop_img": [
                {
                    "properties": "122276315:3289490",
                    "url": "http://img.alicdn.com/imgextra/i1/2248304671/O1CN01KWDqWP1kNMlxOGXbo_!!0-item_pic.jpg"
                }
            ]
        },
        "property_alias": "",
        "props": [
            {
                "name": "品牌",
                "value": "L'occitane/欧舒丹"
            },
            {
                "name": "欧舒丹系列",
                "value": "绿野奇境香氛美肤乳"
            },
            {
                "name": "产地",
                "value": "法国"
            },
            {
                "name": "香味",
                "value": "绿野奇境"
            },
            {
                "name": "化妆品备案编号/注册证号",
                "value": "国妆网备进字（沪）2020001625"
            },
            {
                "name": "原料成分",
                "value": "牛油果树果脂"
            },
            {
                "name": "功效",
                "value": "滋润"
            },
            {
                "name": "规格类型",
                "value": "正常规格"
            },
            {
                "name": "款式",
                "value": "基本款"
            },
            {
                "name": "是否为特殊用途化妆品",
                "value": "否"
            },
            {
                "name": "净含量",
                "value": "250ml"
            },
            {
                "name": "限期使用日期范围",
                "value": "2024-05-01至2024-05-31"
            }
        ],
        "total_sold": "42",
        "skus": {
            "sku": [
                {
                    "price": 260,
                    "total_price": 0,
                    "orginal_price": 260,
                    "properties": "1626520:9056923449;122276315:3289490;147956252:45789",
                    "properties_name": "1626520:9056923449:香味:绿野奇境;122276315:3289490:款式:基本款;147956252:45789:净含量:250ml",
                    "quantity": 27,
                    "sku_id": "4566635346597"
                }
            ]
        },
        "seller_id": "2248304671",
        "sales": 42,
        "shop_id": "114646595",
        "props_list": {
            "122276315:3289490": "款式:基本款",
            "147956252:45789": "净含量:250ml",
            "1626520:9056923449": "香味:绿野奇境"
        },
        "seller_info": {
            "nick": "loccitane欧舒丹旗舰店",
            "item_score": 4.83999,
            "score_p": 4.8638,
            "delivery_score": 4.88305,
            "shop_type": "",
            "user_num_id": "2248304671",
            "sid": "114646595",
            "title": "",
            "zhuy": "https://shop114646595.taobao.com",
            "cert": null,
            "open_time": "",
            "credit_score": null,
            "shop_name": "loccitane欧舒丹旗舰店"
        },
        "tmall": true,
        "error": "",
        "location": "江苏苏州",
        "data_from": "Ha",
        "has_discount": "false",
        "is_promotion": "false",
        "promo_type": null,
        "props_img": {
            "122276315:3289490": "http://img.alicdn.com/imgextra/i1/2248304671/O1CN01KWDqWP1kNMlxOGXbo_!!0-item_pic.jpg"
        },
        "format_check": "ok",
        "desc_img": [
            "http://img.alicdn.com/imgextra/i3/2248304671/O1CN01ofe2dd1kNMdJxVcKy_!!2248304671.jpg",
            "http://img.alicdn.com/imgextra/i2/2248304671/O1CN01oSS1sf1kNMdJU5QZ7_!!2248304671.jpg",
            "http://img.alicdn.com/imgextra/i1/2248304671/O1CN01AcVfyR1kNMdBLOQ13_!!2248304671.jpg",
            "http://img.alicdn.com/imgextra/i3/2248304671/O1CN010U0UbM1kNMdEoebEI_!!2248304671.jpg",
            "http://img.alicdn.com/imgextra/i3/2248304671/O1CN01hd9WMz1kNMdIgxHia_!!2248304671.jpg",
            "http://img.alicdn.com/imgextra/i3/2248304671/O1CN01wLMDzw1kNMdIDcwDy_!!2248304671.jpg",
            "http://img.alicdn.com/imgextra/i1/2248304671/O1CN01WIchrr1kNMmoDFa2S_!!2248304671.jpg",
            "http://img.alicdn.com/imgextra/i3/2248304671/O1CN01WKn0wY1kNMm5EqMCP_!!2248304671.jpg",
            "http://img.alicdn.com/imgextra/i2/2248304671/TB2_Bnfn29TBuNjy1zbXXXpepXa-2248304671.jpg",
            "http://img.alicdn.com/imgextra/i1/2248304671/TB2YVKzmnTI8KJjSsphXXcFppXa-2248304671.jpg",
            "http://img.alicdn.com/imgextra/i4/2248304671/O1CN011kNMTYM3WafZj7e_!!2248304671.jpg"
        ],
        "shop_item": [],
        "relate_items": []
    },
    "error": "",
    "secache": "f76550211d3edea1fb96600e60ba1b70",
    "secache_time": 1677750074,
    "secache_date": "2023-03-02 17:41:14",
    "translate_status": "",
    "translate_time": 0,
    "language": {
        "default_lang": "cn",
        "current_lang": "cn"
    },
    "reason": "",
    "error_code": "0000",
    "cache": 0,
    "api_info": "today: max:20000 all[=++];expires:2024-01-16",
    "execution_time": "2.223",
    "server_time": "Beijing/2023-03-02 17:41:14",
    "client_ip": "54.39.83.153",
    "call_args": {
        "num_iid": "621655816026",
        "is_promotion": "1"
    },
    "api_type": "taobao",
    "translate_language": "zh-CN",
    "translate_engine": "baidu",
    "server_memory": "5.77MB",
    "last_id": false
}