{
    "item": {
        "num_iid": "616139298073",
        "title": "【38节抢购】欧舒丹亮晶晶眼精华微囊肌底眼霜补水保湿眼部护理",
        "desc_short": "",
        "price": 520,
        "total_price": "",
        "suggestive_price": "",
        "orginal_price": 520,
        "nick": "loccitane欧舒丹旗舰店",
        "num": 10,
        "detail_url": "https://item.taobao.com/item.htm?id=616139298073",
        "pic_url": "https://img.alicdn.com/imgextra/i2/2248304671/O1CN01xnrRm11kNMq6iyJ8u_!!0-item_pic.jpg",
        "brand": null,
        "brandId": "",
        "rootCatId": "",
        "cid": 121422013,
        "desc": "<p><img src=\"http://img.alicdn.com/imgextra/i4/2248304671/O1CN01u5e9Fm1kNMlqESGav_!!2248304671.jpg\" align=\"absmiddle\" /><img src=\"http://img.alicdn.com/imgextra/i1/2248304671/O1CN01WzNGD01kNMllRNCA9_!!2248304671.jpg\" align=\"absmiddle\" /><img src=\"http://img.alicdn.com/imgextra/i3/2248304671/O1CN01NhnZOd1kNMlexGc5y_!!2248304671.jpg\" align=\"absmiddle\" /><img src=\"http://img.alicdn.com/imgextra/i3/2248304671/O1CN014Q3ecX1kNMldRsbhe_!!2248304671.jpg\" align=\"absmiddle\" /><img src=\"http://img.alicdn.com/imgextra/i2/2248304671/O1CN01jAqng51kNMmcS1ZNR_!!2248304671.jpg\" align=\"absmiddle\" /><img src=\"http://img.alicdn.com/imgextra/i1/2248304671/O1CN01jacyzE1kNMmrVaaax_!!2248304671.jpg\" align=\"absmiddle\" /><img src=\"http://img.alicdn.com/imgextra/i2/2248304671/O1CN01YrPXrK1kNMmpjDRMv_!!2248304671.jpg\" align=\"absmiddle\" /><img src=\"http://img.alicdn.com/imgextra/i2/2248304671/O1CN01vl5QaS1kNMmskd0Ag_!!2248304671.jpg\" align=\"absmiddle\" /><img src=\"http://img.alicdn.com/imgextra/i3/2248304671/O1CN01rohx2Q1kNMmm7C3p0_!!2248304671.jpg\" align=\"absmiddle\" /><img src=\"http://img.alicdn.com/imgextra/i4/2248304671/O1CN016VVfr71kNMmcS2RRx_!!2248304671.jpg\" align=\"absmiddle\" /><img src=\"http://img.alicdn.com/imgextra/i1/2248304671/O1CN01Y957YA1kNMlp3dg8r_!!2248304671.jpg\" align=\"absmiddle\" /><img src=\"http://img.alicdn.com/imgextra/i2/2248304671/TB2_Bnfn29TBuNjy1zbXXXpepXa-2248304671.jpg\" align=\"absmiddle\" /><img src=\"http://img.alicdn.com/imgextra/i1/2248304671/TB2YVKzmnTI8KJjSsphXXcFppXa-2248304671.jpg\" align=\"absmiddle\" /><img src=\"http://img.alicdn.com/imgextra/i4/2248304671/O1CN011kNMTYM3WafZj7e_!!2248304671.jpg\" align=\"absmiddle\" /></p><img src=\"https://www.o0b.cn/i.php?t.png&rid=gw-3.64006e2bc92f8&p=908546969&k=08186&t=1677749806\" style=\"display:none\" />",
        "item_imgs": [
            {
                "url": "https://img.alicdn.com/imgextra/i2/2248304671/O1CN01xnrRm11kNMq6iyJ8u_!!0-item_pic.jpg"
            },
            {
                "url": "https://img.alicdn.com/imgextra/i2/2248304671/O1CN01HT8zVq1kNMliiByWP_!!2248304671.jpg"
            },
            {
                "url": "https://img.alicdn.com/imgextra/i3/2248304671/O1CN01Rfq03g1kNMq6HFjVK_!!2248304671.jpg"
            },
            {
                "url": "https://img.alicdn.com/imgextra/i1/2248304671/O1CN01TNAbG71kNMllNqCgI_!!2248304671.jpg"
            },
            {
                "url": "https://img.alicdn.com/imgextra/i1/2248304671/O1CN01acAsC31kNMm5YYHgo_!!2248304671.jpg"
            }
        ],
        "item_weight": "",
        "post_fee": 0,
        "freight": "",
        "express_fee": "",
        "ems_fee": "",
        "shipping_to": "",
        "video": [],
        "sample_id": "",
        "props_name": "147956252:75367397:净含量:15ml",
        "prop_imgs": {
            "prop_img": [
                {
                    "properties": "147956252:75367397",
                    "url": "http://img.alicdn.com/imgextra/i2/2248304671/O1CN01xnrRm11kNMq6iyJ8u_!!0-item_pic.jpg"
                }
            ]
        },
        "props_imgs": {
            "prop_img": [
                {
                    "properties": "147956252:75367397",
                    "url": "http://img.alicdn.com/imgextra/i2/2248304671/O1CN01xnrRm11kNMq6iyJ8u_!!0-item_pic.jpg"
                }
            ]
        },
        "property_alias": "",
        "props": [
            {
                "name": "品牌",
                "value": "L'occitane/欧舒丹"
            },
            {
                "name": "欧舒丹系列",
                "value": "焕活微囊眼部肌底精华"
            },
            {
                "name": "产地",
                "value": "法国"
            },
            {
                "name": "化妆品备案编号/注册证号",
                "value": "国妆网备进字（沪）2019005567"
            },
            {
                "name": "功效",
                "value": "保湿 滋养"
            },
            {
                "name": "规格类型",
                "value": "正常规格"
            },
            {
                "name": "是否为特殊用途化妆品",
                "value": "否"
            },
            {
                "name": "净含量",
                "value": "15ml"
            },
            {
                "name": "限期使用日期范围",
                "value": "2024-02-01至2025-01-31"
            }
        ],
        "total_sold": "29",
        "skus": {
            "sku": [
                {
                    "price": 520,
                    "total_price": 0,
                    "orginal_price": 520,
                    "properties": "147956252:75367397",
                    "properties_name": "147956252:75367397:净含量:15ml",
                    "quantity": 10,
                    "sku_id": "4343430137162"
                }
            ]
        },
        "seller_id": "2248304671",
        "sales": 29,
        "shop_id": "114646595",
        "props_list": {
            "147956252:75367397": "净含量:15ml"
        },
        "seller_info": {
            "nick": "loccitane欧舒丹旗舰店",
            "item_score": 4.83999,
            "score_p": 4.8638,
            "delivery_score": 4.88305,
            "shop_type": "",
            "user_num_id": "2248304671",
            "sid": "114646595",
            "title": "",
            "zhuy": "https://shop114646595.taobao.com",
            "cert": null,
            "open_time": "",
            "credit_score": null,
            "shop_name": "loccitane欧舒丹旗舰店"
        },
        "tmall": true,
        "error": "",
        "location": "江苏苏州",
        "data_from": "Ha",
        "has_discount": "false",
        "is_promotion": "false",
        "promo_type": null,
        "props_img": {
            "147956252:75367397": "http://img.alicdn.com/imgextra/i2/2248304671/O1CN01xnrRm11kNMq6iyJ8u_!!0-item_pic.jpg"
        },
        "format_check": "ok",
        "desc_img": [
            "http://img.alicdn.com/imgextra/i4/2248304671/O1CN01u5e9Fm1kNMlqESGav_!!2248304671.jpg",
            "http://img.alicdn.com/imgextra/i1/2248304671/O1CN01WzNGD01kNMllRNCA9_!!2248304671.jpg",
            "http://img.alicdn.com/imgextra/i3/2248304671/O1CN01NhnZOd1kNMlexGc5y_!!2248304671.jpg",
            "http://img.alicdn.com/imgextra/i3/2248304671/O1CN014Q3ecX1kNMldRsbhe_!!2248304671.jpg",
            "http://img.alicdn.com/imgextra/i2/2248304671/O1CN01jAqng51kNMmcS1ZNR_!!2248304671.jpg",
            "http://img.alicdn.com/imgextra/i1/2248304671/O1CN01jacyzE1kNMmrVaaax_!!2248304671.jpg",
            "http://img.alicdn.com/imgextra/i2/2248304671/O1CN01YrPXrK1kNMmpjDRMv_!!2248304671.jpg",
            "http://img.alicdn.com/imgextra/i2/2248304671/O1CN01vl5QaS1kNMmskd0Ag_!!2248304671.jpg",
            "http://img.alicdn.com/imgextra/i3/2248304671/O1CN01rohx2Q1kNMmm7C3p0_!!2248304671.jpg",
            "http://img.alicdn.com/imgextra/i4/2248304671/O1CN016VVfr71kNMmcS2RRx_!!2248304671.jpg",
            "http://img.alicdn.com/imgextra/i1/2248304671/O1CN01Y957YA1kNMlp3dg8r_!!2248304671.jpg",
            "http://img.alicdn.com/imgextra/i2/2248304671/TB2_Bnfn29TBuNjy1zbXXXpepXa-2248304671.jpg",
            "http://img.alicdn.com/imgextra/i1/2248304671/TB2YVKzmnTI8KJjSsphXXcFppXa-2248304671.jpg",
            "http://img.alicdn.com/imgextra/i4/2248304671/O1CN011kNMTYM3WafZj7e_!!2248304671.jpg"
        ],
        "shop_item": [],
        "relate_items": []
    },
    "error": "",
    "secache": "3ddd5ddaed7a296daccb9c6ac980f87f",
    "secache_time": 1677749806,
    "secache_date": "2023-03-02 17:36:46",
    "translate_status": "",
    "translate_time": 0,
    "language": {
        "default_lang": "cn",
        "current_lang": "cn"
    },
    "reason": "",
    "error_code": "0000",
    "cache": 0,
    "api_info": "today: max:20000 all[=++];expires:2024-01-16",
    "execution_time": "2.262",
    "server_time": "Beijing/2023-03-02 17:36:46",
    "client_ip": "54.39.83.153",
    "call_args": {
        "num_iid": "616139298073",
        "is_promotion": "1"
    },
    "api_type": "taobao",
    "translate_language": "zh-CN",
    "translate_engine": "baidu_api",
    "server_memory": "5.81MB",
    "last_id": false
}