{
    "items": {
        "shop_id": "114646595",
        "page": "8",
        "real_total_results": "209",
        "total_results": "209",
        "page_size": 20,
        "page_count": 11,
        "_ddf": "ti",
        "item": [
            {
                "num_iid": "584203128931",
                "pic_url": "//img.alicdn.com/imgextra/i3/0/O1CN016PDGLn1kNMm5AYxBN_!!0-item_pic.jpg",
                "title": "欧舒丹沐浴油乳木果沐浴油250ml温和清洁男女保湿滋润柔滑防干燥",
                "promotion_price": "215.00",
                "price": "215.00",
                "sales": 2763,
                "quantity": "48",
                "seller_nick": "L’OCCITANE欧舒丹官方旗舰店",
                "seller_id": null,
                "shop_id": "114646595",
                "shop_title": "L’OCCITANE欧舒丹官方旗舰店",
                "detail_url": "https://item.taobao.com/item.htm?id=584203128931"
            },
            {
                "num_iid": "538202505944",
                "pic_url": "//img.alicdn.com/imgextra/i3/0/O1CN01UbwicM1kNMlSGvIZp_!!0-item_pic.jpg",
                "title": "欧舒丹赋颜御龄黄腊菊眼霜小金瓶15ml紧致眼部护理补水保湿滋润",
                "promotion_price": "590.00",
                "price": "590.00",
                "sales": 2645,
                "quantity": "1",
                "seller_nick": "L’OCCITANE欧舒丹官方旗舰店",
                "seller_id": null,
                "shop_id": "114646595",
                "shop_title": "L’OCCITANE欧舒丹官方旗舰店",
                "detail_url": "https://item.taobao.com/item.htm?id=538202505944"
            },
            {
                "num_iid": "703254359864",
                "pic_url": "//img.alicdn.com/imgextra/i1/0/O1CN01Q8QQmB1kNMq6jGAUa_!!0-item_pic.jpg",
                "title": "【38节抢购】欧舒丹手霜乳木果腊菊手部紧致护手霜保湿滋润手膜",
                "promotion_price": "300.00",
                "price": "300.00",
                "sales": 2605,
                "quantity": "1153",
                "seller_nick": "L’OCCITANE欧舒丹官方旗舰店",
                "seller_id": null,
                "shop_id": "114646595",
                "shop_title": "L’OCCITANE欧舒丹官方旗舰店",
                "detail_url": "https://item.taobao.com/item.htm?id=703254359864"
            },
            {
                "num_iid": "624522195932",
                "pic_url": "//img.alicdn.com/imgextra/i3/0/O1CN012lkjt11kNMpvu8Ji4_!!0-item_pic.jpg",
                "title": "【38节抢购】欧舒丹乳木果身体乳手霜滋润男女补水保湿补水伴手礼",
                "promotion_price": "505.00",
                "price": "505.00",
                "sales": 2543,
                "quantity": "15",
                "seller_nick": "L’OCCITANE欧舒丹官方旗舰店",
                "seller_id": null,
                "shop_id": "114646595",
                "shop_title": "L’OCCITANE欧舒丹官方旗舰店",
                "detail_url": "https://item.taobao.com/item.htm?id=624522195932"
            },
            {
                "num_iid": "42105519235",
                "pic_url": "//img.alicdn.com/imgextra/i3/0/O1CN01jafKcO1kNMq7wosKq_!!0-item_pic.jpg",
                "title": "【38节抢购】欧舒丹腊菊赋颜御龄精华水小金瓶200ml补水面部精华",
                "promotion_price": "490.00",
                "price": "490.00",
                "sales": 2502,
                "quantity": "48",
                "seller_nick": "L’OCCITANE欧舒丹官方旗舰店",
                "seller_id": null,
                "shop_id": "114646595",
                "shop_title": "L’OCCITANE欧舒丹官方旗舰店",
                "detail_url": "https://item.taobao.com/item.htm?id=42105519235"
            },
            {
                "num_iid": "44655938321",
                "pic_url": "//img.alicdn.com/imgextra/i4/0/O1CN018CI6UC1kNMme3TGif_!!0-item_pic.jpg",
                "title": "【官方正品】欧舒丹焕亮水凝霜补水滋润提肤亮色细纹脸部滋养官网",
                "promotion_price": "590.00",
                "price": "590.00",
                "sales": 2489,
                "quantity": "36",
                "seller_nick": "L’OCCITANE欧舒丹官方旗舰店",
                "seller_id": null,
                "shop_id": "114646595",
                "shop_title": "L’OCCITANE欧舒丹官方旗舰店",
                "detail_url": "https://item.taobao.com/item.htm?id=44655938321"
            },
            {
                "num_iid": "669218191082",
                "pic_url": "//img.alicdn.com/imgextra/i3/0/O1CN01egAhKq1kNMpYJqvIs_!!0-item_pic.jpg",
                "title": "欧舒丹护手霜男士活力手霜30ml 补水保湿滋润春随身便捷官方正品",
                "promotion_price": "95.00",
                "price": "95.00",
                "sales": 2426,
                "quantity": "340",
                "seller_nick": "L’OCCITANE欧舒丹官方旗舰店",
                "seller_id": null,
                "shop_id": "114646595",
                "shop_title": "L’OCCITANE欧舒丹官方旗舰店",
                "detail_url": "https://item.taobao.com/item.htm?id=669218191082"
            },
            {
                "num_iid": "655920016822",
                "pic_url": "//img.alicdn.com/imgextra/i3/0/O1CN01CPTMbq1kNMq6wiUoj_!!0-item_pic.jpg",
                "title": "欧舒丹甜扁桃紧致美肤油保湿滋润补水按摩身体精华油官方正品",
                "promotion_price": "475.00",
                "price": "475.00",
                "sales": 2344,
                "quantity": "237",
                "seller_nick": "L’OCCITANE欧舒丹官方旗舰店",
                "seller_id": null,
                "shop_id": "114646595",
                "shop_title": "L’OCCITANE欧舒丹官方旗舰店",
                "detail_url": "https://item.taobao.com/item.htm?id=655920016822"
            },
            {
                "num_iid": "696932580463",
                "pic_url": "//img.alicdn.com/imgextra/i4/0/O1CN01pTDcUY1kNMq4D6mHl_!!0-item_pic.jpg",
                "title": "【店播专享】欧舒丹四支手霜男女补水保湿护手霜滋润防干燥伴手礼",
                "promotion_price": "380.00",
                "price": "380.00",
                "sales": 2219,
                "quantity": "226",
                "seller_nick": "L’OCCITANE欧舒丹官方旗舰店",
                "seller_id": null,
                "shop_id": "114646595",
                "shop_title": "L’OCCITANE欧舒丹官方旗舰店",
                "detail_url": "https://item.taobao.com/item.htm?id=696932580463"
            },
            {
                "num_iid": "624160512777",
                "pic_url": "//img.alicdn.com/imgextra/i2/0/O1CN01gLT4Bw1kNMpojIbe2_!!0-item_pic.jpg",
                "title": "欧舒丹官方旗舰店甜扁桃护发素240ml柔顺亮丽抚平毛躁压泵式正品",
                "promotion_price": "180.00",
                "price": "180.00",
                "sales": 2204,
                "quantity": "58",
                "seller_nick": "L’OCCITANE欧舒丹官方旗舰店",
                "seller_id": null,
                "shop_id": "114646595",
                "shop_title": "L’OCCITANE欧舒丹官方旗舰店",
                "detail_url": "https://item.taobao.com/item.htm?id=624160512777"
            },
            {
                "num_iid": "43880618759",
                "pic_url": "//img.alicdn.com/imgextra/i1/0/O1CN01ofmy4G1kNMq4r25Mx_!!0-item_pic.jpg",
                "title": "【38节抢购】欧舒丹黄金油黄腊菊赋颜御龄精华油30ml保湿小金瓶",
                "promotion_price": "950.00",
                "price": "950.00",
                "sales": 2074,
                "quantity": "120",
                "seller_nick": "L’OCCITANE欧舒丹官方旗舰店",
                "seller_id": null,
                "shop_id": "114646595",
                "shop_title": "L’OCCITANE欧舒丹官方旗舰店",
                "detail_url": "https://item.taobao.com/item.htm?id=43880618759"
            },
            {
                "num_iid": "569644958974",
                "pic_url": "//img.alicdn.com/imgextra/i4/0/O1CN01L1O70w1kNMlk7U18D_!!0-item_pic.jpg",
                "title": "欧舒丹官方旗舰店精华 蜡菊活颜紧致精华男女补水保湿淡化细干纹",
                "promotion_price": "270.00",
                "price": "270.00",
                "sales": 1955,
                "quantity": "18",
                "seller_nick": "L’OCCITANE欧舒丹官方旗舰店",
                "seller_id": null,
                "shop_id": "114646595",
                "shop_title": "L’OCCITANE欧舒丹官方旗舰店",
                "detail_url": "https://item.taobao.com/item.htm?id=569644958974"
            },
            {
                "num_iid": "42167960219",
                "pic_url": "//img.alicdn.com/imgextra/i4/0/O1CN01wNL1qz1kNMpphYMpy_!!0-item_pic.jpg",
                "title": "欧舒丹旗舰店官方蓝腊菊活颜精华露30ml补水精华液女保湿面部护理",
                "promotion_price": "620.00",
                "price": "620.00",
                "sales": 1935,
                "quantity": "5",
                "seller_nick": "L’OCCITANE欧舒丹官方旗舰店",
                "seller_id": null,
                "shop_id": "114646595",
                "shop_title": "L’OCCITANE欧舒丹官方旗舰店",
                "detail_url": "https://item.taobao.com/item.htm?id=42167960219"
            },
            {
                "num_iid": "627553592248",
                "pic_url": "//img.alicdn.com/imgextra/i3/0/O1CN01Pr5fSb1kNMofFxGxq_!!0-item_pic.jpg",
                "title": "欧舒丹官方旗舰店乳木果绵润足霜补水保湿滋润男女滋养防干裂正品",
                "promotion_price": "260.00",
                "price": "260.00",
                "sales": 1884,
                "quantity": "95",
                "seller_nick": "L’OCCITANE欧舒丹官方旗舰店",
                "seller_id": null,
                "shop_id": "114646595",
                "shop_title": "L’OCCITANE欧舒丹官方旗舰店",
                "detail_url": "https://item.taobao.com/item.htm?id=627553592248"
            },
            {
                "num_iid": "619187279160",
                "pic_url": "//img.alicdn.com/imgextra/i3/0/O1CN01cXYnMh1kNMqB4oDK4_!!0-item_pic.jpg",
                "title": "【38节抢购】欧舒丹洗护发套装草本强韧丰盈洗发水护发素丰盈蓬松",
                "promotion_price": "615.00",
                "price": "615.00",
                "sales": 1849,
                "quantity": "311",
                "seller_nick": "L’OCCITANE欧舒丹官方旗舰店",
                "seller_id": null,
                "shop_id": "114646595",
                "shop_title": "L’OCCITANE欧舒丹官方旗舰店",
                "detail_url": "https://item.taobao.com/item.htm?id=619187279160"
            },
            {
                "num_iid": "657343955688",
                "pic_url": "//img.alicdn.com/imgextra/i3/0/O1CN01QqAyZ11kNMq4pFVmQ_!!0-item_pic.jpg",
                "title": "【38节抢购】欧舒丹护发素草本修护护发素夏丰盈蓬松滋养改善毛躁",
                "promotion_price": "325.00",
                "price": "325.00",
                "sales": 1837,
                "quantity": "57",
                "seller_nick": "L’OCCITANE欧舒丹官方旗舰店",
                "seller_id": null,
                "shop_id": "114646595",
                "shop_title": "L’OCCITANE欧舒丹官方旗舰店",
                "detail_url": "https://item.taobao.com/item.htm?id=657343955688"
            },
            {
                "num_iid": "609182036758",
                "pic_url": "//img.alicdn.com/imgextra/i2/0/O1CN01vYBjKo1kNMpb6rSpl_!!0-item_pic.jpg",
                "title": "欧舒丹薰衣草味润手霜补水保湿男女滋润护手霜官方旗舰店官方正品",
                "promotion_price": "95.00",
                "price": "95.00",
                "sales": 1820,
                "quantity": "128",
                "seller_nick": "L’OCCITANE欧舒丹官方旗舰店",
                "seller_id": null,
                "shop_id": "114646595",
                "shop_title": "L’OCCITANE欧舒丹官方旗舰店",
                "detail_url": "https://item.taobao.com/item.htm?id=609182036758"
            },
            {
                "num_iid": "674100148655",
                "pic_url": "//img.alicdn.com/imgextra/i4/0/O1CN01lJqgix1kNMq1xD4JC_!!0-item_pic.jpg",
                "title": "【38节抢购】欧舒丹身体乳薄荷马鞭草润肤乳全身补水保湿滋润留香",
                "promotion_price": "280.00",
                "price": "280.00",
                "sales": 1815,
                "quantity": "82",
                "seller_nick": "L’OCCITANE欧舒丹官方旗舰店",
                "seller_id": null,
                "shop_id": "114646595",
                "shop_title": "L’OCCITANE欧舒丹官方旗舰店",
                "detail_url": "https://item.taobao.com/item.htm?id=674100148655"
            },
            {
                "num_iid": "42168556623",
                "pic_url": "//img.alicdn.com/imgextra/i2/0/O1CN01t6DUxe1kNMm1kKtbX_!!0-item_pic.jpg",
                "title": "欧舒丹眼霜黄腊菊赋颜御龄精华眼霜小金瓶补水淡化细纹面部护理",
                "promotion_price": "590.00",
                "price": "590.00",
                "sales": 1689,
                "quantity": "18",
                "seller_nick": "L’OCCITANE欧舒丹官方旗舰店",
                "seller_id": null,
                "shop_id": "114646595",
                "shop_title": "L’OCCITANE欧舒丹官方旗舰店",
                "detail_url": "https://item.taobao.com/item.htm?id=42168556623"
            },
            {
                "num_iid": "623726923526",
                "pic_url": "//img.alicdn.com/imgextra/i2/0/O1CN01LWXzHR1kNMqC9pAEp_!!0-item_pic.jpg",
                "title": "【88VIP】欧舒丹甜扁桃紧致磨砂膏全身杏仁身体乳温和去角质柔滑",
                "promotion_price": "390.00",
                "price": "390.00",
                "sales": 1623,
                "quantity": "43",
                "seller_nick": "L’OCCITANE欧舒丹官方旗舰店",
                "seller_id": null,
                "shop_id": "114646595",
                "shop_title": "L’OCCITANE欧舒丹官方旗舰店",
                "detail_url": "https://item.taobao.com/item.htm?id=623726923526"
            }
        ]
    },
    "error_code": "0000",
    "reason": "ok",
    "secache": "3d6ee09fe4b2a026db3bbbdb30051fb5",
    "secache_time": 1677749861,
    "secache_date": "2023-03-02 17:37:41",
    "translate_status": "",
    "translate_time": 0,
    "language": {
        "default_lang": "cn",
        "current_lang": "cn"
    },
    "error": "",
    "cache": 0,
    "api_info": "today: max:20000 all[=++];expires:2024-01-16",
    "execution_time": "0.986",
    "server_time": "Beijing/2023-03-02 17:37:41",
    "client_ip": "54.39.83.153",
    "call_args": {
        "seller_nick": "114646595",
        "start_price": "8"
    },
    "api_type": "taobao",
    "translate_language": "zh-CN",
    "translate_engine": "baidu_api",
    "server_memory": "5.86MB",
    "last_id": false
}