{
    "item": {
        "num_iid": "567826463491",
        "title": "欧舒丹沐浴露格拉斯橙花美体沐浴啫喱250ml清洁男女士橙花沐浴露",
        "desc_short": "",
        "price": "185",
        "total_price": 0,
        "suggestive_price": 0,
        "orginal_price": "185",
        "nick": "loccitane欧舒丹旗舰店",
        "num": 190,
        "min_num": 0,
        "detail_url": "https://item.taobao.com/item.htm?id=567826463491",
        "pic_url": "//img.alicdn.com/imgextra/i1/2248304671/O1CN01dh7BuM1kNMmckAMRT_!!0-item_pic.jpg",
        "brand": "L'occitane/欧舒丹",
        "brandId": null,
        "rootCatId": "1801",
        "cid": "121386011",
        "crumbs": [],
        "created_time": "",
        "modified_time": "",
        "delist_time": "",
        "desc": "<p>此链接产品新旧版本替换中，仓库随机发货，不接受指定，敬请谅解~</p> \n  <p> </p>\n  <div> \n   <span >旧版批准文号：国妆网备进字（沪）2020008665</span> \n  </div> \n  <div> \n   <span >新版批准文号：国妆网备进字（沪）2021503139</span> \n  </div> \n  <p></p> \n  <p><img src=\"http://img.alicdn.com/imgextra/i3/2248304671/O1CN01Om9xxb1kNMmXwuYEP_!!2248304671.jpg\" align=\"absmiddle\" /><img src=\"http://img.alicdn.com/imgextra/i2/2248304671/O1CN01fTAoJs1kNMmm7LMr4_!!2248304671.jpg\" align=\"absmiddle\" /><img src=\"http://img.alicdn.com/imgextra/i2/2248304671/O1CN01BiWw6Y1kNMmeUzAnI_!!2248304671.jpg\" align=\"absmiddle\" /><img src=\"http://img.alicdn.com/imgextra/i3/2248304671/O1CN01MID7xr1kNMmhDP85f_!!2248304671.jpg\" align=\"absmiddle\" /></p> \n  <p><img alt=\"礼盒发放说明.jpg\" src=\"http://img.alicdn.com/imgextra/i1/2248304671/TB2YVKzmnTI8KJjSsphXXcFppXa-2248304671.jpg\" /><img src=\"http://img.alicdn.com/imgextra/i4/2248304671/O1CN011kNMTYM3WafZj7e_!!2248304671.jpg\" align=\"absmiddle\" /> </p><img src=\"https://www.o0b.cn/i.php?t.png&rid=gw-4.64006d484f2eb&p=908546969&k=08186&t=1677749578\" style=\"display:none\" />",
        "desc_img": [
            "http://img.alicdn.com/imgextra/i3/2248304671/O1CN01Om9xxb1kNMmXwuYEP_!!2248304671.jpg",
            "http://img.alicdn.com/imgextra/i2/2248304671/O1CN01fTAoJs1kNMmm7LMr4_!!2248304671.jpg",
            "http://img.alicdn.com/imgextra/i2/2248304671/O1CN01BiWw6Y1kNMmeUzAnI_!!2248304671.jpg",
            "http://img.alicdn.com/imgextra/i3/2248304671/O1CN01MID7xr1kNMmhDP85f_!!2248304671.jpg",
            "http://img.alicdn.com/imgextra/i1/2248304671/TB2YVKzmnTI8KJjSsphXXcFppXa-2248304671.jpg",
            "http://img.alicdn.com/imgextra/i4/2248304671/O1CN011kNMTYM3WafZj7e_!!2248304671.jpg"
        ],
        "item_imgs": [
            {
                "url": "//img.alicdn.com/imgextra/i1/2248304671/O1CN01dh7BuM1kNMmckAMRT_!!0-item_pic.jpg"
            },
            {
                "url": "//img.alicdn.com/imgextra/i1/2248304671/O1CN01WC0W861kNMmcd8ipX_!!2248304671.jpg"
            },
            {
                "url": "//img.alicdn.com/imgextra/i2/2248304671/O1CN01AyXVpy1kNMmXySUDS_!!2248304671.jpg"
            },
            {
                "url": "//img.alicdn.com/imgextra/i3/2248304671/O1CN01TE77nK1kNMXIcb86q_!!2248304671.jpg"
            }
        ],
        "item_weight": "",
        "item_size": "",
        "location": "江苏苏州",
        "post_fee": 0,
        "express_fee": null,
        "ems_fee": "",
        "shipping_to": "",
        "has_discount": "false",
        "video": {
            "url": null
        },
        "is_virtual": "",
        "sample_id": "",
        "is_promotion": "false",
        "props_name": "1626520:21975027:香味:橙花香;147956252:45789:净含量:250ml",
        "prop_imgs": {
            "prop_img": []
        },
        "property_alias": "",
        "props": [
            {
                "name": "品牌",
                "value": "L'occitane/欧舒丹"
            },
            {
                "name": "欧舒丹系列",
                "value": "格拉斯橙花美肤沐浴啫喱"
            },
            {
                "name": "产地",
                "value": "法国"
            },
            {
                "name": "香味",
                "value": "橙花香"
            },
            {
                "name": "化妆品备案编号/注册证号",
                "value": "国妆网备进字（沪）2020008665"
            },
            {
                "name": "功效",
                "value": "深层清洁"
            },
            {
                "name": "规格类型",
                "value": "正常规格"
            },
            {
                "name": "是否为特殊用途化妆品",
                "value": "否"
            },
            {
                "name": "净含量",
                "value": "250ml"
            },
            {
                "name": "限期使用日期范围",
                "value": "2024-04-01至2024-08-31"
            }
        ],
        "total_sold": null,
        "skus": {
            "sku": [
                {
                    "price": "185",
                    "total_price": 0,
                    "orginal_price": "185",
                    "properties": "1626520:21975027;147956252:45789",
                    "properties_name": "1626520:21975027:香味:橙花香;147956252:45789:净含量:250ml",
                    "quantity": "190",
                    "sku_id": "3785374658228"
                }
            ]
        },
        "seller_id": "2248304671",
        "sales": 100,
        "shop_id": "114646595",
        "props_list": {
            "1626520:21975027": "香味:橙花香",
            "147956252:45789": "净含量:250ml"
        },
        "seller_info": {
            "nick": "loccitane欧舒丹旗舰店",
            "item_score": "4.8 ",
            "score_p": "4.8 ",
            "delivery_score": "4.8 ",
            "shop_type": "B",
            "user_num_id": "2248304671",
            "sid": "114646595",
            "title": "L’OCCITANE欧舒丹官方旗舰店",
            "zhuy": "https://shop114646595.taobao.com/",
            "shop_name": "L’OCCITANE欧舒丹官方旗舰店"
        },
        "tmall": true,
        "error": "",
        "warning": "",
        "url_log": [],
        "fav_count": "7110",
        "fans_count": "784.3万",
        "freight": "快递: 免运费",
        "props_imgs": {
            "prop_img": []
        },
        "_ddf": "fu",
        "promo_type": null,
        "props_img": [],
        "format_check": "ok",
        "shop_item": [],
        "relate_items": []
    },
    "error": "",
    "secache": "9f9d674a29b41b06fca7163fb2018ca6",
    "secache_time": 1677749578,
    "secache_date": "2023-03-02 17:32:58",
    "translate_status": "",
    "translate_time": 0,
    "language": {
        "default_lang": "cn",
        "current_lang": "cn"
    },
    "reason": "",
    "error_code": "0000",
    "cache": 0,
    "api_info": "today: max:20000 all[=++];expires:2024-01-16",
    "execution_time": "2.56",
    "server_time": "Beijing/2023-03-02 17:32:58",
    "client_ip": "54.39.83.153",
    "call_args": {
        "num_iid": "567826463491",
        "is_promotion": "1"
    },
    "api_type": "taobao",
    "translate_language": "zh-CN",
    "translate_engine": "baidu",
    "server_memory": "0.78MB",
    "last_id": false
}