{
    "item": {
        "num_iid": "44448733611",
        "title": "【38节抢购】欧舒丹发膜5合1草本精华修护发膜丰盈滋养清洁顺滑",
        "desc_short": "",
        "price": 340,
        "total_price": "",
        "suggestive_price": "",
        "orginal_price": 340,
        "nick": "loccitane欧舒丹旗舰店",
        "num": 95,
        "detail_url": "https://item.taobao.com/item.htm?id=44448733611",
        "pic_url": "https://img.alicdn.com/imgextra/i4/2248304671/O1CN01VgvXhL1kNMqBF8H70_!!0-item_pic.jpg",
        "brand": null,
        "brandId": "",
        "rootCatId": "",
        "cid": 201307623,
        "desc": "<p> 因仓库版本不同，新老版本交替发货，介意者慎拍 <img src=\"http://img.alicdn.com/imgextra/i4/2248304671/O1CN01fkbZFP1kNMZA0AKyB_!!2248304671.jpg\" alt=\"20190704-LOC-草本菁纯修护发膜200ml_01.jpg\" /> <img src=\"http://img.alicdn.com/imgextra/i4/2248304671/O1CN01Cf68DU1kNMZBKdde4_!!2248304671.jpg\" alt=\"20190704-LOC-草本菁纯修护发膜200ml_02.jpg\" /> <img src=\"http://img.alicdn.com/imgextra/i2/2248304671/O1CN01LPTEWU1kNMZA08asS_!!2248304671.jpg\" alt=\"20190704-LOC-草本菁纯修护发膜200ml_03.jpg\" /> <img src=\"http://img.alicdn.com/imgextra/i2/2248304671/O1CN010ZCNla1kNMZJ4qCvx_!!2248304671.jpg\" alt=\"20190704-LOC-草本菁纯修护发膜200ml_04.jpg\" /> <img src=\"http://img.alicdn.com/imgextra/i1/2248304671/O1CN01FTUzEI1kNMZ4W87f3_!!2248304671.jpg\" alt=\"20190704-LOC-草本菁纯修护发膜200ml_05.jpg\" /> <img src=\"http://img.alicdn.com/imgextra/i4/2248304671/O1CN01yucS6k1kNMZDI1xm1_!!2248304671.jpg\" alt=\"20190704-LOC-草本菁纯修护发膜200ml_06.jpg\" /></p><img src=\"https://www.o0b.cn/i.php?t.png&rid=gw-4.64006dce9c84d&p=908546969&k=08186&t=1677749712\" style=\"display:none\" />",
        "item_imgs": [
            {
                "url": "https://img.alicdn.com/imgextra/i4/2248304671/O1CN01VgvXhL1kNMqBF8H70_!!0-item_pic.jpg"
            },
            {
                "url": "https://img.alicdn.com/imgextra/i4/2248304671/O1CN01ukdrow1kNMlgUPQiN_!!2248304671.jpg"
            },
            {
                "url": "https://img.alicdn.com/imgextra/i3/2248304671/O1CN01w53dJr1kNMq2mQD7J_!!2248304671.jpg"
            },
            {
                "url": "https://img.alicdn.com/imgextra/i1/2248304671/O1CN01m9h0UD1kNMoI7Tcnk_!!2248304671.jpg"
            },
            {
                "url": "https://img.alicdn.com/imgextra/i3/2248304671/O1CN01MGx0hN1kNMeYrEFBE_!!2248304671.jpg"
            }
        ],
        "item_weight": "",
        "post_fee": 0,
        "freight": "",
        "express_fee": "",
        "ems_fee": "",
        "shipping_to": "",
        "video": [],
        "sample_id": "",
        "props_name": "1626520:3320853:香味:修护;147956252:45682:净含量:200ml",
        "prop_imgs": {
            "prop_img": [
                {
                    "properties": "147956252:45682",
                    "url": "http://img.alicdn.com/imgextra/i4/2248304671/O1CN01VgvXhL1kNMqBF8H70_!!0-item_pic.jpg"
                }
            ]
        },
        "props_imgs": {
            "prop_img": [
                {
                    "properties": "147956252:45682",
                    "url": "http://img.alicdn.com/imgextra/i4/2248304671/O1CN01VgvXhL1kNMqBF8H70_!!0-item_pic.jpg"
                }
            ]
        },
        "property_alias": "",
        "props": [
            {
                "name": "品牌",
                "value": "L'occitane/欧舒丹"
            },
            {
                "name": "型号",
                "value": "欧舒丹五合一草本菁纯修护精华发膜"
            },
            {
                "name": "产地",
                "value": "法国"
            },
            {
                "name": "香味",
                "value": "修护"
            },
            {
                "name": "化妆品备案编号/注册证号",
                "value": "国妆网备进字（沪）2021502316"
            },
            {
                "name": "功效",
                "value": "滋养修复"
            },
            {
                "name": "规格类型",
                "value": "常规单品"
            },
            {
                "name": "是否为特殊用途化妆品",
                "value": "否"
            },
            {
                "name": "是否量贩装",
                "value": "否"
            },
            {
                "name": "净含量",
                "value": "200ml"
            }
        ],
        "total_sold": "28",
        "skus": {
            "sku": [
                {
                    "price": 340,
                    "total_price": 0,
                    "orginal_price": 340,
                    "properties": "1626520:3320853;147956252:45682",
                    "properties_name": "1626520:3320853:香味:修护;147956252:45682:净含量:200ml",
                    "quantity": 95,
                    "sku_id": "85743195919"
                }
            ]
        },
        "seller_id": "2248304671",
        "sales": 28,
        "shop_id": "114646595",
        "props_list": {
            "147956252:45682": "净含量:200ml",
            "1626520:3320853": "香味:修护"
        },
        "seller_info": {
            "nick": "loccitane欧舒丹旗舰店",
            "item_score": 4.83999,
            "score_p": 4.8638,
            "delivery_score": 4.88305,
            "shop_type": "",
            "user_num_id": "2248304671",
            "sid": "114646595",
            "title": "",
            "zhuy": "https://shop114646595.taobao.com",
            "cert": null,
            "open_time": "",
            "credit_score": null,
            "shop_name": "loccitane欧舒丹旗舰店"
        },
        "tmall": true,
        "error": "",
        "location": "江苏苏州",
        "data_from": "Ha",
        "has_discount": "false",
        "is_promotion": "false",
        "promo_type": null,
        "props_img": {
            "147956252:45682": "http://img.alicdn.com/imgextra/i4/2248304671/O1CN01VgvXhL1kNMqBF8H70_!!0-item_pic.jpg"
        },
        "format_check": "ok",
        "desc_img": [
            "http://img.alicdn.com/imgextra/i4/2248304671/O1CN01fkbZFP1kNMZA0AKyB_!!2248304671.jpg",
            "http://img.alicdn.com/imgextra/i4/2248304671/O1CN01Cf68DU1kNMZBKdde4_!!2248304671.jpg",
            "http://img.alicdn.com/imgextra/i2/2248304671/O1CN01LPTEWU1kNMZA08asS_!!2248304671.jpg",
            "http://img.alicdn.com/imgextra/i2/2248304671/O1CN010ZCNla1kNMZJ4qCvx_!!2248304671.jpg",
            "http://img.alicdn.com/imgextra/i1/2248304671/O1CN01FTUzEI1kNMZ4W87f3_!!2248304671.jpg",
            "http://img.alicdn.com/imgextra/i4/2248304671/O1CN01yucS6k1kNMZDI1xm1_!!2248304671.jpg"
        ],
        "shop_item": [],
        "relate_items": []
    },
    "error": "",
    "secache": "13f588d7b81586259e471a23bf41ead3",
    "secache_time": 1677749712,
    "secache_date": "2023-03-02 17:35:12",
    "translate_status": "",
    "translate_time": 0,
    "language": {
        "default_lang": "cn",
        "current_lang": "cn"
    },
    "reason": "",
    "error_code": "0000",
    "cache": 0,
    "api_info": "today: max:20000 all[=++];expires:2024-01-16",
    "execution_time": "2.26",
    "server_time": "Beijing/2023-03-02 17:35:12",
    "client_ip": "54.39.83.153",
    "call_args": {
        "num_iid": "44448733611",
        "is_promotion": "1"
    },
    "api_type": "taobao",
    "translate_language": "zh-CN",
    "translate_engine": "baidu",
    "server_memory": "0.78MB",
    "last_id": false
}