{
    "item": {
        "num_iid": "42601369281",
        "title": "【38预售倒计时】欧舒丹草本修护洗发水护发素套装清洁丰盈防毛躁",
        "desc_short": "",
        "price": 420,
        "total_price": "",
        "suggestive_price": "",
        "orginal_price": 420,
        "nick": "loccitane欧舒丹旗舰店",
        "num": 40,
        "detail_url": "https://item.taobao.com/item.htm?id=42601369281",
        "pic_url": "https://img.alicdn.com/imgextra/i4/2248304671/O1CN01TiHlYH1kNMq9nxA4w_!!2248304671.jpg",
        "brand": null,
        "brandId": "",
        "rootCatId": "",
        "cid": 121476023,
        "desc": "",
        "item_imgs": [
            {
                "url": "https://img.alicdn.com/imgextra/i4/2248304671/O1CN01TiHlYH1kNMq9nxA4w_!!2248304671.jpg"
            },
            {
                "url": "https://img.alicdn.com/imgextra/i2/2248304671/O1CN01Uzwj3a1kNMq7CLHQD_!!2248304671.jpg"
            },
            {
                "url": "https://img.alicdn.com/imgextra/i2/2248304671/O1CN01D0tzkP1kNMq7YSEQf_!!2248304671.jpg"
            },
            {
                "url": "https://img.alicdn.com/imgextra/i1/2248304671/O1CN01rQfuc61kNMnT36YvR_!!2248304671.jpg"
            },
            {
                "url": "https://img.alicdn.com/imgextra/i2/2248304671/O1CN01LJIPsP1kNMbxybV0b_!!2248304671.jpg"
            }
        ],
        "item_weight": "",
        "post_fee": 0,
        "freight": "",
        "express_fee": "",
        "ems_fee": "",
        "shipping_to": "",
        "video": [],
        "sample_id": "",
        "props_name": "1626520:3770983:香味:清香;1626520:3770983:香味:清香;147956252:75367556:净含量:500ml;147956252:45794:净含量:300ml",
        "prop_imgs": {
            "prop_img": []
        },
        "props_imgs": {
            "prop_img": []
        },
        "property_alias": "",
        "props": [
            {
                "name": "品牌",
                "value": "L'occitane/欧舒丹"
            },
            {
                "name": "L’occitane/欧舒丹",
                "value": "草本修护洗护发套装"
            },
            {
                "name": "功能",
                "value": "滋润 深层清洁"
            },
            {
                "name": "产地",
                "value": "法国"
            },
            {
                "name": "香味",
                "value": "清香"
            },
            {
                "name": "化妆品备案编号/注册证号",
                "value": "国妆备进字J201815097"
            },
            {
                "name": "适用发质",
                "value": "所有发质"
            },
            {
                "name": "规格类型",
                "value": "正常规格"
            },
            {
                "name": "是否为特殊用途化妆品",
                "value": "否"
            },
            {
                "name": "净含量",
                "value": "500ml 300ml"
            },
            {
                "name": "产品类别",
                "value": "普通类"
            }
        ],
        "total_sold": "-1",
        "skus": {
            "sku": [
                {
                    "price": 615,
                    "total_price": 0,
                    "orginal_price": 615,
                    "properties": "1626520:3770983;147956252:75367556",
                    "properties_name": "1626520:3770983:香味:清香;147956252:75367556:净含量:500ml",
                    "quantity": 22,
                    "sku_id": "4056687537182"
                },
                {
                    "price": 420,
                    "total_price": 0,
                    "orginal_price": 420,
                    "properties": "1626520:3770983;147956252:45794",
                    "properties_name": "1626520:3770983:香味:清香;147956252:45794:净含量:300ml",
                    "quantity": 18,
                    "sku_id": "3889120370790"
                }
            ]
        },
        "seller_id": "2248304671",
        "sales": 100,
        "shop_id": "114646595",
        "props_list": {
            "1626520:3770983": "香味:清香",
            "147956252:75367556": "净含量:500ml",
            "147956252:45794": "净含量:300ml"
        },
        "seller_info": {
            "nick": "loccitane欧舒丹旗舰店",
            "item_score": 4.83999,
            "score_p": 4.8638,
            "delivery_score": 4.88305,
            "shop_type": "",
            "user_num_id": "2248304671",
            "sid": "114646595",
            "title": "",
            "zhuy": "https://shop114646595.taobao.com",
            "cert": null,
            "open_time": "",
            "credit_score": null,
            "shop_name": "loccitane欧舒丹旗舰店"
        },
        "tmall": true,
        "error": "",
        "location": "江苏苏州",
        "data_from": "Ha",
        "has_discount": "false",
        "is_promotion": "false",
        "promo_type": null,
        "props_img": [],
        "format_check": "ok",
        "desc_img": [],
        "shop_item": [],
        "relate_items": []
    },
    "error": "",
    "secache": "fc0ea8be6a0b889aa99bdeae6db806bf",
    "secache_time": 1677748791,
    "secache_date": "2023-03-02 17:19:51",
    "translate_status": "",
    "translate_time": 0,
    "language": {
        "default_lang": "cn",
        "current_lang": "cn"
    },
    "reason": "",
    "error_code": "0000",
    "cache": 0,
    "api_info": "today: max:20000 all[=++];expires:2024-01-16",
    "execution_time": "6.359",
    "server_time": "Beijing/2023-03-02 17:19:51",
    "client_ip": "54.39.83.153",
    "call_args": {
        "num_iid": "42601369281",
        "is_promotion": "1"
    },
    "api_type": "taobao",
    "translate_language": "zh-CN",
    "translate_engine": "baidu",
    "server_memory": "5.75MB",
    "last_id": false
}