{
    "item": {
        "num_iid": "562198195707",
        "title": "【官方正品】欧舒丹沐浴啫喱250ml清洁女保湿补水滋润留香官网",
        "desc_short": "",
        "price": "185",
        "total_price": 0,
        "suggestive_price": 0,
        "orginal_price": "185",
        "nick": "loccitane欧舒丹旗舰店",
        "num": 33,
        "min_num": 0,
        "detail_url": "https://item.taobao.com/item.htm?id=562198195707",
        "pic_url": "//img.alicdn.com/imgextra/i2/2248304671/O1CN01RN0zDR1kNMlWDz0u2_!!0-item_pic.jpg",
        "brand": "L'occitane/欧舒丹",
        "brandId": null,
        "rootCatId": "1801",
        "cid": "121386011",
        "crumbs": [],
        "created_time": "",
        "modified_time": "",
        "delist_time": "",
        "desc": "<table width=\"790\" border=\"0\" cellspacing=\"0\" cellpadding=\"0\"> \n   <tbody>\n    <tr> \n     <td> <img src=\"http://img.alicdn.com/imgextra/i3/2248304671/TB2zsZofBDH8KJjy1zeXXXjepXa_!!2248304671.jpg\" alt=\" 20171120-欧舒丹-倾城之光沐浴啫喱-pc_01.jpg\" /> </td> \n    </tr> \n   </tbody>\n  </table> \n  <table width=\"790\" border=\"0\" cellspacing=\"0\" cellpadding=\"0\"> \n   <tbody>\n    <tr> \n     <td> <img src=\"http://img.alicdn.com/imgextra/i1/2248304671/TB2X4EEfDnI8KJjy0FfXXcdoVXa_!!2248304671.jpg\" alt=\" 20171120-欧舒丹-倾城之光沐浴啫喱-pc_02.jpg\" /> </td> \n    </tr> \n   </tbody>\n  </table> \n  <table width=\"790\" border=\"0\" cellspacing=\"0\" cellpadding=\"0\"> \n   <tbody>\n    <tr> \n     <td> <img src=\"http://img.alicdn.com/imgextra/i4/2248304671/TB2Gr_8ftfJ8KJjy0FeXXXKEXXa_!!2248304671.jpg\" alt=\" 20171120-欧舒丹-倾城之光沐浴啫喱-pc_03.jpg\" /> </td> \n    </tr> \n   </tbody>\n  </table> \n  <table width=\"790\" border=\"0\" cellspacing=\"0\" cellpadding=\"0\"> \n   <tbody>\n    <tr> \n     <td> <img src=\"http://img.alicdn.com/imgextra/i4/2248304671/TB2_5z1fwvD8KJjSsplXXaIEFXa_!!2248304671.jpg\" alt=\" 20171120-欧舒丹-倾城之光沐浴啫喱-pc_04.jpg\" /> </td> \n    </tr> \n   </tbody>\n  </table> \n  <table width=\"790\" border=\"0\" cellspacing=\"0\" cellpadding=\"0\"> \n   <tbody>\n    <tr> \n     <td> <img src=\"http://img.alicdn.com/imgextra/i1/2248304671/TB2f1ZifsjI8KJjSsppXXXbyVXa_!!2248304671.jpg\" alt=\" 20171120-欧舒丹-倾城之光沐浴啫喱-pc_05.jpg\" /> </td> \n    </tr> \n   </tbody>\n  </table> \n  <table width=\"790\" border=\"0\" cellspacing=\"0\" cellpadding=\"0\"> \n   <tbody>\n    <tr> \n     <td> <img src=\"http://img.alicdn.com/imgextra/i3/2248304671/TB2UxEEfDnI8KJjy0FfXXcdoVXa_!!2248304671.jpg\" alt=\" 20171120-欧舒丹-倾城之光沐浴啫喱-pc_06.jpg\" /> </td> \n     <td> <img src=\"http://img.alicdn.com/imgextra/i4/2248304671/TB2yKZifsjI8KJjSsppXXXbyVXa_!!2248304671.jpg\" alt=\" 20171120-欧舒丹-倾城之光沐浴啫喱-pc_07.jpg\" /> </td> \n     <td> <img src=\"http://img.alicdn.com/imgextra/i2/2248304671/TB23PkmfsnI8KJjSsziXXb8QpXa_!!2248304671.jpg\" alt=\" 20171120-欧舒丹-倾城之光沐浴啫喱-pc_08.jpg\" /> </td> \n     <td> <img src=\"http://img.alicdn.com/imgextra/i4/2248304671/TB2l0fWfBDH8KJjSszcXXbDTFXa_!!2248304671.jpg\" alt=\" 20171120-欧舒丹-倾城之光沐浴啫喱-pc_09.jpg\" /> </td> \n    </tr> \n   </tbody>\n  </table> \n  <table width=\"790\" border=\"0\" cellspacing=\"0\" cellpadding=\"0\"> \n   <tbody>\n    <tr> \n     <td> <img src=\"http://img.alicdn.com/imgextra/i3/2248304671/TB29zcEfx6I8KJjy0FgXXXXzVXa_!!2248304671.jpg\" alt=\" 20171120-欧舒丹-倾城之光沐浴啫喱-pc_10.jpg\" /><img src=\"http://img.alicdn.com/imgextra/i1/2248304671/TB2YVKzmnTI8KJjSsphXXcFppXa-2248304671.jpg\" align=\"absmiddle\" /><img src=\"http://img.alicdn.com/imgextra/i4/2248304671/O1CN011kNMU9CsSKBK1dP_!!2248304671.jpg\" align=\"absmiddle\" /> </td> \n    </tr> \n   </tbody>\n  </table><img src=\"https://www.o0b.cn/i.php?t.png&rid=gw-4.64006de20e0fa&p=908546969&k=08186&t=1677749733\" style=\"display:none\" />",
        "desc_img": [
            "http://img.alicdn.com/imgextra/i3/2248304671/TB2zsZofBDH8KJjy1zeXXXjepXa_!!2248304671.jpg",
            "http://img.alicdn.com/imgextra/i1/2248304671/TB2X4EEfDnI8KJjy0FfXXcdoVXa_!!2248304671.jpg",
            "http://img.alicdn.com/imgextra/i4/2248304671/TB2Gr_8ftfJ8KJjy0FeXXXKEXXa_!!2248304671.jpg",
            "http://img.alicdn.com/imgextra/i4/2248304671/TB2_5z1fwvD8KJjSsplXXaIEFXa_!!2248304671.jpg",
            "http://img.alicdn.com/imgextra/i1/2248304671/TB2f1ZifsjI8KJjSsppXXXbyVXa_!!2248304671.jpg",
            "http://img.alicdn.com/imgextra/i3/2248304671/TB2UxEEfDnI8KJjy0FfXXcdoVXa_!!2248304671.jpg",
            "http://img.alicdn.com/imgextra/i4/2248304671/TB2yKZifsjI8KJjSsppXXXbyVXa_!!2248304671.jpg",
            "http://img.alicdn.com/imgextra/i2/2248304671/TB23PkmfsnI8KJjSsziXXb8QpXa_!!2248304671.jpg",
            "http://img.alicdn.com/imgextra/i4/2248304671/TB2l0fWfBDH8KJjSszcXXbDTFXa_!!2248304671.jpg",
            "http://img.alicdn.com/imgextra/i3/2248304671/TB29zcEfx6I8KJjy0FgXXXXzVXa_!!2248304671.jpg",
            "http://img.alicdn.com/imgextra/i1/2248304671/TB2YVKzmnTI8KJjSsphXXcFppXa-2248304671.jpg",
            "http://img.alicdn.com/imgextra/i4/2248304671/O1CN011kNMU9CsSKBK1dP_!!2248304671.jpg"
        ],
        "item_imgs": [
            {
                "url": "//img.alicdn.com/imgextra/i2/2248304671/O1CN01RN0zDR1kNMlWDz0u2_!!0-item_pic.jpg"
            },
            {
                "url": "//img.alicdn.com/imgextra/i1/2248304671/O1CN01ns9xxR1kNMljIOVwc_!!0-item_pic.jpg"
            },
            {
                "url": "//img.alicdn.com/imgextra/i1/2248304671/TB2FFZmfznD8KJjSspbXXbbEXXa_!!2248304671.jpg"
            },
            {
                "url": "//img.alicdn.com/imgextra/i3/2248304671/TB2_kHBt8jTBKNjSZFDXXbVgVXa_!!2248304671.jpg"
            }
        ],
        "item_weight": "",
        "item_size": "",
        "location": "江苏苏州",
        "post_fee": 0,
        "express_fee": null,
        "ems_fee": "",
        "shipping_to": "",
        "has_discount": "false",
        "video": {
            "url": "https://cloud.video.taobao.com/play/u/2248304671/p/2/e/6/t/1/50046316551.mp4?appKey=38829"
        },
        "is_virtual": "",
        "sample_id": "",
        "is_promotion": "false",
        "props_name": "1626520:147606684:香味:倾城之光;147956252:45789:净含量:250ml",
        "prop_imgs": {
            "prop_img": []
        },
        "property_alias": "",
        "props": [
            {
                "name": "品牌",
                "value": "L'occitane/欧舒丹"
            },
            {
                "name": "欧舒丹系列",
                "value": "欧舒丹倾城之光沐浴啫喱"
            },
            {
                "name": "产地",
                "value": "法国"
            },
            {
                "name": "香味",
                "value": "倾城之光"
            },
            {
                "name": "化妆品备案编号/注册证号",
                "value": "国妆网备进字（沪）2021000153"
            },
            {
                "name": "原料成分",
                "value": "月桂"
            },
            {
                "name": "功效",
                "value": "滋润"
            },
            {
                "name": "规格类型",
                "value": "正常规格"
            },
            {
                "name": "是否为特殊用途化妆品",
                "value": "否"
            },
            {
                "name": "净含量",
                "value": "250ml"
            },
            {
                "name": "限期使用日期范围",
                "value": "2024-03-01至2024-03-31"
            }
        ],
        "total_sold": null,
        "skus": {
            "sku": [
                {
                    "price": "185",
                    "total_price": 0,
                    "orginal_price": "185",
                    "properties": "1626520:147606684;147956252:45789",
                    "properties_name": "1626520:147606684:香味:倾城之光;147956252:45789:净含量:250ml",
                    "quantity": "33",
                    "sku_id": "3693495967455"
                }
            ]
        },
        "seller_id": "2248304671",
        "sales": 50,
        "shop_id": "114646595",
        "props_list": {
            "1626520:147606684": "香味:倾城之光",
            "147956252:45789": "净含量:250ml"
        },
        "seller_info": {
            "nick": "loccitane欧舒丹旗舰店",
            "item_score": "4.8 ",
            "score_p": "4.8 ",
            "delivery_score": "4.8 ",
            "shop_type": "B",
            "user_num_id": "2248304671",
            "sid": "114646595",
            "title": "L’OCCITANE欧舒丹官方旗舰店",
            "zhuy": "https://shop114646595.taobao.com/",
            "shop_name": "L’OCCITANE欧舒丹官方旗舰店"
        },
        "tmall": true,
        "error": "",
        "warning": "",
        "url_log": [],
        "fav_count": "4202",
        "fans_count": "784.3万",
        "freight": "快递: 免运费",
        "props_imgs": {
            "prop_img": []
        },
        "_ddf": "fu",
        "promo_type": null,
        "props_img": [],
        "format_check": "ok",
        "shop_item": [],
        "relate_items": []
    },
    "error": "",
    "secache": "df2a7f3c2550d333994aabd31a3690c9",
    "secache_time": 1677749733,
    "secache_date": "2023-03-02 17:35:33",
    "translate_status": "",
    "translate_time": 0,
    "language": {
        "default_lang": "cn",
        "current_lang": "cn"
    },
    "reason": "",
    "error_code": "0000",
    "cache": 0,
    "api_info": "today: max:20000 all[=++];expires:2024-01-16",
    "execution_time": "3.014",
    "server_time": "Beijing/2023-03-02 17:35:33",
    "client_ip": "54.39.83.153",
    "call_args": {
        "num_iid": "562198195707",
        "is_promotion": "1"
    },
    "api_type": "taobao",
    "translate_language": "zh-CN",
    "translate_engine": "baidu",
    "server_memory": "0.79MB",
    "last_id": false
}