{
    "item": {
        "num_iid": "44968284559",
        "title": "欧舒丹沐浴露清新马鞭草泡泡浴露500ml 全身温和滋润男女清洁保湿",
        "desc_short": "",
        "price": 240,
        "total_price": "",
        "suggestive_price": "",
        "orginal_price": 240,
        "nick": "loccitane欧舒丹旗舰店",
        "num": 130,
        "detail_url": "https://item.taobao.com/item.htm?id=44968284559",
        "pic_url": "https://img.alicdn.com/imgextra/i1/2248304671/O1CN019Dgn8e1kNMq1jqxpR_!!0-item_pic.jpg",
        "brand": null,
        "brandId": "",
        "rootCatId": "",
        "cid": 121386011,
        "desc": "<p>&nbsp;</p> \n  <p>新老包装替换中，仓库随机发货，不接受指定，敬请谅解！<img src=\"http://img.alicdn.com/imgextra/i2/2248304671/O1CN01mjun8q1kNMmhzOvxD_!!2248304671.jpg\" align=\"absmiddle\" /></p> \n  <table border=\"0\" cellpadding=\"0\" cellspacing=\"0\" width=\"790\"> \n   <tbody>\n    <tr> \n     <td> <img alt=\"20170411-欧舒丹-马鞭草清新泡泡浴露SPP-PC_01.jpg\" src=\"http://img.alicdn.com/imgextra/i4/2248304671/O1CN01BgDm2Y1kNMqD3H7ah_!!2248304671.jpg\" /> </td> \n    </tr> \n   </tbody>\n  </table> \n  <table border=\"0\" cellpadding=\"0\" cellspacing=\"0\" width=\"790\"> \n   <tbody>\n    <tr> \n     <td> <img alt=\"20170411-欧舒丹-马鞭草清新泡泡浴露SPP-PC_02.jpg\" src=\"http://img.alicdn.com/imgextra/i2/2248304671/TB2FOPLX6rguuRjy0FeXXXcbFXa_!!2248304671.jpg\" /> </td> \n    </tr> \n   </tbody>\n  </table> \n  <table border=\"0\" cellpadding=\"0\" cellspacing=\"0\" width=\"790\"> \n   <tbody>\n    <tr> \n     <td> <img alt=\"20170411-欧舒丹-马鞭草清新泡泡浴露SPP-PC_03.jpg\" src=\"http://img.alicdn.com/imgextra/i3/2248304671/O1CN01mG4Xnk1kNMqASo3rJ_!!2248304671.jpg\" /> </td> \n    </tr> \n   </tbody>\n  </table> \n  <table border=\"0\" cellpadding=\"0\" cellspacing=\"0\" width=\"790\"> \n   <tbody>\n    <tr> \n     <td> <img alt=\"20170411-欧舒丹-马鞭草清新泡泡浴露SPP-PC_04.jpg\" src=\"http://img.alicdn.com/imgextra/i3/2248304671/TB2329DHeuSBuNjSsziXXbq8pXa_!!2248304671.jpg\" /> </td> \n    </tr> \n   </tbody>\n  </table> \n  <table border=\"0\" cellpadding=\"0\" cellspacing=\"0\" width=\"790\"> \n   <tbody>\n    <tr> \n     <td> <img alt=\"20170411-欧舒丹-马鞭草清新泡泡浴露SPP-PC_05.jpg\" src=\"http://img.alicdn.com/imgextra/i2/2248304671/TB2q2zLX6bguuRkHFrdXXb.LFXa_!!2248304671.jpg\" /> </td> \n    </tr> \n   </tbody>\n  </table> \n  <table border=\"0\" cellpadding=\"0\" cellspacing=\"0\" width=\"790\"> \n   <tbody>\n    <tr> \n     <td> <img alt=\"20170411-欧舒丹-马鞭草清新泡泡浴露SPP-PC_06.jpg\" src=\"http://img.alicdn.com/imgextra/i1/2248304671/O1CN01uNFcte1kNMqCDkjFn_!!2248304671.jpg\" /> </td> \n    </tr> \n   </tbody>\n  </table> \n  <table border=\"0\" cellpadding=\"0\" cellspacing=\"0\" width=\"790\"> \n   <tbody>\n    <tr> \n     <td> <img alt=\"20170411-欧舒丹-马鞭草清新泡泡浴露SPP-PC_07.jpg\" src=\"http://img.alicdn.com/imgextra/i3/2248304671/TB26dcqyOCYBuNkSnaVXXcMsVXa_!!2248304671.jpg\" /> </td> \n     <td> <img alt=\"20170411-欧舒丹-马鞭草清新泡泡浴露SPP-PC_08.jpg\" src=\"http://img.alicdn.com/imgextra/i1/2248304671/TB2n6BiHXGWBuNjy0FbXXb4sXXa_!!2248304671.jpg\" /> </td> \n     <td> <img alt=\"20170411-欧舒丹-马鞭草清新泡泡浴露SPP-PC_09.jpg\" src=\"http://img.alicdn.com/imgextra/i3/2248304671/O1CN012avNCX1kNMq4rGeLr_!!2248304671.jpg\" /> </td> \n     <td> <img alt=\"20170411-欧舒丹-马鞭草清新泡泡浴露SPP-PC_10.jpg\" src=\"http://img.alicdn.com/imgextra/i4/2248304671/TB2et2LX56guuRkSmLyXXculFXa_!!2248304671.jpg\" /> </td> \n    </tr> \n   </tbody>\n  </table> \n  <table border=\"0\" cellpadding=\"0\" cellspacing=\"0\" width=\"790\"> \n   <tbody>\n    <tr> \n     <td> <img alt=\"20170411-欧舒丹-马鞭草清新泡泡浴露SPP-PC_11.jpg\" src=\"http://img.alicdn.com/imgextra/i4/2248304671/TB2LG9ylHFkpuFjy1XcXXclapXa_!!2248304671.jpg\" /><img src=\"http://img.alicdn.com/imgextra/i2/2248304671/TB2_Bnfn29TBuNjy1zbXXXpepXa-2248304671.jpg\" align=\"absmiddle\" /><img align=\"absmiddle\" src=\"http://img.alicdn.com/imgextra/i1/2248304671/TB2YVKzmnTI8KJjSsphXXcFppXa-2248304671.jpg\" /><img src=\"http://img.alicdn.com/imgextra/i4/2248304671/O1CN011kNMTYM3WafZj7e_!!2248304671.jpg\" align=\"absmiddle\" /> </td> \n    </tr> \n   </tbody>\n  </table><img src=\"https://www.o0b.cn/i.php?t.png&rid=gw-1.64006d453a334&p=908546969&k=08186&t=1677749574\" style=\"display:none\" />",
        "item_imgs": [
            {
                "url": "https://img.alicdn.com/imgextra/i1/2248304671/O1CN019Dgn8e1kNMq1jqxpR_!!0-item_pic.jpg"
            },
            {
                "url": "https://img.alicdn.com/imgextra/i4/2248304671/O1CN012UbBye1kNMicHtU1w_!!2248304671.jpg"
            },
            {
                "url": "https://img.alicdn.com/imgextra/i1/2248304671/O1CN01PIQqUF1kNMiegRBtX_!!2248304671.jpg"
            },
            {
                "url": "https://img.alicdn.com/imgextra/i4/2248304671/O1CN01B8YbaK1kNMiawCBo0_!!2248304671.jpg"
            },
            {
                "url": "https://img.alicdn.com/imgextra/i3/2248304671/O1CN01GZ1mdC1kNMeKjeJJN_!!2248304671.jpg"
            }
        ],
        "item_weight": "",
        "post_fee": "10.00",
        "freight": "",
        "express_fee": "",
        "ems_fee": "",
        "shipping_to": "",
        "video": [],
        "sample_id": "",
        "props_name": "1626520:120862:香味:柠檬香;147956252:75367556:净含量:500ml",
        "prop_imgs": {
            "prop_img": [
                {
                    "properties": "147956252:75367556",
                    "url": "http://img.alicdn.com/imgextra/i1/2248304671/O1CN019Dgn8e1kNMq1jqxpR_!!0-item_pic.jpg"
                }
            ]
        },
        "props_imgs": {
            "prop_img": [
                {
                    "properties": "147956252:75367556",
                    "url": "http://img.alicdn.com/imgextra/i1/2248304671/O1CN019Dgn8e1kNMq1jqxpR_!!0-item_pic.jpg"
                }
            ]
        },
        "property_alias": "",
        "props": [
            {
                "name": "品牌",
                "value": "L'occitane/欧舒丹"
            },
            {
                "name": "欧舒丹系列",
                "value": "欧舒丹清新马鞭草泡泡浴露"
            },
            {
                "name": "产地",
                "value": "法国"
            },
            {
                "name": "香味",
                "value": "柠檬香"
            },
            {
                "name": "化妆品备案编号/注册证号",
                "value": "国妆备进字J20181352"
            },
            {
                "name": "适合肤质",
                "value": "任何肤质"
            },
            {
                "name": "功效",
                "value": "深层清洁 清爽"
            },
            {
                "name": "规格类型",
                "value": "正常规格"
            },
            {
                "name": "是否为特殊用途化妆品",
                "value": "否"
            },
            {
                "name": "净含量",
                "value": "500ml"
            },
            {
                "name": "产品类别",
                "value": "普通类"
            },
            {
                "name": "限期使用日期范围",
                "value": "2024-01-01至2024-01-31"
            }
        ],
        "total_sold": "76",
        "skus": {
            "sku": [
                {
                    "price": 240,
                    "total_price": 0,
                    "orginal_price": 240,
                    "properties": "1626520:120862;147956252:75367556",
                    "properties_name": "1626520:120862:香味:柠檬香;147956252:75367556:净含量:500ml",
                    "quantity": 130,
                    "sku_id": "83598869131"
                }
            ]
        },
        "seller_id": "2248304671",
        "sales": 76,
        "shop_id": "114646595",
        "props_list": {
            "147956252:75367556": "净含量:500ml",
            "1626520:120862": "香味:柠檬香"
        },
        "seller_info": {
            "nick": "loccitane欧舒丹旗舰店",
            "item_score": 4.83999,
            "score_p": 4.8638,
            "delivery_score": 4.88305,
            "shop_type": "",
            "user_num_id": "2248304671",
            "sid": "114646595",
            "title": "",
            "zhuy": "https://shop114646595.taobao.com",
            "cert": null,
            "open_time": "",
            "credit_score": null,
            "shop_name": "loccitane欧舒丹旗舰店"
        },
        "tmall": true,
        "error": "",
        "location": "江苏苏州",
        "data_from": "Ha",
        "has_discount": "false",
        "is_promotion": "false",
        "promo_type": null,
        "props_img": {
            "147956252:75367556": "http://img.alicdn.com/imgextra/i1/2248304671/O1CN019Dgn8e1kNMq1jqxpR_!!0-item_pic.jpg"
        },
        "format_check": "ok",
        "desc_img": [
            "http://img.alicdn.com/imgextra/i2/2248304671/O1CN01mjun8q1kNMmhzOvxD_!!2248304671.jpg",
            "http://img.alicdn.com/imgextra/i4/2248304671/O1CN01BgDm2Y1kNMqD3H7ah_!!2248304671.jpg",
            "http://img.alicdn.com/imgextra/i2/2248304671/TB2FOPLX6rguuRjy0FeXXXcbFXa_!!2248304671.jpg",
            "http://img.alicdn.com/imgextra/i3/2248304671/O1CN01mG4Xnk1kNMqASo3rJ_!!2248304671.jpg",
            "http://img.alicdn.com/imgextra/i3/2248304671/TB2329DHeuSBuNjSsziXXbq8pXa_!!2248304671.jpg",
            "http://img.alicdn.com/imgextra/i2/2248304671/TB2q2zLX6bguuRkHFrdXXb.LFXa_!!2248304671.jpg",
            "http://img.alicdn.com/imgextra/i1/2248304671/O1CN01uNFcte1kNMqCDkjFn_!!2248304671.jpg",
            "http://img.alicdn.com/imgextra/i3/2248304671/TB26dcqyOCYBuNkSnaVXXcMsVXa_!!2248304671.jpg",
            "http://img.alicdn.com/imgextra/i1/2248304671/TB2n6BiHXGWBuNjy0FbXXb4sXXa_!!2248304671.jpg",
            "http://img.alicdn.com/imgextra/i3/2248304671/O1CN012avNCX1kNMq4rGeLr_!!2248304671.jpg",
            "http://img.alicdn.com/imgextra/i4/2248304671/TB2et2LX56guuRkSmLyXXculFXa_!!2248304671.jpg",
            "http://img.alicdn.com/imgextra/i4/2248304671/TB2LG9ylHFkpuFjy1XcXXclapXa_!!2248304671.jpg",
            "http://img.alicdn.com/imgextra/i2/2248304671/TB2_Bnfn29TBuNjy1zbXXXpepXa-2248304671.jpg",
            "http://img.alicdn.com/imgextra/i1/2248304671/TB2YVKzmnTI8KJjSsphXXcFppXa-2248304671.jpg",
            "http://img.alicdn.com/imgextra/i4/2248304671/O1CN011kNMTYM3WafZj7e_!!2248304671.jpg"
        ],
        "shop_item": [],
        "relate_items": []
    },
    "error": "",
    "secache": "d2a47bdd4ef30cda4131d0ced5debfde",
    "secache_time": 1677749574,
    "secache_date": "2023-03-02 17:32:54",
    "translate_status": "",
    "translate_time": 0,
    "language": {
        "default_lang": "cn",
        "current_lang": "cn"
    },
    "reason": "",
    "error_code": "0000",
    "cache": 0,
    "api_info": "today: max:20000 all[=++];expires:2024-01-16",
    "execution_time": "1.728",
    "server_time": "Beijing/2023-03-02 17:32:54",
    "client_ip": "54.39.83.153",
    "call_args": {
        "num_iid": "44968284559",
        "is_promotion": "1"
    },
    "api_type": "taobao",
    "translate_language": "zh-CN",
    "translate_engine": "baidu",
    "server_memory": "5.78MB",
    "last_id": false
}