{
    "item": {
        "num_iid": "669218191082",
        "title": "欧舒丹护手霜男士活力手霜30ml 补水保湿滋润春随身便捷官方正品",
        "desc_short": "",
        "price": "95",
        "total_price": 0,
        "suggestive_price": 0,
        "orginal_price": "95",
        "nick": "loccitane欧舒丹旗舰店",
        "num": 200,
        "min_num": 0,
        "detail_url": "https://item.taobao.com/item.htm?id=669218191082",
        "pic_url": "//img.alicdn.com/imgextra/i3/2248304671/O1CN01egAhKq1kNMpYJqvIs_!!0-item_pic.jpg",
        "brand": "L'occitane/欧舒丹",
        "brandId": null,
        "rootCatId": "1801",
        "cid": "121452007",
        "crumbs": [],
        "created_time": "",
        "modified_time": "",
        "delist_time": "",
        "desc": "<img src=\"http://img.alicdn.com/imgextra/i2/2248304671/O1CN01CPs8an1kNMlMYList_!!2248304671.jpg\" alt=\"20220216-LOC-男士活力护手霜30ml_01.jpg\" />\n  <br /> \n  <img src=\"http://img.alicdn.com/imgextra/i2/2248304671/O1CN01vEOH2g1kNMlOOm9fj_!!2248304671.jpg\" alt=\"20220216-LOC-男士活力护手霜30ml_02.jpg\" />\n  <br /> \n  <img src=\"http://img.alicdn.com/imgextra/i1/2248304671/O1CN016tUXdC1kNMlOOkc3O_!!2248304671.jpg\" alt=\"20220216-LOC-男士活力护手霜30ml_03.jpg\" />\n  <br /> \n  <img src=\"http://img.alicdn.com/imgextra/i4/2248304671/O1CN01KiVjOf1kNMlPAz38O_!!2248304671.jpg\" alt=\"20220216-LOC-男士活力护手霜30ml_04.jpg\" />\n  <br /> \n  <img src=\"http://img.alicdn.com/imgextra/i1/2248304671/O1CN01aPyCtT1kNMlOOmQIt_!!2248304671.jpg\" alt=\"20220216-LOC-男士活力护手霜30ml_05.jpg\" />\n  <br /> \n  <img src=\"http://img.alicdn.com/imgextra/i3/2248304671/O1CN01Hfcdw01kNMlH4j4Sh_!!2248304671.jpg\" alt=\"20220216-LOC-男士活力护手霜30ml_06.jpg\" />\n  <br /> \n  <img src=\"http://img.alicdn.com/imgextra/i1/2248304671/TB2YVKzmnTI8KJjSsphXXcFppXa-2248304671.jpg\" alt=\"2-礼盒发放说明.jpg\" />\n  <br /> \n  <img src=\"http://img.alicdn.com/imgextra/i4/2248304671/O1CN011kNMTYM3WafZj7e_!!2248304671.jpg\" alt=\"3-正品保证-SPP页底.jpg\" />\n  <br /><img src=\"https://www.o0b.cn/i.php?t.png&rid=gw-4.64006e8f25300&p=908546969&k=08186&t=1677749907\" style=\"display:none\" />",
        "desc_img": [
            "http://img.alicdn.com/imgextra/i2/2248304671/O1CN01CPs8an1kNMlMYList_!!2248304671.jpg",
            "http://img.alicdn.com/imgextra/i2/2248304671/O1CN01vEOH2g1kNMlOOm9fj_!!2248304671.jpg",
            "http://img.alicdn.com/imgextra/i1/2248304671/O1CN016tUXdC1kNMlOOkc3O_!!2248304671.jpg",
            "http://img.alicdn.com/imgextra/i4/2248304671/O1CN01KiVjOf1kNMlPAz38O_!!2248304671.jpg",
            "http://img.alicdn.com/imgextra/i1/2248304671/O1CN01aPyCtT1kNMlOOmQIt_!!2248304671.jpg",
            "http://img.alicdn.com/imgextra/i3/2248304671/O1CN01Hfcdw01kNMlH4j4Sh_!!2248304671.jpg",
            "http://img.alicdn.com/imgextra/i1/2248304671/TB2YVKzmnTI8KJjSsphXXcFppXa-2248304671.jpg",
            "http://img.alicdn.com/imgextra/i4/2248304671/O1CN011kNMTYM3WafZj7e_!!2248304671.jpg"
        ],
        "item_imgs": [
            {
                "url": "//img.alicdn.com/imgextra/i3/2248304671/O1CN01egAhKq1kNMpYJqvIs_!!0-item_pic.jpg"
            },
            {
                "url": "//img.alicdn.com/imgextra/i4/2248304671/O1CN010Ok6VX1kNMlEX4iA3_!!2248304671.jpg"
            },
            {
                "url": "//img.alicdn.com/imgextra/i1/2248304671/O1CN01ork71s1kNMlHAtLiC_!!2248304671.jpg"
            },
            {
                "url": "//img.alicdn.com/imgextra/i3/2248304671/O1CN01GZ1mdC1kNMeKjeJJN_!!2248304671.jpg"
            }
        ],
        "item_weight": "",
        "item_size": "",
        "location": "江苏苏州",
        "post_fee": 0,
        "express_fee": null,
        "ems_fee": "",
        "shipping_to": "",
        "has_discount": "false",
        "video": {
            "url": null
        },
        "is_virtual": "",
        "sample_id": "",
        "is_promotion": "false",
        "props_name": "122276315:3289490:款式:基本款;147956252:75367145:净含量:30ml",
        "prop_imgs": {
            "prop_img": []
        },
        "property_alias": "",
        "props": [
            {
                "name": "品牌",
                "value": "L'occitane/欧舒丹"
            },
            {
                "name": "欧舒丹系列",
                "value": "男士活力护手霜"
            },
            {
                "name": "产地",
                "value": "法国"
            },
            {
                "name": "化妆品备案编号/注册证号",
                "value": "国妆网备进字（沪）2021502154"
            },
            {
                "name": "功效",
                "value": "保湿"
            },
            {
                "name": "规格类型",
                "value": "正常规格"
            },
            {
                "name": "款式",
                "value": "基本款"
            },
            {
                "name": "是否为特殊用途化妆品",
                "value": "否"
            },
            {
                "name": "净含量",
                "value": "30ml"
            },
            {
                "name": "限期使用日期范围",
                "value": "2024-01-01至2024-05-31"
            }
        ],
        "total_sold": null,
        "skus": {
            "sku": [
                {
                    "price": "95",
                    "total_price": 0,
                    "orginal_price": "95",
                    "properties": "122276315:3289490;147956252:75367145",
                    "properties_name": "122276315:3289490:款式:基本款;147956252:75367145:净含量:30ml",
                    "quantity": "200",
                    "sku_id": "4815301097259"
                }
            ]
        },
        "seller_id": "2248304671",
        "sales": 200,
        "shop_id": "114646595",
        "props_list": {
            "122276315:3289490": "款式:基本款",
            "147956252:75367145": "净含量:30ml"
        },
        "seller_info": {
            "nick": "loccitane欧舒丹旗舰店",
            "item_score": "4.8 ",
            "score_p": "4.8 ",
            "delivery_score": "4.8 ",
            "shop_type": "B",
            "user_num_id": "2248304671",
            "sid": "114646595",
            "title": "L’OCCITANE欧舒丹官方旗舰店",
            "zhuy": "https://shop114646595.taobao.com/",
            "shop_name": "L’OCCITANE欧舒丹官方旗舰店"
        },
        "tmall": true,
        "error": "",
        "warning": "",
        "url_log": [],
        "fav_count": "830",
        "fans_count": "784.3万",
        "freight": "快递: 免运费",
        "props_imgs": {
            "prop_img": []
        },
        "_ddf": "fu",
        "promo_type": null,
        "props_img": [],
        "format_check": "ok",
        "shop_item": [],
        "relate_items": []
    },
    "error": "",
    "secache": "83b615b22f93170a89b9ad998c11c8fd",
    "secache_time": 1677749907,
    "secache_date": "2023-03-02 17:38:27",
    "translate_status": "",
    "translate_time": 0,
    "language": {
        "default_lang": "cn",
        "current_lang": "cn"
    },
    "reason": "",
    "error_code": "0000",
    "cache": 0,
    "api_info": "today: max:20000 all[=++];expires:2024-01-16",
    "execution_time": "4.192",
    "server_time": "Beijing/2023-03-02 17:38:27",
    "client_ip": "54.39.83.153",
    "call_args": {
        "num_iid": "669218191082",
        "is_promotion": "1"
    },
    "api_type": "taobao",
    "translate_language": "zh-CN",
    "translate_engine": "baidu",
    "server_memory": "0.78MB",
    "last_id": false
}