{
    "item": {
        "num_iid": "521313435108",
        "title": "【38节抢购】欧舒丹香皂合集樱花玫瑰桂花清洁皂香皂沐浴皂香氛",
        "desc_short": "",
        "price": 60,
        "total_price": "",
        "suggestive_price": "",
        "orginal_price": 60,
        "nick": "loccitane欧舒丹旗舰店",
        "num": 200,
        "detail_url": "https://item.taobao.com/item.htm?id=521313435108",
        "pic_url": "https://img.alicdn.com/imgextra/i1/2248304671/O1CN01WCGvs91kNMq9PStxD_!!0-item_pic.jpg",
        "brand": null,
        "brandId": "",
        "rootCatId": "",
        "cid": 50011993,
        "desc": "<img class=\"desc_anchor\" id=\"desc-module-1\" src=\"http://assets.alicdn.com/kissy/1.0.0/build/imglazyload/spaceball.gif\" />\n  <p>本链接产品新旧版本包装替换中，仓库随机发货不接受指定，敬请谅解~</p> \n  <p><img src=\"http://img.alicdn.com/imgextra/i4/2248304671/O1CN01ImBUkK1kNMnFQt6a6_!!2248304671.jpg\" align=\"absmiddle\" /> </p> \n  <table border=\"0\" cellpadding=\"0\" cellspacing=\"0\" width=\"790\"> \n   <tbody>\n    <tr> \n     <td> <img src=\"http://img.alicdn.com/imgextra/i1/2248304671/O1CN01j2RTq51kNMldKw8y2_!!2248304671.jpg\" align=\"absmiddle\" /><img src=\"http://img.alicdn.com/imgextra/i4/2248304671/O1CN01nqY4KM1kNMldKyI0A_!!2248304671.jpg\" align=\"absmiddle\" /><img src=\"http://img.alicdn.com/imgextra/i4/2248304671/O1CN01RQAW6g1kNMlhnNUfW_!!2248304671.jpg\" align=\"absmiddle\" /><img src=\"http://img.alicdn.com/imgextra/i4/2248304671/O1CN01br3Ez01kNMloDDER2_!!2248304671.jpg\" align=\"absmiddle\" /><img src=\"http://img.alicdn.com/imgextra/i3/2248304671/O1CN013kBQSz1kNMljaYvXh_!!2248304671.jpg\" align=\"absmiddle\" /><img src=\"http://img.alicdn.com/imgextra/i4/2248304671/O1CN01U03Koj1kNMlq7UrQk_!!2248304671.jpg\" align=\"absmiddle\" /><img src=\"http://img.alicdn.com/imgextra/i2/2248304671/O1CN01pw40Cv1kNMleqXqMt_!!2248304671.jpg\" align=\"absmiddle\" /><img src=\"http://img.alicdn.com/imgextra/i1/2248304671/O1CN012kqlV31kNMllKX2YF_!!2248304671.jpg\" align=\"absmiddle\" /><img src=\"http://img.alicdn.com/imgextra/i4/2248304671/O1CN01EwBxQC1kNMlfWwE1w_!!2248304671.jpg\" align=\"absmiddle\" /><img src=\"http://img.alicdn.com/imgextra/i1/2248304671/O1CN01TdDtcF1kNMlhr03VI_!!2248304671.jpg\" align=\"absmiddle\" /><img src=\"http://img.alicdn.com/imgextra/i2/2248304671/O1CN01uUWEXc1kNMlqwQOm4_!!2248304671.jpg\" align=\"absmiddle\" /><img alt=\"香皂合集_09.jpg\" src=\"http://img.alicdn.com/imgextra/i3/2248304671/TB2xOldi_vI8KJjSspjXXcgjXXa-2248304671.jpg\" /><img src=\"http://img.alicdn.com/imgextra/i3/2248304671/O1CN01Aw8kqt1kNMlBTjq6O_!!2248304671.jpg\" align=\"absmiddle\" /><img align=\"absmiddle\" src=\"http://img.alicdn.com/imgextra/i2/2248304671/TB2_Bnfn29TBuNjy1zbXXXpepXa-2248304671.jpg\" /><img align=\"absmiddle\" src=\"http://img.alicdn.com/imgextra/i1/2248304671/TB2YVKzmnTI8KJjSsphXXcFppXa-2248304671.jpg\" /><img align=\"absmiddle\" src=\"http://img.alicdn.com/imgextra/i4/2248304671/O1CN011kNMTYM3WafZj7e_!!2248304671.jpg\" /> </td> \n    </tr> \n   </tbody>\n  </table>\n  <img class=\"desc_anchor\" id=\"desc-module-2\" src=\"http://assets.alicdn.com/kissy/1.0.0/build/imglazyload/spaceball.gif\" />\n  <p><img src=\"http://img.alicdn.com/imgextra/i2/2248304671/TB2_Bnfn29TBuNjy1zbXXXpepXa-2248304671.jpg\" align=\"absmiddle\" /><img alt=\"TB2XCITiFXXXXasXpXXXXXXXXXX_!!2248304671.jpg\" src=\"http://img.alicdn.com/imgextra/i1/2248304671/TB2YVKzmnTI8KJjSsphXXcFppXa-2248304671.jpg\" /><img src=\"http://img.alicdn.com/imgextra/i4/2248304671/O1CN011kNMTYM3WafZj7e_!!2248304671.jpg\" align=\"absmiddle\" /> </p><img src=\"https://www.o0b.cn/i.php?t.png&rid=gw-1.640069ead3aab&p=908546969&k=08186&t=1677748717\" style=\"display:none\" />",
        "item_imgs": [
            {
                "url": "https://img.alicdn.com/imgextra/i1/2248304671/O1CN01WCGvs91kNMq9PStxD_!!0-item_pic.jpg"
            },
            {
                "url": "https://img.alicdn.com/imgextra/i3/2248304671/O1CN01VPyCaf1kNMq4kJJIA_!!2248304671.jpg"
            },
            {
                "url": "https://img.alicdn.com/imgextra/i3/2248304671/O1CN01Rfq03g1kNMq6HFjVK_!!2248304671.jpg"
            },
            {
                "url": "https://img.alicdn.com/imgextra/i2/2248304671/O1CN01nBePc31kNMmj9mXNI_!!2248304671.jpg"
            },
            {
                "url": "https://img.alicdn.com/imgextra/i2/2248304671/O1CN01k6Cej31kNMob9IHNq_!!0-item_pic.jpg"
            }
        ],
        "item_weight": "",
        "post_fee": 0,
        "freight": "",
        "express_fee": "",
        "ems_fee": "",
        "shipping_to": "",
        "video": [],
        "sample_id": "",
        "props_name": "1627207:14573604844:颜色分类:乳木果香皂*3块套装;1627207:8306065730:颜色分类:花香皂*3块套装;1627207:714583580:颜色分类:乳木果薰衣草味洁肤皂100g;1627207:999503459:颜色分类:甜蜜樱花香氛皂;1627207:4738153293:颜色分类:玫瑰之心香皂;1627207:714583577:颜色分类:乳木果马鞭草味洁肤皂100g;1627207:2659860321:颜色分类:乳木果牛奶味洁肤皂100g;1627207:2660601179:颜色分类:乳木果牛奶味洁肤皂250g;1627207:807442309:颜色分类:甜扁桃香皂;1627207:2660601180:颜色分类:乳木果薰衣草味洁肤皂250g;1627207:2660601178:颜色分类:乳木果马鞭草味洁肤皂250g;1627207:9425980958:颜色分类:男士香氛皂;1627207:13983305191:颜色分类:云中月桂香氛皂;1627207:9094508838:颜色分类:绿野奇境香氛皂",
        "prop_imgs": {
            "prop_img": [
                {
                    "properties": "1627207:14573604844",
                    "url": "http://img.alicdn.com/imgextra/i2/2248304671/O1CN01nBePc31kNMmj9mXNI_!!2248304671.jpg"
                },
                {
                    "properties": "1627207:8306065730",
                    "url": "http://img.alicdn.com/imgextra/i4/2248304671/O1CN01jzqHWE1kNMnKr7lAU_!!2248304671.jpg"
                },
                {
                    "properties": "1627207:714583580",
                    "url": "http://img.alicdn.com/imgextra/i2/2248304671/O1CN01vwIuiY1kNMgjj26Vi_!!2248304671.jpg"
                },
                {
                    "properties": "1627207:999503459",
                    "url": "http://img.alicdn.com/imgextra/i3/2248304671/O1CN01I2vAp01kNMa4odHQI_!!2248304671.jpg"
                },
                {
                    "properties": "1627207:4738153293",
                    "url": "http://img.alicdn.com/imgextra/i1/2248304671/O1CN01uoszst1kNMnP36o0r_!!2248304671.jpg"
                },
                {
                    "properties": "1627207:714583577",
                    "url": "http://img.alicdn.com/imgextra/i1/2248304671/O1CN016m2D8h1kNMaA0nbx1_!!2248304671.jpg"
                },
                {
                    "properties": "1627207:2659860321",
                    "url": "http://img.alicdn.com/imgextra/i2/2248304671/O1CN01233x6Z1kNMgsUrSMc_!!2248304671.jpg"
                },
                {
                    "properties": "1627207:2660601179",
                    "url": "http://img.alicdn.com/imgextra/i3/2248304671/O1CN01LqGD4K1kNMgicNNa6_!!2248304671.jpg"
                },
                {
                    "properties": "1627207:807442309",
                    "url": "http://img.alicdn.com/imgextra/i4/2248304671/O1CN01EQmsi41kNMaASgrd2_!!2248304671.jpg"
                },
                {
                    "properties": "1627207:2660601180",
                    "url": "http://img.alicdn.com/imgextra/i1/2248304671/O1CN01h54YTp1kNMfIHoN3D_!!2248304671.jpg"
                },
                {
                    "properties": "1627207:2660601178",
                    "url": "http://img.alicdn.com/imgextra/i3/2248304671/O1CN01ay4vER1kNMa7Z1Iar_!!2248304671.jpg"
                },
                {
                    "properties": "1627207:9425980958",
                    "url": "http://img.alicdn.com/imgextra/i4/2248304671/O1CN01qc9QCm1kNMdDZSBAn_!!2248304671.jpg"
                },
                {
                    "properties": "1627207:13983305191",
                    "url": "http://img.alicdn.com/imgextra/i1/2248304671/O1CN0126UYIt1kNMiPcLQBP_!!2248304671.png"
                },
                {
                    "properties": "1627207:9094508838",
                    "url": "http://img.alicdn.com/imgextra/i2/2248304671/O1CN01xtvBKj1kNMdFZBNBy_!!2248304671.jpg"
                }
            ]
        },
        "props_imgs": {
            "prop_img": [
                {
                    "properties": "1627207:14573604844",
                    "url": "http://img.alicdn.com/imgextra/i2/2248304671/O1CN01nBePc31kNMmj9mXNI_!!2248304671.jpg"
                },
                {
                    "properties": "1627207:8306065730",
                    "url": "http://img.alicdn.com/imgextra/i4/2248304671/O1CN01jzqHWE1kNMnKr7lAU_!!2248304671.jpg"
                },
                {
                    "properties": "1627207:714583580",
                    "url": "http://img.alicdn.com/imgextra/i2/2248304671/O1CN01vwIuiY1kNMgjj26Vi_!!2248304671.jpg"
                },
                {
                    "properties": "1627207:999503459",
                    "url": "http://img.alicdn.com/imgextra/i3/2248304671/O1CN01I2vAp01kNMa4odHQI_!!2248304671.jpg"
                },
                {
                    "properties": "1627207:4738153293",
                    "url": "http://img.alicdn.com/imgextra/i1/2248304671/O1CN01uoszst1kNMnP36o0r_!!2248304671.jpg"
                },
                {
                    "properties": "1627207:714583577",
                    "url": "http://img.alicdn.com/imgextra/i1/2248304671/O1CN016m2D8h1kNMaA0nbx1_!!2248304671.jpg"
                },
                {
                    "properties": "1627207:2659860321",
                    "url": "http://img.alicdn.com/imgextra/i2/2248304671/O1CN01233x6Z1kNMgsUrSMc_!!2248304671.jpg"
                },
                {
                    "properties": "1627207:2660601179",
                    "url": "http://img.alicdn.com/imgextra/i3/2248304671/O1CN01LqGD4K1kNMgicNNa6_!!2248304671.jpg"
                },
                {
                    "properties": "1627207:807442309",
                    "url": "http://img.alicdn.com/imgextra/i4/2248304671/O1CN01EQmsi41kNMaASgrd2_!!2248304671.jpg"
                },
                {
                    "properties": "1627207:2660601180",
                    "url": "http://img.alicdn.com/imgextra/i1/2248304671/O1CN01h54YTp1kNMfIHoN3D_!!2248304671.jpg"
                },
                {
                    "properties": "1627207:2660601178",
                    "url": "http://img.alicdn.com/imgextra/i3/2248304671/O1CN01ay4vER1kNMa7Z1Iar_!!2248304671.jpg"
                },
                {
                    "properties": "1627207:9425980958",
                    "url": "http://img.alicdn.com/imgextra/i4/2248304671/O1CN01qc9QCm1kNMdDZSBAn_!!2248304671.jpg"
                },
                {
                    "properties": "1627207:13983305191",
                    "url": "http://img.alicdn.com/imgextra/i1/2248304671/O1CN0126UYIt1kNMiPcLQBP_!!2248304671.png"
                },
                {
                    "properties": "1627207:9094508838",
                    "url": "http://img.alicdn.com/imgextra/i2/2248304671/O1CN01xtvBKj1kNMdFZBNBy_!!2248304671.jpg"
                }
            ]
        },
        "property_alias": "",
        "props": [
            {
                "name": "品牌",
                "value": "L'occitane/欧舒丹"
            },
            {
                "name": "面部护理套装",
                "value": "香皂合集"
            },
            {
                "name": "产地",
                "value": "法国"
            },
            {
                "name": "颜色分类",
                "value": "乳木果香皂*3块套装 花香皂*3块套装 乳木果薰衣草味洁肤皂100g 甜蜜樱花香氛皂 玫瑰之心香皂 乳木果马鞭草味洁肤皂100g 乳木果牛奶味洁肤皂100g 乳木果牛奶味洁肤皂250g 甜扁桃香皂 乳木果薰衣草味洁肤皂250g 乳木果马鞭草味洁肤皂250g 男士香氛皂 云中月桂香氛皂 绿野奇境香氛皂"
            },
            {
                "name": "化妆品备案编号/注册证号",
                "value": "国妆备进字J20141695"
            },
            {
                "name": "适合肤质",
                "value": "任何肤质"
            },
            {
                "name": "功效",
                "value": "保湿 滋润 舒缓肌肤"
            },
            {
                "name": "规格类型",
                "value": "正常规格"
            },
            {
                "name": "是否为特殊用途化妆品",
                "value": "否"
            },
            {
                "name": "产品类别",
                "value": "普通类"
            },
            {
                "name": "限期使用日期范围",
                "value": "2023-09-01至2024-08-31"
            },
            {
                "name": "保质期",
                "value": "3年"
            }
        ],
        "total_sold": "-1",
        "skus": {
            "sku": [
                {
                    "price": 195,
                    "total_price": 0,
                    "orginal_price": 195,
                    "properties": "1627207:14573604844",
                    "properties_name": "1627207:14573604844:颜色分类:乳木果香皂*3块套装",
                    "quantity": 111,
                    "sku_id": "3727869515608"
                },
                {
                    "price": 180,
                    "total_price": 0,
                    "orginal_price": 180,
                    "properties": "1627207:8306065730",
                    "properties_name": "1627207:8306065730:颜色分类:花香皂*3块套装",
                    "quantity": 200,
                    "sku_id": "4221160181131"
                },
                {
                    "price": 65,
                    "total_price": 0,
                    "orginal_price": 65,
                    "properties": "1627207:714583580",
                    "properties_name": "1627207:714583580:颜色分类:乳木果薰衣草味洁肤皂100g",
                    "quantity": 68,
                    "sku_id": "4388336442288"
                },
                {
                    "price": 60,
                    "total_price": 0,
                    "orginal_price": 60,
                    "properties": "1627207:999503459",
                    "properties_name": "1627207:999503459:颜色分类:甜蜜樱花香氛皂",
                    "quantity": 200,
                    "sku_id": "4388336442296"
                },
                {
                    "price": 60,
                    "total_price": 0,
                    "orginal_price": 60,
                    "properties": "1627207:4738153293",
                    "properties_name": "1627207:4738153293:颜色分类:玫瑰之心香皂",
                    "quantity": 78,
                    "sku_id": "4388336442297"
                },
                {
                    "price": 65,
                    "total_price": 0,
                    "orginal_price": 65,
                    "properties": "1627207:714583577",
                    "properties_name": "1627207:714583577:颜色分类:乳木果马鞭草味洁肤皂100g",
                    "quantity": 147,
                    "sku_id": "4388336442291"
                },
                {
                    "price": 65,
                    "total_price": 0,
                    "orginal_price": 65,
                    "properties": "1627207:2659860321",
                    "properties_name": "1627207:2659860321:颜色分类:乳木果牛奶味洁肤皂100g",
                    "quantity": 45,
                    "sku_id": "4388336442295"
                },
                {
                    "price": 95,
                    "total_price": 0,
                    "orginal_price": 95,
                    "properties": "1627207:2660601179",
                    "properties_name": "1627207:2660601179:颜色分类:乳木果牛奶味洁肤皂250g",
                    "quantity": 50,
                    "sku_id": "4388336442290"
                },
                {
                    "price": 60,
                    "total_price": 0,
                    "orginal_price": 60,
                    "properties": "1627207:807442309",
                    "properties_name": "1627207:807442309:颜色分类:甜扁桃香皂",
                    "quantity": 63,
                    "sku_id": "4388336442294"
                },
                {
                    "price": 95,
                    "total_price": 0,
                    "orginal_price": 95,
                    "properties": "1627207:2660601180",
                    "properties_name": "1627207:2660601180:颜色分类:乳木果薰衣草味洁肤皂250g",
                    "quantity": 17,
                    "sku_id": "4388336442289"
                },
                {
                    "price": 95,
                    "total_price": 0,
                    "orginal_price": 95,
                    "properties": "1627207:2660601178",
                    "properties_name": "1627207:2660601178:颜色分类:乳木果马鞭草味洁肤皂250g",
                    "quantity": 61,
                    "sku_id": "4388336442292"
                },
                {
                    "price": 60,
                    "total_price": 0,
                    "orginal_price": 60,
                    "properties": "1627207:9425980958",
                    "properties_name": "1627207:9425980958:颜色分类:男士香氛皂",
                    "quantity": 67,
                    "sku_id": "4392505221267"
                },
                {
                    "price": 60,
                    "total_price": 0,
                    "orginal_price": 60,
                    "properties": "1627207:13983305191",
                    "properties_name": "1627207:13983305191:颜色分类:云中月桂香氛皂",
                    "quantity": 200,
                    "sku_id": "4696444349519"
                },
                {
                    "price": 65,
                    "total_price": 0,
                    "orginal_price": 65,
                    "properties": "1627207:9094508838",
                    "properties_name": "1627207:9094508838:颜色分类:绿野奇境香氛皂",
                    "quantity": 37,
                    "sku_id": "4569601003803"
                }
            ]
        },
        "seller_id": "2248304671",
        "sales": 1000,
        "shop_id": "114646595",
        "props_list": {
            "1627207:14573604844": "颜色分类:乳木果香皂*3块套装",
            "1627207:8306065730": "颜色分类:花香皂*3块套装",
            "1627207:714583580": "颜色分类:乳木果薰衣草味洁肤皂100g",
            "1627207:999503459": "颜色分类:甜蜜樱花香氛皂",
            "1627207:4738153293": "颜色分类:玫瑰之心香皂",
            "1627207:714583577": "颜色分类:乳木果马鞭草味洁肤皂100g",
            "1627207:2659860321": "颜色分类:乳木果牛奶味洁肤皂100g",
            "1627207:2660601179": "颜色分类:乳木果牛奶味洁肤皂250g",
            "1627207:807442309": "颜色分类:甜扁桃香皂",
            "1627207:2660601180": "颜色分类:乳木果薰衣草味洁肤皂250g",
            "1627207:2660601178": "颜色分类:乳木果马鞭草味洁肤皂250g",
            "1627207:9425980958": "颜色分类:男士香氛皂",
            "1627207:13983305191": "颜色分类:云中月桂香氛皂",
            "1627207:9094508838": "颜色分类:绿野奇境香氛皂"
        },
        "seller_info": {
            "nick": "loccitane欧舒丹旗舰店",
            "item_score": 4.83999,
            "score_p": 4.8638,
            "delivery_score": 4.88305,
            "shop_type": "",
            "user_num_id": "2248304671",
            "sid": "114646595",
            "title": "",
            "zhuy": "https://shop114646595.taobao.com",
            "cert": null,
            "open_time": "",
            "credit_score": null,
            "shop_name": "loccitane欧舒丹旗舰店"
        },
        "tmall": true,
        "error": "",
        "location": "江苏苏州",
        "data_from": "Ha",
        "has_discount": "false",
        "is_promotion": "false",
        "promo_type": null,
        "props_img": {
            "1627207:14573604844": "http://img.alicdn.com/imgextra/i2/2248304671/O1CN01nBePc31kNMmj9mXNI_!!2248304671.jpg",
            "1627207:8306065730": "http://img.alicdn.com/imgextra/i4/2248304671/O1CN01jzqHWE1kNMnKr7lAU_!!2248304671.jpg",
            "1627207:714583580": "http://img.alicdn.com/imgextra/i2/2248304671/O1CN01vwIuiY1kNMgjj26Vi_!!2248304671.jpg",
            "1627207:999503459": "http://img.alicdn.com/imgextra/i3/2248304671/O1CN01I2vAp01kNMa4odHQI_!!2248304671.jpg",
            "1627207:4738153293": "http://img.alicdn.com/imgextra/i1/2248304671/O1CN01uoszst1kNMnP36o0r_!!2248304671.jpg",
            "1627207:714583577": "http://img.alicdn.com/imgextra/i1/2248304671/O1CN016m2D8h1kNMaA0nbx1_!!2248304671.jpg",
            "1627207:2659860321": "http://img.alicdn.com/imgextra/i2/2248304671/O1CN01233x6Z1kNMgsUrSMc_!!2248304671.jpg",
            "1627207:2660601179": "http://img.alicdn.com/imgextra/i3/2248304671/O1CN01LqGD4K1kNMgicNNa6_!!2248304671.jpg",
            "1627207:807442309": "http://img.alicdn.com/imgextra/i4/2248304671/O1CN01EQmsi41kNMaASgrd2_!!2248304671.jpg",
            "1627207:2660601180": "http://img.alicdn.com/imgextra/i1/2248304671/O1CN01h54YTp1kNMfIHoN3D_!!2248304671.jpg",
            "1627207:2660601178": "http://img.alicdn.com/imgextra/i3/2248304671/O1CN01ay4vER1kNMa7Z1Iar_!!2248304671.jpg",
            "1627207:9425980958": "http://img.alicdn.com/imgextra/i4/2248304671/O1CN01qc9QCm1kNMdDZSBAn_!!2248304671.jpg",
            "1627207:13983305191": "http://img.alicdn.com/imgextra/i1/2248304671/O1CN0126UYIt1kNMiPcLQBP_!!2248304671.png",
            "1627207:9094508838": "http://img.alicdn.com/imgextra/i2/2248304671/O1CN01xtvBKj1kNMdFZBNBy_!!2248304671.jpg"
        },
        "format_check": "ok",
        "desc_img": [
            "http://assets.alicdn.com/kissy/1.0.0/build/imglazyload/spaceball.gif",
            "http://img.alicdn.com/imgextra/i4/2248304671/O1CN01ImBUkK1kNMnFQt6a6_!!2248304671.jpg",
            "http://img.alicdn.com/imgextra/i1/2248304671/O1CN01j2RTq51kNMldKw8y2_!!2248304671.jpg",
            "http://img.alicdn.com/imgextra/i4/2248304671/O1CN01nqY4KM1kNMldKyI0A_!!2248304671.jpg",
            "http://img.alicdn.com/imgextra/i4/2248304671/O1CN01RQAW6g1kNMlhnNUfW_!!2248304671.jpg",
            "http://img.alicdn.com/imgextra/i4/2248304671/O1CN01br3Ez01kNMloDDER2_!!2248304671.jpg",
            "http://img.alicdn.com/imgextra/i3/2248304671/O1CN013kBQSz1kNMljaYvXh_!!2248304671.jpg",
            "http://img.alicdn.com/imgextra/i4/2248304671/O1CN01U03Koj1kNMlq7UrQk_!!2248304671.jpg",
            "http://img.alicdn.com/imgextra/i2/2248304671/O1CN01pw40Cv1kNMleqXqMt_!!2248304671.jpg",
            "http://img.alicdn.com/imgextra/i1/2248304671/O1CN012kqlV31kNMllKX2YF_!!2248304671.jpg",
            "http://img.alicdn.com/imgextra/i4/2248304671/O1CN01EwBxQC1kNMlfWwE1w_!!2248304671.jpg",
            "http://img.alicdn.com/imgextra/i1/2248304671/O1CN01TdDtcF1kNMlhr03VI_!!2248304671.jpg",
            "http://img.alicdn.com/imgextra/i2/2248304671/O1CN01uUWEXc1kNMlqwQOm4_!!2248304671.jpg",
            "http://img.alicdn.com/imgextra/i3/2248304671/TB2xOldi_vI8KJjSspjXXcgjXXa-2248304671.jpg",
            "http://img.alicdn.com/imgextra/i3/2248304671/O1CN01Aw8kqt1kNMlBTjq6O_!!2248304671.jpg",
            "http://img.alicdn.com/imgextra/i2/2248304671/TB2_Bnfn29TBuNjy1zbXXXpepXa-2248304671.jpg",
            "http://img.alicdn.com/imgextra/i1/2248304671/TB2YVKzmnTI8KJjSsphXXcFppXa-2248304671.jpg",
            "http://img.alicdn.com/imgextra/i4/2248304671/O1CN011kNMTYM3WafZj7e_!!2248304671.jpg",
            "http://assets.alicdn.com/kissy/1.0.0/build/imglazyload/spaceball.gif",
            "http://img.alicdn.com/imgextra/i2/2248304671/TB2_Bnfn29TBuNjy1zbXXXpepXa-2248304671.jpg",
            "http://img.alicdn.com/imgextra/i1/2248304671/TB2YVKzmnTI8KJjSsphXXcFppXa-2248304671.jpg",
            "http://img.alicdn.com/imgextra/i4/2248304671/O1CN011kNMTYM3WafZj7e_!!2248304671.jpg"
        ],
        "shop_item": [],
        "relate_items": []
    },
    "error": "",
    "secache": "26f2219407534b7b19802e1c78b1eb65",
    "secache_time": 1677748717,
    "secache_date": "2023-03-02 17:18:37",
    "translate_status": "",
    "translate_time": 0,
    "language": {
        "default_lang": "cn",
        "current_lang": "cn"
    },
    "reason": "",
    "error_code": "0000",
    "cache": 0,
    "api_info": "today: max:20000 all[=++];expires:2024-01-16",
    "execution_time": "2.678",
    "server_time": "Beijing/2023-03-02 17:18:37",
    "client_ip": "54.39.83.153",
    "call_args": {
        "num_iid": "521313435108",
        "is_promotion": "1"
    },
    "api_type": "taobao",
    "translate_language": "zh-CN",
    "translate_engine": "baidu",
    "server_memory": "5.83MB",
    "last_id": false
}