{
    "item": {
        "num_iid": "702538584250",
        "title": "欧舒丹洁手液润肤露套装薰衣草洗手液身体乳保湿清洁补水温和男女",
        "desc_short": "",
        "price": "440",
        "total_price": 0,
        "suggestive_price": 0,
        "orginal_price": "440",
        "nick": "loccitane欧舒丹旗舰店",
        "num": 110,
        "min_num": 0,
        "detail_url": "https://item.taobao.com/item.htm?id=702538584250",
        "pic_url": "//img.alicdn.com/imgextra/i3/2248304671/O1CN0100u66d1kNMq7MGjup_!!0-item_pic.jpg",
        "brand": "L'occitane/欧舒丹",
        "brandId": null,
        "rootCatId": "1801",
        "cid": "121484012",
        "crumbs": [],
        "created_time": "",
        "modified_time": "",
        "delist_time": "",
        "desc": "",
        "desc_img": [],
        "item_imgs": [
            {
                "url": "//img.alicdn.com/imgextra/i3/2248304671/O1CN0100u66d1kNMq7MGjup_!!0-item_pic.jpg"
            },
            {
                "url": "//img.alicdn.com/imgextra/i4/2248304671/O1CN01G6P7uv1kNMj1fUlwy_!!2248304671.jpg"
            },
            {
                "url": "//img.alicdn.com/imgextra/i2/2248304671/O1CN01JHkgAP1kNMhVHLWPY_!!2248304671.jpg"
            },
            {
                "url": "//img.alicdn.com/imgextra/i4/2248304671/O1CN01TkgB7K1kNMpveRNpA_!!0-item_pic.jpg"
            }
        ],
        "item_weight": "",
        "item_size": "",
        "location": "江苏苏州",
        "post_fee": 0,
        "express_fee": null,
        "ems_fee": "",
        "shipping_to": "",
        "has_discount": "false",
        "video": {
            "url": null
        },
        "is_virtual": "",
        "sample_id": "",
        "is_promotion": "false",
        "props_name": "147956252:49863:净含量:600ml",
        "prop_imgs": {
            "prop_img": []
        },
        "property_alias": "",
        "props": [
            {
                "name": "品牌",
                "value": "L'occitane/欧舒丹"
            },
            {
                "name": "欧舒丹系列",
                "value": "洁手液手部身体润肤露套装组合"
            },
            {
                "name": "产地",
                "value": "法国"
            },
            {
                "name": "化妆品备案编号/注册证号",
                "value": "国妆网备进字（沪）2020002212"
            },
            {
                "name": "功效",
                "value": "保湿 清洁"
            },
            {
                "name": "规格类型",
                "value": "正常规格"
            },
            {
                "name": "是否为特殊用途化妆品",
                "value": "否"
            },
            {
                "name": "净含量",
                "value": "600ml"
            },
            {
                "name": "限期使用日期范围",
                "value": "2025-01-01至2025-09-01"
            }
        ],
        "total_sold": null,
        "skus": {
            "sku": [
                {
                    "price": "440",
                    "total_price": 0,
                    "orginal_price": "440",
                    "properties": "147956252:49863",
                    "properties_name": "147956252:49863:净含量:600ml",
                    "quantity": "110",
                    "sku_id": "4948974936777"
                }
            ]
        },
        "seller_id": "2248304671",
        "sales": 64,
        "shop_id": "114646595",
        "props_list": {
            "147956252:49863": "净含量:600ml"
        },
        "seller_info": {
            "nick": "loccitane欧舒丹旗舰店",
            "item_score": "4.8 ",
            "score_p": "4.8 ",
            "delivery_score": "4.8 ",
            "shop_type": "B",
            "user_num_id": "2248304671",
            "sid": "114646595",
            "title": "L’OCCITANE欧舒丹官方旗舰店",
            "zhuy": "https://shop114646595.taobao.com/",
            "shop_name": "L’OCCITANE欧舒丹官方旗舰店"
        },
        "tmall": true,
        "error": "",
        "warning": "",
        "url_log": [],
        "fav_count": "102",
        "fans_count": "784.3万",
        "freight": "快递: 免运费",
        "props_imgs": {
            "prop_img": []
        },
        "_ddf": "fu",
        "promo_type": null,
        "props_img": [],
        "format_check": "ok",
        "shop_item": [],
        "relate_items": []
    },
    "error": "",
    "secache": "ac5562d938b1a9d3029e5b99550650c7",
    "secache_time": 1677750389,
    "secache_date": "2023-03-02 17:46:29",
    "translate_status": "",
    "translate_time": 0,
    "language": {
        "default_lang": "cn",
        "current_lang": "cn"
    },
    "reason": "",
    "error_code": "0000",
    "cache": 0,
    "api_info": "today: max:20000 all[=++];expires:2024-01-16",
    "execution_time": "7.216",
    "server_time": "Beijing/2023-03-02 17:46:29",
    "client_ip": "54.39.83.153",
    "call_args": {
        "num_iid": "702538584250",
        "is_promotion": "1"
    },
    "api_type": "taobao",
    "translate_language": "zh-CN",
    "translate_engine": "baidu",
    "server_memory": "0.77MB",
    "last_id": false
}