{
    "item": {
        "num_iid": "693939056190",
        "title": "【38节抢购】欧舒丹沐浴油甜扁桃紧致沐浴露清洁保湿留香滋润",
        "desc_short": "",
        "price": "235",
        "total_price": 0,
        "suggestive_price": 0,
        "orginal_price": "235",
        "nick": "loccitane欧舒丹旗舰店",
        "num": 200,
        "min_num": 0,
        "detail_url": "https://item.taobao.com/item.htm?id=693939056190",
        "pic_url": "//img.alicdn.com/imgextra/i2/2248304671/O1CN01cVP7O61kNMqAPOJw1_!!0-item_pic.jpg",
        "brand": "L'occitane/欧舒丹",
        "brandId": null,
        "rootCatId": "1801",
        "cid": "201858801",
        "crumbs": [],
        "created_time": "",
        "modified_time": "",
        "delist_time": "",
        "desc": "<p><img src=\"http://img.alicdn.com/imgextra/i1/2248304671/O1CN01IZqJG81kNMmvqXs4a_!!2248304671.jpg\" align=\"absmiddle\" /><img src=\"http://img.alicdn.com/imgextra/i2/2248304671/O1CN01oCYsdk1kNMmv1QqmX_!!2248304671.jpg\" align=\"absmiddle\" /><img src=\"http://img.alicdn.com/imgextra/i4/2248304671/O1CN01BVr9EJ1kNMmxPn0zt_!!2248304671.jpg\" align=\"absmiddle\" /><img src=\"http://img.alicdn.com/imgextra/i3/2248304671/O1CN01TmYMrX1kNMn1jLOpv_!!2248304671.jpg\" align=\"absmiddle\" /><img src=\"http://img.alicdn.com/imgextra/i3/2248304671/O1CN01EFeZtu1kNMmxPmXsR_!!2248304671.jpg\" align=\"absmiddle\" /><img src=\"http://img.alicdn.com/imgextra/i4/2248304671/O1CN019HLWW81kNMmwxJB4A_!!2248304671.jpg\" align=\"absmiddle\" /><img src=\"http://img.alicdn.com/imgextra/i2/2248304671/O1CN01g9gm541kNMmxPmc2g_!!2248304671.jpg\" align=\"absmiddle\" /><img src=\"http://img.alicdn.com/imgextra/i4/2248304671/O1CN01ZuHxFs1kNMmshC0wX_!!2248304671.jpg\" align=\"absmiddle\" /><img src=\"http://img.alicdn.com/imgextra/i2/2248304671/O1CN012kufry1kNMn4aMffk_!!2248304671.jpg\" align=\"absmiddle\" /><img src=\"http://img.alicdn.com/imgextra/i4/2248304671/O1CN01mb7rVq1kNMmvqXjm3_!!2248304671.jpg\" align=\"absmiddle\" /><img src=\"http://img.alicdn.com/imgextra/i1/2248304671/O1CN01CJLH9L1kNMmxPo1NL_!!2248304671.jpg\" align=\"absmiddle\" /><img src=\"http://img.alicdn.com/imgextra/i2/2248304671/O1CN01vdmKVa1kNMmxPo1NT_!!2248304671.jpg\" align=\"absmiddle\" /><img src=\"http://img.alicdn.com/imgextra/i2/2248304671/TB2_Bnfn29TBuNjy1zbXXXpepXa-2248304671.jpg\" align=\"absmiddle\" /><img src=\"http://img.alicdn.com/imgextra/i1/2248304671/TB2YVKzmnTI8KJjSsphXXcFppXa-2248304671.jpg\" align=\"absmiddle\" /><img src=\"http://img.alicdn.com/imgextra/i4/2248304671/O1CN011kNMTYM3WafZj7e_!!2248304671.jpg\" align=\"absmiddle\" /></p><img src=\"https://www.o0b.cn/i.php?t.png&rid=gw-4.64006c9fb36cf&p=908546969&k=08186&t=1677749411\" style=\"display:none\" />",
        "desc_img": [
            "http://img.alicdn.com/imgextra/i1/2248304671/O1CN01IZqJG81kNMmvqXs4a_!!2248304671.jpg",
            "http://img.alicdn.com/imgextra/i2/2248304671/O1CN01oCYsdk1kNMmv1QqmX_!!2248304671.jpg",
            "http://img.alicdn.com/imgextra/i4/2248304671/O1CN01BVr9EJ1kNMmxPn0zt_!!2248304671.jpg",
            "http://img.alicdn.com/imgextra/i3/2248304671/O1CN01TmYMrX1kNMn1jLOpv_!!2248304671.jpg",
            "http://img.alicdn.com/imgextra/i3/2248304671/O1CN01EFeZtu1kNMmxPmXsR_!!2248304671.jpg",
            "http://img.alicdn.com/imgextra/i4/2248304671/O1CN019HLWW81kNMmwxJB4A_!!2248304671.jpg",
            "http://img.alicdn.com/imgextra/i2/2248304671/O1CN01g9gm541kNMmxPmc2g_!!2248304671.jpg",
            "http://img.alicdn.com/imgextra/i4/2248304671/O1CN01ZuHxFs1kNMmshC0wX_!!2248304671.jpg",
            "http://img.alicdn.com/imgextra/i2/2248304671/O1CN012kufry1kNMn4aMffk_!!2248304671.jpg",
            "http://img.alicdn.com/imgextra/i4/2248304671/O1CN01mb7rVq1kNMmvqXjm3_!!2248304671.jpg",
            "http://img.alicdn.com/imgextra/i1/2248304671/O1CN01CJLH9L1kNMmxPo1NL_!!2248304671.jpg",
            "http://img.alicdn.com/imgextra/i2/2248304671/O1CN01vdmKVa1kNMmxPo1NT_!!2248304671.jpg",
            "http://img.alicdn.com/imgextra/i2/2248304671/TB2_Bnfn29TBuNjy1zbXXXpepXa-2248304671.jpg",
            "http://img.alicdn.com/imgextra/i1/2248304671/TB2YVKzmnTI8KJjSsphXXcFppXa-2248304671.jpg",
            "http://img.alicdn.com/imgextra/i4/2248304671/O1CN011kNMTYM3WafZj7e_!!2248304671.jpg"
        ],
        "item_imgs": [
            {
                "url": "//img.alicdn.com/imgextra/i2/2248304671/O1CN01cVP7O61kNMqAPOJw1_!!0-item_pic.jpg"
            },
            {
                "url": "//img.alicdn.com/imgextra/i4/2248304671/O1CN01Njfoso1kNMluNdxRy_!!2248304671.jpg"
            },
            {
                "url": "//img.alicdn.com/imgextra/i4/2248304671/O1CN01SvRBZU1kNMlmpdAfz_!!2248304671.jpg"
            },
            {
                "url": "//img.alicdn.com/imgextra/i2/2248304671/O1CN017LGCtb1kNMo8WDRqH_!!2248304671.jpg"
            },
            {
                "url": "//img.alicdn.com/imgextra/i2/2248304671/O1CN01lQghXo1kNMdbdcEOj_!!2248304671.jpg"
            }
        ],
        "item_weight": "",
        "item_size": "",
        "location": "江苏苏州",
        "post_fee": 0,
        "express_fee": null,
        "ems_fee": "",
        "shipping_to": "",
        "has_discount": "false",
        "video": {
            "url": "https://cloud.video.taobao.com/play/u/2248304671/p/2/e/6/t/1/399763142161.mp4?appKey=38829"
        },
        "is_virtual": "",
        "sample_id": "",
        "is_promotion": "false",
        "props_name": "1626520:281420961:香味:甜扁桃;147956252:45789:净含量:250ml",
        "prop_imgs": {
            "prop_img": []
        },
        "property_alias": "",
        "props": [
            {
                "name": "品牌",
                "value": "L'occitane/欧舒丹"
            },
            {
                "name": "型号",
                "value": "甜扁桃沐浴油250ml套装"
            },
            {
                "name": "产地",
                "value": "法国"
            },
            {
                "name": "香味",
                "value": "甜扁桃"
            },
            {
                "name": "化妆品备案编号/注册证号",
                "value": "国妆备进字J20151778"
            },
            {
                "name": "功效",
                "value": "清洁"
            },
            {
                "name": "规格类型",
                "value": "正常规格"
            },
            {
                "name": "是否为特殊用途化妆品",
                "value": "否"
            },
            {
                "name": "净含量",
                "value": "250ml"
            },
            {
                "name": "限期使用日期范围",
                "value": "2025-01-01至2025-05-01"
            }
        ],
        "total_sold": null,
        "skus": {
            "sku": [
                {
                    "price": "235",
                    "total_price": 0,
                    "orginal_price": "235",
                    "properties": "1626520:281420961;147956252:45789",
                    "properties_name": "1626520:281420961:香味:甜扁桃;147956252:45789:净含量:250ml",
                    "quantity": "200",
                    "sku_id": "5103371343012"
                }
            ]
        },
        "seller_id": "2248304671",
        "sales": 100,
        "shop_id": "114646595",
        "props_list": {
            "1626520:281420961": "香味:甜扁桃",
            "147956252:45789": "净含量:250ml"
        },
        "seller_info": {
            "nick": "loccitane欧舒丹旗舰店",
            "item_score": "4.8 ",
            "score_p": "4.8 ",
            "delivery_score": "4.8 ",
            "shop_type": "B",
            "user_num_id": "2248304671",
            "sid": "114646595",
            "title": "L’OCCITANE欧舒丹官方旗舰店",
            "zhuy": "https://shop114646595.taobao.com/",
            "shop_name": "L’OCCITANE欧舒丹官方旗舰店"
        },
        "tmall": true,
        "error": "",
        "warning": "",
        "url_log": [],
        "fav_count": "1562",
        "fans_count": "784.3万",
        "freight": "快递: 免运费",
        "props_imgs": {
            "prop_img": []
        },
        "_ddf": "fu",
        "promo_type": null,
        "props_img": [],
        "format_check": "ok",
        "shop_item": [],
        "relate_items": []
    },
    "error": "",
    "secache": "e631f6c0bd971963963b6fc971b73003",
    "secache_time": 1677749411,
    "secache_date": "2023-03-02 17:30:11",
    "translate_status": "",
    "translate_time": 0,
    "language": {
        "default_lang": "cn",
        "current_lang": "cn"
    },
    "reason": "",
    "error_code": "0000",
    "cache": 0,
    "api_info": "today: max:20000 all[=++];expires:2024-01-16",
    "execution_time": "3.669",
    "server_time": "Beijing/2023-03-02 17:30:11",
    "client_ip": "54.39.83.153",
    "call_args": {
        "num_iid": "693939056190",
        "is_promotion": "1"
    },
    "api_type": "taobao",
    "translate_language": "zh-CN",
    "translate_engine": "baidu",
    "server_memory": "0.78MB",
    "last_id": false
}