{
    "item": {
        "num_iid": "687619176750",
        "title": "欧舒丹喷雾云中月桂香氛保湿喷雾50ml 补水保湿爽肤水男女士正品",
        "desc_short": "",
        "price": 130,
        "total_price": "",
        "suggestive_price": "",
        "orginal_price": 130,
        "nick": "loccitane欧舒丹旗舰店",
        "num": 200,
        "detail_url": "https://item.taobao.com/item.htm?id=687619176750",
        "pic_url": "https://img.alicdn.com/imgextra/i1/2248304671/O1CN01bC3vug1kNMoJiXMVz_!!0-item_pic.jpg",
        "brand": null,
        "brandId": "",
        "rootCatId": "",
        "cid": 50011978,
        "desc": "<img class=\"desc_anchor\" id=\"desc-module-1\" src=\"http://assets.alicdn.com/kissy/1.0.0/build/imglazyload/spaceball.gif\" />\n  <img src=\"http://img.alicdn.com/imgextra/i2/2248304671/O1CN01wKRhvj1kNMoGDWnvX_!!2248304671.jpg\" alt=\"云中月桂喷雾spp_01.jpg\" />\n  <br /> \n  <img src=\"http://img.alicdn.com/imgextra/i4/2248304671/O1CN01lmfCBJ1kNMo74621L_!!2248304671.jpg\" alt=\"云中月桂喷雾spp_02.jpg\" />\n  <br /> \n  <img src=\"http://img.alicdn.com/imgextra/i4/2248304671/O1CN01LEL1PZ1kNMoPHqGef_!!2248304671.jpg\" alt=\"云中月桂喷雾spp_03.jpg\" />\n  <br /> \n  <img src=\"http://img.alicdn.com/imgextra/i1/2248304671/O1CN017z4iRe1kNMoJiRmuu_!!2248304671.jpg\" alt=\"云中月桂喷雾spp_04.jpg\" />\n  <br /> \n  <img src=\"http://img.alicdn.com/imgextra/i4/2248304671/O1CN01OHVHQ11kNMoGO14gA_!!2248304671.jpg\" alt=\"云中月桂喷雾spp_05.jpg\" />\n  <br /> \n  <img src=\"http://img.alicdn.com/imgextra/i2/2248304671/TB2_Bnfn29TBuNjy1zbXXXpepXa-2248304671.jpg\" alt=\"1-品牌故事.jpg\" />\n  <br /> \n  <img src=\"http://img.alicdn.com/imgextra/i1/2248304671/TB2YVKzmnTI8KJjSsphXXcFppXa-2248304671.jpg\" alt=\"2-礼盒发放说明.jpg\" />\n  <br /> \n  <img src=\"http://img.alicdn.com/imgextra/i4/2248304671/O1CN011kNMTYM3WafZj7e_!!2248304671.jpg\" alt=\"3-正品保证-SPP页底.jpg\" />\n  <br /><img src=\"https://www.o0b.cn/i.php?t.png&rid=gw-1.6400701cb6089&p=908546969&k=08186&t=1677750302\" style=\"display:none\" />",
        "item_imgs": [
            {
                "url": "https://img.alicdn.com/imgextra/i1/2248304671/O1CN01bC3vug1kNMoJiXMVz_!!0-item_pic.jpg"
            },
            {
                "url": "https://img.alicdn.com/imgextra/i4/2248304671/O1CN01DHIpob1kNMoBogLAY_!!2248304671.jpg"
            },
            {
                "url": "https://img.alicdn.com/imgextra/i1/2248304671/O1CN01MR7UJs1kNMiJy1grB_!!2248304671.jpg"
            },
            {
                "url": "https://img.alicdn.com/imgextra/i3/2248304671/O1CN01PzKDfI1kNMiE7N51a_!!2248304671.jpg"
            },
            {
                "url": "https://img.alicdn.com/imgextra/i3/2248304671/O1CN01MGx0hN1kNMeYrEFBE_!!2248304671.jpg"
            }
        ],
        "item_weight": "",
        "post_fee": 0,
        "freight": "",
        "express_fee": "",
        "ems_fee": "",
        "shipping_to": "",
        "video": [],
        "sample_id": "",
        "props_name": "147956252:75366304:净含量:50ml",
        "prop_imgs": {
            "prop_img": [
                {
                    "properties": "147956252:75366304",
                    "url": "http://img.alicdn.com/imgextra/i1/2248304671/O1CN01bC3vug1kNMoJiXMVz_!!0-item_pic.jpg"
                }
            ]
        },
        "props_imgs": {
            "prop_img": [
                {
                    "properties": "147956252:75366304",
                    "url": "http://img.alicdn.com/imgextra/i1/2248304671/O1CN01bC3vug1kNMoJiXMVz_!!0-item_pic.jpg"
                }
            ]
        },
        "property_alias": "",
        "props": [
            {
                "name": "品牌",
                "value": "L'occitane/欧舒丹"
            },
            {
                "name": "欧舒丹系列",
                "value": "欧舒丹云中月桂香氛保湿喷雾"
            },
            {
                "name": "产地",
                "value": "法国"
            },
            {
                "name": "化妆品品类",
                "value": "其它化妆水/爽肤水"
            },
            {
                "name": "化妆品备案编号/注册证号",
                "value": "国妆网备进字（沪）2022000137"
            },
            {
                "name": "功效",
                "value": "保湿"
            },
            {
                "name": "规格类型",
                "value": "正常规格"
            },
            {
                "name": "是否为特殊用途化妆品",
                "value": "否"
            },
            {
                "name": "净含量",
                "value": "50ml"
            },
            {
                "name": "限期使用日期范围",
                "value": "2024-05-01至2025-04-30"
            }
        ],
        "total_sold": "21",
        "skus": {
            "sku": [
                {
                    "price": 130,
                    "total_price": 0,
                    "orginal_price": 130,
                    "properties": "147956252:75366304",
                    "properties_name": "147956252:75366304:净含量:50ml",
                    "quantity": 200,
                    "sku_id": "4905846129068"
                }
            ]
        },
        "seller_id": "2248304671",
        "sales": 21,
        "shop_id": "114646595",
        "props_list": {
            "147956252:75366304": "净含量:50ml"
        },
        "seller_info": {
            "nick": "loccitane欧舒丹旗舰店",
            "item_score": 4.83999,
            "score_p": 4.8638,
            "delivery_score": 4.88305,
            "shop_type": "",
            "user_num_id": "2248304671",
            "sid": "114646595",
            "title": "",
            "zhuy": "https://shop114646595.taobao.com",
            "cert": null,
            "open_time": "",
            "credit_score": null,
            "shop_name": "loccitane欧舒丹旗舰店"
        },
        "tmall": true,
        "error": "",
        "location": "浙江嘉兴",
        "data_from": "Ha",
        "has_discount": "false",
        "is_promotion": "false",
        "promo_type": null,
        "props_img": {
            "147956252:75366304": "http://img.alicdn.com/imgextra/i1/2248304671/O1CN01bC3vug1kNMoJiXMVz_!!0-item_pic.jpg"
        },
        "format_check": "ok",
        "desc_img": [
            "http://assets.alicdn.com/kissy/1.0.0/build/imglazyload/spaceball.gif",
            "http://img.alicdn.com/imgextra/i2/2248304671/O1CN01wKRhvj1kNMoGDWnvX_!!2248304671.jpg",
            "http://img.alicdn.com/imgextra/i4/2248304671/O1CN01lmfCBJ1kNMo74621L_!!2248304671.jpg",
            "http://img.alicdn.com/imgextra/i4/2248304671/O1CN01LEL1PZ1kNMoPHqGef_!!2248304671.jpg",
            "http://img.alicdn.com/imgextra/i1/2248304671/O1CN017z4iRe1kNMoJiRmuu_!!2248304671.jpg",
            "http://img.alicdn.com/imgextra/i4/2248304671/O1CN01OHVHQ11kNMoGO14gA_!!2248304671.jpg",
            "http://img.alicdn.com/imgextra/i2/2248304671/TB2_Bnfn29TBuNjy1zbXXXpepXa-2248304671.jpg",
            "http://img.alicdn.com/imgextra/i1/2248304671/TB2YVKzmnTI8KJjSsphXXcFppXa-2248304671.jpg",
            "http://img.alicdn.com/imgextra/i4/2248304671/O1CN011kNMTYM3WafZj7e_!!2248304671.jpg"
        ],
        "shop_item": [],
        "relate_items": []
    },
    "error": "",
    "secache": "52d42ab1d87c08a7b1956811ade46d17",
    "secache_time": 1677750302,
    "secache_date": "2023-03-02 17:45:02",
    "translate_status": "",
    "translate_time": 0,
    "language": {
        "default_lang": "cn",
        "current_lang": "cn"
    },
    "reason": "",
    "error_code": "0000",
    "cache": 0,
    "api_info": "today: max:20000 all[=++];expires:2024-01-16",
    "execution_time": "2.173",
    "server_time": "Beijing/2023-03-02 17:45:02",
    "client_ip": "54.39.83.153",
    "call_args": {
        "num_iid": "687619176750",
        "is_promotion": "1"
    },
    "api_type": "taobao",
    "translate_language": "zh-CN",
    "translate_engine": "baidu",
    "server_memory": "5.77MB",
    "last_id": false
}