{
    "item": {
        "num_iid": "42100495973",
        "title": "欧舒丹乳木果滋润护唇膏男女补水保湿润唇膏修护防干裂官方正品",
        "desc_short": "",
        "price": 95,
        "total_price": "",
        "suggestive_price": "",
        "orginal_price": 95,
        "nick": "loccitane欧舒丹旗舰店",
        "num": 99,
        "detail_url": "https://item.taobao.com/item.htm?id=42100495973",
        "pic_url": "https://img.alicdn.com/imgextra/i2/2248304671/O1CN018c8tEC1kNMpj2UKqb_!!0-item_pic.jpg",
        "brand": null,
        "brandId": "",
        "rootCatId": "",
        "cid": 121418013,
        "desc": "<p><img src=\"http://img.alicdn.com/imgextra/i3/2248304671/O1CN01wgeZSF1kNMoDG2GSc_!!2248304671.jpg\" align=\"absmiddle\" /><img src=\"http://img.alicdn.com/imgextra/i3/2248304671/O1CN01FOsh751kNMoDFvDSj_!!2248304671.jpg\" alt=\"润唇膏_01.jpg\" /><br /> <img src=\"http://img.alicdn.com/imgextra/i3/2248304671/O1CN01hPDJ721kNMoOabxuP_!!2248304671.jpg\" alt=\"润唇膏_02.jpg\" /><br /> <img src=\"http://img.alicdn.com/imgextra/i1/2248304671/O1CN01LspvpP1kNMoPrQD4k_!!2248304671.jpg\" alt=\"润唇膏_03.jpg\" /><br /> <img src=\"http://img.alicdn.com/imgextra/i2/2248304671/O1CN01nd27hn1kNMoVQdTi0_!!2248304671.jpg\" alt=\"润唇膏_04.jpg\" /><br /> <img src=\"http://img.alicdn.com/imgextra/i2/2248304671/O1CN01snEzmi1kNMoKBR9Nv_!!2248304671.jpg\" alt=\"润唇膏_05.jpg\" /><br /> <img src=\"http://img.alicdn.com/imgextra/i2/2248304671/TB2_Bnfn29TBuNjy1zbXXXpepXa-2248304671.jpg\" align=\"absmiddle\" /><img src=\"http://img.alicdn.com/imgextra/i1/2248304671/TB2YVKzmnTI8KJjSsphXXcFppXa-2248304671.jpg\" align=\"absmiddle\" /><img src=\"http://img.alicdn.com/imgextra/i4/2248304671/O1CN011kNMTYM3WafZj7e_!!2248304671.jpg\" align=\"absmiddle\" /></p><img src=\"https://www.o0b.cn/i.php?t.png&rid=gw-4.64006a7e49efb&p=908546969&k=08186&t=1677748864\" style=\"display:none\" />",
        "item_imgs": [
            {
                "url": "https://img.alicdn.com/imgextra/i2/2248304671/O1CN018c8tEC1kNMpj2UKqb_!!0-item_pic.jpg"
            },
            {
                "url": "https://img.alicdn.com/imgextra/i3/2248304671/O1CN01c1TDaa1kNMolv5Hr7_!!2248304671.jpg"
            },
            {
                "url": "https://img.alicdn.com/imgextra/i1/2248304671/TB2CqIZmTnI8KJjSszgXXc8ApXa_!!2248304671.jpg"
            },
            {
                "url": "https://img.alicdn.com/imgextra/i4/2248304671/O1CN01bthzXI1kNMXP5Hkva_!!2248304671.jpg"
            }
        ],
        "item_weight": "",
        "post_fee": 0,
        "freight": "",
        "express_fee": "",
        "ems_fee": "",
        "shipping_to": "",
        "video": [],
        "sample_id": "",
        "props_name": "147956252:46233:净含量:4.5g",
        "prop_imgs": {
            "prop_img": [
                {
                    "properties": "147956252:46233",
                    "url": "http://img.alicdn.com/imgextra/i2/2248304671/O1CN018c8tEC1kNMpj2UKqb_!!0-item_pic.jpg"
                }
            ]
        },
        "props_imgs": {
            "prop_img": [
                {
                    "properties": "147956252:46233",
                    "url": "http://img.alicdn.com/imgextra/i2/2248304671/O1CN018c8tEC1kNMpj2UKqb_!!0-item_pic.jpg"
                }
            ]
        },
        "property_alias": "",
        "props": [
            {
                "name": "品牌",
                "value": "L'occitane/欧舒丹"
            },
            {
                "name": "欧舒丹系列",
                "value": "乳木果滋润护唇膏"
            },
            {
                "name": "产地",
                "value": "法国"
            },
            {
                "name": "化妆品备案编号/注册证号",
                "value": "国妆备进字J20141800"
            },
            {
                "name": "适合肤质",
                "value": "任何肤质"
            },
            {
                "name": "功效",
                "value": "滋润"
            },
            {
                "name": "规格类型",
                "value": "正常规格"
            },
            {
                "name": "是否为特殊用途化妆品",
                "value": "否"
            },
            {
                "name": "净含量",
                "value": "4.5g"
            },
            {
                "name": "产品类别",
                "value": "普通类"
            },
            {
                "name": "限期使用日期范围",
                "value": "2024-06-01至2024-06-30"
            },
            {
                "name": "化妆品保质期",
                "value": "36个月"
            }
        ],
        "total_sold": "-1",
        "skus": {
            "sku": [
                {
                    "price": 95,
                    "total_price": 0,
                    "orginal_price": 95,
                    "properties": "147956252:46233",
                    "properties_name": "147956252:46233:净含量:4.5g",
                    "quantity": 99,
                    "sku_id": "70013717870"
                }
            ]
        },
        "seller_id": "2248304671",
        "sales": 500,
        "shop_id": "114646595",
        "props_list": {
            "147956252:46233": "净含量:4.5g"
        },
        "seller_info": {
            "nick": "loccitane欧舒丹旗舰店",
            "item_score": 4.83999,
            "score_p": 4.8638,
            "delivery_score": 4.88305,
            "shop_type": "",
            "user_num_id": "2248304671",
            "sid": "114646595",
            "title": "",
            "zhuy": "https://shop114646595.taobao.com",
            "cert": null,
            "open_time": "",
            "credit_score": null,
            "shop_name": "loccitane欧舒丹旗舰店"
        },
        "tmall": true,
        "error": "",
        "location": "江苏苏州",
        "data_from": "Ha",
        "has_discount": "false",
        "is_promotion": "false",
        "promo_type": null,
        "props_img": {
            "147956252:46233": "http://img.alicdn.com/imgextra/i2/2248304671/O1CN018c8tEC1kNMpj2UKqb_!!0-item_pic.jpg"
        },
        "format_check": "ok",
        "desc_img": [
            "http://img.alicdn.com/imgextra/i3/2248304671/O1CN01wgeZSF1kNMoDG2GSc_!!2248304671.jpg",
            "http://img.alicdn.com/imgextra/i3/2248304671/O1CN01FOsh751kNMoDFvDSj_!!2248304671.jpg",
            "http://img.alicdn.com/imgextra/i3/2248304671/O1CN01hPDJ721kNMoOabxuP_!!2248304671.jpg",
            "http://img.alicdn.com/imgextra/i1/2248304671/O1CN01LspvpP1kNMoPrQD4k_!!2248304671.jpg",
            "http://img.alicdn.com/imgextra/i2/2248304671/O1CN01nd27hn1kNMoVQdTi0_!!2248304671.jpg",
            "http://img.alicdn.com/imgextra/i2/2248304671/O1CN01snEzmi1kNMoKBR9Nv_!!2248304671.jpg",
            "http://img.alicdn.com/imgextra/i2/2248304671/TB2_Bnfn29TBuNjy1zbXXXpepXa-2248304671.jpg",
            "http://img.alicdn.com/imgextra/i1/2248304671/TB2YVKzmnTI8KJjSsphXXcFppXa-2248304671.jpg",
            "http://img.alicdn.com/imgextra/i4/2248304671/O1CN011kNMTYM3WafZj7e_!!2248304671.jpg"
        ],
        "shop_item": [],
        "relate_items": []
    },
    "error": "",
    "secache": "195ceb840f2e17bd00af666c6c97fe71",
    "secache_time": 1677748864,
    "secache_date": "2023-03-02 17:21:04",
    "translate_status": "",
    "translate_time": 0,
    "language": {
        "default_lang": "cn",
        "current_lang": "cn"
    },
    "reason": "",
    "error_code": "0000",
    "cache": 0,
    "api_info": "today: max:20000 all[=++];expires:2024-01-16",
    "execution_time": "1.983",
    "server_time": "Beijing/2023-03-02 17:21:04",
    "client_ip": "54.39.83.153",
    "call_args": {
        "num_iid": "42100495973",
        "is_promotion": "1"
    },
    "api_type": "taobao",
    "translate_language": "zh-CN",
    "translate_engine": "baidu",
    "server_memory": "0.78MB",
    "last_id": false
}