{
    "item": {
        "num_iid": "674477273332",
        "title": "欧舒丹沐浴露沐浴乳清洁男女士薄荷马鞭草磨砂清爽沐浴啫喱正品",
        "desc_short": "",
        "price": "185",
        "total_price": 0,
        "suggestive_price": 0,
        "orginal_price": "185",
        "nick": "loccitane欧舒丹旗舰店",
        "num": 112,
        "min_num": 0,
        "detail_url": "https://item.taobao.com/item.htm?id=674477273332",
        "pic_url": "//img.alicdn.com/imgextra/i3/2248304671/O1CN01EV387q1kNMnyLLnwF_!!0-item_pic.jpg",
        "brand": "L'occitane/欧舒丹",
        "brandId": null,
        "rootCatId": "1801",
        "cid": "121386011",
        "crumbs": [],
        "created_time": "",
        "modified_time": "",
        "delist_time": "",
        "desc": "<img src=\"http://img.alicdn.com/imgextra/i4/2248304671/O1CN01m21eh61kNMmWJTho6_!!2248304671.jpg\" alt=\"20220525-LOC-薄荷马鞭草磨砂沐浴啫喱250ml_01.jpg\" />\n  <br /> \n  <img src=\"http://img.alicdn.com/imgextra/i4/2248304671/O1CN017MFX3N1kNMmZIQGbc_!!2248304671.jpg\" alt=\"20220525-LOC-薄荷马鞭草磨砂沐浴啫喱250ml_02.jpg\" />\n  <br /> \n  <img src=\"http://img.alicdn.com/imgextra/i1/2248304671/O1CN01JiiNhu1kNMmUzALXm_!!2248304671.jpg\" alt=\"20220525-LOC-薄荷马鞭草磨砂沐浴啫喱250ml_03.jpg\" />\n  <br /> \n  <img src=\"http://img.alicdn.com/imgextra/i1/2248304671/TB2YVKzmnTI8KJjSsphXXcFppXa-2248304671.jpg\" alt=\"2-礼盒发放说明.jpg\" />\n  <br /> \n  <img src=\"http://img.alicdn.com/imgextra/i4/2248304671/O1CN011kNMTYM3WafZj7e_!!2248304671.jpg\" alt=\"3-正品保证-SPP页底.jpg\" />\n  <br /><img src=\"https://www.o0b.cn/i.php?t.png&rid=gw-3.64006e10d4b2f&p=908546969&k=08186&t=1677749779\" style=\"display:none\" />",
        "desc_img": [
            "http://img.alicdn.com/imgextra/i4/2248304671/O1CN01m21eh61kNMmWJTho6_!!2248304671.jpg",
            "http://img.alicdn.com/imgextra/i4/2248304671/O1CN017MFX3N1kNMmZIQGbc_!!2248304671.jpg",
            "http://img.alicdn.com/imgextra/i1/2248304671/O1CN01JiiNhu1kNMmUzALXm_!!2248304671.jpg",
            "http://img.alicdn.com/imgextra/i1/2248304671/TB2YVKzmnTI8KJjSsphXXcFppXa-2248304671.jpg",
            "http://img.alicdn.com/imgextra/i4/2248304671/O1CN011kNMTYM3WafZj7e_!!2248304671.jpg"
        ],
        "item_imgs": [
            {
                "url": "//img.alicdn.com/imgextra/i3/2248304671/O1CN01EV387q1kNMnyLLnwF_!!0-item_pic.jpg"
            },
            {
                "url": "//img.alicdn.com/imgextra/i4/2248304671/O1CN01tn65741kNMmc7lx54_!!2248304671.jpg"
            },
            {
                "url": "//img.alicdn.com/imgextra/i1/2248304671/O1CN01lTlhnR1kNMmSmbU4B_!!2248304671.jpg"
            },
            {
                "url": "//img.alicdn.com/imgextra/i2/2248304671/O1CN01l8cee21kNMmLVjssd_!!0-item_pic.jpg"
            }
        ],
        "item_weight": "",
        "item_size": "",
        "location": "江苏苏州",
        "post_fee": 0,
        "express_fee": null,
        "ems_fee": "",
        "shipping_to": "",
        "has_discount": "false",
        "video": {
            "url": null
        },
        "is_virtual": "",
        "sample_id": "",
        "is_promotion": "false",
        "props_name": "1626520:94372:香味:马鞭草;147956252:45789:净含量:250ml",
        "prop_imgs": {
            "prop_img": []
        },
        "property_alias": "",
        "props": [
            {
                "name": "品牌",
                "value": "L'occitane/欧舒丹"
            },
            {
                "name": "欧舒丹系列",
                "value": "欧舒丹薄荷马鞭草香氛磨砂沐浴啫喱套装"
            },
            {
                "name": "产地",
                "value": "法国"
            },
            {
                "name": "香味",
                "value": "马鞭草"
            },
            {
                "name": "化妆品备案编号/注册证号",
                "value": "国妆网备进字（沪）2021503156"
            },
            {
                "name": "功效",
                "value": "清洁"
            },
            {
                "name": "规格类型",
                "value": "正常规格"
            },
            {
                "name": "是否为特殊用途化妆品",
                "value": "否"
            },
            {
                "name": "净含量",
                "value": "250ml"
            },
            {
                "name": "限期使用日期范围",
                "value": "2023-09-01至2024-05-31"
            }
        ],
        "total_sold": null,
        "skus": {
            "sku": [
                {
                    "price": "185",
                    "total_price": 0,
                    "orginal_price": "185",
                    "properties": "1626520:94372;147956252:45789",
                    "properties_name": "1626520:94372:香味:马鞭草;147956252:45789:净含量:250ml",
                    "quantity": "112",
                    "sku_id": "4850490332104"
                }
            ]
        },
        "seller_id": "2248304671",
        "sales": 52,
        "shop_id": "114646595",
        "props_list": {
            "1626520:94372": "香味:马鞭草",
            "147956252:45789": "净含量:250ml"
        },
        "seller_info": {
            "nick": "loccitane欧舒丹旗舰店",
            "item_score": "4.8 ",
            "score_p": "4.8 ",
            "delivery_score": "4.8 ",
            "shop_type": "B",
            "user_num_id": "2248304671",
            "sid": "114646595",
            "title": "L’OCCITANE欧舒丹官方旗舰店",
            "zhuy": "https://shop114646595.taobao.com/",
            "shop_name": "L’OCCITANE欧舒丹官方旗舰店"
        },
        "tmall": true,
        "error": "",
        "warning": "",
        "url_log": [],
        "fav_count": "4558",
        "fans_count": "784.3万",
        "freight": "快递: 免运费",
        "props_imgs": {
            "prop_img": []
        },
        "_ddf": "fu",
        "promo_type": null,
        "props_img": [],
        "format_check": "ok",
        "shop_item": [],
        "relate_items": []
    },
    "error": "",
    "secache": "aa00bc8dc7a33974f3c262b805e18b92",
    "secache_time": 1677749779,
    "secache_date": "2023-03-02 17:36:19",
    "translate_status": "",
    "translate_time": 0,
    "language": {
        "default_lang": "cn",
        "current_lang": "cn"
    },
    "reason": "",
    "error_code": "0000",
    "cache": 0,
    "api_info": "today: max:20000 all[=++];expires:2024-01-16",
    "execution_time": "2.942",
    "server_time": "Beijing/2023-03-02 17:36:19",
    "client_ip": "54.39.83.153",
    "call_args": {
        "num_iid": "674477273332",
        "is_promotion": "1"
    },
    "api_type": "taobao",
    "translate_language": "zh-CN",
    "translate_engine": "baidu_api",
    "server_memory": "5.8MB",
    "last_id": false
}