{
    "items": {
        "shop_id": "114646595",
        "page": "2",
        "real_total_results": "209",
        "total_results": "209",
        "page_size": 20,
        "page_count": 11,
        "_ddf": "ti",
        "item": [
            {
                "num_iid": "42106623628",
                "pic_url": "//img.alicdn.com/imgextra/i4/0/O1CN015XIYpr1kNMq1hpVgT_!!0-item_pic.jpg",
                "title": "【38预售倒计时】欧舒丹身体乳甜扁桃紧致美体乳保湿滋润身体霜",
                "promotion_price": "530.00",
                "price": "350.00",
                "sales": 96081,
                "quantity": "726",
                "seller_nick": "L’OCCITANE欧舒丹官方旗舰店",
                "seller_id": null,
                "shop_id": "114646595",
                "shop_title": "L’OCCITANE欧舒丹官方旗舰店",
                "detail_url": "https://item.taobao.com/item.htm?id=42106623628"
            },
            {
                "num_iid": "42152945930",
                "pic_url": "//img.alicdn.com/imgextra/i2/0/O1CN01UB9W2D1kNMqCAZtAn_!!0-item_pic.jpg",
                "title": "【38节抢购】欧舒丹眼霜蓝腊菊精华眼霜紧致淡化细纹眼部护理",
                "promotion_price": "380.00",
                "price": "380.00",
                "sales": 80263,
                "quantity": "68",
                "seller_nick": "L’OCCITANE欧舒丹官方旗舰店",
                "seller_id": null,
                "shop_id": "114646595",
                "shop_title": "L’OCCITANE欧舒丹官方旗舰店",
                "detail_url": "https://item.taobao.com/item.htm?id=42152945930"
            },
            {
                "num_iid": "42329480663",
                "pic_url": "//img.alicdn.com/imgextra/i3/0/O1CN01sc290t1kNMokflM3A_!!0-item_pic.jpg",
                "title": "欧舒丹乳木果经典皂 乳木果牛奶味香皂沐浴皂清洁保湿补水洗澡皂",
                "promotion_price": "95.00",
                "price": "95.00",
                "sales": 76482,
                "quantity": "191",
                "seller_nick": "L’OCCITANE欧舒丹官方旗舰店",
                "seller_id": null,
                "shop_id": "114646595",
                "shop_title": "L’OCCITANE欧舒丹官方旗舰店",
                "detail_url": "https://item.taobao.com/item.htm?id=42329480663"
            },
            {
                "num_iid": "540279321938",
                "pic_url": "//img.alicdn.com/imgextra/i3/0/O1CN01C6DT2y1kNMqAp4TNe_!!0-item_pic.jpg",
                "title": "【38节抢购】欧舒丹乳木果身体乳手霜套装保湿滋润修护滋养留香",
                "promotion_price": "505.00",
                "price": "505.00",
                "sales": 72717,
                "quantity": "260",
                "seller_nick": "L’OCCITANE欧舒丹官方旗舰店",
                "seller_id": null,
                "shop_id": "114646595",
                "shop_title": "L’OCCITANE欧舒丹官方旗舰店",
                "detail_url": "https://item.taobao.com/item.htm?id=540279321938"
            },
            {
                "num_iid": "42100495973",
                "pic_url": "//img.alicdn.com/imgextra/i2/0/O1CN018c8tEC1kNMpj2UKqb_!!0-item_pic.jpg",
                "title": "欧舒丹乳木果滋润护唇膏男女补水保湿润唇膏修护防干裂官方正品",
                "promotion_price": "95.00",
                "price": "95.00",
                "sales": 72261,
                "quantity": "99",
                "seller_nick": "L’OCCITANE欧舒丹官方旗舰店",
                "seller_id": null,
                "shop_id": "114646595",
                "shop_title": "L’OCCITANE欧舒丹官方旗舰店",
                "detail_url": "https://item.taobao.com/item.htm?id=42100495973"
            },
            {
                "num_iid": "42977450325",
                "pic_url": "//img.alicdn.com/imgextra/i3/0/O1CN01DxRK5g1kNMq8fjPQm_!!0-item_pic.jpg",
                "title": "【88VIP】欧舒丹护手霜套装乳木果手霜男女补水保湿滋润节日礼物",
                "promotion_price": "380.00",
                "price": "380.00",
                "sales": 71965,
                "quantity": "203",
                "seller_nick": "L’OCCITANE欧舒丹官方旗舰店",
                "seller_id": null,
                "shop_id": "114646595",
                "shop_title": "L’OCCITANE欧舒丹官方旗舰店",
                "detail_url": "https://item.taobao.com/item.htm?id=42977450325"
            },
            {
                "num_iid": "574363831125",
                "pic_url": "//img.alicdn.com/imgextra/i3/0/O1CN01mWAms01kNMq4qduoj_!!0-item_pic.jpg",
                "title": "【38节抢购】欧舒丹星光瓶焕活微囊肌底精华液修护滋润肌底液面部",
                "promotion_price": "800.00",
                "price": "800.00",
                "sales": 69104,
                "quantity": "216",
                "seller_nick": "L’OCCITANE欧舒丹官方旗舰店",
                "seller_id": null,
                "shop_id": "114646595",
                "shop_title": "L’OCCITANE欧舒丹官方旗舰店",
                "detail_url": "https://item.taobao.com/item.htm?id=574363831125"
            },
            {
                "num_iid": "538761504165",
                "pic_url": "//img.alicdn.com/imgextra/i3/0/O1CN015Mdygi1kNMpIoadha_!!0-item_pic.jpg",
                "title": "欧舒丹官方旗舰店乳木果玫瑰润唇膏护唇膏男女士补水保湿滋润礼物",
                "promotion_price": "95.00",
                "price": "95.00",
                "sales": 59851,
                "quantity": "2816",
                "seller_nick": "L’OCCITANE欧舒丹官方旗舰店",
                "seller_id": null,
                "shop_id": "114646595",
                "shop_title": "L’OCCITANE欧舒丹官方旗舰店",
                "detail_url": "https://item.taobao.com/item.htm?id=538761504165"
            },
            {
                "num_iid": "552606197525",
                "pic_url": "//img.alicdn.com/imgextra/i4/0/O1CN01Gl7PBZ1kNMqB5Zsiv_!!0-item_pic.jpg",
                "title": "【38节抢购】欧舒丹马鞭草清新沐浴露沐浴乳清洁补水清爽滋润留香",
                "promotion_price": "335.00",
                "price": "335.00",
                "sales": 59267,
                "quantity": "660",
                "seller_nick": "L’OCCITANE欧舒丹官方旗舰店",
                "seller_id": null,
                "shop_id": "114646595",
                "shop_title": "L’OCCITANE欧舒丹官方旗舰店",
                "detail_url": "https://item.taobao.com/item.htm?id=552606197525"
            },
            {
                "num_iid": "42107130234",
                "pic_url": "//img.alicdn.com/imgextra/i2/0/O1CN01yhVtb61kNMpaZpnBY_!!0-item_pic.jpg",
                "title": "【官方正品】欧舒丹护手霜芍药花香润手霜保湿补水滋润随身留香",
                "promotion_price": "185.00",
                "price": "185.00",
                "sales": 59196,
                "quantity": "312",
                "seller_nick": "L’OCCITANE欧舒丹官方旗舰店",
                "seller_id": null,
                "shop_id": "114646595",
                "shop_title": "L’OCCITANE欧舒丹官方旗舰店",
                "detail_url": "https://item.taobao.com/item.htm?id=42107130234"
            },
            {
                "num_iid": "567571717266",
                "pic_url": "//img.alicdn.com/imgextra/i2/0/O1CN01UxEMdy1kNMeIVzGQK_!!0-item_pic.jpg",
                "title": "欧舒丹甜蜜樱花香氛皂50g 甜蜜芬芳植物清洁身体皂清洁皂法国正品",
                "promotion_price": "60.00",
                "price": "60.00",
                "sales": 51267,
                "quantity": "327",
                "seller_nick": "L’OCCITANE欧舒丹官方旗舰店",
                "seller_id": null,
                "shop_id": "114646595",
                "shop_title": "L’OCCITANE欧舒丹官方旗舰店",
                "detail_url": "https://item.taobao.com/item.htm?id=567571717266"
            },
            {
                "num_iid": "577785915263",
                "pic_url": "//img.alicdn.com/imgextra/i4/0/O1CN01o7koDu1kNMq9NZ54V_!!0-item_pic.jpg",
                "title": "【38节抢购】欧舒丹指缘油乳木果指甲便携护理油修护防干裂防倒刺",
                "promotion_price": "150.00",
                "price": "150.00",
                "sales": 44866,
                "quantity": "1431",
                "seller_nick": "L’OCCITANE欧舒丹官方旗舰店",
                "seller_id": null,
                "shop_id": "114646595",
                "shop_title": "L’OCCITANE欧舒丹官方旗舰店",
                "detail_url": "https://item.taobao.com/item.htm?id=577785915263"
            },
            {
                "num_iid": "611768003631",
                "pic_url": "//img.alicdn.com/imgextra/i1/0/O1CN01GKh9Hv1kNMqARQX4S_!!0-item_pic.jpg",
                "title": "【88vip】欧舒丹身体乳白樱花润肤露补水保湿滋润身体乳男女留香",
                "promotion_price": "280.00",
                "price": "280.00",
                "sales": 43781,
                "quantity": "396",
                "seller_nick": "L’OCCITANE欧舒丹官方旗舰店",
                "seller_id": null,
                "shop_id": "114646595",
                "shop_title": "L’OCCITANE欧舒丹官方旗舰店",
                "detail_url": "https://item.taobao.com/item.htm?id=611768003631"
            },
            {
                "num_iid": "42163432162",
                "pic_url": "//img.alicdn.com/imgextra/i1/0/O1CN01I1xZi01kNMpgw98yM_!!0-item_pic.jpg",
                "title": "欧舒丹杏仁护手霜甜扁桃紧致补水滋润润手霜30ml小巧便捷官方正品",
                "promotion_price": "95.00",
                "price": "95.00",
                "sales": 40682,
                "quantity": "1379",
                "seller_nick": "L’OCCITANE欧舒丹官方旗舰店",
                "seller_id": null,
                "shop_id": "114646595",
                "shop_title": "L’OCCITANE欧舒丹官方旗舰店",
                "detail_url": "https://item.taobao.com/item.htm?id=42163432162"
            },
            {
                "num_iid": "44098591553",
                "pic_url": "//img.alicdn.com/imgextra/i1/0/O1CN01I1LTzX1kNMq1PLJmP_!!0-item_pic.jpg",
                "title": "【38预售倒计时】欧舒丹洗护发玫瑰之心洗发水护发素套装丰盈蓬松",
                "promotion_price": "390.00",
                "price": "390.00",
                "sales": 38855,
                "quantity": "22",
                "seller_nick": "L’OCCITANE欧舒丹官方旗舰店",
                "seller_id": null,
                "shop_id": "114646595",
                "shop_title": "L’OCCITANE欧舒丹官方旗舰店",
                "detail_url": "https://item.taobao.com/item.htm?id=44098591553"
            },
            {
                "num_iid": "42601249008",
                "pic_url": "//img.alicdn.com/imgextra/i2/0/O1CN015b1IXu1kNMq1JJF1p_!!0-item_pic.jpg",
                "title": "【38预售倒计时】欧舒丹洗发水马鞭草洗发护发素套装洗发露清洁",
                "promotion_price": "390.00",
                "price": "390.00",
                "sales": 38502,
                "quantity": "74",
                "seller_nick": "L’OCCITANE欧舒丹官方旗舰店",
                "seller_id": null,
                "shop_id": "114646595",
                "shop_title": "L’OCCITANE欧舒丹官方旗舰店",
                "detail_url": "https://item.taobao.com/item.htm?id=42601249008"
            },
            {
                "num_iid": "602694346869",
                "pic_url": "//img.alicdn.com/imgextra/i3/0/O1CN01yLb6Ye1kNMpy37l8T_!!0-item_pic.jpg",
                "title": "【38节抢购】欧舒丹沐浴油甜扁桃紧致沐浴露温和清洁保湿留香滋润",
                "promotion_price": "425.00",
                "price": "425.00",
                "sales": 37223,
                "quantity": "381",
                "seller_nick": "L’OCCITANE欧舒丹官方旗舰店",
                "seller_id": null,
                "shop_id": "114646595",
                "shop_title": "L’OCCITANE欧舒丹官方旗舰店",
                "detail_url": "https://item.taobao.com/item.htm?id=602694346869"
            },
            {
                "num_iid": "559343521760",
                "pic_url": "//img.alicdn.com/imgextra/i3/0/O1CN01cqge3L1kNMpi6EDLP_!!0-item_pic.jpg",
                "title": "【官方正品】欧舒丹乳木果绵润滋润护手霜150ml补水保湿滋润手膜",
                "promotion_price": "265.00",
                "price": "265.00",
                "sales": 36070,
                "quantity": "420",
                "seller_nick": "L’OCCITANE欧舒丹官方旗舰店",
                "seller_id": null,
                "shop_id": "114646595",
                "shop_title": "L’OCCITANE欧舒丹官方旗舰店",
                "detail_url": "https://item.taobao.com/item.htm?id=559343521760"
            },
            {
                "num_iid": "591655228450",
                "pic_url": "//img.alicdn.com/imgextra/i1/0/O1CN01LD0zlV1kNMqEIj6bB_!!0-item_pic.jpg",
                "title": "【38节抢购】欧舒丹马鞭草沐浴露润肤露套装男女全身清洁保湿滋润",
                "promotion_price": "465.00",
                "price": "465.00",
                "sales": 35300,
                "quantity": "299",
                "seller_nick": "L’OCCITANE欧舒丹官方旗舰店",
                "seller_id": null,
                "shop_id": "114646595",
                "shop_title": "L’OCCITANE欧舒丹官方旗舰店",
                "detail_url": "https://item.taobao.com/item.htm?id=591655228450"
            },
            {
                "num_iid": "45824128035",
                "pic_url": "//img.alicdn.com/imgextra/i1/0/O1CN01C3rwOp1kNMpsQCJYA_!!0-item_pic.jpg",
                "title": "【38预售倒计时】欧舒丹草本纯净洗发水护发素套装清洁控油家庭装",
                "promotion_price": "615.00",
                "price": "420.00",
                "sales": 35231,
                "quantity": "31",
                "seller_nick": "L’OCCITANE欧舒丹官方旗舰店",
                "seller_id": null,
                "shop_id": "114646595",
                "shop_title": "L’OCCITANE欧舒丹官方旗舰店",
                "detail_url": "https://item.taobao.com/item.htm?id=45824128035"
            }
        ]
    },
    "error_code": "0000",
    "reason": "ok",
    "secache": "5d96923f787ab3e2f18a6d9a43670527",
    "secache_time": 1677748832,
    "secache_date": "2023-03-02 17:20:32",
    "translate_status": "",
    "translate_time": 0,
    "language": {
        "default_lang": "cn",
        "current_lang": "cn"
    },
    "error": "",
    "cache": 0,
    "api_info": "today: max:20000 all[=++];expires:2024-01-16",
    "execution_time": "1.006",
    "server_time": "Beijing/2023-03-02 17:20:32",
    "client_ip": "54.39.83.153",
    "call_args": {
        "seller_nick": "114646595",
        "start_price": "2"
    },
    "api_type": "taobao",
    "translate_language": "zh-CN",
    "translate_engine": "baidu",
    "server_memory": "5.83MB",
    "last_id": false
}