{
    "item": {
        "num_iid": "572599351762",
        "title": "欧舒丹洗发水清新马鞭草洗发露 温和清洁柔顺发质男大容量家庭装",
        "desc_short": "",
        "price": "295",
        "total_price": 0,
        "suggestive_price": 0,
        "orginal_price": "295",
        "nick": "loccitane欧舒丹旗舰店",
        "num": 99,
        "min_num": 0,
        "detail_url": "https://item.taobao.com/item.htm?id=572599351762",
        "pic_url": "//img.alicdn.com/imgextra/i4/2248304671/O1CN01WJ8fcW1kNMpo7nnXQ_!!0-item_pic.jpg",
        "brand": "L'occitane/欧舒丹",
        "brandId": null,
        "rootCatId": "50023282",
        "cid": "121396029",
        "crumbs": [],
        "created_time": "",
        "modified_time": "",
        "delist_time": "",
        "desc": "<table width=\"790\" border=\"0\"> \n   <tbody>\n    <tr> \n     <td> <p ><span ><font face=\"microsoft yahei\">1111111111111111111111111111111111111</font></span></p> <p><img src=\"http://img.alicdn.com/imgextra/i4/2248304671/O1CN011kNMUvel54yjXQI_!!2248304671.jpg\" align=\"absmiddle\" /><img src=\"http://img.alicdn.com/imgextra/i4/2248304671/TB2aIhJjOQnBKNjSZFmXXcApVXa-2248304671.jpg\" align=\"absmiddle\" /> </p> </td> \n    </tr> \n   </tbody>\n  </table> \n  <table width=\"790\" border=\"0\"> \n   <tbody>\n    <tr> \n     <td> <img src=\"http://img.alicdn.com/imgextra/i3/2248304671/TB2lSdzA9tYBeNjSspkXXbU8VXa-2248304671.jpg\" alt=\" 20180628-LOC-马鞭草洗发500mlSPP_02.jpg\" /> </td> \n    </tr> \n   </tbody>\n  </table> \n  <table width=\"790\" border=\"0\"> \n   <tbody>\n    <tr> \n     <td> <img src=\"http://img.alicdn.com/imgextra/i3/2248304671/TB2ggzSAFuWBuNjSszbXXcS7FXa-2248304671.jpg\" alt=\" 20180628-LOC-马鞭草洗发500mlSPP_03.jpg\" /> </td> \n    </tr> \n   </tbody>\n  </table> \n  <table width=\"790\" border=\"0\"> \n   <tbody>\n    <tr> \n     <td> <img src=\"http://img.alicdn.com/imgextra/i3/2248304671/TB2vzxmjH3nBKNjSZFMXXaUSFXa-2248304671.jpg\" alt=\" 20180628-LOC-马鞭草洗发500mlSPP_04.jpg\" /> </td> \n    </tr> \n   </tbody>\n  </table> \n  <table width=\"790\" border=\"0\"> \n   <tbody>\n    <tr> \n     <td> <img src=\"http://img.alicdn.com/imgextra/i2/2248304671/TB2rI7lAQCWBuNjy0FaXXXUlXXa-2248304671.jpg\" alt=\" 20180628-LOC-马鞭草洗发500mlSPP_06.jpg\" /> </td> \n    </tr> \n   </tbody>\n  </table> \n  <p><img src=\"http://img.alicdn.com/imgextra/i1/2248304671/TB2YVKzmnTI8KJjSsphXXcFppXa-2248304671.jpg\" alt=\" spp-品牌故事.jpg\" /><img src=\"http://img.alicdn.com/imgextra/i4/2248304671/O1CN011kNMTYM3WafZj7e_!!2248304671.jpg\" align=\"absmiddle\" /></p><img src=\"https://www.o0b.cn/i.php?t.png&rid=gw-4.64006cf754288&p=908546969&k=08186&t=1677749500\" style=\"display:none\" />",
        "desc_img": [
            "http://img.alicdn.com/imgextra/i4/2248304671/O1CN011kNMUvel54yjXQI_!!2248304671.jpg",
            "http://img.alicdn.com/imgextra/i4/2248304671/TB2aIhJjOQnBKNjSZFmXXcApVXa-2248304671.jpg",
            "http://img.alicdn.com/imgextra/i3/2248304671/TB2lSdzA9tYBeNjSspkXXbU8VXa-2248304671.jpg",
            "http://img.alicdn.com/imgextra/i3/2248304671/TB2ggzSAFuWBuNjSszbXXcS7FXa-2248304671.jpg",
            "http://img.alicdn.com/imgextra/i3/2248304671/TB2vzxmjH3nBKNjSZFMXXaUSFXa-2248304671.jpg",
            "http://img.alicdn.com/imgextra/i2/2248304671/TB2rI7lAQCWBuNjy0FaXXXUlXXa-2248304671.jpg",
            "http://img.alicdn.com/imgextra/i1/2248304671/TB2YVKzmnTI8KJjSsphXXcFppXa-2248304671.jpg",
            "http://img.alicdn.com/imgextra/i4/2248304671/O1CN011kNMTYM3WafZj7e_!!2248304671.jpg"
        ],
        "item_imgs": [
            {
                "url": "//img.alicdn.com/imgextra/i4/2248304671/O1CN01WJ8fcW1kNMpo7nnXQ_!!0-item_pic.jpg"
            },
            {
                "url": "//img.alicdn.com/imgextra/i2/2248304671/O1CN01oukhxT1kNMgvnqW4o_!!2248304671.jpg"
            },
            {
                "url": "//img.alicdn.com/imgextra/i4/2248304671/O1CN012UbBye1kNMicHtU1w_!!2248304671.jpg"
            },
            {
                "url": "//img.alicdn.com/imgextra/i3/2248304671/O1CN01r0gU8s1kNMWXX3SFP_!!2248304671.jpg"
            }
        ],
        "item_weight": "",
        "item_size": "",
        "location": "江苏苏州",
        "post_fee": " 12.00",
        "express_fee": null,
        "ems_fee": "",
        "shipping_to": "",
        "has_discount": "false",
        "video": {
            "url": null
        },
        "is_virtual": "",
        "sample_id": "",
        "is_promotion": "false",
        "props_name": "1626520:94372:香味:马鞭草;147956252:75367556:净含量:500ml",
        "prop_imgs": {
            "prop_img": []
        },
        "property_alias": "",
        "props": [
            {
                "name": "品牌",
                "value": "L'occitane/欧舒丹"
            },
            {
                "name": "L’occitane/欧舒丹",
                "value": "欧舒丹清新马鞭草洗发露"
            },
            {
                "name": "功效",
                "value": "丰盈蓬松"
            },
            {
                "name": "产地",
                "value": "法国"
            },
            {
                "name": "香味",
                "value": "马鞭草"
            },
            {
                "name": "化妆品备案编号/注册证号",
                "value": "国妆网备进字（沪）2021003492"
            },
            {
                "name": "规格类型",
                "value": "正常规格"
            },
            {
                "name": "是否为特殊用途化妆品",
                "value": "否"
            },
            {
                "name": "净含量",
                "value": "500ml"
            }
        ],
        "total_sold": null,
        "skus": {
            "sku": [
                {
                    "price": "295",
                    "total_price": 0,
                    "orginal_price": "295",
                    "properties": "1626520:94372;147956252:75367556",
                    "properties_name": "1626520:94372:香味:马鞭草;147956252:75367556:净含量:500ml",
                    "quantity": "99",
                    "sku_id": "5116793763024"
                }
            ]
        },
        "seller_id": "2248304671",
        "sales": 90,
        "shop_id": "114646595",
        "props_list": {
            "1626520:94372": "香味:马鞭草",
            "147956252:75367556": "净含量:500ml"
        },
        "seller_info": {
            "nick": "loccitane欧舒丹旗舰店",
            "item_score": "4.8 ",
            "score_p": "4.8 ",
            "delivery_score": "4.8 ",
            "shop_type": "B",
            "user_num_id": "2248304671",
            "sid": "114646595",
            "title": "L’OCCITANE欧舒丹官方旗舰店",
            "zhuy": "https://shop114646595.taobao.com/",
            "shop_name": "L’OCCITANE欧舒丹官方旗舰店"
        },
        "tmall": true,
        "error": "",
        "warning": "",
        "url_log": [],
        "fav_count": "6988",
        "fans_count": "784.3万",
        "freight": "快递: 12.00",
        "props_imgs": {
            "prop_img": []
        },
        "_ddf": "fu",
        "promo_type": null,
        "props_img": [],
        "format_check": "ok",
        "shop_item": [],
        "relate_items": []
    },
    "error": "",
    "secache": "148d083c4adea438ea83320b8513218f",
    "secache_time": 1677749500,
    "secache_date": "2023-03-02 17:31:40",
    "translate_status": "",
    "translate_time": 0,
    "language": {
        "default_lang": "cn",
        "current_lang": "cn"
    },
    "reason": "",
    "error_code": "0000",
    "cache": 0,
    "api_info": "today: max:20000 all[=++];expires:2024-01-16",
    "execution_time": "4.93",
    "server_time": "Beijing/2023-03-02 17:31:40",
    "client_ip": "54.39.83.153",
    "call_args": {
        "num_iid": "572599351762",
        "is_promotion": "1"
    },
    "api_type": "taobao",
    "translate_language": "zh-CN",
    "translate_engine": "baidu",
    "server_memory": "0.78MB",
    "last_id": false
}