{
    "item": {
        "num_iid": "657343955688",
        "title": "【38节抢购】欧舒丹护发素草本修护护发素夏丰盈蓬松滋养改善毛躁",
        "desc_short": "",
        "price": "210",
        "total_price": 0,
        "suggestive_price": 0,
        "orginal_price": "325",
        "nick": "loccitane欧舒丹旗舰店",
        "num": 57,
        "min_num": 0,
        "detail_url": "https://item.taobao.com/item.htm?id=657343955688",
        "pic_url": "//img.alicdn.com/imgextra/i3/2248304671/O1CN01QqAyZ11kNMq4pFVmQ_!!0-item_pic.jpg",
        "brand": "L'occitane/欧舒丹",
        "brandId": null,
        "rootCatId": "50023282",
        "cid": "201310704",
        "crumbs": [],
        "created_time": "",
        "modified_time": "",
        "delist_time": "",
        "desc": "<p><img src=\"http://img.alicdn.com/imgextra/i4/2248304671/O1CN01wSGuqR1kNMq98ltds_!!2248304671.jpg\" align=\"absmiddle\" /></p> \n  <p><img src=\"http://img.alicdn.com/imgextra/i3/2248304671/O1CN01pa6brH1kNMmbkzjaf_!!2248304671.jpg\" align=\"absmiddle\" /> <img src=\"http://img.alicdn.com/imgextra/i3/2248304671/O1CN01E8d9sf1kNMoWZUUl2_!!2248304671.jpg\" align=\"absmiddle\" /><img src=\"http://img.alicdn.com/imgextra/i3/2248304671/O1CN01B3smm11kNMoXL0xcl_!!2248304671.jpg\" align=\"absmiddle\" /><img src=\"http://img.alicdn.com/imgextra/i3/2248304671/O1CN015lw0Oq1kNMogQGLyE_!!2248304671.jpg\" align=\"absmiddle\" /><img src=\"http://img.alicdn.com/imgextra/i2/2248304671/O1CN01W7ZeZ01kNMoWZTgq8_!!2248304671.jpg\" align=\"absmiddle\" /><img src=\"http://img.alicdn.com/imgextra/i3/2248304671/O1CN01tCdsJZ1kNMoWZSkbH_!!2248304671.jpg\" align=\"absmiddle\" /><img src=\"http://img.alicdn.com/imgextra/i1/2248304671/O1CN01HodPP41kNModpb0j2_!!2248304671.jpg\" align=\"absmiddle\" /><img src=\"http://img.alicdn.com/imgextra/i3/2248304671/O1CN01mPDqcH1kNMohbh913_!!2248304671.jpg\" align=\"absmiddle\" /><img src=\"http://img.alicdn.com/imgextra/i1/2248304671/O1CN015yRSFB1kNMohbicV7_!!2248304671.jpg\" align=\"absmiddle\" /><img src=\"http://img.alicdn.com/imgextra/i2/2248304671/O1CN01NYhBad1kNMogQI1w4_!!2248304671.jpg\" align=\"absmiddle\" /><img src=\"http://img.alicdn.com/imgextra/i4/2248304671/O1CN01R7iuJu1kNMoffrNHQ_!!2248304671.jpg\" align=\"absmiddle\" /><img src=\"http://img.alicdn.com/imgextra/i4/2248304671/O1CN01FYiiQJ1kNMogQFsqw_!!2248304671.jpg\" align=\"absmiddle\" /><img src=\"http://img.alicdn.com/imgextra/i3/2248304671/O1CN019Vt1ya1kNMocws2Kd_!!2248304671.jpg\" align=\"absmiddle\" /><img src=\"http://img.alicdn.com/imgextra/i1/2248304671/O1CN01DHe5j81kNMoeYtmWt_!!2248304671.jpg\" align=\"absmiddle\" /><img src=\"http://img.alicdn.com/imgextra/i4/2248304671/O1CN01TvsNX51kNMoeYuBU5_!!2248304671.jpg\" align=\"absmiddle\" /><img src=\"http://img.alicdn.com/imgextra/i2/2248304671/O1CN01IdaeD21kNMoWZSY7w_!!2248304671.jpg\" align=\"absmiddle\" /><img src=\"http://img.alicdn.com/imgextra/i4/2248304671/O1CN01yv3aYl1kNMkx6uR4h_!!2248304671.jpg\" align=\"absmiddle\" /><br /> <img src=\"http://img.alicdn.com/imgextra/i1/2248304671/TB2YVKzmnTI8KJjSsphXXcFppXa-2248304671.jpg\" alt=\"2-礼盒发放说明.jpg\" /><br /> <img src=\"http://img.alicdn.com/imgextra/i4/2248304671/O1CN011kNMTYM3WafZj7e_!!2248304671.jpg\" alt=\"3-正品保证-SPP页底.jpg\" /> </p><img src=\"https://www.o0b.cn/i.php?t.png&rid=gw-1.64006eda23370&p=908546969&k=08186&t=1677749980\" style=\"display:none\" />",
        "desc_img": [
            "http://img.alicdn.com/imgextra/i4/2248304671/O1CN01wSGuqR1kNMq98ltds_!!2248304671.jpg",
            "http://img.alicdn.com/imgextra/i3/2248304671/O1CN01pa6brH1kNMmbkzjaf_!!2248304671.jpg",
            "http://img.alicdn.com/imgextra/i3/2248304671/O1CN01E8d9sf1kNMoWZUUl2_!!2248304671.jpg",
            "http://img.alicdn.com/imgextra/i3/2248304671/O1CN01B3smm11kNMoXL0xcl_!!2248304671.jpg",
            "http://img.alicdn.com/imgextra/i3/2248304671/O1CN015lw0Oq1kNMogQGLyE_!!2248304671.jpg",
            "http://img.alicdn.com/imgextra/i2/2248304671/O1CN01W7ZeZ01kNMoWZTgq8_!!2248304671.jpg",
            "http://img.alicdn.com/imgextra/i3/2248304671/O1CN01tCdsJZ1kNMoWZSkbH_!!2248304671.jpg",
            "http://img.alicdn.com/imgextra/i1/2248304671/O1CN01HodPP41kNModpb0j2_!!2248304671.jpg",
            "http://img.alicdn.com/imgextra/i3/2248304671/O1CN01mPDqcH1kNMohbh913_!!2248304671.jpg",
            "http://img.alicdn.com/imgextra/i1/2248304671/O1CN015yRSFB1kNMohbicV7_!!2248304671.jpg",
            "http://img.alicdn.com/imgextra/i2/2248304671/O1CN01NYhBad1kNMogQI1w4_!!2248304671.jpg",
            "http://img.alicdn.com/imgextra/i4/2248304671/O1CN01R7iuJu1kNMoffrNHQ_!!2248304671.jpg",
            "http://img.alicdn.com/imgextra/i4/2248304671/O1CN01FYiiQJ1kNMogQFsqw_!!2248304671.jpg",
            "http://img.alicdn.com/imgextra/i3/2248304671/O1CN019Vt1ya1kNMocws2Kd_!!2248304671.jpg",
            "http://img.alicdn.com/imgextra/i1/2248304671/O1CN01DHe5j81kNMoeYtmWt_!!2248304671.jpg",
            "http://img.alicdn.com/imgextra/i4/2248304671/O1CN01TvsNX51kNMoeYuBU5_!!2248304671.jpg",
            "http://img.alicdn.com/imgextra/i2/2248304671/O1CN01IdaeD21kNMoWZSY7w_!!2248304671.jpg",
            "http://img.alicdn.com/imgextra/i4/2248304671/O1CN01yv3aYl1kNMkx6uR4h_!!2248304671.jpg",
            "http://img.alicdn.com/imgextra/i1/2248304671/TB2YVKzmnTI8KJjSsphXXcFppXa-2248304671.jpg",
            "http://img.alicdn.com/imgextra/i4/2248304671/O1CN011kNMTYM3WafZj7e_!!2248304671.jpg"
        ],
        "item_imgs": [
            {
                "url": "//img.alicdn.com/imgextra/i3/2248304671/O1CN01QqAyZ11kNMq4pFVmQ_!!0-item_pic.jpg"
            },
            {
                "url": "//img.alicdn.com/imgextra/i4/2248304671/O1CN018AyYUa1kNMqC7l4gT_!!2248304671.jpg"
            },
            {
                "url": "//img.alicdn.com/imgextra/i3/2248304671/O1CN01Rfq03g1kNMq6HFjVK_!!2248304671.jpg"
            },
            {
                "url": "//img.alicdn.com/imgextra/i1/2248304671/O1CN01VUyjto1kNMnbSAWxw_!!2248304671.jpg"
            },
            {
                "url": "//img.alicdn.com/imgextra/i3/2248304671/O1CN01MGx0hN1kNMeYrEFBE_!!2248304671.jpg"
            }
        ],
        "item_weight": "",
        "item_size": "",
        "location": "江苏苏州",
        "post_fee": 0,
        "express_fee": null,
        "ems_fee": "",
        "shipping_to": "",
        "has_discount": "true",
        "video": {
            "url": null
        },
        "is_virtual": "",
        "sample_id": "",
        "is_promotion": "true",
        "props_name": "147956252:75367556:净含量:500ml;147956252:45789:净含量:250ml",
        "prop_imgs": {
            "prop_img": []
        },
        "property_alias": "",
        "props": [
            {
                "name": "品牌",
                "value": "L'occitane/欧舒丹"
            },
            {
                "name": "型号",
                "value": "5合1草本菁纯修护护发素"
            },
            {
                "name": "产地",
                "value": "法国"
            },
            {
                "name": "化妆品备案编号/注册证号",
                "value": "国妆备进字J201815097"
            },
            {
                "name": "是否进口",
                "value": "是"
            },
            {
                "name": "功效",
                "value": "滋养修复"
            },
            {
                "name": "是否为特殊用途化妆品",
                "value": "否"
            },
            {
                "name": "是否量贩装",
                "value": "否"
            },
            {
                "name": "净含量",
                "value": "500ml 250ml"
            }
        ],
        "total_sold": null,
        "skus": {
            "sku": [
                {
                    "price": "325",
                    "total_price": 0,
                    "orginal_price": "325",
                    "properties": "147956252:75367556",
                    "properties_name": "147956252:75367556:净含量:500ml",
                    "quantity": "25",
                    "sku_id": "4913934911734"
                },
                {
                    "price": "210",
                    "total_price": 0,
                    "orginal_price": "210",
                    "properties": "147956252:45789",
                    "properties_name": "147956252:45789:净含量:250ml",
                    "quantity": "32",
                    "sku_id": "4913934911735"
                }
            ]
        },
        "seller_id": "2248304671",
        "sales": 73,
        "shop_id": "114646595",
        "props_list": {
            "147956252:75367556": "净含量:500ml",
            "147956252:45789": "净含量:250ml"
        },
        "seller_info": {
            "nick": "loccitane欧舒丹旗舰店",
            "item_score": "4.8 ",
            "score_p": "4.8 ",
            "delivery_score": "4.8 ",
            "shop_type": "B",
            "user_num_id": "2248304671",
            "sid": "114646595",
            "title": "L’OCCITANE欧舒丹官方旗舰店",
            "zhuy": "https://shop114646595.taobao.com/",
            "shop_name": "L’OCCITANE欧舒丹官方旗舰店"
        },
        "tmall": true,
        "error": "",
        "warning": "",
        "url_log": [],
        "fav_count": "640",
        "fans_count": "784.3万",
        "freight": "快递: 免运费",
        "props_imgs": {
            "prop_img": []
        },
        "_ddf": "fu",
        "promo_type": null,
        "props_img": [],
        "format_check": "ok",
        "shop_item": [],
        "relate_items": []
    },
    "error": "",
    "secache": "c72c5a4374f2b930b267f198c7eb759f",
    "secache_time": 1677749980,
    "secache_date": "2023-03-02 17:39:40",
    "translate_status": "",
    "translate_time": 0,
    "language": {
        "default_lang": "cn",
        "current_lang": "cn"
    },
    "reason": "",
    "error_code": "0000",
    "cache": 0,
    "api_info": "today: max:20000 all[=++];expires:2024-01-16",
    "execution_time": "2.768",
    "server_time": "Beijing/2023-03-02 17:39:40",
    "client_ip": "54.39.83.153",
    "call_args": {
        "num_iid": "657343955688",
        "is_promotion": "1"
    },
    "api_type": "taobao",
    "translate_language": "zh-CN",
    "translate_engine": "baidu",
    "server_memory": "5.78MB",
    "last_id": false
}