{
    "item": {
        "num_iid": "623956237971",
        "title": "【38节抢购】欧舒丹身体乳乳木果润肤露补水保湿滋润易吸收身体乳",
        "desc_short": "",
        "price": 260,
        "total_price": "",
        "suggestive_price": "",
        "orginal_price": 260,
        "nick": "loccitane欧舒丹旗舰店",
        "num": 97,
        "detail_url": "https://item.taobao.com/item.htm?id=623956237971",
        "pic_url": "https://img.alicdn.com/imgextra/i1/2248304671/O1CN01kKc9Eq1kNMq4pFukj_!!0-item_pic.jpg",
        "brand": null,
        "brandId": "",
        "rootCatId": "",
        "cid": 121396013,
        "desc": "",
        "item_imgs": [
            {
                "url": "https://img.alicdn.com/imgextra/i1/2248304671/O1CN01kKc9Eq1kNMq4pFukj_!!0-item_pic.jpg"
            },
            {
                "url": "https://img.alicdn.com/imgextra/i2/2248304671/O1CN01BZWvMX1kNMo9e3x5H_!!2248304671.jpg"
            },
            {
                "url": "https://img.alicdn.com/imgextra/i3/2248304671/O1CN01Rfq03g1kNMq6HFjVK_!!2248304671.jpg"
            },
            {
                "url": "https://img.alicdn.com/imgextra/i3/2248304671/O1CN013nXdPG1kNMkd4akog_!!2248304671.jpg"
            },
            {
                "url": "https://img.alicdn.com/imgextra/i3/2248304671/O1CN01c1TDaa1kNMolv5Hr7_!!2248304671.jpg"
            }
        ],
        "item_weight": "",
        "post_fee": 0,
        "freight": "",
        "express_fee": "",
        "ems_fee": "",
        "shipping_to": "",
        "video": [],
        "sample_id": "",
        "props_name": "1626520:3304763:香味:乳木果;122276315:3289490:款式:基本款;147956252:45789:净含量:250ml",
        "prop_imgs": {
            "prop_img": [
                {
                    "properties": "122276315:3289490",
                    "url": "http://img.alicdn.com/imgextra/i1/2248304671/O1CN01kKc9Eq1kNMq4pFukj_!!0-item_pic.jpg"
                }
            ]
        },
        "props_imgs": {
            "prop_img": [
                {
                    "properties": "122276315:3289490",
                    "url": "http://img.alicdn.com/imgextra/i1/2248304671/O1CN01kKc9Eq1kNMq4pFukj_!!0-item_pic.jpg"
                }
            ]
        },
        "property_alias": "",
        "props": [
            {
                "name": "品牌",
                "value": "L'occitane/欧舒丹"
            },
            {
                "name": "欧舒丹系列",
                "value": "乳木果身体润肤露"
            },
            {
                "name": "产地",
                "value": "法国"
            },
            {
                "name": "香味",
                "value": "乳木果"
            },
            {
                "name": "化妆品备案编号/注册证号",
                "value": "国妆网备进字（沪）2020009473"
            },
            {
                "name": "适合肤质",
                "value": "任何肤质"
            },
            {
                "name": "原料成分",
                "value": "乳木果"
            },
            {
                "name": "功效",
                "value": "滋润"
            },
            {
                "name": "规格类型",
                "value": "正常规格"
            },
            {
                "name": "款式",
                "value": "基本款"
            },
            {
                "name": "是否为特殊用途化妆品",
                "value": "否"
            },
            {
                "name": "净含量",
                "value": "250ml"
            },
            {
                "name": "限期使用日期范围",
                "value": "2024-01-01至2024-05-01"
            }
        ],
        "total_sold": "-1",
        "skus": {
            "sku": [
                {
                    "price": 260,
                    "total_price": 0,
                    "orginal_price": 260,
                    "properties": "1626520:3304763;122276315:3289490;147956252:45789",
                    "properties_name": "1626520:3304763:香味:乳木果;122276315:3289490:款式:基本款;147956252:45789:净含量:250ml",
                    "quantity": 97,
                    "sku_id": "4585860362265"
                }
            ]
        },
        "seller_id": "2248304671",
        "sales": 100,
        "shop_id": "114646595",
        "props_list": {
            "122276315:3289490": "款式:基本款",
            "147956252:45789": "净含量:250ml",
            "1626520:3304763": "香味:乳木果"
        },
        "seller_info": {
            "nick": "loccitane欧舒丹旗舰店",
            "item_score": 4.83999,
            "score_p": 4.8638,
            "delivery_score": 4.88305,
            "shop_type": "",
            "user_num_id": "2248304671",
            "sid": "114646595",
            "title": "",
            "zhuy": "https://shop114646595.taobao.com",
            "cert": null,
            "open_time": "",
            "credit_score": null,
            "shop_name": "loccitane欧舒丹旗舰店"
        },
        "tmall": true,
        "error": "",
        "location": "江苏苏州",
        "data_from": "Ha",
        "has_discount": "false",
        "is_promotion": "false",
        "promo_type": null,
        "props_img": {
            "122276315:3289490": "http://img.alicdn.com/imgextra/i1/2248304671/O1CN01kKc9Eq1kNMq4pFukj_!!0-item_pic.jpg"
        },
        "format_check": "ok",
        "desc_img": [],
        "shop_item": [],
        "relate_items": []
    },
    "error": "",
    "secache": "d95733e3fee440c4309664a77f312e0f",
    "secache_time": 1677749571,
    "secache_date": "2023-03-02 17:32:51",
    "translate_status": "",
    "translate_time": 0,
    "language": {
        "default_lang": "cn",
        "current_lang": "cn"
    },
    "reason": "",
    "error_code": "0000",
    "cache": 0,
    "api_info": "today: max:20000 all[=++];expires:2024-01-16",
    "execution_time": "6.416",
    "server_time": "Beijing/2023-03-02 17:32:51",
    "client_ip": "54.39.83.153",
    "call_args": {
        "num_iid": "623956237971",
        "is_promotion": "1"
    },
    "api_type": "taobao",
    "translate_language": "zh-CN",
    "translate_engine": "baidu",
    "server_memory": "0.77MB",
    "last_id": false
}