{
    "item": {
        "num_iid": "42148905921",
        "title": "欧舒丹乳木果薰衣草味香皂 滋养保湿身体沐浴皂精油皂肥皂女官方",
        "desc_short": "",
        "price": 65,
        "total_price": "",
        "suggestive_price": "",
        "orginal_price": 65,
        "nick": "loccitane欧舒丹旗舰店",
        "num": 200,
        "detail_url": "https://item.taobao.com/item.htm?id=42148905921",
        "pic_url": "https://img.alicdn.com/imgextra/i3/2248304671/O1CN01sTUJUl1kNMnVQR4v5_!!0-item_pic.jpg",
        "brand": null,
        "brandId": "",
        "rootCatId": "",
        "cid": 121434014,
        "desc": "<p><img src=\"http://img.alicdn.com/imgextra/i1/2248304671/O1CN01tf3V301kNMi920L30_!!2248304671.jpg\" align=\"absmiddle\" /><img src=\"http://img.alicdn.com/imgextra/i3/2248304671/O1CN01twPfEu1kNMgstvY81_!!2248304671.jpg\" alt=\"20201216-LOC-乳木果薰衣草香皂_01.jpg\" /><br /> <img src=\"http://img.alicdn.com/imgextra/i3/2248304671/O1CN01XPTC6M1kNMfYIFpQd_!!2248304671.jpg\" alt=\"20201216-LOC-乳木果薰衣草香皂_02.jpg\" /><br /> <img src=\"http://img.alicdn.com/imgextra/i4/2248304671/O1CN01dBtgOH1kNMgzHy7Nu_!!2248304671.jpg\" alt=\"20201216-LOC-乳木果薰衣草香皂_03.jpg\" /> </p> \n  <p><img src=\"http://img.alicdn.com/imgextra/i2/2248304671/TB2_Bnfn29TBuNjy1zbXXXpepXa-2248304671.jpg\" align=\"absmiddle\" /><img align=\"absmiddle\" src=\"http://img.alicdn.com/imgextra/i1/2248304671/TB2YVKzmnTI8KJjSsphXXcFppXa-2248304671.jpg\" /><img src=\"http://img.alicdn.com/imgextra/i4/2248304671/O1CN011kNMTYM3WafZj7e_!!2248304671.jpg\" align=\"absmiddle\" /></p><img src=\"https://www.o0b.cn/i.php?t.png&rid=gw-1.64006b71cf146&p=908546969&k=08186&t=1677749108\" style=\"display:none\" />",
        "item_imgs": [
            {
                "url": "https://img.alicdn.com/imgextra/i3/2248304671/O1CN01sTUJUl1kNMnVQR4v5_!!0-item_pic.jpg"
            },
            {
                "url": "https://img.alicdn.com/imgextra/i3/2248304671/O1CN01yX8KPF1kNMnYRnPxI_!!2248304671.jpg"
            },
            {
                "url": "https://img.alicdn.com/imgextra/i3/2248304671/O1CN013x7PXu1kNMnTDDjNX_!!2248304671.jpg"
            },
            {
                "url": "https://img.alicdn.com/imgextra/i3/2248304671/O1CN013nXdPG1kNMkd4akog_!!2248304671.jpg"
            },
            {
                "url": "https://img.alicdn.com/imgextra/i3/2248304671/O1CN01MGx0hN1kNMeYrEFBE_!!2248304671.jpg"
            }
        ],
        "item_weight": "",
        "post_fee": 0,
        "freight": "",
        "express_fee": "",
        "ems_fee": "",
        "shipping_to": "",
        "video": [],
        "sample_id": "",
        "props_name": "147956252:75366083:净含量:100g;147956252:75366510:净含量:250g",
        "prop_imgs": {
            "prop_img": []
        },
        "props_imgs": {
            "prop_img": []
        },
        "property_alias": "",
        "props": [
            {
                "name": "品牌",
                "value": "L'occitane/欧舒丹"
            },
            {
                "name": "欧舒丹系列",
                "value": "乳木果薰衣草味护肤香皂"
            },
            {
                "name": "产地",
                "value": "法国"
            },
            {
                "name": "香味",
                "value": "薰衣草"
            },
            {
                "name": "适合肤质",
                "value": "任何肤质"
            },
            {
                "name": "功效",
                "value": "深层清洁"
            },
            {
                "name": "规格类型",
                "value": "正常规格"
            },
            {
                "name": "是否为特殊用途化妆品",
                "value": "否"
            },
            {
                "name": "净含量",
                "value": "100g 250g"
            }
        ],
        "total_sold": "-1",
        "skus": {
            "sku": [
                {
                    "price": 65,
                    "total_price": 0,
                    "orginal_price": 65,
                    "properties": "147956252:75366083",
                    "properties_name": "147956252:75366083:净含量:100g",
                    "quantity": 200,
                    "sku_id": "87684304051"
                },
                {
                    "price": 95,
                    "total_price": 0,
                    "orginal_price": 95,
                    "properties": "147956252:75366510",
                    "properties_name": "147956252:75366510:净含量:250g",
                    "quantity": 27,
                    "sku_id": "3232074860640"
                }
            ]
        },
        "seller_id": "2248304671",
        "sales": 300,
        "shop_id": "114646595",
        "props_list": {
            "147956252:75366083": "净含量:100g",
            "147956252:75366510": "净含量:250g"
        },
        "seller_info": {
            "nick": "loccitane欧舒丹旗舰店",
            "item_score": 4.83999,
            "score_p": 4.8638,
            "delivery_score": 4.88305,
            "shop_type": "",
            "user_num_id": "2248304671",
            "sid": "114646595",
            "title": "",
            "zhuy": "https://shop114646595.taobao.com",
            "cert": null,
            "open_time": "",
            "credit_score": null,
            "shop_name": "loccitane欧舒丹旗舰店"
        },
        "tmall": true,
        "error": "",
        "location": "江苏苏州",
        "data_from": "Ha",
        "has_discount": "false",
        "is_promotion": "false",
        "promo_type": null,
        "props_img": [],
        "format_check": "ok",
        "desc_img": [
            "http://img.alicdn.com/imgextra/i1/2248304671/O1CN01tf3V301kNMi920L30_!!2248304671.jpg",
            "http://img.alicdn.com/imgextra/i3/2248304671/O1CN01twPfEu1kNMgstvY81_!!2248304671.jpg",
            "http://img.alicdn.com/imgextra/i3/2248304671/O1CN01XPTC6M1kNMfYIFpQd_!!2248304671.jpg",
            "http://img.alicdn.com/imgextra/i4/2248304671/O1CN01dBtgOH1kNMgzHy7Nu_!!2248304671.jpg",
            "http://img.alicdn.com/imgextra/i2/2248304671/TB2_Bnfn29TBuNjy1zbXXXpepXa-2248304671.jpg",
            "http://img.alicdn.com/imgextra/i1/2248304671/TB2YVKzmnTI8KJjSsphXXcFppXa-2248304671.jpg",
            "http://img.alicdn.com/imgextra/i4/2248304671/O1CN011kNMTYM3WafZj7e_!!2248304671.jpg"
        ],
        "shop_item": [],
        "relate_items": []
    },
    "error": "",
    "secache": "39d48cfe990380b2443b1957fc4f2fba",
    "secache_time": 1677749108,
    "secache_date": "2023-03-02 17:25:08",
    "translate_status": "",
    "translate_time": 0,
    "language": {
        "default_lang": "cn",
        "current_lang": "cn"
    },
    "reason": "",
    "error_code": "0000",
    "cache": 0,
    "api_info": "today: max:20000 all[=++];expires:2024-01-16",
    "execution_time": "2.734",
    "server_time": "Beijing/2023-03-02 17:25:08",
    "client_ip": "54.39.83.153",
    "call_args": {
        "num_iid": "42148905921",
        "is_promotion": "1"
    },
    "api_type": "taobao",
    "translate_language": "zh-CN",
    "translate_engine": "baidu",
    "server_memory": "5.76MB",
    "last_id": false
}