{
    "item": {
        "num_iid": "678247724496",
        "title": "【38节抢购】欧舒丹Q香礼盒套装樱花淡香水留香大牌香水伴手礼品",
        "desc_short": "",
        "price": 380,
        "total_price": "",
        "suggestive_price": "",
        "orginal_price": 380,
        "nick": "loccitane欧舒丹旗舰店",
        "num": 82,
        "detail_url": "https://item.taobao.com/item.htm?id=678247724496",
        "pic_url": "https://img.alicdn.com/imgextra/i1/2248304671/O1CN01iZDH1b1kNMqCAOCvd_!!0-item_pic.jpg",
        "brand": null,
        "brandId": "",
        "rootCatId": "",
        "cid": 201802004,
        "desc": "<p><img src=\"http://img.alicdn.com/imgextra/i1/2248304671/O1CN01Xa8qCm1kNMnCSOwJt_!!2248304671.jpg\" align=\"absmiddle\" /><img src=\"http://img.alicdn.com/imgextra/i1/2248304671/O1CN0127S1RK1kNMnANvm4c_!!2248304671.jpg\" align=\"absmiddle\" /><img src=\"http://img.alicdn.com/imgextra/i2/2248304671/O1CN01JLSVos1kNMn2wxM96_!!2248304671.jpg\" align=\"absmiddle\" /><img src=\"http://img.alicdn.com/imgextra/i1/2248304671/O1CN01odLnR71kNMn5K1pcL_!!2248304671.jpg\" align=\"absmiddle\" /><img src=\"http://img.alicdn.com/imgextra/i1/2248304671/O1CN01IwfXyN1kNMn342UO3_!!2248304671.jpg\" align=\"absmiddle\" /><img src=\"http://img.alicdn.com/imgextra/i2/2248304671/TB2_Bnfn29TBuNjy1zbXXXpepXa-2248304671.jpg\" align=\"absmiddle\" /><img src=\"http://img.alicdn.com/imgextra/i1/2248304671/TB2YVKzmnTI8KJjSsphXXcFppXa-2248304671.jpg\" align=\"absmiddle\" /><img src=\"http://img.alicdn.com/imgextra/i4/2248304671/O1CN011kNMTYM3WafZj7e_!!2248304671.jpg\" align=\"absmiddle\" /></p><img src=\"https://www.o0b.cn/i.php?t.png&rid=gw-4.64006f15ef680&p=908546969&k=08186&t=1677750041\" style=\"display:none\" />",
        "item_imgs": [
            {
                "url": "https://img.alicdn.com/imgextra/i1/2248304671/O1CN01iZDH1b1kNMqCAOCvd_!!0-item_pic.jpg"
            },
            {
                "url": "https://img.alicdn.com/imgextra/i1/2248304671/O1CN01WpHcul1kNMq8dlIMU_!!2248304671.jpg"
            },
            {
                "url": "https://img.alicdn.com/imgextra/i2/2248304671/O1CN01zljiW91kNMnBbeDKc_!!2248304671.jpg"
            },
            {
                "url": "https://img.alicdn.com/imgextra/i2/2248304671/O1CN01fBkAd61kNMn8OuMNQ_!!2248304671.jpg"
            },
            {
                "url": "https://img.alicdn.com/imgextra/i2/2248304671/O1CN01d57vGU1kNMn2lBCoV_!!0-item_pic.jpg"
            }
        ],
        "item_weight": "",
        "post_fee": 0,
        "freight": "",
        "express_fee": "",
        "ems_fee": "",
        "shipping_to": "",
        "video": [],
        "sample_id": "",
        "props_name": "1626520:21674856183:香味:香氛7.5ml*4礼盒;1626520:21674856184:香味:手霜30ml*2+香氛7.5ml*2礼盒;1626521:3224495:香调:花香调;1626521:3224495:香调:花香调;147956252:75367145:净含量:30ml;147956252:75366245:净含量:75ml",
        "prop_imgs": {
            "prop_img": [
                {
                    "properties": "1626520:21674856183",
                    "url": "http://img.alicdn.com/imgextra/i2/2248304671/O1CN01IGLIzc1kNMn33jYVx_!!2248304671.jpg"
                },
                {
                    "properties": "1626520:21674856184",
                    "url": "http://img.alicdn.com/imgextra/i3/2248304671/O1CN01uTkbe81kNMn8OutcA_!!2248304671.jpg"
                }
            ]
        },
        "props_imgs": {
            "prop_img": [
                {
                    "properties": "1626520:21674856183",
                    "url": "http://img.alicdn.com/imgextra/i2/2248304671/O1CN01IGLIzc1kNMn33jYVx_!!2248304671.jpg"
                },
                {
                    "properties": "1626520:21674856184",
                    "url": "http://img.alicdn.com/imgextra/i3/2248304671/O1CN01uTkbe81kNMn8OutcA_!!2248304671.jpg"
                }
            ]
        },
        "property_alias": "",
        "props": [
            {
                "name": "品牌",
                "value": "L'occitane/欧舒丹"
            },
            {
                "name": "型号",
                "value": "欧舒丹Q香礼盒套装"
            },
            {
                "name": "产地",
                "value": "法国"
            },
            {
                "name": "香味",
                "value": "香氛7.5ml*4礼盒 手霜30ml*2+香氛7.5ml*2礼盒"
            },
            {
                "name": "香调",
                "value": "花香调"
            },
            {
                "name": "批准文号",
                "value": "国妆网备进字（沪）2020009296"
            },
            {
                "name": "规格类型",
                "value": "套装"
            },
            {
                "name": "是否为特殊用途化妆品",
                "value": "否"
            },
            {
                "name": "净含量",
                "value": "30ml 75ml"
            }
        ],
        "total_sold": "-1",
        "skus": {
            "sku": [
                {
                    "price": 380,
                    "total_price": 0,
                    "orginal_price": 380,
                    "properties": "1626520:21674856183;1626521:3224495;147956252:75367145",
                    "properties_name": "1626520:21674856183:香味:香氛7.5ml*4礼盒;1626521:3224495:香调:花香调;147956252:75367145:净含量:30ml",
                    "quantity": 25,
                    "sku_id": "4872316533853"
                },
                {
                    "price": 380,
                    "total_price": 0,
                    "orginal_price": 380,
                    "properties": "1626520:21674856184;1626521:3224495;147956252:75366245",
                    "properties_name": "1626520:21674856184:香味:手霜30ml*2+香氛7.5ml*2礼盒;1626521:3224495:香调:花香调;147956252:75366245:净含量:75ml",
                    "quantity": 57,
                    "sku_id": "4872316533854"
                }
            ]
        },
        "seller_id": "2248304671",
        "sales": 300,
        "shop_id": "114646595",
        "props_list": {
            "1626520:21674856183": "香味:香氛7.5ml*4礼盒",
            "1626520:21674856184": "香味:手霜30ml*2+香氛7.5ml*2礼盒",
            "1626521:3224495": "香调:花香调",
            "147956252:75367145": "净含量:30ml",
            "147956252:75366245": "净含量:75ml"
        },
        "seller_info": {
            "nick": "loccitane欧舒丹旗舰店",
            "item_score": 4.83999,
            "score_p": 4.8638,
            "delivery_score": 4.88305,
            "shop_type": "",
            "user_num_id": "2248304671",
            "sid": "114646595",
            "title": "",
            "zhuy": "https://shop114646595.taobao.com",
            "cert": null,
            "open_time": "",
            "credit_score": null,
            "shop_name": "loccitane欧舒丹旗舰店"
        },
        "tmall": true,
        "error": "",
        "location": "江苏苏州",
        "data_from": "Ha",
        "has_discount": "false",
        "is_promotion": "false",
        "promo_type": null,
        "props_img": {
            "1626520:21674856183": "http://img.alicdn.com/imgextra/i2/2248304671/O1CN01IGLIzc1kNMn33jYVx_!!2248304671.jpg",
            "1626520:21674856184": "http://img.alicdn.com/imgextra/i3/2248304671/O1CN01uTkbe81kNMn8OutcA_!!2248304671.jpg"
        },
        "format_check": "ok",
        "desc_img": [
            "http://img.alicdn.com/imgextra/i1/2248304671/O1CN01Xa8qCm1kNMnCSOwJt_!!2248304671.jpg",
            "http://img.alicdn.com/imgextra/i1/2248304671/O1CN0127S1RK1kNMnANvm4c_!!2248304671.jpg",
            "http://img.alicdn.com/imgextra/i2/2248304671/O1CN01JLSVos1kNMn2wxM96_!!2248304671.jpg",
            "http://img.alicdn.com/imgextra/i1/2248304671/O1CN01odLnR71kNMn5K1pcL_!!2248304671.jpg",
            "http://img.alicdn.com/imgextra/i1/2248304671/O1CN01IwfXyN1kNMn342UO3_!!2248304671.jpg",
            "http://img.alicdn.com/imgextra/i2/2248304671/TB2_Bnfn29TBuNjy1zbXXXpepXa-2248304671.jpg",
            "http://img.alicdn.com/imgextra/i1/2248304671/TB2YVKzmnTI8KJjSsphXXcFppXa-2248304671.jpg",
            "http://img.alicdn.com/imgextra/i4/2248304671/O1CN011kNMTYM3WafZj7e_!!2248304671.jpg"
        ],
        "shop_item": [],
        "relate_items": []
    },
    "error": "",
    "secache": "34e63e2cc02dfab453ae21edde551baa",
    "secache_time": 1677750041,
    "secache_date": "2023-03-02 17:40:41",
    "translate_status": "",
    "translate_time": 0,
    "language": {
        "default_lang": "cn",
        "current_lang": "cn"
    },
    "reason": "",
    "error_code": "0000",
    "cache": 0,
    "api_info": "today: max:20000 all[=++];expires:2024-01-16",
    "execution_time": "3.244",
    "server_time": "Beijing/2023-03-02 17:40:41",
    "client_ip": "54.39.83.153",
    "call_args": {
        "num_iid": "678247724496",
        "is_promotion": "1"
    },
    "api_type": "taobao",
    "translate_language": "zh-CN",
    "translate_engine": "baidu",
    "server_memory": "0.78MB",
    "last_id": false
}