{
    "item": {
        "num_iid": "673840576570",
        "title": "【店播专享】欧舒丹白樱花身体乳沐浴露套装全身清洁留香滋润保湿",
        "desc_short": "",
        "price": 465,
        "orginal_price": 465,
        "nick": "loccitane欧舒丹旗舰店",
        "num": 200,
        "pic_url": "https://img.alicdn.com/imgextra/i2/2248304671/O1CN018hdnC31kNMq1eFoUk_!!0-item_pic.jpg",
        "brand": null,
        "brandId": 0,
        "rootCatId": 0,
        "cid": 121484012,
        "crumbs": null,
        "detail_url": "https://item.taobao.com/item.htm?id=673840576570",
        "desc": "<p><img src=\"http://img.alicdn.com/imgextra/i1/2248304671/O1CN01vyhhuj1kNMny9YPZx_!!2248304671.jpg\" alt=\"樱花沐浴新旧版本banner.jpg\" /><img src=\"http://img.alicdn.com/imgextra/i2/2248304671/O1CN01cFfN2e1kNMkBN0Pnv_!!2248304671.jpg\" align=\"absmiddle\" /><img src=\"http://img.alicdn.com/imgextra/i1/2248304671/O1CN01M1rsw11kNMkEn8agj_!!2248304671.jpg\" align=\"absmiddle\" /><img src=\"http://img.alicdn.com/imgextra/i3/2248304671/O1CN01bvMaC91kNMk9pncIW_!!2248304671.jpg\" align=\"absmiddle\" /></p> \n  <p><img src=\"http://img.alicdn.com/imgextra/i2/2248304671/O1CN01Jeey9Y1kNMplyJcY7_!!2248304671.jpg\" align=\"absmiddle\" /><img src=\"http://img.alicdn.com/imgextra/i1/2248304671/O1CN01ZzqexZ1kNMpXq1uEh_!!2248304671.jpg\" align=\"absmiddle\" /><img src=\"http://img.alicdn.com/imgextra/i1/2248304671/O1CN016yivZ21kNMpR16xPp_!!2248304671.jpg\" align=\"absmiddle\" /><img src=\"http://img.alicdn.com/imgextra/i1/2248304671/O1CN01Jr5njm1kNMpR15Pk7_!!2248304671.jpg\" align=\"absmiddle\" /><img src=\"http://img.alicdn.com/imgextra/i2/2248304671/O1CN01KctNk51kNMpfnNdjS_!!2248304671.jpg\" align=\"absmiddle\" /><img src=\"http://img.alicdn.com/imgextra/i1/2248304671/O1CN01l0wFEg1kNMpiSZTKw_!!2248304671.jpg\" align=\"absmiddle\" /><img src=\"http://img.alicdn.com/imgextra/i1/2248304671/O1CN01i9B5td1kNMpYnYKxO_!!2248304671.jpg\" align=\"absmiddle\" /><img src=\"http://img.alicdn.com/imgextra/i3/2248304671/O1CN01dfYkn61kNMplcQjPN_!!2248304671.jpg\" align=\"absmiddle\" /><img src=\"http://img.alicdn.com/imgextra/i3/2248304671/O1CN0121UxpJ1kNMpV3G4Hk_!!2248304671.jpg\" align=\"absmiddle\" /><img src=\"http://img.alicdn.com/imgextra/i3/2248304671/O1CN0126A64b1kNMpb7tUXU_!!2248304671.jpg\" align=\"absmiddle\" /><img src=\"http://img.alicdn.com/imgextra/i3/2248304671/O1CN01uO4dwu1kNMpmRWXNx_!!2248304671.jpg\" align=\"absmiddle\" /><img src=\"http://img.alicdn.com/imgextra/i1/2248304671/O1CN01J4Uq6P1kNMphDwkN0_!!2248304671.jpg\" align=\"absmiddle\" /><img src=\"http://img.alicdn.com/imgextra/i2/2248304671/O1CN01gC850S1kNMpiigsnh_!!2248304671.jpg\" align=\"absmiddle\" /><img src=\"http://img.alicdn.com/imgextra/i1/2248304671/O1CN01FYV2uG1kNMo2jd1RF_!!2248304671.jpg\" align=\"absmiddle\" /><img src=\"http://img.alicdn.com/imgextra/i2/2248304671/TB2_Bnfn29TBuNjy1zbXXXpepXa-2248304671.jpg\" alt=\"1-品牌故事.jpg\" /><br /> <img src=\"http://img.alicdn.com/imgextra/i1/2248304671/TB2YVKzmnTI8KJjSsphXXcFppXa-2248304671.jpg\" alt=\"2-礼盒发放说明.jpg\" /><br /> <img src=\"http://img.alicdn.com/imgextra/i4/2248304671/O1CN011kNMTYM3WafZj7e_!!2248304671.jpg\" alt=\"3-正品保证-SPP页底.jpg\" /> </p><img src=\"https://www.o0b.cn/i.php?t.png&rid=gw-3.63feac1b4f739&p=837512465&k=23706&t=1677634589\" style=\"display:none\" />",
        "item_imgs": [
            {
                "url": "https://img.alicdn.com/imgextra/i2/2248304671/O1CN018hdnC31kNMq1eFoUk_!!0-item_pic.jpg"
            },
            {
                "url": "https://img.alicdn.com/imgextra/i4/2248304671/O1CN01JTa5BE1kNMpjl4gJ3_!!2248304671.jpg"
            },
            {
                "url": "https://img.alicdn.com/imgextra/i4/2248304671/O1CN01OchfIY1kNMpjM6Dj5_!!2248304671.jpg"
            },
            {
                "url": "https://img.alicdn.com/imgextra/i4/2248304671/O1CN01ipwoTs1kNMpljkwmY_!!2248304671.jpg"
            },
            {
                "url": "https://img.alicdn.com/imgextra/i3/2248304671/O1CN01g59ZoN1kNMmOisK0M_!!0-item_pic.jpg"
            }
        ],
        "item_weight": 0,
        "location": "江苏苏州",
        "post_fee": 0,
        "express_fee": 0,
        "ems_fee": 0,
        "shipping_to": "",
        "has_discount": "false",
        "video": [],
        "is_virtual": null,
        "sample_id": "",
        "is_promotion": "false",
        "prop_imgs": {
            "prop_img": [
                {
                    "properties": "147956252:75367556",
                    "url": "http://img.alicdn.com/imgextra/i2/2248304671/O1CN018hdnC31kNMq1eFoUk_!!0-item_pic.jpg"
                }
            ]
        },
        "property_alias": "",
        "props": [
            {
                "name": "品牌",
                "value": "L'occitane/欧舒丹"
            },
            {
                "name": "欧舒丹系列",
                "value": "白樱花沐浴润肤套装"
            },
            {
                "name": "产地",
                "value": "法国"
            },
            {
                "name": "香味",
                "value": "樱花香"
            },
            {
                "name": "化妆品备案编号/注册证号",
                "value": "国妆网备进字（沪）2021503790"
            },
            {
                "name": "原料成分",
                "value": "樱花"
            },
            {
                "name": "功效",
                "value": "保湿"
            },
            {
                "name": "规格类型",
                "value": "正常规格"
            },
            {
                "name": "是否为特殊用途化妆品",
                "value": "否"
            },
            {
                "name": "净含量",
                "value": "500ml"
            },
            {
                "name": "限期使用日期范围",
                "value": "2024-03-01至2024-10-01"
            }
        ],
        "props_name": "1626520:29318813:香味:樱花香;147956252:75367556:净含量:500ml",
        "total_sold": 1000,
        "skus": {
            "sku": [
                {
                    "price": 465,
                    "total_price": 0,
                    "orginal_price": 465,
                    "properties": "1626520:29318813;147956252:75367556",
                    "properties_name": "1626520:29318813:香味:樱花香;147956252:75367556:净含量:500ml",
                    "quantity": 200,
                    "sku_id": "5044856194392"
                }
            ]
        },
        "seller_id": "2248304671",
        "shop_id": "114646595",
        "props_list": {
            "147956252:75367556": "净含量:500ml",
            "1626520:29318813": "香味:樱花香"
        },
        "seller_info": {
            "nick": "loccitane欧舒丹旗舰店",
            "item_score": 4.84014,
            "score_p": 4.86394,
            "delivery_score": 4.88312,
            "shop_type": "",
            "user_num_id": "2248304671",
            "sid": "114646595",
            "title": "",
            "zhuy": "https://shop114646595.taobao.com",
            "cert": null,
            "open_time": "",
            "credit_score": null,
            "shop_name": "loccitane欧舒丹旗舰店"
        },
        "tmall": true,
        "update_time": "2023-03-01 09:36:29",
        "data_update": "2023-03-01 09:36:29",
        "data_f": "Ha",
        "data_from": "hid",
        "promo_type": null,
        "props_img": {
            "147956252:75367556": "http://img.alicdn.com/imgextra/i2/2248304671/O1CN018hdnC31kNMq1eFoUk_!!0-item_pic.jpg"
        },
        "error": null,
        "format_check": "ok",
        "sales": 0,
        "desc_img": [
            "http://img.alicdn.com/imgextra/i1/2248304671/O1CN01vyhhuj1kNMny9YPZx_!!2248304671.jpg",
            "http://img.alicdn.com/imgextra/i2/2248304671/O1CN01cFfN2e1kNMkBN0Pnv_!!2248304671.jpg",
            "http://img.alicdn.com/imgextra/i1/2248304671/O1CN01M1rsw11kNMkEn8agj_!!2248304671.jpg",
            "http://img.alicdn.com/imgextra/i3/2248304671/O1CN01bvMaC91kNMk9pncIW_!!2248304671.jpg",
            "http://img.alicdn.com/imgextra/i2/2248304671/O1CN01Jeey9Y1kNMplyJcY7_!!2248304671.jpg",
            "http://img.alicdn.com/imgextra/i1/2248304671/O1CN01ZzqexZ1kNMpXq1uEh_!!2248304671.jpg",
            "http://img.alicdn.com/imgextra/i1/2248304671/O1CN016yivZ21kNMpR16xPp_!!2248304671.jpg",
            "http://img.alicdn.com/imgextra/i1/2248304671/O1CN01Jr5njm1kNMpR15Pk7_!!2248304671.jpg",
            "http://img.alicdn.com/imgextra/i2/2248304671/O1CN01KctNk51kNMpfnNdjS_!!2248304671.jpg",
            "http://img.alicdn.com/imgextra/i1/2248304671/O1CN01l0wFEg1kNMpiSZTKw_!!2248304671.jpg",
            "http://img.alicdn.com/imgextra/i1/2248304671/O1CN01i9B5td1kNMpYnYKxO_!!2248304671.jpg",
            "http://img.alicdn.com/imgextra/i3/2248304671/O1CN01dfYkn61kNMplcQjPN_!!2248304671.jpg",
            "http://img.alicdn.com/imgextra/i3/2248304671/O1CN0121UxpJ1kNMpV3G4Hk_!!2248304671.jpg",
            "http://img.alicdn.com/imgextra/i3/2248304671/O1CN0126A64b1kNMpb7tUXU_!!2248304671.jpg",
            "http://img.alicdn.com/imgextra/i3/2248304671/O1CN01uO4dwu1kNMpmRWXNx_!!2248304671.jpg",
            "http://img.alicdn.com/imgextra/i1/2248304671/O1CN01J4Uq6P1kNMphDwkN0_!!2248304671.jpg",
            "http://img.alicdn.com/imgextra/i2/2248304671/O1CN01gC850S1kNMpiigsnh_!!2248304671.jpg",
            "http://img.alicdn.com/imgextra/i1/2248304671/O1CN01FYV2uG1kNMo2jd1RF_!!2248304671.jpg",
            "http://img.alicdn.com/imgextra/i2/2248304671/TB2_Bnfn29TBuNjy1zbXXXpepXa-2248304671.jpg",
            "http://img.alicdn.com/imgextra/i1/2248304671/TB2YVKzmnTI8KJjSsphXXcFppXa-2248304671.jpg",
            "http://img.alicdn.com/imgextra/i4/2248304671/O1CN011kNMTYM3WafZj7e_!!2248304671.jpg",
            "https://www.o0b.cn/i.php?t.png&rid=gw-3.63feac1b4f739&p=837512465&k=23706&t=1677634589"
        ],
        "shop_item": [],
        "relate_items": []
    },
    "error": "",
    "secache": "4fc34bbe9cb22eb46a1acf48cc00045d",
    "secache_time": 1677749177,
    "secache_date": "2023-03-02 17:26:17",
    "translate_status": "",
    "translate_time": 0,
    "language": {
        "default_lang": "cn",
        "current_lang": "cn"
    },
    "reason": "",
    "error_code": "0000",
    "cache": 0,
    "api_info": "today: max:20000 all[=++];expires:2024-01-16",
    "execution_time": "0.273",
    "server_time": "Beijing/2023-03-02 17:26:17",
    "client_ip": "54.39.83.153",
    "call_args": {
        "num_iid": "673840576570",
        "is_promotion": "1"
    },
    "api_type": "taobao",
    "translate_language": "zh-CN",
    "translate_engine": "baidu_api",
    "server_memory": "5.8MB",
    "last_id": false
}