{
    "item": {
        "num_iid": "624160512777",
        "title": "欧舒丹官方旗舰店甜扁桃护发素240ml柔顺亮丽抚平毛躁压泵式正品",
        "desc_short": "",
        "price": 180,
        "total_price": "",
        "suggestive_price": "",
        "orginal_price": 180,
        "nick": "loccitane欧舒丹旗舰店",
        "num": 58,
        "detail_url": "https://item.taobao.com/item.htm?id=624160512777",
        "pic_url": "https://img.alicdn.com/imgextra/i2/2248304671/O1CN01gLT4Bw1kNMpojIbe2_!!0-item_pic.jpg",
        "brand": null,
        "brandId": "",
        "rootCatId": "",
        "cid": 121410029,
        "desc": "<p><img src=\"http://img.alicdn.com/imgextra/i3/2248304671/O1CN01eaBWf71kNMdcFuaFu_!!2248304671.jpg\" align=\"absmiddle\" /><img src=\"http://img.alicdn.com/imgextra/i3/2248304671/O1CN01ujE8p61kNMdbFTkCk_!!2248304671.jpg\" align=\"absmiddle\" /><img src=\"http://img.alicdn.com/imgextra/i3/2248304671/O1CN01ZGVwhb1kNMdioJV5O_!!2248304671.jpg\" align=\"absmiddle\" /><img src=\"http://img.alicdn.com/imgextra/i4/2248304671/O1CN016Npx411kNMdeiUq8i_!!2248304671.jpg\" align=\"absmiddle\" /><img src=\"http://img.alicdn.com/imgextra/i3/2248304671/O1CN01MHqWub1kNMdfFR8TV_!!2248304671.jpg\" align=\"absmiddle\" /><img src=\"http://img.alicdn.com/imgextra/i1/2248304671/O1CN01RieFPt1kNMl7CFxxP_!!2248304671.jpg\" align=\"absmiddle\" /><img src=\"http://img.alicdn.com/imgextra/i1/2248304671/O1CN01Xejnfg1kNMlEZi2HS_!!2248304671.jpg\" align=\"absmiddle\" /> </p><img src=\"https://www.o0b.cn/i.php?t.png&rid=gw-4.64006ea611fc4&p=908546969&k=08186&t=1677749928\" style=\"display:none\" />",
        "item_imgs": [
            {
                "url": "https://img.alicdn.com/imgextra/i2/2248304671/O1CN01gLT4Bw1kNMpojIbe2_!!0-item_pic.jpg"
            },
            {
                "url": "https://img.alicdn.com/imgextra/i2/2248304671/O1CN01QO6sZ51kNMjK6NB5m_!!2248304671.jpg"
            },
            {
                "url": "https://img.alicdn.com/imgextra/i3/2248304671/O1CN01OO6eMw1kNMhdpmPy3_!!2248304671.jpg"
            },
            {
                "url": "https://img.alicdn.com/imgextra/i3/2248304671/O1CN01MGx0hN1kNMeYrEFBE_!!2248304671.jpg"
            }
        ],
        "item_weight": "",
        "post_fee": 0,
        "freight": "",
        "express_fee": "",
        "ems_fee": "",
        "shipping_to": "",
        "video": [],
        "sample_id": "",
        "props_name": "1626520:281420961:香味:甜扁桃;147956252:49250:净含量:240ml",
        "prop_imgs": {
            "prop_img": [
                {
                    "properties": "147956252:49250",
                    "url": "http://img.alicdn.com/imgextra/i2/2248304671/O1CN01gLT4Bw1kNMpojIbe2_!!0-item_pic.jpg"
                }
            ]
        },
        "props_imgs": {
            "prop_img": [
                {
                    "properties": "147956252:49250",
                    "url": "http://img.alicdn.com/imgextra/i2/2248304671/O1CN01gLT4Bw1kNMpojIbe2_!!0-item_pic.jpg"
                }
            ]
        },
        "property_alias": "",
        "props": [
            {
                "name": "品牌",
                "value": "L'occitane/欧舒丹"
            },
            {
                "name": "L’occitane/欧舒丹",
                "value": "甜扁桃护发素"
            },
            {
                "name": "功效",
                "value": "保湿 补水"
            },
            {
                "name": "产地",
                "value": "法国"
            },
            {
                "name": "香味",
                "value": "甜扁桃"
            },
            {
                "name": "化妆品备案编号/注册证号",
                "value": "国妆网备进字（沪）2020004096"
            },
            {
                "name": "规格类型",
                "value": "正常规格"
            },
            {
                "name": "是否为特殊用途化妆品",
                "value": "否"
            },
            {
                "name": "净含量",
                "value": "240ml"
            }
        ],
        "total_sold": "59",
        "skus": {
            "sku": [
                {
                    "price": 180,
                    "total_price": 0,
                    "orginal_price": 180,
                    "properties": "1626520:281420961;147956252:49250",
                    "properties_name": "1626520:281420961:香味:甜扁桃;147956252:49250:净含量:240ml",
                    "quantity": 58,
                    "sku_id": "4419501308333"
                }
            ]
        },
        "seller_id": "2248304671",
        "sales": 59,
        "shop_id": "114646595",
        "props_list": {
            "147956252:49250": "净含量:240ml",
            "1626520:281420961": "香味:甜扁桃"
        },
        "seller_info": {
            "nick": "loccitane欧舒丹旗舰店",
            "item_score": 4.83999,
            "score_p": 4.8638,
            "delivery_score": 4.88305,
            "shop_type": "",
            "user_num_id": "2248304671",
            "sid": "114646595",
            "title": "",
            "zhuy": "https://shop114646595.taobao.com",
            "cert": null,
            "open_time": "",
            "credit_score": null,
            "shop_name": "loccitane欧舒丹旗舰店"
        },
        "tmall": true,
        "error": "",
        "location": "江苏苏州",
        "data_from": "Ha",
        "has_discount": "false",
        "is_promotion": "false",
        "promo_type": null,
        "props_img": {
            "147956252:49250": "http://img.alicdn.com/imgextra/i2/2248304671/O1CN01gLT4Bw1kNMpojIbe2_!!0-item_pic.jpg"
        },
        "format_check": "ok",
        "desc_img": [
            "http://img.alicdn.com/imgextra/i3/2248304671/O1CN01eaBWf71kNMdcFuaFu_!!2248304671.jpg",
            "http://img.alicdn.com/imgextra/i3/2248304671/O1CN01ujE8p61kNMdbFTkCk_!!2248304671.jpg",
            "http://img.alicdn.com/imgextra/i3/2248304671/O1CN01ZGVwhb1kNMdioJV5O_!!2248304671.jpg",
            "http://img.alicdn.com/imgextra/i4/2248304671/O1CN016Npx411kNMdeiUq8i_!!2248304671.jpg",
            "http://img.alicdn.com/imgextra/i3/2248304671/O1CN01MHqWub1kNMdfFR8TV_!!2248304671.jpg",
            "http://img.alicdn.com/imgextra/i1/2248304671/O1CN01RieFPt1kNMl7CFxxP_!!2248304671.jpg",
            "http://img.alicdn.com/imgextra/i1/2248304671/O1CN01Xejnfg1kNMlEZi2HS_!!2248304671.jpg"
        ],
        "shop_item": [],
        "relate_items": []
    },
    "error": "",
    "secache": "3b7a177f0e095812a458ee82861b6736",
    "secache_time": 1677749928,
    "secache_date": "2023-03-02 17:38:48",
    "translate_status": "",
    "translate_time": 0,
    "language": {
        "default_lang": "cn",
        "current_lang": "cn"
    },
    "reason": "",
    "error_code": "0000",
    "cache": 0,
    "api_info": "today: max:20000 all[=++];expires:2024-01-16",
    "execution_time": "2.347",
    "server_time": "Beijing/2023-03-02 17:38:48",
    "client_ip": "54.39.83.153",
    "call_args": {
        "num_iid": "624160512777",
        "is_promotion": "1"
    },
    "api_type": "taobao",
    "translate_language": "zh-CN",
    "translate_engine": "baidu",
    "server_memory": "0.78MB",
    "last_id": false
}