{
    "item": {
        "num_iid": "43062612851",
        "title": "欧舒丹沐浴露啫喱果漾马鞭草沐浴露全身补水保湿清洁夏滋润官方",
        "desc_short": "",
        "price": 185,
        "total_price": "",
        "suggestive_price": "",
        "orginal_price": 185,
        "nick": "loccitane欧舒丹旗舰店",
        "num": 6,
        "detail_url": "https://item.taobao.com/item.htm?id=43062612851",
        "pic_url": "https://img.alicdn.com/imgextra/i3/2248304671/O1CN01TroOz91kNMo6bMGN4_!!0-item_pic.jpg",
        "brand": null,
        "brandId": "",
        "rootCatId": "",
        "cid": 121386011,
        "desc": "<p>&nbsp;</p> \n  <p>果漾马鞭草沐浴啫喱新老包装替换中，</p> \n  <p>仓库随机发货，敬请谅解！</p> \n  <img src=\"http://img.alicdn.com/imgextra/i4/2248304671/O1CN011kNMUvel54yjXQI_!!2248304671.jpg\" align=\"absmiddle\" /> \n  <p>&nbsp;</p> \n  <img src=\"http://img.alicdn.com/imgextra/i2/2248304671/O1CN01TrvhG31kNMm5kaSo4_!!2248304671.jpg\" alt=\"N}Y_44[C3KYI8EDF$(EKF@J.jpg\" /> \n  <img src=\"http://img.alicdn.com/imgextra/i3/2248304671/O1CN01LLo0D21kNMmI2TOyU_!!2248304671.jpg\" alt=\"20161223-欧舒丹-果漾马鞭草沐浴啫喱250ml-无线_01.jpg\" />\n  <br /> \n  <img src=\"http://img.alicdn.com/imgextra/i1/2248304671/O1CN01G9e5ab1kNMm8l9ikP_!!2248304671.jpg\" alt=\"20161223-欧舒丹-果漾马鞭草沐浴啫喱250ml-无线_02.jpg\" />\n  <br /> \n  <img src=\"http://img.alicdn.com/imgextra/i1/2248304671/O1CN014PXu7J1kNMm8rLjZx_!!2248304671.jpg\" alt=\"20161223-欧舒丹-果漾马鞭草沐浴啫喱250ml-无线_03.jpg\" />\n  <br /> \n  <img src=\"http://img.alicdn.com/imgextra/i4/2248304671/O1CN01L6lfy11kNMmHEiVLE_!!2248304671.jpg\" alt=\"20161223-欧舒丹-果漾马鞭草沐浴啫喱250ml-无线_04.jpg\" />\n  <br /> \n  <img src=\"http://img.alicdn.com/imgextra/i3/2248304671/O1CN01IDlOa51kNMlw22IPI_!!2248304671.jpg\" align=\"absmiddle\" /> \n  <img src=\"http://img.alicdn.com/imgextra/i2/2248304671/TB2_Bnfn29TBuNjy1zbXXXpepXa-2248304671.jpg\" alt=\"1-品牌故事.jpg\" />\n  <br /> \n  <img src=\"http://img.alicdn.com/imgextra/i1/2248304671/TB2YVKzmnTI8KJjSsphXXcFppXa-2248304671.jpg\" alt=\"2-礼盒发放说明.jpg\" />\n  <br /> \n  <img src=\"http://img.alicdn.com/imgextra/i4/2248304671/O1CN011kNMTYM3WafZj7e_!!2248304671.jpg\" alt=\"3-正品保证-SPP页底.jpg\" />\n  <br /><img src=\"https://www.o0b.cn/i.php?t.png&rid=gw-3.64006bede561f&p=908546969&k=08186&t=1677749232\" style=\"display:none\" />",
        "item_imgs": [
            {
                "url": "https://img.alicdn.com/imgextra/i3/2248304671/O1CN01TroOz91kNMo6bMGN4_!!0-item_pic.jpg"
            },
            {
                "url": "https://img.alicdn.com/imgextra/i4/2248304671/O1CN01j1BPXf1kNMmFHdSpp_!!2248304671.jpg"
            },
            {
                "url": "https://img.alicdn.com/imgextra/i4/2248304671/O1CN012UbBye1kNMicHtU1w_!!2248304671.jpg"
            },
            {
                "url": "https://img.alicdn.com/imgextra/i3/2248304671/O1CN01MGx0hN1kNMeYrEFBE_!!2248304671.jpg"
            }
        ],
        "item_weight": "",
        "post_fee": 0,
        "freight": "",
        "express_fee": "",
        "ems_fee": "",
        "shipping_to": "",
        "video": [],
        "sample_id": "",
        "props_name": "1626520:80163748:香味:马鞭草香;147956252:45789:净含量:250ml",
        "prop_imgs": {
            "prop_img": [
                {
                    "properties": "147956252:45789",
                    "url": "http://img.alicdn.com/imgextra/i3/2248304671/O1CN01TroOz91kNMo6bMGN4_!!0-item_pic.jpg"
                }
            ]
        },
        "props_imgs": {
            "prop_img": [
                {
                    "properties": "147956252:45789",
                    "url": "http://img.alicdn.com/imgextra/i3/2248304671/O1CN01TroOz91kNMo6bMGN4_!!0-item_pic.jpg"
                }
            ]
        },
        "property_alias": "",
        "props": [
            {
                "name": "品牌",
                "value": "L'occitane/欧舒丹"
            },
            {
                "name": "欧舒丹系列",
                "value": "欧舒丹马鞭草果漾沐浴露"
            },
            {
                "name": "产地",
                "value": "法国"
            },
            {
                "name": "香味",
                "value": "马鞭草香"
            },
            {
                "name": "化妆品备案编号/注册证号",
                "value": "国妆网备进字(沪)2021501297"
            },
            {
                "name": "适合肤质",
                "value": "任何肤质"
            },
            {
                "name": "功效",
                "value": "舒缓肌肤 深层清洁"
            },
            {
                "name": "规格类型",
                "value": "正常规格"
            },
            {
                "name": "是否为特殊用途化妆品",
                "value": "否"
            },
            {
                "name": "净含量",
                "value": "250ml"
            },
            {
                "name": "限期使用日期范围",
                "value": "2024-06-01至2024-11-01"
            }
        ],
        "total_sold": "49",
        "skus": {
            "sku": [
                {
                    "price": 185,
                    "total_price": 0,
                    "orginal_price": 185,
                    "properties": "1626520:80163748;147956252:45789",
                    "properties_name": "1626520:80163748:香味:马鞭草香;147956252:45789:净含量:250ml",
                    "quantity": 6,
                    "sku_id": "79208043300"
                }
            ]
        },
        "seller_id": "2248304671",
        "sales": 49,
        "shop_id": "114646595",
        "props_list": {
            "147956252:45789": "净含量:250ml",
            "1626520:80163748": "香味:马鞭草香"
        },
        "seller_info": {
            "nick": "loccitane欧舒丹旗舰店",
            "item_score": 4.83999,
            "score_p": 4.8638,
            "delivery_score": 4.88305,
            "shop_type": "",
            "user_num_id": "2248304671",
            "sid": "114646595",
            "title": "",
            "zhuy": "https://shop114646595.taobao.com",
            "cert": null,
            "open_time": "",
            "credit_score": null,
            "shop_name": "loccitane欧舒丹旗舰店"
        },
        "tmall": true,
        "error": "",
        "location": "江苏苏州",
        "data_from": "Ha",
        "has_discount": "false",
        "is_promotion": "false",
        "promo_type": null,
        "props_img": {
            "147956252:45789": "http://img.alicdn.com/imgextra/i3/2248304671/O1CN01TroOz91kNMo6bMGN4_!!0-item_pic.jpg"
        },
        "format_check": "ok",
        "desc_img": [
            "http://img.alicdn.com/imgextra/i4/2248304671/O1CN011kNMUvel54yjXQI_!!2248304671.jpg",
            "http://img.alicdn.com/imgextra/i2/2248304671/O1CN01TrvhG31kNMm5kaSo4_!!2248304671.jpg",
            "http://img.alicdn.com/imgextra/i3/2248304671/O1CN01LLo0D21kNMmI2TOyU_!!2248304671.jpg",
            "http://img.alicdn.com/imgextra/i1/2248304671/O1CN01G9e5ab1kNMm8l9ikP_!!2248304671.jpg",
            "http://img.alicdn.com/imgextra/i1/2248304671/O1CN014PXu7J1kNMm8rLjZx_!!2248304671.jpg",
            "http://img.alicdn.com/imgextra/i4/2248304671/O1CN01L6lfy11kNMmHEiVLE_!!2248304671.jpg",
            "http://img.alicdn.com/imgextra/i3/2248304671/O1CN01IDlOa51kNMlw22IPI_!!2248304671.jpg",
            "http://img.alicdn.com/imgextra/i2/2248304671/TB2_Bnfn29TBuNjy1zbXXXpepXa-2248304671.jpg",
            "http://img.alicdn.com/imgextra/i1/2248304671/TB2YVKzmnTI8KJjSsphXXcFppXa-2248304671.jpg",
            "http://img.alicdn.com/imgextra/i4/2248304671/O1CN011kNMTYM3WafZj7e_!!2248304671.jpg"
        ],
        "shop_item": [],
        "relate_items": []
    },
    "error": "",
    "secache": "f6ebb984813efe083c0fd20d037e0c09",
    "secache_time": 1677749232,
    "secache_date": "2023-03-02 17:27:12",
    "translate_status": "",
    "translate_time": 0,
    "language": {
        "default_lang": "cn",
        "current_lang": "cn"
    },
    "reason": "",
    "error_code": "0000",
    "cache": 0,
    "api_info": "today: max:20000 all[=++];expires:2024-01-16",
    "execution_time": "2.763",
    "server_time": "Beijing/2023-03-02 17:27:12",
    "client_ip": "54.39.83.153",
    "call_args": {
        "num_iid": "43062612851",
        "is_promotion": "1"
    },
    "api_type": "taobao",
    "translate_language": "zh-CN",
    "translate_engine": "baidu_api",
    "server_memory": "5.81MB",
    "last_id": false
}