{
    "item": {
        "num_iid": "645449399943",
        "title": "【38节抢购】欧舒丹甜扁桃紧致美肤油补水保湿按摩精华身体护理油",
        "desc_short": "",
        "price": 475,
        "total_price": "",
        "suggestive_price": "",
        "orginal_price": 475,
        "nick": "loccitane欧舒丹旗舰店",
        "num": 154,
        "detail_url": "https://item.taobao.com/item.htm?id=645449399943",
        "pic_url": "https://img.alicdn.com/imgextra/i4/2248304671/O1CN01irzhLR1kNMq6siidy_!!0-item_pic.jpg",
        "brand": null,
        "brandId": "",
        "rootCatId": "",
        "cid": 121422012,
        "desc": "<p><br /> <img src=\"http://img.alicdn.com/imgextra/i3/2248304671/O1CN012RcEA21kNMld3oLQJ_!!2248304671.jpg\" align=\"absmiddle\" /><img src=\"http://img.alicdn.com/imgextra/i2/2248304671/O1CN01MtEgAV1kNMljkMEK6_!!2248304671.jpg\" align=\"absmiddle\" /><img src=\"http://img.alicdn.com/imgextra/i4/2248304671/O1CN01Ij0VuA1kNMlmiEw5j_!!2248304671.jpg\" align=\"absmiddle\" /><img src=\"http://img.alicdn.com/imgextra/i3/2248304671/O1CN01Mi4YXr1kNMleZEALc_!!2248304671.jpg\" align=\"absmiddle\" /><img src=\"http://img.alicdn.com/imgextra/i3/2248304671/O1CN01o3lVFC1kNMljJ4N9W_!!2248304671.jpg\" align=\"absmiddle\" /><img src=\"http://img.alicdn.com/imgextra/i4/2248304671/O1CN01OoD4uT1kNMlnvqOeR_!!2248304671.jpg\" align=\"absmiddle\" /><br /> <img src=\"http://img.alicdn.com/imgextra/i3/2248304671/O1CN015fNkrc1kNMllzM0hX_!!2248304671.jpg\" align=\"absmiddle\" /><img src=\"http://img.alicdn.com/imgextra/i1/2248304671/O1CN01nZQ2GO1kNMlnvuM1U_!!2248304671.jpg\" align=\"absmiddle\" /><img src=\"http://img.alicdn.com/imgextra/i2/2248304671/O1CN01vq6NPn1kNMll3PyyA_!!2248304671.jpg\" align=\"absmiddle\" /><br /> <img src=\"http://img.alicdn.com/imgextra/i2/2248304671/TB2_Bnfn29TBuNjy1zbXXXpepXa-2248304671.jpg\" align=\"absmiddle\" /><img src=\"http://img.alicdn.com/imgextra/i1/2248304671/TB2YVKzmnTI8KJjSsphXXcFppXa-2248304671.jpg\" align=\"absmiddle\" /><img src=\"http://img.alicdn.com/imgextra/i4/2248304671/O1CN011kNMTYM3WafZj7e_!!2248304671.jpg\" align=\"absmiddle\" /> </p><img src=\"https://www.o0b.cn/i.php?t.png&rid=gw-1.64006cb4df5a7&p=908546969&k=08186&t=1677749431\" style=\"display:none\" />",
        "item_imgs": [
            {
                "url": "https://img.alicdn.com/imgextra/i4/2248304671/O1CN01irzhLR1kNMq6siidy_!!0-item_pic.jpg"
            },
            {
                "url": "https://img.alicdn.com/imgextra/i4/2248304671/O1CN01tFaAzi1kNMlYTtN4h_!!2248304671.jpg"
            },
            {
                "url": "https://img.alicdn.com/imgextra/i3/2248304671/O1CN01w53dJr1kNMq2mQD7J_!!2248304671.jpg"
            },
            {
                "url": "https://img.alicdn.com/imgextra/i4/2248304671/O1CN01rurajR1kNMloCmAzY_!!2248304671.jpg"
            },
            {
                "url": "https://img.alicdn.com/imgextra/i1/2248304671/O1CN01tjaHER1kNMeaq40vx_!!2248304671.jpg"
            }
        ],
        "item_weight": "",
        "post_fee": 0,
        "freight": "",
        "express_fee": "",
        "ems_fee": "",
        "shipping_to": "",
        "video": [],
        "sample_id": "",
        "props_name": "147956252:75366294:净含量:100ml",
        "prop_imgs": {
            "prop_img": [
                {
                    "properties": "147956252:75366294",
                    "url": "http://img.alicdn.com/imgextra/i4/2248304671/O1CN01irzhLR1kNMq6siidy_!!0-item_pic.jpg"
                }
            ]
        },
        "props_imgs": {
            "prop_img": [
                {
                    "properties": "147956252:75366294",
                    "url": "http://img.alicdn.com/imgextra/i4/2248304671/O1CN01irzhLR1kNMq6siidy_!!0-item_pic.jpg"
                }
            ]
        },
        "property_alias": "",
        "props": [
            {
                "name": "品牌",
                "value": "L'occitane/欧舒丹"
            },
            {
                "name": "欧舒丹系列",
                "value": "甜扁桃紧致美肤油"
            },
            {
                "name": "产地",
                "value": "法国"
            },
            {
                "name": "化妆品备案编号/注册证号",
                "value": "国妆网备进字(沪)2019001665"
            },
            {
                "name": "功效",
                "value": "保湿 滋润"
            },
            {
                "name": "规格类型",
                "value": "正常规格"
            },
            {
                "name": "是否为特殊用途化妆品",
                "value": "否"
            },
            {
                "name": "净含量",
                "value": "100ml"
            }
        ],
        "total_sold": "-1",
        "skus": {
            "sku": [
                {
                    "price": 475,
                    "total_price": 0,
                    "orginal_price": 475,
                    "properties": "147956252:75366294",
                    "properties_name": "147956252:75366294:净含量:100ml",
                    "quantity": 154,
                    "sku_id": "4818610911708"
                }
            ]
        },
        "seller_id": "2248304671",
        "sales": 200,
        "shop_id": "114646595",
        "props_list": {
            "147956252:75366294": "净含量:100ml"
        },
        "seller_info": {
            "nick": "loccitane欧舒丹旗舰店",
            "item_score": 4.83999,
            "score_p": 4.8638,
            "delivery_score": 4.88305,
            "shop_type": "",
            "user_num_id": "2248304671",
            "sid": "114646595",
            "title": "",
            "zhuy": "https://shop114646595.taobao.com",
            "cert": null,
            "open_time": "",
            "credit_score": null,
            "shop_name": "loccitane欧舒丹旗舰店"
        },
        "tmall": true,
        "error": "",
        "location": "江苏苏州",
        "data_from": "Ha",
        "has_discount": "false",
        "is_promotion": "false",
        "promo_type": null,
        "props_img": {
            "147956252:75366294": "http://img.alicdn.com/imgextra/i4/2248304671/O1CN01irzhLR1kNMq6siidy_!!0-item_pic.jpg"
        },
        "format_check": "ok",
        "desc_img": [
            "http://img.alicdn.com/imgextra/i3/2248304671/O1CN012RcEA21kNMld3oLQJ_!!2248304671.jpg",
            "http://img.alicdn.com/imgextra/i2/2248304671/O1CN01MtEgAV1kNMljkMEK6_!!2248304671.jpg",
            "http://img.alicdn.com/imgextra/i4/2248304671/O1CN01Ij0VuA1kNMlmiEw5j_!!2248304671.jpg",
            "http://img.alicdn.com/imgextra/i3/2248304671/O1CN01Mi4YXr1kNMleZEALc_!!2248304671.jpg",
            "http://img.alicdn.com/imgextra/i3/2248304671/O1CN01o3lVFC1kNMljJ4N9W_!!2248304671.jpg",
            "http://img.alicdn.com/imgextra/i4/2248304671/O1CN01OoD4uT1kNMlnvqOeR_!!2248304671.jpg",
            "http://img.alicdn.com/imgextra/i3/2248304671/O1CN015fNkrc1kNMllzM0hX_!!2248304671.jpg",
            "http://img.alicdn.com/imgextra/i1/2248304671/O1CN01nZQ2GO1kNMlnvuM1U_!!2248304671.jpg",
            "http://img.alicdn.com/imgextra/i2/2248304671/O1CN01vq6NPn1kNMll3PyyA_!!2248304671.jpg",
            "http://img.alicdn.com/imgextra/i2/2248304671/TB2_Bnfn29TBuNjy1zbXXXpepXa-2248304671.jpg",
            "http://img.alicdn.com/imgextra/i1/2248304671/TB2YVKzmnTI8KJjSsphXXcFppXa-2248304671.jpg",
            "http://img.alicdn.com/imgextra/i4/2248304671/O1CN011kNMTYM3WafZj7e_!!2248304671.jpg"
        ],
        "shop_item": [],
        "relate_items": []
    },
    "error": "",
    "secache": "17217c1f9bc848526ce37284b9be2cfa",
    "secache_time": 1677749431,
    "secache_date": "2023-03-02 17:30:31",
    "translate_status": "",
    "translate_time": 0,
    "language": {
        "default_lang": "cn",
        "current_lang": "cn"
    },
    "reason": "",
    "error_code": "0000",
    "cache": 0,
    "api_info": "today: max:20000 all[=++];expires:2024-01-16",
    "execution_time": "3.078",
    "server_time": "Beijing/2023-03-02 17:30:31",
    "client_ip": "54.39.83.153",
    "call_args": {
        "num_iid": "645449399943",
        "is_promotion": "1"
    },
    "api_type": "taobao",
    "translate_language": "zh-CN",
    "translate_engine": "baidu",
    "server_memory": "5.77MB",
    "last_id": false
}