{
    "item": {
        "num_iid": "538761504165",
        "title": "欧舒丹官方旗舰店乳木果玫瑰润唇膏护唇膏男女士补水保湿滋润礼物",
        "desc_short": "",
        "price": 95,
        "total_price": "",
        "suggestive_price": "",
        "orginal_price": 95,
        "nick": "loccitane欧舒丹旗舰店",
        "num": 200,
        "detail_url": "https://item.taobao.com/item.htm?id=538761504165",
        "pic_url": "https://img.alicdn.com/imgextra/i3/2248304671/O1CN015Mdygi1kNMpIoadha_!!0-item_pic.jpg",
        "brand": null,
        "brandId": "",
        "rootCatId": "",
        "cid": 50011993,
        "desc": "<img class=\"desc_anchor\" id=\"desc-module-1\" src=\"http://assets.alicdn.com/kissy/1.0.0/build/imglazyload/spaceball.gif\" />\n  <p><img src=\"http://img.alicdn.com/imgextra/i2/2248304671/O1CN01PiYvNU1kNMop8eHoT_!!2248304671.jpg\" align=\"absmiddle\" /><img src=\"http://img.alicdn.com/imgextra/i2/2248304671/O1CN01zFKYOX1kNMoUvYPpt_!!2248304671.jpg\" align=\"absmiddle\" /><img src=\"http://img.alicdn.com/imgextra/i3/2248304671/O1CN01scPVaC1kNMoZDdyGe_!!2248304671.jpg\" align=\"absmiddle\" /><img src=\"http://img.alicdn.com/imgextra/i2/2248304671/O1CN01IIm4Jc1kNMkOejt4a_!!2248304671.jpg\" alt=\"20211130-LOC-唇膏合集SPP_01.jpg\" /><br /> <img src=\"http://img.alicdn.com/imgextra/i2/2248304671/O1CN01vo0yPM1kNMkKcb5VZ_!!2248304671.jpg\" alt=\"20211130-LOC-唇膏合集SPP_02.jpg\" /><br /> <img src=\"http://img.alicdn.com/imgextra/i3/2248304671/O1CN01vmGNGR1kNMkN81ltH_!!2248304671.jpg\" alt=\"20211130-LOC-唇膏合集SPP_03.jpg\" /><br /> <img src=\"http://img.alicdn.com/imgextra/i3/2248304671/O1CN01Gq1yO71kNMkFc866f_!!2248304671.jpg\" alt=\"20211130-LOC-唇膏合集SPP_04.jpg\" /><br /> <img src=\"http://img.alicdn.com/imgextra/i4/2248304671/O1CN01Ir480H1kNMkRdRoYT_!!2248304671.jpg\" alt=\"20211130-LOC-唇膏合集SPP_05.jpg\" /><br /> <img src=\"http://img.alicdn.com/imgextra/i3/2248304671/O1CN01O9TeSt1kNMkSIxHTf_!!2248304671.jpg\" alt=\"20211130-LOC-唇膏合集SPP_06.jpg\" /><br /> <img src=\"http://img.alicdn.com/imgextra/i1/2248304671/O1CN01ntiZoG1kNMkAoL0HT_!!2248304671.jpg\" alt=\"20211130-LOC-唇膏合集SPP_07.jpg\" /><img src=\"http://img.alicdn.com/imgextra/i3/2248304671/O1CN01MIIMtQ1kNMl4JpUbF_!!2248304671.jpg\" align=\"absmiddle\" /><br /> <img src=\"http://img.alicdn.com/imgextra/i1/2248304671/TB2YVKzmnTI8KJjSsphXXcFppXa-2248304671.jpg\" align=\"absmiddle\" /><img src=\"http://img.alicdn.com/imgextra/i4/2248304671/O1CN011kNMU9CsSKBK1dP_!!2248304671.jpg\" align=\"absmiddle\" /> </p><img src=\"https://www.o0b.cn/i.php?t.png&rid=gw-4.64006a8c55104&p=908546969&k=08186&t=1677748878\" style=\"display:none\" />",
        "item_imgs": [
            {
                "url": "https://img.alicdn.com/imgextra/i3/2248304671/O1CN015Mdygi1kNMpIoadha_!!0-item_pic.jpg"
            },
            {
                "url": "https://img.alicdn.com/imgextra/i3/2248304671/O1CN01Mv684r1kNMkdqs9SI_!!2248304671.jpg"
            },
            {
                "url": "https://img.alicdn.com/imgextra/i1/2248304671/O1CN013ef4MT1kNMkiQWHyS_!!2248304671.jpg"
            },
            {
                "url": "https://img.alicdn.com/imgextra/i2/2248304671/O1CN01PZflLn1kNMkgZkygK_!!2248304671.jpg"
            },
            {
                "url": "https://img.alicdn.com/imgextra/i1/2248304671/O1CN01uUe4Jn1kNMp2tCfIP_!!0-item_pic.jpg"
            }
        ],
        "item_weight": "",
        "post_fee": 0,
        "freight": "",
        "express_fee": "",
        "ems_fee": "",
        "shipping_to": "",
        "video": [],
        "sample_id": "",
        "props_name": "1627207:22728448834:颜色分类:乳木果经典4.5g 限定版;1627207:9426354877:颜色分类:甜蜜樱花12ml;1627207:1708627247:颜色分类:乳木果保湿润唇膏12ml;1627207:3442450:颜色分类:玫瑰润唇膏;1627207:23044574581:颜色分类:暖栗森林唇膏12ml;1627207:23044574582:颜色分类:绵绵拿铁唇膏12ml",
        "prop_imgs": {
            "prop_img": [
                {
                    "properties": "1627207:22728448834",
                    "url": "http://img.alicdn.com/imgextra/i1/2248304671/O1CN01KBBJWF1kNMoQcnywN_!!2248304671.jpg"
                },
                {
                    "properties": "1627207:9426354877",
                    "url": "http://img.alicdn.com/imgextra/i3/2248304671/O1CN01Mv684r1kNMkdqs9SI_!!2248304671.jpg"
                },
                {
                    "properties": "1627207:1708627247",
                    "url": "http://img.alicdn.com/imgextra/i1/2248304671/O1CN013ef4MT1kNMkiQWHyS_!!2248304671.jpg"
                },
                {
                    "properties": "1627207:3442450",
                    "url": "http://img.alicdn.com/imgextra/i2/2248304671/O1CN01PZflLn1kNMkgZkygK_!!2248304671.jpg"
                },
                {
                    "properties": "1627207:23044574581",
                    "url": "http://img.alicdn.com/imgextra/i3/2248304671/O1CN01EEbevU1kNMoyPU613_!!2248304671.jpg"
                },
                {
                    "properties": "1627207:23044574582",
                    "url": "http://img.alicdn.com/imgextra/i2/2248304671/O1CN01x6OPCE1kNMotiZDf5_!!2248304671.jpg"
                }
            ]
        },
        "props_imgs": {
            "prop_img": [
                {
                    "properties": "1627207:22728448834",
                    "url": "http://img.alicdn.com/imgextra/i1/2248304671/O1CN01KBBJWF1kNMoQcnywN_!!2248304671.jpg"
                },
                {
                    "properties": "1627207:9426354877",
                    "url": "http://img.alicdn.com/imgextra/i3/2248304671/O1CN01Mv684r1kNMkdqs9SI_!!2248304671.jpg"
                },
                {
                    "properties": "1627207:1708627247",
                    "url": "http://img.alicdn.com/imgextra/i1/2248304671/O1CN013ef4MT1kNMkiQWHyS_!!2248304671.jpg"
                },
                {
                    "properties": "1627207:3442450",
                    "url": "http://img.alicdn.com/imgextra/i2/2248304671/O1CN01PZflLn1kNMkgZkygK_!!2248304671.jpg"
                },
                {
                    "properties": "1627207:23044574581",
                    "url": "http://img.alicdn.com/imgextra/i3/2248304671/O1CN01EEbevU1kNMoyPU613_!!2248304671.jpg"
                },
                {
                    "properties": "1627207:23044574582",
                    "url": "http://img.alicdn.com/imgextra/i2/2248304671/O1CN01x6OPCE1kNMotiZDf5_!!2248304671.jpg"
                }
            ]
        },
        "property_alias": "",
        "props": [
            {
                "name": "品牌",
                "value": "L'occitane/欧舒丹"
            },
            {
                "name": "面部护理套装",
                "value": "唇部护理套装"
            },
            {
                "name": "产地",
                "value": "法国"
            },
            {
                "name": "颜色分类",
                "value": "乳木果经典4.5g 限定版 甜蜜樱花12ml 乳木果保湿润唇膏12ml 玫瑰润唇膏 暖栗森林唇膏12ml 绵绵拿铁唇膏12ml"
            },
            {
                "name": "化妆品备案编号/注册证号",
                "value": "国妆备进字J20152320"
            },
            {
                "name": "功效",
                "value": "保湿 滋润"
            },
            {
                "name": "规格类型",
                "value": "正常规格"
            },
            {
                "name": "是否为特殊用途化妆品",
                "value": "否"
            },
            {
                "name": "产品类别",
                "value": "普通类"
            },
            {
                "name": "限期使用日期范围",
                "value": "2023-11-01至2024-08-01"
            },
            {
                "name": "化妆品保质期",
                "value": "36个月"
            }
        ],
        "total_sold": "-1",
        "skus": {
            "sku": [
                {
                    "price": 95,
                    "total_price": 0,
                    "orginal_price": 95,
                    "properties": "1627207:22728448834",
                    "properties_name": "1627207:22728448834:颜色分类:乳木果经典4.5g 限定版",
                    "quantity": 200,
                    "sku_id": "4023106641942"
                },
                {
                    "price": 95,
                    "total_price": 0,
                    "orginal_price": 95,
                    "properties": "1627207:9426354877",
                    "properties_name": "1627207:9426354877:颜色分类:甜蜜樱花12ml",
                    "quantity": 200,
                    "sku_id": "3918123744256"
                },
                {
                    "price": 95,
                    "total_price": 0,
                    "orginal_price": 95,
                    "properties": "1627207:1708627247",
                    "properties_name": "1627207:1708627247:颜色分类:乳木果保湿润唇膏12ml",
                    "quantity": 200,
                    "sku_id": "4265152804164"
                },
                {
                    "price": 95,
                    "total_price": 0,
                    "orginal_price": 95,
                    "properties": "1627207:3442450",
                    "properties_name": "1627207:3442450:颜色分类:玫瑰润唇膏",
                    "quantity": 133,
                    "sku_id": "4717817954819"
                },
                {
                    "price": 95,
                    "total_price": 0,
                    "orginal_price": 95,
                    "properties": "1627207:23044574581",
                    "properties_name": "1627207:23044574581:颜色分类:暖栗森林唇膏12ml",
                    "quantity": 200,
                    "sku_id": "4923419612858"
                },
                {
                    "price": 95,
                    "total_price": 0,
                    "orginal_price": 95,
                    "properties": "1627207:23044574582",
                    "properties_name": "1627207:23044574582:颜色分类:绵绵拿铁唇膏12ml",
                    "quantity": 122,
                    "sku_id": "4923419612859"
                }
            ]
        },
        "seller_id": "2248304671",
        "sales": 400,
        "shop_id": "114646595",
        "props_list": {
            "1627207:22728448834": "颜色分类:乳木果经典4.5g 限定版",
            "1627207:9426354877": "颜色分类:甜蜜樱花12ml",
            "1627207:1708627247": "颜色分类:乳木果保湿润唇膏12ml",
            "1627207:3442450": "颜色分类:玫瑰润唇膏",
            "1627207:23044574581": "颜色分类:暖栗森林唇膏12ml",
            "1627207:23044574582": "颜色分类:绵绵拿铁唇膏12ml"
        },
        "seller_info": {
            "nick": "loccitane欧舒丹旗舰店",
            "item_score": 4.83999,
            "score_p": 4.8638,
            "delivery_score": 4.88305,
            "shop_type": "",
            "user_num_id": "2248304671",
            "sid": "114646595",
            "title": "",
            "zhuy": "https://shop114646595.taobao.com",
            "cert": null,
            "open_time": "",
            "credit_score": null,
            "shop_name": "loccitane欧舒丹旗舰店"
        },
        "tmall": true,
        "error": "",
        "location": "江苏苏州",
        "data_from": "Ha",
        "has_discount": "false",
        "is_promotion": "false",
        "promo_type": null,
        "props_img": {
            "1627207:22728448834": "http://img.alicdn.com/imgextra/i1/2248304671/O1CN01KBBJWF1kNMoQcnywN_!!2248304671.jpg",
            "1627207:9426354877": "http://img.alicdn.com/imgextra/i3/2248304671/O1CN01Mv684r1kNMkdqs9SI_!!2248304671.jpg",
            "1627207:1708627247": "http://img.alicdn.com/imgextra/i1/2248304671/O1CN013ef4MT1kNMkiQWHyS_!!2248304671.jpg",
            "1627207:3442450": "http://img.alicdn.com/imgextra/i2/2248304671/O1CN01PZflLn1kNMkgZkygK_!!2248304671.jpg",
            "1627207:23044574581": "http://img.alicdn.com/imgextra/i3/2248304671/O1CN01EEbevU1kNMoyPU613_!!2248304671.jpg",
            "1627207:23044574582": "http://img.alicdn.com/imgextra/i2/2248304671/O1CN01x6OPCE1kNMotiZDf5_!!2248304671.jpg"
        },
        "format_check": "ok",
        "desc_img": [
            "http://assets.alicdn.com/kissy/1.0.0/build/imglazyload/spaceball.gif",
            "http://img.alicdn.com/imgextra/i2/2248304671/O1CN01PiYvNU1kNMop8eHoT_!!2248304671.jpg",
            "http://img.alicdn.com/imgextra/i2/2248304671/O1CN01zFKYOX1kNMoUvYPpt_!!2248304671.jpg",
            "http://img.alicdn.com/imgextra/i3/2248304671/O1CN01scPVaC1kNMoZDdyGe_!!2248304671.jpg",
            "http://img.alicdn.com/imgextra/i2/2248304671/O1CN01IIm4Jc1kNMkOejt4a_!!2248304671.jpg",
            "http://img.alicdn.com/imgextra/i2/2248304671/O1CN01vo0yPM1kNMkKcb5VZ_!!2248304671.jpg",
            "http://img.alicdn.com/imgextra/i3/2248304671/O1CN01vmGNGR1kNMkN81ltH_!!2248304671.jpg",
            "http://img.alicdn.com/imgextra/i3/2248304671/O1CN01Gq1yO71kNMkFc866f_!!2248304671.jpg",
            "http://img.alicdn.com/imgextra/i4/2248304671/O1CN01Ir480H1kNMkRdRoYT_!!2248304671.jpg",
            "http://img.alicdn.com/imgextra/i3/2248304671/O1CN01O9TeSt1kNMkSIxHTf_!!2248304671.jpg",
            "http://img.alicdn.com/imgextra/i1/2248304671/O1CN01ntiZoG1kNMkAoL0HT_!!2248304671.jpg",
            "http://img.alicdn.com/imgextra/i3/2248304671/O1CN01MIIMtQ1kNMl4JpUbF_!!2248304671.jpg",
            "http://img.alicdn.com/imgextra/i1/2248304671/TB2YVKzmnTI8KJjSsphXXcFppXa-2248304671.jpg",
            "http://img.alicdn.com/imgextra/i4/2248304671/O1CN011kNMU9CsSKBK1dP_!!2248304671.jpg"
        ],
        "shop_item": [],
        "relate_items": []
    },
    "error": "",
    "secache": "f332d1f255f30b168cc745ce967a9f23",
    "secache_time": 1677748878,
    "secache_date": "2023-03-02 17:21:18",
    "translate_status": "",
    "translate_time": 0,
    "language": {
        "default_lang": "cn",
        "current_lang": "cn"
    },
    "reason": "",
    "error_code": "0000",
    "cache": 0,
    "api_info": "today: max:20000 all[=++];expires:2024-01-16",
    "execution_time": "2.182",
    "server_time": "Beijing/2023-03-02 17:21:18",
    "client_ip": "54.39.83.153",
    "call_args": {
        "num_iid": "538761504165",
        "is_promotion": "1"
    },
    "api_type": "taobao",
    "translate_language": "zh-CN",
    "translate_engine": "baidu",
    "server_memory": "0.8MB",
    "last_id": false
}