{
    "item": {
        "num_iid": "625041339152",
        "title": "欧舒丹官方旗舰店洗发水 甜扁桃洗发露240ml清洁柔顺蓬松改善毛躁",
        "desc_short": "",
        "price": "210",
        "total_price": 0,
        "suggestive_price": 0,
        "orginal_price": "210",
        "nick": "loccitane欧舒丹旗舰店",
        "num": 24,
        "min_num": 0,
        "detail_url": "https://item.taobao.com/item.htm?id=625041339152",
        "pic_url": "//img.alicdn.com/imgextra/i2/2248304671/O1CN01UA1eHE1kNMpuW2aH6_!!0-item_pic.jpg",
        "brand": "L'occitane/欧舒丹",
        "brandId": null,
        "rootCatId": "50023282",
        "cid": "121396029",
        "crumbs": [],
        "created_time": "",
        "modified_time": "",
        "delist_time": "",
        "desc": "",
        "desc_img": [],
        "item_imgs": [
            {
                "url": "//img.alicdn.com/imgextra/i2/2248304671/O1CN01UA1eHE1kNMpuW2aH6_!!0-item_pic.jpg"
            },
            {
                "url": "//img.alicdn.com/imgextra/i2/2248304671/O1CN01WmHlCA1kNMdaznWSJ_!!2248304671.jpg"
            },
            {
                "url": "//img.alicdn.com/imgextra/i3/2248304671/O1CN01OO6eMw1kNMhdpmPy3_!!2248304671.jpg"
            },
            {
                "url": "//img.alicdn.com/imgextra/i3/2248304671/O1CN01B7pwSE1kNMdaznO9Z_!!2248304671.jpg"
            },
            {
                "url": "//img.alicdn.com/imgextra/i3/2248304671/O1CN01GZ1mdC1kNMeKjeJJN_!!2248304671.jpg"
            }
        ],
        "item_weight": "",
        "item_size": "",
        "location": "江苏苏州",
        "post_fee": 0,
        "express_fee": null,
        "ems_fee": "",
        "shipping_to": "",
        "has_discount": "false",
        "video": {
            "url": null
        },
        "is_virtual": "",
        "sample_id": "",
        "is_promotion": "false",
        "props_name": "1626520:281420961:香味:甜扁桃;147956252:49250:净含量:240ml",
        "prop_imgs": {
            "prop_img": []
        },
        "property_alias": "",
        "props": [
            {
                "name": "品牌",
                "value": "L'occitane/欧舒丹"
            },
            {
                "name": "L’occitane/欧舒丹",
                "value": "甜扁桃洗发露"
            },
            {
                "name": "功效",
                "value": "柔顺"
            },
            {
                "name": "产地",
                "value": "法国"
            },
            {
                "name": "香味",
                "value": "甜扁桃"
            },
            {
                "name": "化妆品备案编号/注册证号",
                "value": "国妆网备进字（沪）2020004098"
            },
            {
                "name": "规格类型",
                "value": "正常规格"
            },
            {
                "name": "是否为特殊用途化妆品",
                "value": "否"
            },
            {
                "name": "净含量",
                "value": "240ml"
            }
        ],
        "total_sold": null,
        "skus": {
            "sku": [
                {
                    "price": "210",
                    "total_price": 0,
                    "orginal_price": "210",
                    "properties": "1626520:281420961;147956252:49250",
                    "properties_name": "1626520:281420961:香味:甜扁桃;147956252:49250:净含量:240ml",
                    "quantity": "24",
                    "sku_id": "5119633406605"
                }
            ]
        },
        "seller_id": "2248304671",
        "sales": 48,
        "shop_id": "114646595",
        "props_list": {
            "1626520:281420961": "香味:甜扁桃",
            "147956252:49250": "净含量:240ml"
        },
        "seller_info": {
            "nick": "loccitane欧舒丹旗舰店",
            "item_score": "4.8 ",
            "score_p": "4.8 ",
            "delivery_score": "4.8 ",
            "shop_type": "B",
            "user_num_id": "2248304671",
            "sid": "114646595",
            "title": "L’OCCITANE欧舒丹官方旗舰店",
            "zhuy": "https://shop114646595.taobao.com/",
            "shop_name": "L’OCCITANE欧舒丹官方旗舰店"
        },
        "tmall": true,
        "error": "",
        "warning": "",
        "url_log": [],
        "fav_count": "2236",
        "fans_count": "784.3万",
        "freight": "快递: 免运费",
        "props_imgs": {
            "prop_img": []
        },
        "_ddf": "fu",
        "promo_type": null,
        "props_img": [],
        "format_check": "ok",
        "shop_item": [],
        "relate_items": []
    },
    "error": "",
    "secache": "4a3176c523b4148ba3d34cbf993304d3",
    "secache_time": 1677749814,
    "secache_date": "2023-03-02 17:36:54",
    "translate_status": "",
    "translate_time": 0,
    "language": {
        "default_lang": "cn",
        "current_lang": "cn"
    },
    "reason": "",
    "error_code": "0000",
    "cache": 0,
    "api_info": "today: max:20000 all[=++];expires:2024-01-16",
    "execution_time": "5.509",
    "server_time": "Beijing/2023-03-02 17:36:54",
    "client_ip": "54.39.83.153",
    "call_args": {
        "num_iid": "625041339152",
        "is_promotion": "1"
    },
    "api_type": "taobao",
    "translate_language": "zh-CN",
    "translate_engine": "baidu_api",
    "server_memory": "5.81MB",
    "last_id": false
}