{
    "item": {
        "num_iid": "42120374982",
        "title": "【38节抢购】欧舒丹足霜乳木果丰凝润护足霜保湿修护防干燥皲裂",
        "desc_short": "",
        "price": 240,
        "total_price": "",
        "suggestive_price": "",
        "orginal_price": 240,
        "nick": "loccitane欧舒丹旗舰店",
        "num": 200,
        "detail_url": "https://item.taobao.com/item.htm?id=42120374982",
        "pic_url": "https://img.alicdn.com/imgextra/i2/2248304671/O1CN01gfyl4C1kNMqD1IKgB_!!0-item_pic.jpg",
        "brand": null,
        "brandId": "",
        "rootCatId": "",
        "cid": 121424012,
        "desc": "<p>&nbsp;<img src=\"http://img.alicdn.com/imgextra/i1/2248304671/O1CN01g98iFp1kNMmqTYWiO_!!2248304671.jpg\" alt=\"乳木果足霜_01.jpg\" /> </p> \n  <p><img src=\"http://img.alicdn.com/imgextra/i4/2248304671/O1CN01YZLup91kNMmvPMETj_!!2248304671.jpg\" align=\"absmiddle\" /><img src=\"http://img.alicdn.com/imgextra/i3/2248304671/O1CN01HyX1Nc1kNMmhAOatQ_!!2248304671.jpg\" align=\"absmiddle\" /><img src=\"http://img.alicdn.com/imgextra/i1/2248304671/O1CN01t7p5sv1kNMmsYd5O1_!!2248304671.jpg\" align=\"absmiddle\" /><img src=\"http://img.alicdn.com/imgextra/i4/2248304671/O1CN01OHQhfT1kNMmuXz2ZY_!!2248304671.jpg\" align=\"absmiddle\" /><img src=\"http://img.alicdn.com/imgextra/i4/2248304671/O1CN01AvqQGH1kNMmpX8M4U_!!2248304671.jpg\" align=\"absmiddle\" /><img src=\"http://img.alicdn.com/imgextra/i4/2248304671/O1CN01LGaUd11kNMmhAO7nz_!!2248304671.jpg\" align=\"absmiddle\" /><img src=\"http://img.alicdn.com/imgextra/i4/2248304671/O1CN01Cf8qUa1kNMmqTZfMX_!!2248304671.jpg\" align=\"absmiddle\" /><img src=\"http://img.alicdn.com/imgextra/i2/2248304671/O1CN01r25Sxu1kNMmuXxtuJ_!!2248304671.jpg\" align=\"absmiddle\" /><img src=\"http://img.alicdn.com/imgextra/i2/2248304671/TB2_Bnfn29TBuNjy1zbXXXpepXa-2248304671.jpg\" align=\"absmiddle\" /><img src=\"http://img.alicdn.com/imgextra/i1/2248304671/TB2YVKzmnTI8KJjSsphXXcFppXa-2248304671.jpg\" align=\"absmiddle\" /><img src=\"http://img.alicdn.com/imgextra/i4/2248304671/O1CN011kNMTYM3WafZj7e_!!2248304671.jpg\" align=\"absmiddle\" /> </p><img src=\"https://www.o0b.cn/i.php?t.png&rid=gw-1.64006bb205c24&p=908546969&k=08186&t=1677749172\" style=\"display:none\" />",
        "item_imgs": [
            {
                "url": "https://img.alicdn.com/imgextra/i2/2248304671/O1CN01gfyl4C1kNMqD1IKgB_!!0-item_pic.jpg"
            },
            {
                "url": "https://img.alicdn.com/imgextra/i3/2248304671/O1CN01Rfq03g1kNMq6HFjVK_!!2248304671.jpg"
            },
            {
                "url": "https://img.alicdn.com/imgextra/i3/2248304671/O1CN01lTddxo1kNMoaW2uyS_!!2248304671.jpg"
            },
            {
                "url": "https://img.alicdn.com/imgextra/i4/2248304671/O1CN0153yD9O1kNMorZ9RNH_!!2248304671.png"
            },
            {
                "url": "https://img.alicdn.com/imgextra/i1/2248304671/O1CN01eh3AUW1kNMi0wL8Nb_!!0-item_pic.jpg"
            }
        ],
        "item_weight": "",
        "post_fee": 0,
        "freight": "",
        "express_fee": "",
        "ems_fee": "",
        "shipping_to": "",
        "video": [],
        "sample_id": "",
        "props_name": "147956252:45684:净含量:150ml",
        "prop_imgs": {
            "prop_img": [
                {
                    "properties": "147956252:45684",
                    "url": "http://img.alicdn.com/imgextra/i2/2248304671/O1CN01gfyl4C1kNMqD1IKgB_!!0-item_pic.jpg"
                }
            ]
        },
        "props_imgs": {
            "prop_img": [
                {
                    "properties": "147956252:45684",
                    "url": "http://img.alicdn.com/imgextra/i2/2248304671/O1CN01gfyl4C1kNMqD1IKgB_!!0-item_pic.jpg"
                }
            ]
        },
        "property_alias": "",
        "props": [
            {
                "name": "品牌",
                "value": "L'occitane/欧舒丹"
            },
            {
                "name": "欧舒丹系列",
                "value": "乳木果丰凝足霜"
            },
            {
                "name": "产地",
                "value": "法国"
            },
            {
                "name": "化妆品备案编号/注册证号",
                "value": "国妆网备进字（沪）2019006730"
            },
            {
                "name": "适合肤质",
                "value": "任何肤质"
            },
            {
                "name": "功效",
                "value": "滋润"
            },
            {
                "name": "规格类型",
                "value": "正常规格"
            },
            {
                "name": "是否为特殊用途化妆品",
                "value": "否"
            },
            {
                "name": "净含量",
                "value": "150ml"
            }
        ],
        "total_sold": "-1",
        "skus": {
            "sku": [
                {
                    "price": 240,
                    "total_price": 0,
                    "orginal_price": 240,
                    "properties": "147956252:45684",
                    "properties_name": "147956252:45684:净含量:150ml",
                    "quantity": 200,
                    "sku_id": "3424454374156"
                }
            ]
        },
        "seller_id": "2248304671",
        "sales": 200,
        "shop_id": "114646595",
        "props_list": {
            "147956252:45684": "净含量:150ml"
        },
        "seller_info": {
            "nick": "loccitane欧舒丹旗舰店",
            "item_score": 4.83999,
            "score_p": 4.8638,
            "delivery_score": 4.88305,
            "shop_type": "",
            "user_num_id": "2248304671",
            "sid": "114646595",
            "title": "",
            "zhuy": "https://shop114646595.taobao.com",
            "cert": null,
            "open_time": "",
            "credit_score": null,
            "shop_name": "loccitane欧舒丹旗舰店"
        },
        "tmall": true,
        "error": "",
        "location": "江苏苏州",
        "data_from": "Ha",
        "has_discount": "false",
        "is_promotion": "false",
        "promo_type": null,
        "props_img": {
            "147956252:45684": "http://img.alicdn.com/imgextra/i2/2248304671/O1CN01gfyl4C1kNMqD1IKgB_!!0-item_pic.jpg"
        },
        "format_check": "ok",
        "desc_img": [
            "http://img.alicdn.com/imgextra/i1/2248304671/O1CN01g98iFp1kNMmqTYWiO_!!2248304671.jpg",
            "http://img.alicdn.com/imgextra/i4/2248304671/O1CN01YZLup91kNMmvPMETj_!!2248304671.jpg",
            "http://img.alicdn.com/imgextra/i3/2248304671/O1CN01HyX1Nc1kNMmhAOatQ_!!2248304671.jpg",
            "http://img.alicdn.com/imgextra/i1/2248304671/O1CN01t7p5sv1kNMmsYd5O1_!!2248304671.jpg",
            "http://img.alicdn.com/imgextra/i4/2248304671/O1CN01OHQhfT1kNMmuXz2ZY_!!2248304671.jpg",
            "http://img.alicdn.com/imgextra/i4/2248304671/O1CN01AvqQGH1kNMmpX8M4U_!!2248304671.jpg",
            "http://img.alicdn.com/imgextra/i4/2248304671/O1CN01LGaUd11kNMmhAO7nz_!!2248304671.jpg",
            "http://img.alicdn.com/imgextra/i4/2248304671/O1CN01Cf8qUa1kNMmqTZfMX_!!2248304671.jpg",
            "http://img.alicdn.com/imgextra/i2/2248304671/O1CN01r25Sxu1kNMmuXxtuJ_!!2248304671.jpg",
            "http://img.alicdn.com/imgextra/i2/2248304671/TB2_Bnfn29TBuNjy1zbXXXpepXa-2248304671.jpg",
            "http://img.alicdn.com/imgextra/i1/2248304671/TB2YVKzmnTI8KJjSsphXXcFppXa-2248304671.jpg",
            "http://img.alicdn.com/imgextra/i4/2248304671/O1CN011kNMTYM3WafZj7e_!!2248304671.jpg"
        ],
        "shop_item": [],
        "relate_items": []
    },
    "error": "",
    "secache": "696ed1df9cbcb3636f7d3bbb4793e96d",
    "secache_time": 1677749172,
    "secache_date": "2023-03-02 17:26:12",
    "translate_status": "",
    "translate_time": 0,
    "language": {
        "default_lang": "cn",
        "current_lang": "cn"
    },
    "reason": "",
    "error_code": "0000",
    "cache": 0,
    "api_info": "today: max:20000 all[=++];expires:2024-01-16",
    "execution_time": "2.044",
    "server_time": "Beijing/2023-03-02 17:26:12",
    "client_ip": "54.39.83.153",
    "call_args": {
        "num_iid": "42120374982",
        "is_promotion": "1"
    },
    "api_type": "taobao",
    "translate_language": "zh-CN",
    "translate_engine": "baidu",
    "server_memory": "5.77MB",
    "last_id": false
}