{
    "item": {
        "num_iid": "43559111294",
        "title": "【官方正品】欧舒丹精油沐浴露薰衣草泡泡浴露500ml保湿家庭装",
        "desc_short": "",
        "price": 240,
        "total_price": "",
        "suggestive_price": "",
        "orginal_price": 240,
        "nick": "loccitane欧舒丹旗舰店",
        "num": 2,
        "detail_url": "https://item.taobao.com/item.htm?id=43559111294",
        "pic_url": "https://img.alicdn.com/imgextra/i2/2248304671/O1CN01mmgUJ31kNMlwsL7I5_!!0-item_pic.jpg",
        "brand": null,
        "brandId": "",
        "rootCatId": "",
        "cid": 121386011,
        "desc": "<table border=\"0\" cellpadding=\"0\" cellspacing=\"0\" width=\"790\"> \n   <tbody>\n    <tr> \n     <td> <img alt=\"泡泡浴露_01.jpg\" src=\"http://img.alicdn.com/imgextra/i1/2248304671/TB23cXaXsUrBKNjSZPxXXX00pXa-2248304671.jpg\" /> </td> \n    </tr> \n   </tbody>\n  </table> \n  <table border=\"0\" cellpadding=\"0\" cellspacing=\"0\" width=\"790\"> \n   <tbody>\n    <tr> \n     <td> <img alt=\"泡泡浴露_02.jpg\" src=\"http://img.alicdn.com/imgextra/i1/2248304671/TB2_YiuX25TBuNjSspmXXaDRVXa-2248304671.jpg\" /> </td> \n    </tr> \n   </tbody>\n  </table> \n  <table border=\"0\" cellpadding=\"0\" cellspacing=\"0\" width=\"790\"> \n   <tbody>\n    <tr> \n     <td> <img alt=\"泡泡浴露_03.jpg\" src=\"http://img.alicdn.com/imgextra/i3/2248304671/TB2TpBjXyMnBKNjSZFoXXbOSFXa-2248304671.jpg\" /> </td> \n    </tr> \n   </tbody>\n  </table> \n  <table border=\"0\" cellpadding=\"0\" cellspacing=\"0\" width=\"790\"> \n   <tbody>\n    <tr> \n     <td> <img alt=\"泡泡浴露_04.jpg\" src=\"http://img.alicdn.com/imgextra/i2/2248304671/TB2DXGsX7yWBuNjy0FpXXassXXa-2248304671.jpg\" /> </td> \n    </tr> \n   </tbody>\n  </table> \n  <table border=\"0\" cellpadding=\"0\" cellspacing=\"0\" width=\"790\"> \n   <tbody>\n    <tr> \n     <td> <img src=\"http://img.alicdn.com/imgextra/i2/2248304671/TB2_Bnfn29TBuNjy1zbXXXpepXa-2248304671.jpg\" align=\"absmiddle\" /><img src=\"http://img.alicdn.com/imgextra/i1/2248304671/TB2YVKzmnTI8KJjSsphXXcFppXa-2248304671.jpg\" /><img src=\"http://img.alicdn.com/imgextra/i4/2248304671/O1CN011kNMTYM3WafZj7e_!!2248304671.jpg\" align=\"absmiddle\" /> </td> \n    </tr> \n   </tbody>\n  </table><img src=\"https://www.o0b.cn/i.php?t.png&rid=gw-1.64006c7be0652&p=908546969&k=08186&t=1677749374\" style=\"display:none\" />",
        "item_imgs": [
            {
                "url": "https://img.alicdn.com/imgextra/i2/2248304671/O1CN01mmgUJ31kNMlwsL7I5_!!0-item_pic.jpg"
            },
            {
                "url": "https://img.alicdn.com/imgextra/i1/2248304671/O1CN01CuTjlk1kNMZUTrI7v_!!2248304671.jpg"
            },
            {
                "url": "https://img.alicdn.com/imgextra/i2/2248304671/O1CN01sG6gZ31kNMWXdJQhh_!!2248304671.jpg"
            }
        ],
        "item_weight": "",
        "post_fee": "10.00",
        "freight": "",
        "express_fee": "",
        "ems_fee": "",
        "shipping_to": "",
        "video": [],
        "sample_id": "",
        "props_name": "1626520:4449546:香味:薰衣草香;147956252:75367556:净含量:500ml",
        "prop_imgs": {
            "prop_img": [
                {
                    "properties": "147956252:75367556",
                    "url": "http://img.alicdn.com/imgextra/i2/2248304671/O1CN01mmgUJ31kNMlwsL7I5_!!0-item_pic.jpg"
                }
            ]
        },
        "props_imgs": {
            "prop_img": [
                {
                    "properties": "147956252:75367556",
                    "url": "http://img.alicdn.com/imgextra/i2/2248304671/O1CN01mmgUJ31kNMlwsL7I5_!!0-item_pic.jpg"
                }
            ]
        },
        "property_alias": "",
        "props": [
            {
                "name": "品牌",
                "value": "L'occitane/欧舒丹"
            },
            {
                "name": "欧舒丹系列",
                "value": "薰衣草泡泡浴露"
            },
            {
                "name": "产地",
                "value": "法国"
            },
            {
                "name": "香味",
                "value": "薰衣草香"
            },
            {
                "name": "化妆品备案编号/注册证号",
                "value": "国妆网备进字(沪)2020006280"
            },
            {
                "name": "适合肤质",
                "value": "任何肤质"
            },
            {
                "name": "功效",
                "value": "深层清洁"
            },
            {
                "name": "规格类型",
                "value": "正常规格"
            },
            {
                "name": "是否为特殊用途化妆品",
                "value": "否"
            },
            {
                "name": "净含量",
                "value": "500ml"
            },
            {
                "name": "限期使用日期范围",
                "value": "2024-03-01至2024-03-31"
            }
        ],
        "total_sold": "85",
        "skus": {
            "sku": [
                {
                    "price": 240,
                    "total_price": 0,
                    "orginal_price": 240,
                    "properties": "1626520:4449546;147956252:75367556",
                    "properties_name": "1626520:4449546:香味:薰衣草香;147956252:75367556:净含量:500ml",
                    "quantity": 2,
                    "sku_id": "5000342003494"
                }
            ]
        },
        "seller_id": "2248304671",
        "sales": 85,
        "shop_id": "114646595",
        "props_list": {
            "147956252:75367556": "净含量:500ml",
            "1626520:4449546": "香味:薰衣草香"
        },
        "seller_info": {
            "nick": "loccitane欧舒丹旗舰店",
            "item_score": 4.83999,
            "score_p": 4.8638,
            "delivery_score": 4.88305,
            "shop_type": "",
            "user_num_id": "2248304671",
            "sid": "114646595",
            "title": "",
            "zhuy": "https://shop114646595.taobao.com",
            "cert": null,
            "open_time": "",
            "credit_score": null,
            "shop_name": "loccitane欧舒丹旗舰店"
        },
        "tmall": true,
        "error": "",
        "location": "江苏苏州",
        "data_from": "Ha",
        "has_discount": "false",
        "is_promotion": "false",
        "promo_type": null,
        "props_img": {
            "147956252:75367556": "http://img.alicdn.com/imgextra/i2/2248304671/O1CN01mmgUJ31kNMlwsL7I5_!!0-item_pic.jpg"
        },
        "format_check": "ok",
        "desc_img": [
            "http://img.alicdn.com/imgextra/i1/2248304671/TB23cXaXsUrBKNjSZPxXXX00pXa-2248304671.jpg",
            "http://img.alicdn.com/imgextra/i1/2248304671/TB2_YiuX25TBuNjSspmXXaDRVXa-2248304671.jpg",
            "http://img.alicdn.com/imgextra/i3/2248304671/TB2TpBjXyMnBKNjSZFoXXbOSFXa-2248304671.jpg",
            "http://img.alicdn.com/imgextra/i2/2248304671/TB2DXGsX7yWBuNjy0FpXXassXXa-2248304671.jpg",
            "http://img.alicdn.com/imgextra/i2/2248304671/TB2_Bnfn29TBuNjy1zbXXXpepXa-2248304671.jpg",
            "http://img.alicdn.com/imgextra/i1/2248304671/TB2YVKzmnTI8KJjSsphXXcFppXa-2248304671.jpg",
            "http://img.alicdn.com/imgextra/i4/2248304671/O1CN011kNMTYM3WafZj7e_!!2248304671.jpg"
        ],
        "shop_item": [],
        "relate_items": []
    },
    "error": "",
    "secache": "3a863c3cdab98150a19889376ca531b7",
    "secache_time": 1677749374,
    "secache_date": "2023-03-02 17:29:34",
    "translate_status": "",
    "translate_time": 0,
    "language": {
        "default_lang": "cn",
        "current_lang": "cn"
    },
    "reason": "",
    "error_code": "0000",
    "cache": 0,
    "api_info": "today: max:20000 all[=++];expires:2024-01-16",
    "execution_time": "2.269",
    "server_time": "Beijing/2023-03-02 17:29:34",
    "client_ip": "54.39.83.153",
    "call_args": {
        "num_iid": "43559111294",
        "is_promotion": "1"
    },
    "api_type": "taobao",
    "translate_language": "zh-CN",
    "translate_engine": "baidu",
    "server_memory": "5.77MB",
    "last_id": false
}