{
    "item": {
        "num_iid": "657876326057",
        "title": "【38预售倒计时】欧舒丹黄金颈霜乳木果腊菊颈部精华霜淡化颈纹",
        "desc_short": "",
        "price": 540,
        "total_price": "",
        "suggestive_price": "",
        "orginal_price": 540,
        "nick": "loccitane欧舒丹旗舰店",
        "num": 147,
        "detail_url": "https://item.taobao.com/item.htm?id=657876326057",
        "pic_url": "https://img.alicdn.com/imgextra/i1/2248304671/O1CN016fOeGE1kNMq5DAbKj_!!0-item_pic.jpg",
        "brand": null,
        "brandId": "",
        "rootCatId": "",
        "cid": 121388016,
        "desc": "<p><img src=\"http://img.alicdn.com/imgextra/i4/2248304671/O1CN01CtaBTk1kNMoXptv4r_!!2248304671.jpg\" align=\"absmiddle\" /><img src=\"http://img.alicdn.com/imgextra/i1/2248304671/O1CN01pXov4X1kNMoMXlD1v_!!2248304671.jpg\" align=\"absmiddle\" /><img src=\"http://img.alicdn.com/imgextra/i3/2248304671/O1CN01PyXYj81kNMocZQOJx_!!2248304671.jpg\" align=\"absmiddle\" /><img src=\"http://img.alicdn.com/imgextra/i4/2248304671/O1CN012IKsp91kNMoMXmDOS_!!2248304671.jpg\" align=\"absmiddle\" /><img src=\"http://img.alicdn.com/imgextra/i1/2248304671/O1CN01xfUj6U1kNMoboqT6y_!!2248304671.jpg\" align=\"absmiddle\" /><img src=\"http://img.alicdn.com/imgextra/i1/2248304671/O1CN01b9WeDv1kNMoMXlD1M_!!2248304671.jpg\" align=\"absmiddle\" /><img src=\"http://img.alicdn.com/imgextra/i4/2248304671/O1CN01y7c3MZ1kNMocZQK9U_!!2248304671.jpg\" align=\"absmiddle\" /><img src=\"http://img.alicdn.com/imgextra/i2/2248304671/O1CN01heItNT1kNMoXprdgI_!!2248304671.jpg\" align=\"absmiddle\" /><img src=\"http://img.alicdn.com/imgextra/i1/2248304671/O1CN01qxPgXl1kNMocZRSrK_!!2248304671.jpg\" align=\"absmiddle\" /><img src=\"http://img.alicdn.com/imgextra/i1/2248304671/O1CN01FQeM4W1kNMpXoeyUS_!!2248304671.jpg\" alt=\"20221103-loc乳木果腊菊颈部精华霜详情页_10.jpg\" /><img src=\"http://img.alicdn.com/imgextra/i1/2248304671/O1CN01Ee1TP71kNMoecsNsg_!!2248304671.jpg\" align=\"absmiddle\" /><br /> <img src=\"http://img.alicdn.com/imgextra/i2/2248304671/TB2_Bnfn29TBuNjy1zbXXXpepXa-2248304671.jpg\" alt=\"1-品牌故事.jpg\" /><br /> <img src=\"http://img.alicdn.com/imgextra/i1/2248304671/TB2YVKzmnTI8KJjSsphXXcFppXa-2248304671.jpg\" alt=\"2-礼盒发放说明.jpg\" /><br /> <img src=\"http://img.alicdn.com/imgextra/i4/2248304671/O1CN011kNMTYM3WafZj7e_!!2248304671.jpg\" alt=\"3-正品保证-SPP页底.jpg\" /> </p><img src=\"https://www.o0b.cn/i.php?t.png&rid=gw-4.64006d2aeae89&p=908546969&k=08186&t=1677749549\" style=\"display:none\" />",
        "item_imgs": [
            {
                "url": "https://img.alicdn.com/imgextra/i1/2248304671/O1CN016fOeGE1kNMq5DAbKj_!!0-item_pic.jpg"
            },
            {
                "url": "https://img.alicdn.com/imgextra/i1/2248304671/O1CN010agR5z1kNMo4tqaGv_!!2248304671.jpg"
            },
            {
                "url": "https://img.alicdn.com/imgextra/i3/2248304671/O1CN01w53dJr1kNMq2mQD7J_!!2248304671.jpg"
            },
            {
                "url": "https://img.alicdn.com/imgextra/i1/2248304671/O1CN01suJqA81kNMoXg5XwD_!!2248304671.jpg"
            },
            {
                "url": "https://img.alicdn.com/imgextra/i3/2248304671/O1CN01MGx0hN1kNMeYrEFBE_!!2248304671.jpg"
            }
        ],
        "item_weight": "",
        "post_fee": 0,
        "freight": "",
        "express_fee": "",
        "ems_fee": "",
        "shipping_to": "",
        "video": [],
        "sample_id": "",
        "props_name": "147956252:75366304:净含量:50ml",
        "prop_imgs": {
            "prop_img": [
                {
                    "properties": "147956252:75366304",
                    "url": "http://img.alicdn.com/imgextra/i1/2248304671/O1CN016fOeGE1kNMq5DAbKj_!!0-item_pic.jpg"
                }
            ]
        },
        "props_imgs": {
            "prop_img": [
                {
                    "properties": "147956252:75366304",
                    "url": "http://img.alicdn.com/imgextra/i1/2248304671/O1CN016fOeGE1kNMq5DAbKj_!!0-item_pic.jpg"
                }
            ]
        },
        "property_alias": "",
        "props": [
            {
                "name": "品牌",
                "value": "L'occitane/欧舒丹"
            },
            {
                "name": "品名",
                "value": "乳木果腊菊颈部精华霜"
            },
            {
                "name": "产地",
                "value": "法国"
            },
            {
                "name": "化妆品备案编号/注册证号",
                "value": "国妆网备进字(沪)2021500837"
            },
            {
                "name": "功效",
                "value": "保湿"
            },
            {
                "name": "规格类型",
                "value": "正常规格"
            },
            {
                "name": "是否为特殊用途化妆品",
                "value": "否"
            },
            {
                "name": "净含量",
                "value": "50ml"
            }
        ],
        "total_sold": "78",
        "skus": {
            "sku": [
                {
                    "price": 540,
                    "total_price": 0,
                    "orginal_price": 540,
                    "properties": "147956252:75366304",
                    "properties_name": "147956252:75366304:净含量:50ml",
                    "quantity": 147,
                    "sku_id": "4747339397790"
                }
            ]
        },
        "seller_id": "2248304671",
        "sales": 78,
        "shop_id": "114646595",
        "props_list": {
            "147956252:75366304": "净含量:50ml"
        },
        "seller_info": {
            "nick": "loccitane欧舒丹旗舰店",
            "item_score": 4.83999,
            "score_p": 4.8638,
            "delivery_score": 4.88305,
            "shop_type": "",
            "user_num_id": "2248304671",
            "sid": "114646595",
            "title": "",
            "zhuy": "https://shop114646595.taobao.com",
            "cert": null,
            "open_time": "",
            "credit_score": null,
            "shop_name": "loccitane欧舒丹旗舰店"
        },
        "tmall": true,
        "error": "",
        "location": "江苏苏州",
        "data_from": "Ha",
        "has_discount": "false",
        "is_promotion": "false",
        "promo_type": null,
        "props_img": {
            "147956252:75366304": "http://img.alicdn.com/imgextra/i1/2248304671/O1CN016fOeGE1kNMq5DAbKj_!!0-item_pic.jpg"
        },
        "format_check": "ok",
        "desc_img": [
            "http://img.alicdn.com/imgextra/i4/2248304671/O1CN01CtaBTk1kNMoXptv4r_!!2248304671.jpg",
            "http://img.alicdn.com/imgextra/i1/2248304671/O1CN01pXov4X1kNMoMXlD1v_!!2248304671.jpg",
            "http://img.alicdn.com/imgextra/i3/2248304671/O1CN01PyXYj81kNMocZQOJx_!!2248304671.jpg",
            "http://img.alicdn.com/imgextra/i4/2248304671/O1CN012IKsp91kNMoMXmDOS_!!2248304671.jpg",
            "http://img.alicdn.com/imgextra/i1/2248304671/O1CN01xfUj6U1kNMoboqT6y_!!2248304671.jpg",
            "http://img.alicdn.com/imgextra/i1/2248304671/O1CN01b9WeDv1kNMoMXlD1M_!!2248304671.jpg",
            "http://img.alicdn.com/imgextra/i4/2248304671/O1CN01y7c3MZ1kNMocZQK9U_!!2248304671.jpg",
            "http://img.alicdn.com/imgextra/i2/2248304671/O1CN01heItNT1kNMoXprdgI_!!2248304671.jpg",
            "http://img.alicdn.com/imgextra/i1/2248304671/O1CN01qxPgXl1kNMocZRSrK_!!2248304671.jpg",
            "http://img.alicdn.com/imgextra/i1/2248304671/O1CN01FQeM4W1kNMpXoeyUS_!!2248304671.jpg",
            "http://img.alicdn.com/imgextra/i1/2248304671/O1CN01Ee1TP71kNMoecsNsg_!!2248304671.jpg",
            "http://img.alicdn.com/imgextra/i2/2248304671/TB2_Bnfn29TBuNjy1zbXXXpepXa-2248304671.jpg",
            "http://img.alicdn.com/imgextra/i1/2248304671/TB2YVKzmnTI8KJjSsphXXcFppXa-2248304671.jpg",
            "http://img.alicdn.com/imgextra/i4/2248304671/O1CN011kNMTYM3WafZj7e_!!2248304671.jpg"
        ],
        "shop_item": [],
        "relate_items": []
    },
    "error": "",
    "secache": "87824cf85f36698c9eebdaf045572e84",
    "secache_time": 1677749549,
    "secache_date": "2023-03-02 17:32:29",
    "translate_status": "",
    "translate_time": 0,
    "language": {
        "default_lang": "cn",
        "current_lang": "cn"
    },
    "reason": "",
    "error_code": "0000",
    "cache": 0,
    "api_info": "today: max:20000 all[=++];expires:2024-01-16",
    "execution_time": "2.57",
    "server_time": "Beijing/2023-03-02 17:32:29",
    "client_ip": "54.39.83.153",
    "call_args": {
        "num_iid": "657876326057",
        "is_promotion": "1"
    },
    "api_type": "taobao",
    "translate_language": "zh-CN",
    "translate_engine": "baidu",
    "server_memory": "0.78MB",
    "last_id": false
}