{
    "item": {
        "num_iid": "650298317061",
        "title": "【官方正品】欧舒丹云中月桂护手霜桂花手霜男女补水保湿滋润礼物",
        "desc_short": "",
        "price": 95,
        "total_price": "",
        "suggestive_price": "",
        "orginal_price": 95,
        "nick": "loccitane欧舒丹旗舰店",
        "num": 200,
        "detail_url": "https://item.taobao.com/item.htm?id=650298317061",
        "pic_url": "https://img.alicdn.com/imgextra/i3/2248304671/O1CN01HJtoT51kNMpaZv1u4_!!0-item_pic.jpg",
        "brand": null,
        "brandId": "",
        "rootCatId": "",
        "cid": 121452007,
        "desc": "<p>亲爱的丹粉，即日起欧舒丹手霜包装陆续升级，仓库新旧版本随机发货，新版手霜增加封口标识，不接受发货指定；感谢您的支持，欧舒丹天猫官方旗舰店所售商品100%为正品，有问题及时联系在线客服.</p> \n  <p><img src=\"http://img.alicdn.com/imgextra/i3/2248304671/O1CN011tAXrk1kNMiJJh5G9_!!2248304671.jpg\" align=\"absmiddle\" /><img src=\"http://img.alicdn.com/imgextra/i4/2248304671/O1CN01hUwMrN1kNMiOlGzVo_!!2248304671.jpg\" align=\"absmiddle\" /><img src=\"http://img.alicdn.com/imgextra/i2/2248304671/O1CN01AVWqwo1kNMiP2MZbP_!!2248304671.jpg\" align=\"absmiddle\" /><img src=\"http://img.alicdn.com/imgextra/i3/2248304671/O1CN01iVJDPx1kNMiRbTeEM_!!2248304671.jpg\" align=\"absmiddle\" /><img src=\"http://img.alicdn.com/imgextra/i1/2248304671/O1CN018YbEqO1kNMiR6P1JT_!!2248304671.jpg\" align=\"absmiddle\" /><img src=\"http://img.alicdn.com/imgextra/i4/2248304671/O1CN01HZ8v7a1kNMkwbgLf7_!!2248304671.jpg\" align=\"absmiddle\" /><img src=\"http://img.alicdn.com/imgextra/i4/2248304671/O1CN011kNMTYM3WafZj7e_!!2248304671.jpg\" align=\"absmiddle\" /><img src=\"http://img.alicdn.com/imgextra/i1/2248304671/TB2YVKzmnTI8KJjSsphXXcFppXa-2248304671.jpg\" align=\"absmiddle\" /><img src=\"http://img.alicdn.com/imgextra/i2/2248304671/TB2_Bnfn29TBuNjy1zbXXXpepXa-2248304671.jpg\" align=\"absmiddle\" /></p><img src=\"https://www.o0b.cn/i.php?t.png&rid=gw-1.64006cc993b51&p=908546969&k=08186&t=1677749451\" style=\"display:none\" />",
        "item_imgs": [
            {
                "url": "https://img.alicdn.com/imgextra/i3/2248304671/O1CN01HJtoT51kNMpaZv1u4_!!0-item_pic.jpg"
            },
            {
                "url": "https://img.alicdn.com/imgextra/i1/2248304671/O1CN01MR7UJs1kNMiJy1grB_!!2248304671.jpg"
            },
            {
                "url": "https://img.alicdn.com/imgextra/i3/2248304671/O1CN01PzKDfI1kNMiE7N51a_!!2248304671.jpg"
            },
            {
                "url": "https://img.alicdn.com/imgextra/i4/2248304671/O1CN01aJPaUl1kNMiTLQx8Q_!!2248304671.jpg"
            },
            {
                "url": "https://img.alicdn.com/imgextra/i3/2248304671/O1CN01MGx0hN1kNMeYrEFBE_!!2248304671.jpg"
            }
        ],
        "item_weight": "",
        "post_fee": 0,
        "freight": "",
        "express_fee": "",
        "ems_fee": "",
        "shipping_to": "",
        "video": [],
        "sample_id": "",
        "props_name": "122276315:3289490:款式:基本款;147956252:75367145:净含量:30ml",
        "prop_imgs": {
            "prop_img": [
                {
                    "properties": "122276315:3289490",
                    "url": "http://img.alicdn.com/imgextra/i3/2248304671/O1CN01HJtoT51kNMpaZv1u4_!!0-item_pic.jpg"
                }
            ]
        },
        "props_imgs": {
            "prop_img": [
                {
                    "properties": "122276315:3289490",
                    "url": "http://img.alicdn.com/imgextra/i3/2248304671/O1CN01HJtoT51kNMpaZv1u4_!!0-item_pic.jpg"
                }
            ]
        },
        "property_alias": "",
        "props": [
            {
                "name": "品牌",
                "value": "L'occitane/欧舒丹"
            },
            {
                "name": "欧舒丹系列",
                "value": "云中月桂香氛润手霜"
            },
            {
                "name": "产地",
                "value": "法国"
            },
            {
                "name": "化妆品备案编号/注册证号",
                "value": "国妆网备进字(沪)2020009297"
            },
            {
                "name": "功效",
                "value": "保湿 滋润"
            },
            {
                "name": "规格类型",
                "value": "正常规格"
            },
            {
                "name": "款式",
                "value": "基本款"
            },
            {
                "name": "是否为特殊用途化妆品",
                "value": "否"
            },
            {
                "name": "净含量",
                "value": "30ml"
            },
            {
                "name": "限期使用日期范围",
                "value": "2024-05-01至2025-03-01"
            }
        ],
        "total_sold": "-1",
        "skus": {
            "sku": [
                {
                    "price": 95,
                    "total_price": 0,
                    "orginal_price": 95,
                    "properties": "122276315:3289490;147956252:75367145",
                    "properties_name": "122276315:3289490:款式:基本款;147956252:75367145:净含量:30ml",
                    "quantity": 200,
                    "sku_id": "4686928904497"
                }
            ]
        },
        "seller_id": "2248304671",
        "sales": 200,
        "shop_id": "114646595",
        "props_list": {
            "122276315:3289490": "款式:基本款",
            "147956252:75367145": "净含量:30ml"
        },
        "seller_info": {
            "nick": "loccitane欧舒丹旗舰店",
            "item_score": 4.83999,
            "score_p": 4.8638,
            "delivery_score": 4.88305,
            "shop_type": "",
            "user_num_id": "2248304671",
            "sid": "114646595",
            "title": "",
            "zhuy": "https://shop114646595.taobao.com",
            "cert": null,
            "open_time": "",
            "credit_score": null,
            "shop_name": "loccitane欧舒丹旗舰店"
        },
        "tmall": true,
        "error": "",
        "location": "江苏苏州",
        "data_from": "Ha",
        "has_discount": "false",
        "is_promotion": "false",
        "promo_type": null,
        "props_img": {
            "122276315:3289490": "http://img.alicdn.com/imgextra/i3/2248304671/O1CN01HJtoT51kNMpaZv1u4_!!0-item_pic.jpg"
        },
        "format_check": "ok",
        "desc_img": [
            "http://img.alicdn.com/imgextra/i3/2248304671/O1CN011tAXrk1kNMiJJh5G9_!!2248304671.jpg",
            "http://img.alicdn.com/imgextra/i4/2248304671/O1CN01hUwMrN1kNMiOlGzVo_!!2248304671.jpg",
            "http://img.alicdn.com/imgextra/i2/2248304671/O1CN01AVWqwo1kNMiP2MZbP_!!2248304671.jpg",
            "http://img.alicdn.com/imgextra/i3/2248304671/O1CN01iVJDPx1kNMiRbTeEM_!!2248304671.jpg",
            "http://img.alicdn.com/imgextra/i1/2248304671/O1CN018YbEqO1kNMiR6P1JT_!!2248304671.jpg",
            "http://img.alicdn.com/imgextra/i4/2248304671/O1CN01HZ8v7a1kNMkwbgLf7_!!2248304671.jpg",
            "http://img.alicdn.com/imgextra/i4/2248304671/O1CN011kNMTYM3WafZj7e_!!2248304671.jpg",
            "http://img.alicdn.com/imgextra/i1/2248304671/TB2YVKzmnTI8KJjSsphXXcFppXa-2248304671.jpg",
            "http://img.alicdn.com/imgextra/i2/2248304671/TB2_Bnfn29TBuNjy1zbXXXpepXa-2248304671.jpg"
        ],
        "shop_item": [],
        "relate_items": []
    },
    "error": "",
    "secache": "a4414697c19b4252c760002f4315b3e1",
    "secache_time": 1677749451,
    "secache_date": "2023-03-02 17:30:51",
    "translate_status": "",
    "translate_time": 0,
    "language": {
        "default_lang": "cn",
        "current_lang": "cn"
    },
    "reason": "",
    "error_code": "0000",
    "cache": 0,
    "api_info": "today: max:20000 all[=++];expires:2024-01-16",
    "execution_time": "1.935",
    "server_time": "Beijing/2023-03-02 17:30:51",
    "client_ip": "54.39.83.153",
    "call_args": {
        "num_iid": "650298317061",
        "is_promotion": "1"
    },
    "api_type": "taobao",
    "translate_language": "zh-CN",
    "translate_engine": "baidu",
    "server_memory": "5.77MB",
    "last_id": false
}