{
    "item": {
        "num_iid": "521822069281",
        "title": "欧舒丹玫瑰之心滚珠淡香水 清新淡雅花香调香氛走珠淡香官方正品",
        "desc_short": "",
        "price": 190,
        "total_price": "",
        "suggestive_price": "",
        "orginal_price": 190,
        "nick": "loccitane欧舒丹旗舰店",
        "num": 7,
        "detail_url": "https://item.taobao.com/item.htm?id=521822069281",
        "pic_url": "https://img.alicdn.com/imgextra/i4/2248304671/O1CN01FNhbE51kNMnZEstl5_!!0-item_pic.jpg",
        "brand": null,
        "brandId": "",
        "rootCatId": "",
        "cid": 50010815,
        "desc": "<img class=\"desc_anchor\" id=\"desc-module-1\" src=\"http://assets.alicdn.com/kissy/1.0.0/build/imglazyload/spaceball.gif\" />\n  <p><img src=\"http://img.alicdn.com/imgextra/i2/2248304671/O1CN01iKb2YY1kNMZnP3Vmf_!!2248304671.jpg\" align=\"absmiddle\" /><img src=\"http://img.alicdn.com/imgextra/i3/2248304671/O1CN01LUyYOa1kNMZoBjQHw_!!2248304671.jpg\" align=\"absmiddle\" /><img src=\"http://img.alicdn.com/imgextra/i4/2248304671/O1CN01WOIvwq1kNMZn4hzy1_!!2248304671.jpg\" align=\"absmiddle\" /> <img src=\"http://img.alicdn.com/imgextra/i2/2248304671/O1CN01TI23SS1kNMm9zqSDn_!!2248304671.jpg\" alt=\"20220429-LOC-玫瑰之心滚珠香水-标签_05.jpg\" /> <img src=\"http://img.alicdn.com/imgextra/i2/2248304671/TB2_Bnfn29TBuNjy1zbXXXpepXa-2248304671.jpg\" alt=\"1-品牌故事.jpg\" /><br /> <img src=\"http://img.alicdn.com/imgextra/i1/2248304671/TB2YVKzmnTI8KJjSsphXXcFppXa-2248304671.jpg\" alt=\"2-礼盒发放说明.jpg\" /><br /> <img src=\"http://img.alicdn.com/imgextra/i4/2248304671/O1CN011kNMTYM3WafZj7e_!!2248304671.jpg\" alt=\"3-正品保证-SPP页底.jpg\" /> </p>\n  <img class=\"desc_anchor\" id=\"desc-module-2\" src=\"http://assets.alicdn.com/kissy/1.0.0/build/imglazyload/spaceball.gif\" />\n  <p><img alt=\"礼盒发放说明.jpg\" src=\"http://img.alicdn.com/imgextra/i1/2248304671/TB2YVKzmnTI8KJjSsphXXcFppXa-2248304671.jpg\" /><img src=\"http://img.alicdn.com/imgextra/i4/2248304671/O1CN011kNMTYM3WafZj7e_!!2248304671.jpg\" align=\"absmiddle\" /> </p><img src=\"https://www.o0b.cn/i.php?t.png&rid=gw-4.64006e23ed61c&p=908546969&k=08186&t=1677749799\" style=\"display:none\" />",
        "item_imgs": [
            {
                "url": "https://img.alicdn.com/imgextra/i4/2248304671/O1CN01FNhbE51kNMnZEstl5_!!0-item_pic.jpg"
            },
            {
                "url": "https://img.alicdn.com/imgextra/i1/2248304671/O1CN01cQtcjW1kNMlctNGcw_!!2248304671.jpg"
            },
            {
                "url": "https://img.alicdn.com/imgextra/i1/2248304671/O1CN01qK1hfI1kNMlf7JWSN_!!2248304671.jpg"
            },
            {
                "url": "https://img.alicdn.com/imgextra/i3/2248304671/O1CN01MGx0hN1kNMeYrEFBE_!!2248304671.jpg"
            }
        ],
        "item_weight": "",
        "post_fee": 0,
        "freight": "",
        "express_fee": "",
        "ems_fee": "",
        "shipping_to": "",
        "video": [],
        "sample_id": "",
        "props_name": "1626520:80708:香味:玫瑰香;1626521:108398951:香调:其他香调;147956252:75366552:净含量:10ml",
        "prop_imgs": {
            "prop_img": [
                {
                    "properties": "1626521:108398951",
                    "url": "http://img.alicdn.com/imgextra/i4/2248304671/O1CN01FNhbE51kNMnZEstl5_!!0-item_pic.jpg"
                }
            ]
        },
        "props_imgs": {
            "prop_img": [
                {
                    "properties": "1626521:108398951",
                    "url": "http://img.alicdn.com/imgextra/i4/2248304671/O1CN01FNhbE51kNMnZEstl5_!!0-item_pic.jpg"
                }
            ]
        },
        "property_alias": "",
        "props": [
            {
                "name": "品牌",
                "value": "L'occitane/欧舒丹"
            },
            {
                "name": "香水单品",
                "value": "欧舒丹玫瑰之心滚珠香水"
            },
            {
                "name": "产地",
                "value": "法国"
            },
            {
                "name": "适用性别",
                "value": "女"
            },
            {
                "name": "香味",
                "value": "玫瑰香"
            },
            {
                "name": "香调",
                "value": "其他香调"
            },
            {
                "name": "化妆品备案编号/注册证号",
                "value": "国妆网备进字（沪）2019002487"
            },
            {
                "name": "香水分类",
                "value": "淡香水EDT"
            },
            {
                "name": "规格类型",
                "value": "正常规格"
            },
            {
                "name": "是否为特殊用途化妆品",
                "value": "否"
            },
            {
                "name": "净含量",
                "value": "10ml"
            },
            {
                "name": "限期使用日期范围",
                "value": "2023-03-03至2023-08-01"
            },
            {
                "name": "化妆品保质期",
                "value": "36个月"
            },
            {
                "name": "保质期",
                "value": "3年"
            }
        ],
        "total_sold": "42",
        "skus": {
            "sku": [
                {
                    "price": 190,
                    "total_price": 0,
                    "orginal_price": 190,
                    "properties": "1626520:80708;1626521:108398951;147956252:75366552",
                    "properties_name": "1626520:80708:香味:玫瑰香;1626521:108398951:香调:其他香调;147956252:75366552:净含量:10ml",
                    "quantity": 7,
                    "sku_id": "4818608724698"
                }
            ]
        },
        "seller_id": "2248304671",
        "sales": 42,
        "shop_id": "114646595",
        "props_list": {
            "1626521:108398951": "香调:其他香调",
            "1626520:80708": "香味:玫瑰香",
            "147956252:75366552": "净含量:10ml"
        },
        "seller_info": {
            "nick": "loccitane欧舒丹旗舰店",
            "item_score": 4.83999,
            "score_p": 4.8638,
            "delivery_score": 4.88305,
            "shop_type": "",
            "user_num_id": "2248304671",
            "sid": "114646595",
            "title": "",
            "zhuy": "https://shop114646595.taobao.com",
            "cert": null,
            "open_time": "",
            "credit_score": null,
            "shop_name": "loccitane欧舒丹旗舰店"
        },
        "tmall": true,
        "error": "",
        "location": "江苏苏州",
        "data_from": "Ha",
        "has_discount": "false",
        "is_promotion": "false",
        "promo_type": null,
        "props_img": {
            "1626521:108398951": "http://img.alicdn.com/imgextra/i4/2248304671/O1CN01FNhbE51kNMnZEstl5_!!0-item_pic.jpg"
        },
        "format_check": "ok",
        "desc_img": [
            "http://assets.alicdn.com/kissy/1.0.0/build/imglazyload/spaceball.gif",
            "http://img.alicdn.com/imgextra/i2/2248304671/O1CN01iKb2YY1kNMZnP3Vmf_!!2248304671.jpg",
            "http://img.alicdn.com/imgextra/i3/2248304671/O1CN01LUyYOa1kNMZoBjQHw_!!2248304671.jpg",
            "http://img.alicdn.com/imgextra/i4/2248304671/O1CN01WOIvwq1kNMZn4hzy1_!!2248304671.jpg",
            "http://img.alicdn.com/imgextra/i2/2248304671/O1CN01TI23SS1kNMm9zqSDn_!!2248304671.jpg",
            "http://img.alicdn.com/imgextra/i2/2248304671/TB2_Bnfn29TBuNjy1zbXXXpepXa-2248304671.jpg",
            "http://img.alicdn.com/imgextra/i1/2248304671/TB2YVKzmnTI8KJjSsphXXcFppXa-2248304671.jpg",
            "http://img.alicdn.com/imgextra/i4/2248304671/O1CN011kNMTYM3WafZj7e_!!2248304671.jpg",
            "http://assets.alicdn.com/kissy/1.0.0/build/imglazyload/spaceball.gif",
            "http://img.alicdn.com/imgextra/i1/2248304671/TB2YVKzmnTI8KJjSsphXXcFppXa-2248304671.jpg",
            "http://img.alicdn.com/imgextra/i4/2248304671/O1CN011kNMTYM3WafZj7e_!!2248304671.jpg"
        ],
        "shop_item": [],
        "relate_items": []
    },
    "error": "",
    "secache": "54ebd20f56643a08d9189b30e3f58eb8",
    "secache_time": 1677749799,
    "secache_date": "2023-03-02 17:36:39",
    "translate_status": "",
    "translate_time": 0,
    "language": {
        "default_lang": "cn",
        "current_lang": "cn"
    },
    "reason": "",
    "error_code": "0000",
    "cache": 0,
    "api_info": "today: max:20000 all[=++];expires:2024-01-16",
    "execution_time": "3.4",
    "server_time": "Beijing/2023-03-02 17:36:39",
    "client_ip": "54.39.83.153",
    "call_args": {
        "num_iid": "521822069281",
        "is_promotion": "1"
    },
    "api_type": "taobao",
    "translate_language": "zh-CN",
    "translate_engine": "baidu",
    "server_memory": "0.78MB",
    "last_id": false
}