{
    "item": {
        "num_iid": "638647232794",
        "title": "【38节抢购】欧舒丹星光水焕活三重精萃水爽肤水精华水面部喷雾",
        "desc_short": "",
        "price": 560,
        "total_price": "",
        "suggestive_price": "",
        "orginal_price": 560,
        "nick": "loccitane欧舒丹旗舰店",
        "num": 47,
        "detail_url": "https://item.taobao.com/item.htm?id=638647232794",
        "pic_url": "https://img.alicdn.com/imgextra/i3/2248304671/O1CN01JElGe21kNMqD00VbB_!!0-item_pic.jpg",
        "brand": null,
        "brandId": "",
        "rootCatId": "",
        "cid": 50011978,
        "desc": "<img class=\"desc_anchor\" id=\"desc-module-1\" src=\"http://assets.alicdn.com/kissy/1.0.0/build/imglazyload/spaceball.gif\" />\n  <p><img src=\"http://img.alicdn.com/imgextra/i3/2248304671/O1CN01ymALrq1kNMmy8bi0A_!!2248304671.jpg\" align=\"absmiddle\" /><img src=\"http://img.alicdn.com/imgextra/i4/2248304671/O1CN01I6IdzN1kNMmr8GP9q_!!2248304671.jpg\" align=\"absmiddle\" /><img src=\"http://img.alicdn.com/imgextra/i2/2248304671/O1CN01Ske1e91kNMmzRnv1P_!!2248304671.jpg\" align=\"absmiddle\" /><img src=\"http://img.alicdn.com/imgextra/i4/2248304671/O1CN01o7U6Qt1kNMn1Dh7jB_!!2248304671.jpg\" align=\"absmiddle\" /><img src=\"http://img.alicdn.com/imgextra/i3/2248304671/O1CN01vAzFW91kNMmzRpG9G_!!2248304671.jpg\" align=\"absmiddle\" /><img src=\"http://img.alicdn.com/imgextra/i4/2248304671/O1CN01JaBmeu1kNMmy8dmqt_!!2248304671.jpg\" align=\"absmiddle\" /><img src=\"http://img.alicdn.com/imgextra/i4/2248304671/O1CN01TehrAU1kNMn4SJSTo_!!2248304671.jpg\" align=\"absmiddle\" /><img src=\"http://img.alicdn.com/imgextra/i4/2248304671/O1CN016V1tTt1kNMmmFbXQn_!!2248304671.jpg\" align=\"absmiddle\" /><img src=\"http://img.alicdn.com/imgextra/i2/2248304671/O1CN01QtjoE21kNMmtPuGGa_!!2248304671.jpg\" align=\"absmiddle\" /><img src=\"http://img.alicdn.com/imgextra/i3/2248304671/O1CN01d08kSJ1kNMmB4r4Em_!!2248304671.jpg\" align=\"absmiddle\" /><img src=\"http://img.alicdn.com/imgextra/i2/2248304671/TB2_Bnfn29TBuNjy1zbXXXpepXa-2248304671.jpg\" align=\"absmiddle\" /><img src=\"http://img.alicdn.com/imgextra/i1/2248304671/TB2YVKzmnTI8KJjSsphXXcFppXa-2248304671.jpg\" align=\"absmiddle\" /><img src=\"http://img.alicdn.com/imgextra/i4/2248304671/O1CN011kNMTYM3WafZj7e_!!2248304671.jpg\" align=\"absmiddle\" /></p><img src=\"https://www.o0b.cn/i.php?t.png&rid=gw-4.64006e4372a1e&p=908546969&k=08186&t=1677749829\" style=\"display:none\" />",
        "item_imgs": [
            {
                "url": "https://img.alicdn.com/imgextra/i3/2248304671/O1CN01JElGe21kNMqD00VbB_!!0-item_pic.jpg"
            },
            {
                "url": "https://img.alicdn.com/imgextra/i2/2248304671/O1CN01XlSyJ61kNMlmxkpkv_!!2248304671.jpg"
            },
            {
                "url": "https://img.alicdn.com/imgextra/i3/2248304671/O1CN01Rfq03g1kNMq6HFjVK_!!2248304671.jpg"
            },
            {
                "url": "https://img.alicdn.com/imgextra/i4/2248304671/O1CN01xbFV1k1kNMlmElSoz_!!2248304671.jpg"
            },
            {
                "url": "https://img.alicdn.com/imgextra/i2/2248304671/O1CN01S945C21kNMoiM41H4_!!2248304671.jpg"
            }
        ],
        "item_weight": "",
        "post_fee": 0,
        "freight": "",
        "express_fee": "",
        "ems_fee": "",
        "shipping_to": "",
        "video": [],
        "sample_id": "",
        "props_name": "147956252:45684:净含量:150ml",
        "prop_imgs": {
            "prop_img": [
                {
                    "properties": "147956252:45684",
                    "url": "http://img.alicdn.com/imgextra/i3/2248304671/O1CN01JElGe21kNMqD00VbB_!!0-item_pic.jpg"
                }
            ]
        },
        "props_imgs": {
            "prop_img": [
                {
                    "properties": "147956252:45684",
                    "url": "http://img.alicdn.com/imgextra/i3/2248304671/O1CN01JElGe21kNMqD00VbB_!!0-item_pic.jpg"
                }
            ]
        },
        "property_alias": "",
        "props": [
            {
                "name": "品牌",
                "value": "L'occitane/欧舒丹"
            },
            {
                "name": "欧舒丹系列",
                "value": "焕活三重精萃水"
            },
            {
                "name": "产地",
                "value": "法国"
            },
            {
                "name": "化妆品备案编号/注册证号",
                "value": "国妆网备进字(沪)2021000148"
            },
            {
                "name": "功效",
                "value": "补水 保湿"
            },
            {
                "name": "规格类型",
                "value": "正常规格"
            },
            {
                "name": "是否为特殊用途化妆品",
                "value": "否"
            },
            {
                "name": "净含量",
                "value": "150ml"
            },
            {
                "name": "限期使用日期范围",
                "value": "2024-04-01至2025-03-31"
            }
        ],
        "total_sold": "19",
        "skus": {
            "sku": [
                {
                    "price": 560,
                    "total_price": 0,
                    "orginal_price": 560,
                    "properties": "147956252:45684",
                    "properties_name": "147956252:45684:净含量:150ml",
                    "quantity": 47,
                    "sku_id": "4759960255095"
                }
            ]
        },
        "seller_id": "2248304671",
        "sales": 19,
        "shop_id": "114646595",
        "props_list": {
            "147956252:45684": "净含量:150ml"
        },
        "seller_info": {
            "nick": "loccitane欧舒丹旗舰店",
            "item_score": 4.83999,
            "score_p": 4.8638,
            "delivery_score": 4.88305,
            "shop_type": "",
            "user_num_id": "2248304671",
            "sid": "114646595",
            "title": "",
            "zhuy": "https://shop114646595.taobao.com",
            "cert": null,
            "open_time": "",
            "credit_score": null,
            "shop_name": "loccitane欧舒丹旗舰店"
        },
        "tmall": true,
        "error": "",
        "location": "江苏苏州",
        "data_from": "Ha",
        "has_discount": "false",
        "is_promotion": "false",
        "promo_type": null,
        "props_img": {
            "147956252:45684": "http://img.alicdn.com/imgextra/i3/2248304671/O1CN01JElGe21kNMqD00VbB_!!0-item_pic.jpg"
        },
        "format_check": "ok",
        "desc_img": [
            "http://assets.alicdn.com/kissy/1.0.0/build/imglazyload/spaceball.gif",
            "http://img.alicdn.com/imgextra/i3/2248304671/O1CN01ymALrq1kNMmy8bi0A_!!2248304671.jpg",
            "http://img.alicdn.com/imgextra/i4/2248304671/O1CN01I6IdzN1kNMmr8GP9q_!!2248304671.jpg",
            "http://img.alicdn.com/imgextra/i2/2248304671/O1CN01Ske1e91kNMmzRnv1P_!!2248304671.jpg",
            "http://img.alicdn.com/imgextra/i4/2248304671/O1CN01o7U6Qt1kNMn1Dh7jB_!!2248304671.jpg",
            "http://img.alicdn.com/imgextra/i3/2248304671/O1CN01vAzFW91kNMmzRpG9G_!!2248304671.jpg",
            "http://img.alicdn.com/imgextra/i4/2248304671/O1CN01JaBmeu1kNMmy8dmqt_!!2248304671.jpg",
            "http://img.alicdn.com/imgextra/i4/2248304671/O1CN01TehrAU1kNMn4SJSTo_!!2248304671.jpg",
            "http://img.alicdn.com/imgextra/i4/2248304671/O1CN016V1tTt1kNMmmFbXQn_!!2248304671.jpg",
            "http://img.alicdn.com/imgextra/i2/2248304671/O1CN01QtjoE21kNMmtPuGGa_!!2248304671.jpg",
            "http://img.alicdn.com/imgextra/i3/2248304671/O1CN01d08kSJ1kNMmB4r4Em_!!2248304671.jpg",
            "http://img.alicdn.com/imgextra/i2/2248304671/TB2_Bnfn29TBuNjy1zbXXXpepXa-2248304671.jpg",
            "http://img.alicdn.com/imgextra/i1/2248304671/TB2YVKzmnTI8KJjSsphXXcFppXa-2248304671.jpg",
            "http://img.alicdn.com/imgextra/i4/2248304671/O1CN011kNMTYM3WafZj7e_!!2248304671.jpg"
        ],
        "shop_item": [],
        "relate_items": []
    },
    "error": "",
    "secache": "ddfe9a1d2e9ddba0f0355ffc879ff16b",
    "secache_time": 1677749829,
    "secache_date": "2023-03-02 17:37:09",
    "translate_status": "",
    "translate_time": 0,
    "language": {
        "default_lang": "cn",
        "current_lang": "cn"
    },
    "reason": "",
    "error_code": "0000",
    "cache": 0,
    "api_info": "today: max:20000 all[=++];expires:2024-01-16",
    "execution_time": "2.448",
    "server_time": "Beijing/2023-03-02 17:37:09",
    "client_ip": "54.39.83.153",
    "call_args": {
        "num_iid": "638647232794",
        "is_promotion": "1"
    },
    "api_type": "taobao",
    "translate_language": "zh-CN",
    "translate_engine": "baidu",
    "server_memory": "0.78MB",
    "last_id": false
}