{
    "item": {
        "num_iid": "600557786793",
        "title": "【88VIP】欧舒丹蓝腊菊活颜紧致眼霜女补水保湿淡化细干纹官方",
        "desc_short": "",
        "price": "380",
        "total_price": 0,
        "suggestive_price": 0,
        "orginal_price": "380",
        "nick": "loccitane欧舒丹旗舰店",
        "num": 38,
        "min_num": 0,
        "detail_url": "https://item.taobao.com/item.htm?id=600557786793",
        "pic_url": "//img.alicdn.com/imgextra/i4/2248304671/O1CN01W0w0kI1kNMq9Mq6Lp_!!0-item_pic.jpg",
        "brand": "L'occitane/欧舒丹",
        "brandId": null,
        "rootCatId": "1801",
        "cid": "121484013",
        "crumbs": [],
        "created_time": "",
        "modified_time": "",
        "delist_time": "",
        "desc": "",
        "desc_img": [],
        "item_imgs": [
            {
                "url": "//img.alicdn.com/imgextra/i4/2248304671/O1CN01W0w0kI1kNMq9Mq6Lp_!!0-item_pic.jpg"
            },
            {
                "url": "//img.alicdn.com/imgextra/i1/2248304671/O1CN010eK4gy1kNMb4ubWAf_!!2248304671.jpg"
            },
            {
                "url": "//img.alicdn.com/imgextra/i3/2248304671/O1CN01Rfq03g1kNMq6HFjVK_!!2248304671.jpg"
            },
            {
                "url": "//img.alicdn.com/imgextra/i3/2248304671/O1CN01eXkpnV1kNMazdaMA9_!!2248304671.jpg"
            },
            {
                "url": "//img.alicdn.com/imgextra/i3/2248304671/O1CN01MGx0hN1kNMeYrEFBE_!!2248304671.jpg"
            }
        ],
        "item_weight": "",
        "item_size": "",
        "location": "江苏苏州",
        "post_fee": 0,
        "express_fee": null,
        "ems_fee": "",
        "shipping_to": "",
        "has_discount": "false",
        "video": {
            "url": "https://cloud.video.taobao.com/play/u/2248304671/p/2/e/6/t/1/280546523422.mp4?appKey=38829"
        },
        "is_virtual": "",
        "sample_id": "",
        "is_promotion": "false",
        "props_name": "147956252:75367397:净含量:15ml",
        "prop_imgs": {
            "prop_img": []
        },
        "property_alias": "",
        "props": [
            {
                "name": "品牌",
                "value": "L'occitane/欧舒丹"
            },
            {
                "name": "欧舒丹系列",
                "value": "腊菊活颜紧致精华眼霜"
            },
            {
                "name": "产地",
                "value": "法国"
            },
            {
                "name": "化妆品备案编号/注册证号",
                "value": "国妆网备进字（沪）2019003866"
            },
            {
                "name": "适合肤质",
                "value": "任何肤质"
            },
            {
                "name": "功效",
                "value": "滋养"
            },
            {
                "name": "规格类型",
                "value": "正常规格"
            },
            {
                "name": "是否为特殊用途化妆品",
                "value": "否"
            },
            {
                "name": "净含量",
                "value": "15ml"
            },
            {
                "name": "限期使用日期范围",
                "value": "2024-03-01至2024-11-01"
            }
        ],
        "total_sold": null,
        "skus": {
            "sku": [
                {
                    "price": "380",
                    "total_price": 0,
                    "orginal_price": "380",
                    "properties": "147956252:75367397",
                    "properties_name": "147956252:75367397:净含量:15ml",
                    "quantity": "38",
                    "sku_id": "4367750979998"
                }
            ]
        },
        "seller_id": "2248304671",
        "sales": 27,
        "shop_id": "114646595",
        "props_list": {
            "147956252:75367397": "净含量:15ml"
        },
        "seller_info": {
            "nick": "loccitane欧舒丹旗舰店",
            "item_score": "4.8 ",
            "score_p": "4.8 ",
            "delivery_score": "4.8 ",
            "shop_type": "B",
            "user_num_id": "2248304671",
            "sid": "114646595",
            "title": "L’OCCITANE欧舒丹官方旗舰店",
            "zhuy": "https://shop114646595.taobao.com/",
            "shop_name": "L’OCCITANE欧舒丹官方旗舰店"
        },
        "tmall": true,
        "error": "",
        "warning": "",
        "url_log": [],
        "fav_count": "1872",
        "fans_count": "784.3万",
        "freight": "快递: 免运费",
        "props_imgs": {
            "prop_img": []
        },
        "_ddf": "fu",
        "promo_type": null,
        "props_img": [],
        "format_check": "ok",
        "shop_item": [],
        "relate_items": []
    },
    "error": "",
    "secache": "3f2c1d2b537cba0b75c455ea6cc293b7",
    "secache_time": 1677750032,
    "secache_date": "2023-03-02 17:40:32",
    "translate_status": "",
    "translate_time": 0,
    "language": {
        "default_lang": "cn",
        "current_lang": "cn"
    },
    "reason": "",
    "error_code": "0000",
    "cache": 0,
    "api_info": "today: max:20000 all[=++];expires:2024-01-16",
    "execution_time": "7.066",
    "server_time": "Beijing/2023-03-02 17:40:32",
    "client_ip": "54.39.83.153",
    "call_args": {
        "num_iid": "600557786793",
        "is_promotion": "1"
    },
    "api_type": "taobao",
    "translate_language": "zh-CN",
    "translate_engine": "baidu",
    "server_memory": "0.77MB",
    "last_id": false
}