{
    "item": {
        "num_iid": "522067173659",
        "title": "欧舒丹面霜乳木果保湿霜修护男女滋润易吸收不油腻面部护理正品",
        "desc_short": "",
        "price": 330,
        "total_price": "",
        "suggestive_price": "",
        "orginal_price": 330,
        "nick": "loccitane欧舒丹旗舰店",
        "num": 200,
        "detail_url": "https://item.taobao.com/item.htm?id=522067173659",
        "pic_url": "https://img.alicdn.com/imgextra/i3/2248304671/O1CN01xBQMEN1kNMpIUWShZ_!!0-item_pic.jpg",
        "brand": null,
        "brandId": "",
        "rootCatId": "",
        "cid": 50011980,
        "desc": "<img class=\"desc_anchor\" id=\"desc-module-1\" src=\"http://assets.alicdn.com/kissy/1.0.0/build/imglazyload/spaceball.gif\" />\n  <img src=\"http://img.alicdn.com/imgextra/i3/2248304671/O1CN01Lt9RSY1kNMpLfVIHP_!!2248304671.jpg\" alt=\"20220217-LOC-乳木果保湿霜50ml_01.jpg\" />\n  <br /> \n  <img src=\"http://img.alicdn.com/imgextra/i4/2248304671/O1CN01slaTEP1kNMpN9Ma51_!!2248304671.jpg\" alt=\"20220217-LOC-乳木果保湿霜50ml_02.jpg\" />\n  <br /> \n  <img src=\"http://img.alicdn.com/imgextra/i3/2248304671/O1CN01sZL7yg1kNMpQypMfZ_!!2248304671.jpg\" alt=\"20220217-LOC-乳木果保湿霜50ml_03.jpg\" />\n  <br /> \n  <img src=\"http://img.alicdn.com/imgextra/i1/2248304671/O1CN01XpOtnj1kNMpIU9AKt_!!2248304671.jpg\" alt=\"20220217-LOC-乳木果保湿霜50ml_04.jpg\" />\n  <br /> \n  <img src=\"http://img.alicdn.com/imgextra/i4/2248304671/O1CN01jk1HwS1kNMpIMalRQ_!!2248304671.jpg\" alt=\"20220217-LOC-乳木果保湿霜50ml_05.jpg\" />\n  <br /> \n  <img src=\"http://img.alicdn.com/imgextra/i4/2248304671/O1CN01JLzzep1kNMpGCXrQ0_!!2248304671.jpg\" alt=\"20220217-LOC-乳木果保湿霜50ml_06.jpg\" />\n  <br /> \n  <img src=\"http://img.alicdn.com/imgextra/TB2_Bnfn29TBuNjy1zbXXXpepXa-2248304671.jpg\" align=\"absmiddle\" />\n  <img src=\"http://img.alicdn.com/imgextra/TB2YVKzmnTI8KJjSsphXXcFppXa-2248304671.jpg\" align=\"absmiddle\" />\n  <img src=\"http://img.alicdn.com/imgextra/i4/2248304671/O1CN011kNMTYM3WafZj7e_!!2248304671.jpg\" align=\"absmiddle\" /> \n  <p>&nbsp;</p><img src=\"https://www.o0b.cn/i.php?t.png&rid=gw-1.64006bcdb357f&p=908546969&k=08186&t=1677749200\" style=\"display:none\" />",
        "item_imgs": [
            {
                "url": "https://img.alicdn.com/imgextra/i3/2248304671/O1CN01xBQMEN1kNMpIUWShZ_!!0-item_pic.jpg"
            },
            {
                "url": "https://img.alicdn.com/imgextra/i3/2248304671/O1CN013nXdPG1kNMkd4akog_!!2248304671.jpg"
            },
            {
                "url": "https://img.alicdn.com/imgextra/i4/2248304671/O1CN01mZsFmj1kNMf13b3Yf_!!2248304671.jpg"
            },
            {
                "url": "https://img.alicdn.com/imgextra/i3/2248304671/O1CN01GZ1mdC1kNMeKjeJJN_!!2248304671.jpg"
            }
        ],
        "item_weight": "",
        "post_fee": 0,
        "freight": "",
        "express_fee": "",
        "ems_fee": "",
        "shipping_to": "",
        "video": [],
        "sample_id": "",
        "props_name": "3364156:15883775:适合肤质:所有肤质;147956252:75366304:净含量:50ml",
        "prop_imgs": {
            "prop_img": [
                {
                    "properties": "147956252:75366304",
                    "url": "http://img.alicdn.com/imgextra/i3/2248304671/O1CN01xBQMEN1kNMpIUWShZ_!!0-item_pic.jpg"
                }
            ]
        },
        "props_imgs": {
            "prop_img": [
                {
                    "properties": "147956252:75366304",
                    "url": "http://img.alicdn.com/imgextra/i3/2248304671/O1CN01xBQMEN1kNMpIUWShZ_!!0-item_pic.jpg"
                }
            ]
        },
        "property_alias": "",
        "props": [
            {
                "name": "品牌",
                "value": "L'occitane/欧舒丹"
            },
            {
                "name": "欧舒丹系列",
                "value": "欧舒丹乳木果保湿面霜套装"
            },
            {
                "name": "产地",
                "value": "法国"
            },
            {
                "name": "乳液/面霜品类",
                "value": "面霜"
            },
            {
                "name": "化妆品备案编号/注册证号",
                "value": "国妆备进字J20152321"
            },
            {
                "name": "适合肤质",
                "value": "所有肤质"
            },
            {
                "name": "是否进口",
                "value": "进口"
            },
            {
                "name": "功效",
                "value": "保湿 滋养"
            },
            {
                "name": "规格类型",
                "value": "正常规格"
            },
            {
                "name": "是否为特殊用途化妆品",
                "value": "否"
            },
            {
                "name": "净含量",
                "value": "50ml"
            },
            {
                "name": "限期使用日期范围",
                "value": "2024-01-01至2024-01-31"
            },
            {
                "name": "核心功效",
                "value": "保湿"
            }
        ],
        "total_sold": "-1",
        "skus": {
            "sku": [
                {
                    "price": 330,
                    "total_price": 0,
                    "orginal_price": 330,
                    "properties": "3364156:15883775;147956252:75366304",
                    "properties_name": "3364156:15883775:适合肤质:所有肤质;147956252:75366304:净含量:50ml",
                    "quantity": 200,
                    "sku_id": "3109745893758"
                }
            ]
        },
        "seller_id": "2248304671",
        "sales": 100,
        "shop_id": "114646595",
        "props_list": {
            "147956252:75366304": "净含量:50ml",
            "3364156:15883775": "适合肤质:所有肤质"
        },
        "seller_info": {
            "nick": "loccitane欧舒丹旗舰店",
            "item_score": 4.83999,
            "score_p": 4.8638,
            "delivery_score": 4.88305,
            "shop_type": "",
            "user_num_id": "2248304671",
            "sid": "114646595",
            "title": "",
            "zhuy": "https://shop114646595.taobao.com",
            "cert": null,
            "open_time": "",
            "credit_score": null,
            "shop_name": "loccitane欧舒丹旗舰店"
        },
        "tmall": true,
        "error": "",
        "location": "江苏苏州",
        "data_from": "Ha",
        "has_discount": "false",
        "is_promotion": "false",
        "promo_type": null,
        "props_img": {
            "147956252:75366304": "http://img.alicdn.com/imgextra/i3/2248304671/O1CN01xBQMEN1kNMpIUWShZ_!!0-item_pic.jpg"
        },
        "format_check": "ok",
        "desc_img": [
            "http://assets.alicdn.com/kissy/1.0.0/build/imglazyload/spaceball.gif",
            "http://img.alicdn.com/imgextra/i3/2248304671/O1CN01Lt9RSY1kNMpLfVIHP_!!2248304671.jpg",
            "http://img.alicdn.com/imgextra/i4/2248304671/O1CN01slaTEP1kNMpN9Ma51_!!2248304671.jpg",
            "http://img.alicdn.com/imgextra/i3/2248304671/O1CN01sZL7yg1kNMpQypMfZ_!!2248304671.jpg",
            "http://img.alicdn.com/imgextra/i1/2248304671/O1CN01XpOtnj1kNMpIU9AKt_!!2248304671.jpg",
            "http://img.alicdn.com/imgextra/i4/2248304671/O1CN01jk1HwS1kNMpIMalRQ_!!2248304671.jpg",
            "http://img.alicdn.com/imgextra/i4/2248304671/O1CN01JLzzep1kNMpGCXrQ0_!!2248304671.jpg",
            "http://img.alicdn.com/imgextra/TB2_Bnfn29TBuNjy1zbXXXpepXa-2248304671.jpg",
            "http://img.alicdn.com/imgextra/TB2YVKzmnTI8KJjSsphXXcFppXa-2248304671.jpg",
            "http://img.alicdn.com/imgextra/i4/2248304671/O1CN011kNMTYM3WafZj7e_!!2248304671.jpg"
        ],
        "shop_item": [],
        "relate_items": []
    },
    "error": "",
    "secache": "e9a16ee6306afe1e42dc739c651a6ef3",
    "secache_time": 1677749200,
    "secache_date": "2023-03-02 17:26:40",
    "translate_status": "",
    "translate_time": 0,
    "language": {
        "default_lang": "cn",
        "current_lang": "cn"
    },
    "reason": "",
    "error_code": "0000",
    "cache": 0,
    "api_info": "today: max:20000 all[=++];expires:2024-01-16",
    "execution_time": "3.114",
    "server_time": "Beijing/2023-03-02 17:26:40",
    "client_ip": "54.39.83.153",
    "call_args": {
        "num_iid": "522067173659",
        "is_promotion": "1"
    },
    "api_type": "taobao",
    "translate_language": "zh-CN",
    "translate_engine": "baidu",
    "server_memory": "5.77MB",
    "last_id": false
}