{
    "item": {
        "num_iid": "703531583513",
        "title": "【38节抢购】欧舒丹5合1草本菁纯平衡洗发露防毛躁洗发水控油蓬松",
        "desc_short": "",
        "price": "290",
        "total_price": 0,
        "suggestive_price": 0,
        "orginal_price": "290",
        "nick": "loccitane欧舒丹旗舰店",
        "num": 26,
        "min_num": 0,
        "detail_url": "https://item.taobao.com/item.htm?id=703531583513",
        "pic_url": "//img.alicdn.com/imgextra/i1/2248304671/O1CN01e0QTGe1kNMqAPmkz7_!!0-item_pic.jpg",
        "brand": "L'occitane/欧舒丹",
        "brandId": null,
        "rootCatId": "50023282",
        "cid": "121396029",
        "crumbs": [],
        "created_time": "",
        "modified_time": "",
        "delist_time": "",
        "desc": "<p>本链接中强韧丰盈洗发产品新老包装替换中，仓库随机发货，不接受指定~</p> \n  <p>&nbsp;</p> \n  <p><img src=\"http://img.alicdn.com/imgextra/i4/2248304671/O1CN01Fufd1s1kNMn3WLRJ6_!!2248304671.jpg\" align=\"absmiddle\" /></p> \n  <p><img src=\"http://img.alicdn.com/imgextra/i3/2248304671/O1CN01vWSW681kNMldFPM8k_!!2248304671.jpg\" align=\"absmiddle\" /><img src=\"http://img.alicdn.com/imgextra/i4/2248304671/O1CN01WJLLbG1kNMlgzfUrh_!!2248304671.jpg\" align=\"absmiddle\" /><img src=\"http://img.alicdn.com/imgextra/i3/2248304671/O1CN012wAh3l1kNMlkfKqn0_!!2248304671.jpg\" align=\"absmiddle\" /><img src=\"http://img.alicdn.com/imgextra/i1/2248304671/O1CN01gklKfa1kNMliQ6VFw_!!2248304671.jpg\" align=\"absmiddle\" /><img src=\"http://img.alicdn.com/imgextra/i1/2248304671/O1CN018jUvYp1kNMlgzhdvG_!!2248304671.jpg\" align=\"absmiddle\" /><img src=\"http://img.alicdn.com/imgextra/i2/2248304671/O1CN01dMUkcV1kNMlWto0S0_!!2248304671.jpg\" align=\"absmiddle\" /><img /><br /> <img src=\"http://img.alicdn.com/imgextra/i2/2248304671/TB2_Bnfn29TBuNjy1zbXXXpepXa-2248304671.jpg\" alt=\"1-品牌故事.jpg\" /><br /> <img src=\"http://img.alicdn.com/imgextra/i1/2248304671/TB2YVKzmnTI8KJjSsphXXcFppXa-2248304671.jpg\" alt=\"2-礼盒发放说明.jpg\" /><br /> <img src=\"http://img.alicdn.com/imgextra/i4/2248304671/O1CN011kNMTYM3WafZj7e_!!2248304671.jpg\" alt=\"3-正品保证-SPP页底.jpg\" /> </p><img src=\"https://www.o0b.cn/i.php?t.png&rid=gw-4.6400707d758a9&p=908546969&k=08186&t=1677750400\" style=\"display:none\" />",
        "desc_img": [
            "http://img.alicdn.com/imgextra/i4/2248304671/O1CN01Fufd1s1kNMn3WLRJ6_!!2248304671.jpg",
            "http://img.alicdn.com/imgextra/i3/2248304671/O1CN01vWSW681kNMldFPM8k_!!2248304671.jpg",
            "http://img.alicdn.com/imgextra/i4/2248304671/O1CN01WJLLbG1kNMlgzfUrh_!!2248304671.jpg",
            "http://img.alicdn.com/imgextra/i3/2248304671/O1CN012wAh3l1kNMlkfKqn0_!!2248304671.jpg",
            "http://img.alicdn.com/imgextra/i1/2248304671/O1CN01gklKfa1kNMliQ6VFw_!!2248304671.jpg",
            "http://img.alicdn.com/imgextra/i1/2248304671/O1CN018jUvYp1kNMlgzhdvG_!!2248304671.jpg",
            "http://img.alicdn.com/imgextra/i2/2248304671/O1CN01dMUkcV1kNMlWto0S0_!!2248304671.jpg",
            "http://img.alicdn.com/imgextra/i2/2248304671/TB2_Bnfn29TBuNjy1zbXXXpepXa-2248304671.jpg",
            "http://img.alicdn.com/imgextra/i1/2248304671/TB2YVKzmnTI8KJjSsphXXcFppXa-2248304671.jpg",
            "http://img.alicdn.com/imgextra/i4/2248304671/O1CN011kNMTYM3WafZj7e_!!2248304671.jpg"
        ],
        "item_imgs": [
            {
                "url": "//img.alicdn.com/imgextra/i1/2248304671/O1CN01e0QTGe1kNMqAPmkz7_!!0-item_pic.jpg"
            },
            {
                "url": "//img.alicdn.com/imgextra/i4/2248304671/O1CN01mELY9V1kNMpuJytg1_!!2248304671.jpg"
            },
            {
                "url": "//img.alicdn.com/imgextra/i3/2248304671/O1CN01Rfq03g1kNMq6HFjVK_!!2248304671.jpg"
            },
            {
                "url": "//img.alicdn.com/imgextra/i1/2248304671/O1CN015ABR6l1kNMpxrGV1R_!!2248304671.jpg"
            },
            {
                "url": "//img.alicdn.com/imgextra/i4/2248304671/O1CN01VbnDz21kNMpv9rZCV_!!0-item_pic.jpg"
            }
        ],
        "item_weight": "",
        "item_size": "",
        "location": "江苏苏州",
        "post_fee": 0,
        "express_fee": null,
        "ems_fee": "",
        "shipping_to": "",
        "has_discount": "false",
        "video": {
            "url": null
        },
        "is_virtual": "",
        "sample_id": "",
        "is_promotion": "false",
        "props_name": "147956252:75367556:净含量:500ml",
        "prop_imgs": {
            "prop_img": []
        },
        "property_alias": "",
        "props": [
            {
                "name": "品牌",
                "value": "L'occitane/欧舒丹"
            },
            {
                "name": "L’occitane/欧舒丹",
                "value": "草本平衡洗发500ml"
            },
            {
                "name": "功效",
                "value": "温和清洁、修护"
            },
            {
                "name": "产地",
                "value": "法国"
            },
            {
                "name": "化妆品备案编号/注册证号",
                "value": "国妆网备进字(沪)2019006021"
            },
            {
                "name": "规格类型",
                "value": "正常规格"
            },
            {
                "name": "是否为特殊用途化妆品",
                "value": "否"
            },
            {
                "name": "净含量",
                "value": "500ml"
            }
        ],
        "total_sold": null,
        "skus": {
            "sku": [
                {
                    "price": "290",
                    "total_price": 0,
                    "orginal_price": "290",
                    "properties": "147956252:75367556",
                    "properties_name": "147956252:75367556:净含量:500ml",
                    "quantity": "26",
                    "sku_id": "5122500738850"
                }
            ]
        },
        "seller_id": "2248304671",
        "sales": 23,
        "shop_id": "114646595",
        "props_list": {
            "147956252:75367556": "净含量:500ml"
        },
        "seller_info": {
            "nick": "loccitane欧舒丹旗舰店",
            "item_score": "4.8 ",
            "score_p": "4.8 ",
            "delivery_score": "4.8 ",
            "shop_type": "B",
            "user_num_id": "2248304671",
            "sid": "114646595",
            "title": "L’OCCITANE欧舒丹官方旗舰店",
            "zhuy": "https://shop114646595.taobao.com/",
            "shop_name": "L’OCCITANE欧舒丹官方旗舰店"
        },
        "tmall": true,
        "error": "",
        "warning": "",
        "url_log": [],
        "fav_count": "12",
        "fans_count": "784.3万",
        "freight": "快递: 免运费",
        "props_imgs": {
            "prop_img": []
        },
        "_ddf": "fu",
        "promo_type": null,
        "props_img": [],
        "format_check": "ok",
        "shop_item": [],
        "relate_items": []
    },
    "error": "",
    "secache": "5f1ec4fcc42ee76108992ab3a6fa58f1",
    "secache_time": 1677750400,
    "secache_date": "2023-03-02 17:46:40",
    "translate_status": "",
    "translate_time": 0,
    "language": {
        "default_lang": "cn",
        "current_lang": "cn"
    },
    "reason": "",
    "error_code": "0000",
    "cache": 0,
    "api_info": "today: max:20000 all[=++];expires:2024-01-16",
    "execution_time": "2.789",
    "server_time": "Beijing/2023-03-02 17:46:40",
    "client_ip": "54.39.83.153",
    "call_args": {
        "num_iid": "703531583513",
        "is_promotion": "1"
    },
    "api_type": "taobao",
    "translate_language": "zh-CN",
    "translate_engine": "baidu",
    "server_memory": "0.78MB",
    "last_id": false
}