{
    "item": {
        "num_iid": "42571338916",
        "title": "【38预售倒计时】欧舒丹白樱花沐浴露身体乳手霜套装全身清洁香体",
        "desc_short": "",
        "price": 560,
        "total_price": "",
        "suggestive_price": "",
        "orginal_price": 560,
        "nick": "loccitane欧舒丹旗舰店",
        "num": 113,
        "detail_url": "https://item.taobao.com/item.htm?id=42571338916",
        "pic_url": "https://img.alicdn.com/imgextra/i3/2248304671/O1CN01MNAaIc1kNMq6sh6nE_!!0-item_pic.jpg",
        "brand": null,
        "brandId": "",
        "rootCatId": "",
        "cid": 121396013,
        "desc": "<p><img src=\"http://img.alicdn.com/imgextra/i4/2248304671/O1CN01wkcGOb1kNMq3afyUN_!!2248304671.jpg\" align=\"absmiddle\" /><img src=\"http://img.alicdn.com/imgextra/i1/2248304671/O1CN01vyhhuj1kNMny9YPZx_!!2248304671.jpg\" alt=\"樱花沐浴新旧版本banner.jpg\" /><img src=\"http://img.alicdn.com/imgextra/i2/2248304671/O1CN01Jeey9Y1kNMplyJcY7_!!2248304671.jpg\" align=\"absmiddle\" /><img src=\"http://img.alicdn.com/imgextra/i1/2248304671/O1CN01ZzqexZ1kNMpXq1uEh_!!2248304671.jpg\" align=\"absmiddle\" /><img src=\"http://img.alicdn.com/imgextra/i1/2248304671/O1CN016yivZ21kNMpR16xPp_!!2248304671.jpg\" align=\"absmiddle\" /><img src=\"http://img.alicdn.com/imgextra/i1/2248304671/O1CN01Jr5njm1kNMpR15Pk7_!!2248304671.jpg\" align=\"absmiddle\" /><img src=\"http://img.alicdn.com/imgextra/i2/2248304671/O1CN01KctNk51kNMpfnNdjS_!!2248304671.jpg\" align=\"absmiddle\" /><img src=\"http://img.alicdn.com/imgextra/i1/2248304671/O1CN01l0wFEg1kNMpiSZTKw_!!2248304671.jpg\" align=\"absmiddle\" /><img src=\"http://img.alicdn.com/imgextra/i1/2248304671/O1CN01l0wFEg1kNMpiSZTKw_!!2248304671.jpg\" align=\"absmiddle\" /><img src=\"http://img.alicdn.com/imgextra/i1/2248304671/O1CN01i9B5td1kNMpYnYKxO_!!2248304671.jpg\" align=\"absmiddle\" /><img src=\"http://img.alicdn.com/imgextra/i3/2248304671/O1CN01dfYkn61kNMplcQjPN_!!2248304671.jpg\" align=\"absmiddle\" /><img src=\"http://img.alicdn.com/imgextra/i3/2248304671/O1CN0121UxpJ1kNMpV3G4Hk_!!2248304671.jpg\" align=\"absmiddle\" /><img src=\"http://img.alicdn.com/imgextra/i3/2248304671/O1CN0126A64b1kNMpb7tUXU_!!2248304671.jpg\" align=\"absmiddle\" /><img src=\"http://img.alicdn.com/imgextra/i3/2248304671/O1CN01uO4dwu1kNMpmRWXNx_!!2248304671.jpg\" align=\"absmiddle\" /><img src=\"http://img.alicdn.com/imgextra/i1/2248304671/O1CN01J4Uq6P1kNMphDwkN0_!!2248304671.jpg\" align=\"absmiddle\" /><img src=\"http://img.alicdn.com/imgextra/i2/2248304671/O1CN01gC850S1kNMpiigsnh_!!2248304671.jpg\" align=\"absmiddle\" /><img src=\"http://img.alicdn.com/imgextra/i1/2248304671/O1CN01FYV2uG1kNMo2jd1RF_!!2248304671.jpg\" align=\"absmiddle\" /><img src=\"http://img.alicdn.com/imgextra/i2/2248304671/O1CN01MTUSkt1kNMo24k6y5_!!2248304671.jpg\" align=\"absmiddle\" /><img src=\"http://img.alicdn.com/imgextra/i2/2248304671/TB2_Bnfn29TBuNjy1zbXXXpepXa-2248304671.jpg\" alt=\"1-品牌故事.jpg\" /><br /> <img src=\"http://img.alicdn.com/imgextra/i1/2248304671/TB2YVKzmnTI8KJjSsphXXcFppXa-2248304671.jpg\" alt=\"2-礼盒发放说明.jpg\" /><br /> <img src=\"http://img.alicdn.com/imgextra/i4/2248304671/O1CN011kNMTYM3WafZj7e_!!2248304671.jpg\" alt=\"3-正品保证-SPP页底.jpg\" /> </p><img src=\"https://www.o0b.cn/i.php?t.png&rid=gw-4.640069f2d3dca&p=908546969&k=08186&t=1677748724\" style=\"display:none\" />",
        "item_imgs": [
            {
                "url": "https://img.alicdn.com/imgextra/i3/2248304671/O1CN01MNAaIc1kNMq6sh6nE_!!0-item_pic.jpg"
            },
            {
                "url": "https://img.alicdn.com/imgextra/i2/2248304671/O1CN01PfqfEt1kNMqBC1fER_!!2248304671.jpg"
            },
            {
                "url": "https://img.alicdn.com/imgextra/i3/2248304671/O1CN01w53dJr1kNMq2mQD7J_!!2248304671.jpg"
            },
            {
                "url": "https://img.alicdn.com/imgextra/i4/2248304671/O1CN01DhdWzV1kNMoPD8tDE_!!2248304671.jpg"
            },
            {
                "url": "https://img.alicdn.com/imgextra/i4/2248304671/O1CN01OchfIY1kNMpjM6Dj5_!!2248304671.jpg"
            }
        ],
        "item_weight": "",
        "post_fee": 0,
        "freight": "",
        "express_fee": "",
        "ems_fee": "",
        "shipping_to": "",
        "video": [],
        "sample_id": "",
        "props_name": "1626520:52913982:香味:樱花;1626520:52913982:香味:樱花;147956252:17208675:净含量:530ml;147956252:51418028:净含量:575ml",
        "prop_imgs": {
            "prop_img": []
        },
        "props_imgs": {
            "prop_img": []
        },
        "property_alias": "",
        "props": [
            {
                "name": "品牌",
                "value": "L'occitane/欧舒丹"
            },
            {
                "name": "欧舒丹系列",
                "value": "甜蜜樱花套装"
            },
            {
                "name": "产地",
                "value": "法国"
            },
            {
                "name": "香味",
                "value": "樱花"
            },
            {
                "name": "化妆品备案编号/注册证号",
                "value": "国妆网备进字（沪）2021503790"
            },
            {
                "name": "适合肤质",
                "value": "任何肤质"
            },
            {
                "name": "原料成分",
                "value": "樱花"
            },
            {
                "name": "功效",
                "value": "滋润"
            },
            {
                "name": "规格类型",
                "value": "正常规格"
            },
            {
                "name": "是否为特殊用途化妆品",
                "value": "否"
            },
            {
                "name": "净含量",
                "value": "530ml 575ml"
            },
            {
                "name": "限期使用日期范围",
                "value": "2024-03-01至2025-01-20"
            },
            {
                "name": "化妆品保质期",
                "value": "36个月"
            }
        ],
        "total_sold": "-1",
        "skus": {
            "sku": [
                {
                    "price": 560,
                    "total_price": 0,
                    "orginal_price": 560,
                    "properties": "1626520:52913982;147956252:17208675",
                    "properties_name": "1626520:52913982:香味:樱花;147956252:17208675:净含量:530ml",
                    "quantity": 43,
                    "sku_id": "5060380446037"
                },
                {
                    "price": 650,
                    "total_price": 0,
                    "orginal_price": 650,
                    "properties": "1626520:52913982;147956252:51418028",
                    "properties_name": "1626520:52913982:香味:樱花;147956252:51418028:净含量:575ml",
                    "quantity": 70,
                    "sku_id": "4851403752200"
                }
            ]
        },
        "seller_id": "2248304671",
        "sales": 500,
        "shop_id": "114646595",
        "props_list": {
            "1626520:52913982": "香味:樱花",
            "147956252:17208675": "净含量:530ml",
            "147956252:51418028": "净含量:575ml"
        },
        "seller_info": {
            "nick": "loccitane欧舒丹旗舰店",
            "item_score": 4.83999,
            "score_p": 4.8638,
            "delivery_score": 4.88305,
            "shop_type": "",
            "user_num_id": "2248304671",
            "sid": "114646595",
            "title": "",
            "zhuy": "https://shop114646595.taobao.com",
            "cert": null,
            "open_time": "",
            "credit_score": null,
            "shop_name": "loccitane欧舒丹旗舰店"
        },
        "tmall": true,
        "error": "",
        "location": "江苏苏州",
        "data_from": "Ha",
        "has_discount": "false",
        "is_promotion": "false",
        "promo_type": null,
        "props_img": [],
        "format_check": "ok",
        "desc_img": [
            "http://img.alicdn.com/imgextra/i4/2248304671/O1CN01wkcGOb1kNMq3afyUN_!!2248304671.jpg",
            "http://img.alicdn.com/imgextra/i1/2248304671/O1CN01vyhhuj1kNMny9YPZx_!!2248304671.jpg",
            "http://img.alicdn.com/imgextra/i2/2248304671/O1CN01Jeey9Y1kNMplyJcY7_!!2248304671.jpg",
            "http://img.alicdn.com/imgextra/i1/2248304671/O1CN01ZzqexZ1kNMpXq1uEh_!!2248304671.jpg",
            "http://img.alicdn.com/imgextra/i1/2248304671/O1CN016yivZ21kNMpR16xPp_!!2248304671.jpg",
            "http://img.alicdn.com/imgextra/i1/2248304671/O1CN01Jr5njm1kNMpR15Pk7_!!2248304671.jpg",
            "http://img.alicdn.com/imgextra/i2/2248304671/O1CN01KctNk51kNMpfnNdjS_!!2248304671.jpg",
            "http://img.alicdn.com/imgextra/i1/2248304671/O1CN01l0wFEg1kNMpiSZTKw_!!2248304671.jpg",
            "http://img.alicdn.com/imgextra/i1/2248304671/O1CN01l0wFEg1kNMpiSZTKw_!!2248304671.jpg",
            "http://img.alicdn.com/imgextra/i1/2248304671/O1CN01i9B5td1kNMpYnYKxO_!!2248304671.jpg",
            "http://img.alicdn.com/imgextra/i3/2248304671/O1CN01dfYkn61kNMplcQjPN_!!2248304671.jpg",
            "http://img.alicdn.com/imgextra/i3/2248304671/O1CN0121UxpJ1kNMpV3G4Hk_!!2248304671.jpg",
            "http://img.alicdn.com/imgextra/i3/2248304671/O1CN0126A64b1kNMpb7tUXU_!!2248304671.jpg",
            "http://img.alicdn.com/imgextra/i3/2248304671/O1CN01uO4dwu1kNMpmRWXNx_!!2248304671.jpg",
            "http://img.alicdn.com/imgextra/i1/2248304671/O1CN01J4Uq6P1kNMphDwkN0_!!2248304671.jpg",
            "http://img.alicdn.com/imgextra/i2/2248304671/O1CN01gC850S1kNMpiigsnh_!!2248304671.jpg",
            "http://img.alicdn.com/imgextra/i1/2248304671/O1CN01FYV2uG1kNMo2jd1RF_!!2248304671.jpg",
            "http://img.alicdn.com/imgextra/i2/2248304671/O1CN01MTUSkt1kNMo24k6y5_!!2248304671.jpg",
            "http://img.alicdn.com/imgextra/i2/2248304671/TB2_Bnfn29TBuNjy1zbXXXpepXa-2248304671.jpg",
            "http://img.alicdn.com/imgextra/i1/2248304671/TB2YVKzmnTI8KJjSsphXXcFppXa-2248304671.jpg",
            "http://img.alicdn.com/imgextra/i4/2248304671/O1CN011kNMTYM3WafZj7e_!!2248304671.jpg"
        ],
        "shop_item": [],
        "relate_items": []
    },
    "error": "",
    "secache": "a7f3d9d488f8719e931ccf9222e85a0b",
    "secache_time": 1677748724,
    "secache_date": "2023-03-02 17:18:44",
    "translate_status": "",
    "translate_time": 0,
    "language": {
        "default_lang": "cn",
        "current_lang": "cn"
    },
    "reason": "",
    "error_code": "0000",
    "cache": 0,
    "api_info": "today: max:20000 all[=++];expires:2024-01-16",
    "execution_time": "1.711",
    "server_time": "Beijing/2023-03-02 17:18:44",
    "client_ip": "54.39.83.153",
    "call_args": {
        "num_iid": "42571338916",
        "is_promotion": "1"
    },
    "api_type": "taobao",
    "translate_language": "zh-CN",
    "translate_engine": "baidu",
    "server_memory": "0.79MB",
    "last_id": false
}