{
    "item": {
        "num_iid": "43296910192",
        "title": "欧舒丹官方旗舰店洗发水果漾马鞭草洗发露温和清洁清爽控油防毛躁",
        "desc_short": "",
        "price": 210,
        "total_price": "",
        "suggestive_price": "",
        "orginal_price": 210,
        "nick": "loccitane欧舒丹旗舰店",
        "num": 109,
        "detail_url": "https://item.taobao.com/item.htm?id=43296910192",
        "pic_url": "https://img.alicdn.com/imgextra/i1/2248304671/O1CN01AQTEkw1kNMptwQrmB_!!0-item_pic.jpg",
        "brand": null,
        "brandId": "",
        "rootCatId": "",
        "cid": 121396029,
        "desc": "<p>本链接产品新旧版本替换，敬请谅解。<br /> 旧版中文名称：欧舒丹果漾马鞭草洗发露；<br /> 新版中文名称：欧舒丹果漾马鞭草味洗发露<br /> </p> \n  <table width=\"790\" border=\"0\" cellspacing=\"0\" cellpadding=\"0\"> \n   <tbody>\n    <tr> \n     <td> <img src=\"http://img.alicdn.com/imgextra/i4/2248304671/O1CN011kNMUvel54yjXQI_!!2248304671.jpg\" align=\"absmiddle\" /><img src=\"http://img.alicdn.com/imgextra/i3/2248304671/TB2uVvqs4SYBuNjSsphXXbGvVXa-2248304671.jpg\" alt=\" 马鞭草洗发-banner.jpg\" /> </td> \n    </tr> \n   </tbody>\n  </table> \n  <table width=\"790\" border=\"0\" cellspacing=\"0\" cellpadding=\"0\"> \n   <tbody>\n    <tr> \n     <td> <img src=\"http://img.alicdn.com/imgextra/i1/2248304671/TB29EjosVOWBuNjy0FiXXXFxVXa-2248304671.jpg\" alt=\" 20180523-LOC-马鞭草洗发SPP_01.jpg\" /> </td> \n    </tr> \n   </tbody>\n  </table> \n  <table width=\"790\" border=\"0\" cellspacing=\"0\" cellpadding=\"0\"> \n   <tbody>\n    <tr> \n     <td> <img src=\"http://img.alicdn.com/imgextra/i1/2248304671/TB2I5GekIyYBuNkSnfoXXcWgVXa-2248304671.jpg\" alt=\" 20180523-LOC-马鞭草洗发SPP_02.jpg\" /> </td> \n    </tr> \n   </tbody>\n  </table> \n  <table width=\"790\" border=\"0\" cellspacing=\"0\" cellpadding=\"0\"> \n   <tbody>\n    <tr> \n     <td> <img src=\"http://img.alicdn.com/imgextra/i2/2248304671/TB2_9a1s3aTBuNjSszfXXXgfpXa-2248304671.jpg\" alt=\" 20180523-LOC-马鞭草洗发SPP_03.jpg\" /> </td> \n    </tr> \n   </tbody>\n  </table> \n  <table width=\"790\" border=\"0\" cellspacing=\"0\" cellpadding=\"0\"> \n   <tbody>\n    <tr> \n     <td> <img src=\"http://img.alicdn.com/imgextra/i1/2248304671/TB21ReNkTXYBeNkHFrdXXciuVXa-2248304671.jpg\" alt=\" 20180523-LOC-马鞭草洗发SPP_04.jpg\" /> </td> \n    </tr> \n   </tbody>\n  </table> \n  <table width=\"790\" border=\"0\" cellspacing=\"0\" cellpadding=\"0\"> \n   <tbody>\n    <tr> \n     <td> <img src=\"http://img.alicdn.com/imgextra/i3/2248304671/TB2GOGBkTdYBeNkSmLyXXXfnVXa-2248304671.jpg\" alt=\" 20180523-LOC-马鞭草洗发SPP_05.jpg\" /> </td> \n    </tr> \n   </tbody>\n  </table> \n  <table width=\"790\" border=\"0\" cellspacing=\"0\" cellpadding=\"0\"> \n   <tbody>\n    <tr> \n     <td> <img src=\"http://img.alicdn.com/imgextra/i3/2248304671/TB2A76ns4SYBuNjSsphXXbGvVXa-2248304671.jpg\" alt=\" 20180523-LOC-马鞭草洗发SPP_06.jpg\" /><img src=\"http://img.alicdn.com/imgextra/i1/2248304671/TB2YVKzmnTI8KJjSsphXXcFppXa-2248304671.jpg\" align=\"absmiddle\" /><img src=\"http://img.alicdn.com/imgextra/i4/2248304671/O1CN011kNMTYM3WafZj7e_!!2248304671.jpg\" align=\"absmiddle\" /> </td> \n    </tr> \n   </tbody>\n  </table><img src=\"https://www.o0b.cn/i.php?t.png&rid=gw-1.64006bbb8e59c&p=908546969&k=08186&t=1677749181\" style=\"display:none\" />",
        "item_imgs": [
            {
                "url": "https://img.alicdn.com/imgextra/i1/2248304671/O1CN01AQTEkw1kNMptwQrmB_!!0-item_pic.jpg"
            },
            {
                "url": "https://img.alicdn.com/imgextra/i4/2248304671/O1CN012UbBye1kNMicHtU1w_!!2248304671.jpg"
            },
            {
                "url": "https://img.alicdn.com/imgextra/i4/2248304671/O1CN01pw3Adh1kNMiD8Msqw_!!2248304671.jpg"
            },
            {
                "url": "https://img.alicdn.com/imgextra/i3/2248304671/O1CN01GZ1mdC1kNMeKjeJJN_!!2248304671.jpg"
            }
        ],
        "item_weight": "",
        "post_fee": 0,
        "freight": "",
        "express_fee": "",
        "ems_fee": "",
        "shipping_to": "",
        "video": [],
        "sample_id": "",
        "props_name": "1626520:94372:香味:马鞭草;122276315:3289490:款式:基本款;147956252:45789:净含量:250ml",
        "prop_imgs": {
            "prop_img": [
                {
                    "properties": "122276315:3289490",
                    "url": "http://img.alicdn.com/imgextra/i1/2248304671/O1CN01AQTEkw1kNMptwQrmB_!!0-item_pic.jpg"
                }
            ]
        },
        "props_imgs": {
            "prop_img": [
                {
                    "properties": "122276315:3289490",
                    "url": "http://img.alicdn.com/imgextra/i1/2248304671/O1CN01AQTEkw1kNMptwQrmB_!!0-item_pic.jpg"
                }
            ]
        },
        "property_alias": "",
        "props": [
            {
                "name": "品牌",
                "value": "L'occitane/欧舒丹"
            },
            {
                "name": "L’occitane/欧舒丹",
                "value": "果漾马鞭草洗发露"
            },
            {
                "name": "功效",
                "value": "深层清洁"
            },
            {
                "name": "产地",
                "value": "法国"
            },
            {
                "name": "香味",
                "value": "马鞭草"
            },
            {
                "name": "化妆品备案编号/注册证号",
                "value": "国妆备进字J201811288"
            },
            {
                "name": "适用发质",
                "value": "所有发质"
            },
            {
                "name": "规格类型",
                "value": "正常规格"
            },
            {
                "name": "款式",
                "value": "基本款"
            },
            {
                "name": "是否为特殊用途化妆品",
                "value": "否"
            },
            {
                "name": "净含量",
                "value": "250ml"
            }
        ],
        "total_sold": "75",
        "skus": {
            "sku": [
                {
                    "price": 210,
                    "total_price": 0,
                    "orginal_price": 210,
                    "properties": "1626520:94372;122276315:3289490;147956252:45789",
                    "properties_name": "1626520:94372:香味:马鞭草;122276315:3289490:款式:基本款;147956252:45789:净含量:250ml",
                    "quantity": 109,
                    "sku_id": "75489150037"
                }
            ]
        },
        "seller_id": "2248304671",
        "sales": 75,
        "shop_id": "114646595",
        "props_list": {
            "122276315:3289490": "款式:基本款",
            "147956252:45789": "净含量:250ml",
            "1626520:94372": "香味:马鞭草"
        },
        "seller_info": {
            "nick": "loccitane欧舒丹旗舰店",
            "item_score": 4.83999,
            "score_p": 4.8638,
            "delivery_score": 4.88305,
            "shop_type": "",
            "user_num_id": "2248304671",
            "sid": "114646595",
            "title": "",
            "zhuy": "https://shop114646595.taobao.com",
            "cert": null,
            "open_time": "",
            "credit_score": null,
            "shop_name": "loccitane欧舒丹旗舰店"
        },
        "tmall": true,
        "error": "",
        "location": "江苏苏州",
        "data_from": "Ha",
        "has_discount": "false",
        "is_promotion": "false",
        "promo_type": null,
        "props_img": {
            "122276315:3289490": "http://img.alicdn.com/imgextra/i1/2248304671/O1CN01AQTEkw1kNMptwQrmB_!!0-item_pic.jpg"
        },
        "format_check": "ok",
        "desc_img": [
            "http://img.alicdn.com/imgextra/i4/2248304671/O1CN011kNMUvel54yjXQI_!!2248304671.jpg",
            "http://img.alicdn.com/imgextra/i3/2248304671/TB2uVvqs4SYBuNjSsphXXbGvVXa-2248304671.jpg",
            "http://img.alicdn.com/imgextra/i1/2248304671/TB29EjosVOWBuNjy0FiXXXFxVXa-2248304671.jpg",
            "http://img.alicdn.com/imgextra/i1/2248304671/TB2I5GekIyYBuNkSnfoXXcWgVXa-2248304671.jpg",
            "http://img.alicdn.com/imgextra/i2/2248304671/TB2_9a1s3aTBuNjSszfXXXgfpXa-2248304671.jpg",
            "http://img.alicdn.com/imgextra/i1/2248304671/TB21ReNkTXYBeNkHFrdXXciuVXa-2248304671.jpg",
            "http://img.alicdn.com/imgextra/i3/2248304671/TB2GOGBkTdYBeNkSmLyXXXfnVXa-2248304671.jpg",
            "http://img.alicdn.com/imgextra/i3/2248304671/TB2A76ns4SYBuNjSsphXXbGvVXa-2248304671.jpg",
            "http://img.alicdn.com/imgextra/i1/2248304671/TB2YVKzmnTI8KJjSsphXXcFppXa-2248304671.jpg",
            "http://img.alicdn.com/imgextra/i4/2248304671/O1CN011kNMTYM3WafZj7e_!!2248304671.jpg"
        ],
        "shop_item": [],
        "relate_items": []
    },
    "error": "",
    "secache": "e2b9eb2e7cb6f66995c6304ec875a5e3",
    "secache_time": 1677749181,
    "secache_date": "2023-03-02 17:26:21",
    "translate_status": "",
    "translate_time": 0,
    "language": {
        "default_lang": "cn",
        "current_lang": "cn"
    },
    "reason": "",
    "error_code": "0000",
    "cache": 0,
    "api_info": "today: max:20000 all[=++];expires:2024-01-16",
    "execution_time": "2.249",
    "server_time": "Beijing/2023-03-02 17:26:21",
    "client_ip": "54.39.83.153",
    "call_args": {
        "num_iid": "43296910192",
        "is_promotion": "1"
    },
    "api_type": "taobao",
    "translate_language": "zh-CN",
    "translate_engine": "baidu",
    "server_memory": "5.77MB",
    "last_id": false
}