{
    "item": {
        "num_iid": "44449073161",
        "title": "【38节抢购】欧舒丹5合1草本精华修护油头发护发精油防干燥顺滑",
        "desc_short": "",
        "price": 305,
        "orginal_price": 305,
        "nick": "loccitane欧舒丹旗舰店",
        "num": 57,
        "pic_url": "https://img.alicdn.com/imgextra/i3/2248304671/O1CN01Ki1LWc1kNMq86QDjj_!!0-item_pic.jpg",
        "brand": null,
        "brandId": 0,
        "rootCatId": 0,
        "cid": 127738001,
        "crumbs": null,
        "detail_url": "https://item.taobao.com/item.htm?id=44449073161",
        "desc": "",
        "item_imgs": [
            {
                "url": "https://img.alicdn.com/imgextra/i3/2248304671/O1CN01Ki1LWc1kNMq86QDjj_!!0-item_pic.jpg"
            },
            {
                "url": "https://img.alicdn.com/imgextra/i2/2248304671/O1CN019bXF1C1kNMbYtuEzr_!!2248304671.jpg"
            },
            {
                "url": "https://img.alicdn.com/imgextra/i3/2248304671/O1CN01w53dJr1kNMq2mQD7J_!!2248304671.jpg"
            },
            {
                "url": "https://img.alicdn.com/imgextra/i3/2248304671/O1CN01riKfcN1kNMbYtu6gF_!!2248304671.jpg"
            },
            {
                "url": "https://img.alicdn.com/imgextra/i3/2248304671/O1CN01MGx0hN1kNMeYrEFBE_!!2248304671.jpg"
            }
        ],
        "item_weight": 0,
        "location": "江苏苏州",
        "post_fee": 0,
        "express_fee": 0,
        "ems_fee": 0,
        "shipping_to": "",
        "has_discount": "false",
        "video": [],
        "is_virtual": null,
        "sample_id": "",
        "is_promotion": "false",
        "prop_imgs": {
            "prop_img": [
                {
                    "properties": "147956252:75366294",
                    "url": "http://img.alicdn.com/imgextra/i3/2248304671/O1CN01Ki1LWc1kNMq86QDjj_!!0-item_pic.jpg"
                }
            ]
        },
        "property_alias": "",
        "props": [
            {
                "name": "品牌",
                "value": "L'occitane/欧舒丹"
            },
            {
                "name": "品名",
                "value": "5合1草本菁纯修护精油"
            },
            {
                "name": "产地",
                "value": "法国"
            },
            {
                "name": "香味",
                "value": "修护"
            },
            {
                "name": "化妆品备案编号/注册证号",
                "value": "国妆网备进字（沪）2019005727"
            },
            {
                "name": "适用发质",
                "value": "所有发质"
            },
            {
                "name": "功效",
                "value": "护发"
            },
            {
                "name": "规格类型",
                "value": "正常规格"
            },
            {
                "name": "是否为特殊用途化妆品",
                "value": "否"
            },
            {
                "name": "净含量",
                "value": "100ml"
            },
            {
                "name": "限期使用日期范围",
                "value": "2024年6月1日-2024年11月1日"
            },
            {
                "name": "主要成分",
                "value": "向日葵花提取物"
            }
        ],
        "props_name": "1626520:3320853:香味:修护;147956252:75366294:净含量:100ml",
        "total_sold": 100,
        "skus": {
            "sku": [
                {
                    "price": 305,
                    "total_price": 0,
                    "orginal_price": 305,
                    "properties": "1626520:3320853;147956252:75366294",
                    "properties_name": "1626520:3320853:香味:修护;147956252:75366294:净含量:100ml",
                    "quantity": 57,
                    "sku_id": "85743603540"
                }
            ]
        },
        "seller_id": "2248304671",
        "shop_id": "114646595",
        "props_list": {
            "147956252:75366294": "净含量:100ml",
            "1626520:3320853": "香味:修护"
        },
        "seller_info": {
            "nick": "loccitane欧舒丹旗舰店",
            "item_score": 4.84014,
            "score_p": 4.86394,
            "delivery_score": 4.88312,
            "shop_type": "",
            "user_num_id": "2248304671",
            "sid": "114646595",
            "title": "",
            "zhuy": "https://shop114646595.taobao.com",
            "cert": null,
            "open_time": "",
            "credit_score": null,
            "shop_name": "loccitane欧舒丹旗舰店"
        },
        "tmall": true,
        "update_time": "2023-03-01 09:35:35",
        "data_update": "2023-03-01 09:35:35",
        "data_f": "Ha",
        "data_from": "hid",
        "promo_type": null,
        "props_img": {
            "147956252:75366294": "http://img.alicdn.com/imgextra/i3/2248304671/O1CN01Ki1LWc1kNMq86QDjj_!!0-item_pic.jpg"
        },
        "error": null,
        "format_check": "ok",
        "sales": 0,
        "desc_img": [],
        "shop_item": [],
        "relate_items": []
    },
    "error": "",
    "secache": "dc3aa3c38a900f34861a1496196e639f",
    "secache_time": 1677749476,
    "secache_date": "2023-03-02 17:31:16",
    "translate_status": "",
    "translate_time": 0,
    "language": {
        "default_lang": "cn",
        "current_lang": "cn"
    },
    "reason": "",
    "error_code": "0000",
    "cache": 0,
    "api_info": "today: max:20000 all[=++];expires:2024-01-16",
    "execution_time": "0.271",
    "server_time": "Beijing/2023-03-02 17:31:16",
    "client_ip": "54.39.83.153",
    "call_args": {
        "num_iid": "44449073161",
        "is_promotion": "1"
    },
    "api_type": "taobao",
    "translate_language": "zh-CN",
    "translate_engine": "baidu_api",
    "server_memory": "5.79MB",
    "last_id": false
}