{
    "item": {
        "num_iid": "628854380407",
        "title": "【官方正品】欧舒丹乳木果马鞭草手部身体洁肤露300ML保湿官网",
        "desc_short": "",
        "price": "200",
        "total_price": 0,
        "suggestive_price": 0,
        "orginal_price": "200",
        "nick": "loccitane欧舒丹旗舰店",
        "num": 2,
        "min_num": 0,
        "detail_url": "https://item.taobao.com/item.htm?id=628854380407",
        "pic_url": "//img.alicdn.com/imgextra/i2/2248304671/O1CN01CjYmhX1kNMlxwQpGp_!!0-item_pic.jpg",
        "brand": "L'occitane/欧舒丹",
        "brandId": null,
        "rootCatId": "1801",
        "cid": "121386011",
        "crumbs": [],
        "created_time": "",
        "modified_time": "",
        "delist_time": "",
        "desc": "<p><img src=\"http://img.alicdn.com/imgextra/i4/2248304671/O1CN01cNcM4r1kNMetUkWg2_!!2248304671.jpg\" alt=\"20201117-LOC-乳木果马鞭草手部身体洁肤露300ML_01.jpg\" /><br /> <img src=\"http://img.alicdn.com/imgextra/i3/2248304671/O1CN01MiitF11kNMeyCEla7_!!2248304671.jpg\" alt=\"20201117-LOC-乳木果马鞭草手部身体洁肤露300ML_02.jpg\" /><br /> <img src=\"http://img.alicdn.com/imgextra/i3/2248304671/O1CN01H1W8z41kNMmMDWkZh_!!2248304671.jpg\" align=\"absmiddle\" /><br /> <img src=\"http://img.alicdn.com/imgextra/i4/2248304671/O1CN014VmWrR1kNMf4a5S5n_!!2248304671.jpg\" alt=\"20201117-LOC-乳木果马鞭草手部身体洁肤露300ML_04.jpg\" /><img src=\"http://img.alicdn.com/imgextra/i1/2248304671/O1CN01AYRMkr1kNMlGVsUAP_!!2248304671.jpg\" align=\"absmiddle\" /><br /> <img src=\"http://img.alicdn.com/imgextra/i2/2248304671/TB2_Bnfn29TBuNjy1zbXXXpepXa-2248304671.jpg\" alt=\"1-品牌故事.jpg\" /><br /> <img src=\"http://img.alicdn.com/imgextra/i1/2248304671/TB2YVKzmnTI8KJjSsphXXcFppXa-2248304671.jpg\" alt=\"2-礼盒发放说明.jpg\" /><br /> <img src=\"http://img.alicdn.com/imgextra/i4/2248304671/O1CN011kNMTYM3WafZj7e_!!2248304671.jpg\" alt=\"3-正品保证-SPP页底.jpg\" /> </p><img src=\"https://www.o0b.cn/i.php?t.png&rid=gw-3.64006f5189212&p=908546969&k=08186&t=1677750100\" style=\"display:none\" />",
        "desc_img": [
            "http://img.alicdn.com/imgextra/i4/2248304671/O1CN01cNcM4r1kNMetUkWg2_!!2248304671.jpg",
            "http://img.alicdn.com/imgextra/i3/2248304671/O1CN01MiitF11kNMeyCEla7_!!2248304671.jpg",
            "http://img.alicdn.com/imgextra/i3/2248304671/O1CN01H1W8z41kNMmMDWkZh_!!2248304671.jpg",
            "http://img.alicdn.com/imgextra/i4/2248304671/O1CN014VmWrR1kNMf4a5S5n_!!2248304671.jpg",
            "http://img.alicdn.com/imgextra/i1/2248304671/O1CN01AYRMkr1kNMlGVsUAP_!!2248304671.jpg",
            "http://img.alicdn.com/imgextra/i2/2248304671/TB2_Bnfn29TBuNjy1zbXXXpepXa-2248304671.jpg",
            "http://img.alicdn.com/imgextra/i1/2248304671/TB2YVKzmnTI8KJjSsphXXcFppXa-2248304671.jpg",
            "http://img.alicdn.com/imgextra/i4/2248304671/O1CN011kNMTYM3WafZj7e_!!2248304671.jpg"
        ],
        "item_imgs": [
            {
                "url": "//img.alicdn.com/imgextra/i2/2248304671/O1CN01CjYmhX1kNMlxwQpGp_!!0-item_pic.jpg"
            },
            {
                "url": "//img.alicdn.com/imgextra/i3/2248304671/O1CN01wgWvZz1kNMf3s8KRQ_!!2248304671.jpg"
            },
            {
                "url": "//img.alicdn.com/imgextra/i2/2248304671/O1CN01kKqFur1kNMf13bvbX_!!2248304671.jpg"
            },
            {
                "url": "//img.alicdn.com/imgextra/i3/2248304671/O1CN01GZ1mdC1kNMeKjeJJN_!!2248304671.jpg"
            }
        ],
        "item_weight": "",
        "item_size": "",
        "location": "江苏苏州",
        "post_fee": 0,
        "express_fee": null,
        "ems_fee": "",
        "shipping_to": "",
        "has_discount": "false",
        "video": {
            "url": null
        },
        "is_virtual": "",
        "sample_id": "",
        "is_promotion": "false",
        "props_name": "1626520:19229104655:香味:乳木果马鞭草香;147956252:45794:净含量:300ml",
        "prop_imgs": {
            "prop_img": []
        },
        "property_alias": "",
        "props": [
            {
                "name": "品牌",
                "value": "L'occitane/欧舒丹"
            },
            {
                "name": "欧舒丹系列",
                "value": "乳木果马鞭草手部身体洁肤露"
            },
            {
                "name": "产地",
                "value": "法国"
            },
            {
                "name": "香味",
                "value": "乳木果马鞭草香"
            },
            {
                "name": "化妆品备案编号/注册证号",
                "value": "国妆网备进字（沪）2020002727"
            },
            {
                "name": "功效",
                "value": "保湿 清洁"
            },
            {
                "name": "规格类型",
                "value": "正常规格"
            },
            {
                "name": "是否为特殊用途化妆品",
                "value": "否"
            },
            {
                "name": "净含量",
                "value": "300ml"
            },
            {
                "name": "限期使用日期范围",
                "value": "2023-08-01至2023-08-31"
            }
        ],
        "total_sold": null,
        "skus": {
            "sku": [
                {
                    "price": "200",
                    "total_price": 0,
                    "orginal_price": "200",
                    "properties": "1626520:19229104655;147956252:45794",
                    "properties_name": "1626520:19229104655:香味:乳木果马鞭草香;147956252:45794:净含量:300ml",
                    "quantity": "2",
                    "sku_id": "4470754840145"
                }
            ]
        },
        "seller_id": "2248304671",
        "sales": 38,
        "shop_id": "114646595",
        "props_list": {
            "1626520:19229104655": "香味:乳木果马鞭草香",
            "147956252:45794": "净含量:300ml"
        },
        "seller_info": {
            "nick": "loccitane欧舒丹旗舰店",
            "item_score": "4.8 ",
            "score_p": "4.8 ",
            "delivery_score": "4.8 ",
            "shop_type": "B",
            "user_num_id": "2248304671",
            "sid": "114646595",
            "title": "L’OCCITANE欧舒丹官方旗舰店",
            "zhuy": "https://shop114646595.taobao.com/",
            "shop_name": "L’OCCITANE欧舒丹官方旗舰店"
        },
        "tmall": true,
        "error": "",
        "warning": "",
        "url_log": [],
        "fav_count": "962",
        "fans_count": "784.3万",
        "freight": "快递: 免运费",
        "props_imgs": {
            "prop_img": []
        },
        "_ddf": "fu",
        "promo_type": null,
        "props_img": [],
        "format_check": "ok",
        "shop_item": [],
        "relate_items": []
    },
    "error": "",
    "secache": "ffe95e0c4bf74acd5cfbfe5c31f06704",
    "secache_time": 1677750100,
    "secache_date": "2023-03-02 17:41:40",
    "translate_status": "",
    "translate_time": 0,
    "language": {
        "default_lang": "cn",
        "current_lang": "cn"
    },
    "reason": "",
    "error_code": "0000",
    "cache": 0,
    "api_info": "today: max:20000 all[=++];expires:2024-01-16",
    "execution_time": "3.032",
    "server_time": "Beijing/2023-03-02 17:41:40",
    "client_ip": "54.39.83.153",
    "call_args": {
        "num_iid": "628854380407",
        "is_promotion": "1"
    },
    "api_type": "taobao",
    "translate_language": "zh-CN",
    "translate_engine": "baidu_api",
    "server_memory": "5.81MB",
    "last_id": false
}