{
    "item": {
        "num_iid": "611627262973",
        "title": "【38节抢购】欧舒丹手皂套装樱花护手霜香皂补水保湿伴手礼滋润",
        "desc_short": "",
        "price": 155,
        "total_price": "",
        "suggestive_price": "",
        "orginal_price": 155,
        "nick": "loccitane欧舒丹旗舰店",
        "num": 200,
        "detail_url": "https://item.taobao.com/item.htm?id=611627262973",
        "pic_url": "https://img.alicdn.com/imgextra/i3/2248304671/O1CN01WHwdZk1kNMq7y5Q5y_!!0-item_pic.jpg",
        "brand": null,
        "brandId": "",
        "rootCatId": "",
        "cid": 50011993,
        "desc": "",
        "item_imgs": [
            {
                "url": "https://img.alicdn.com/imgextra/i3/2248304671/O1CN01WHwdZk1kNMq7y5Q5y_!!0-item_pic.jpg"
            },
            {
                "url": "https://img.alicdn.com/imgextra/i3/2248304671/O1CN01Wyj3lX1kNMqCx9brH_!!2248304671.jpg"
            },
            {
                "url": "https://img.alicdn.com/imgextra/i3/2248304671/O1CN015NDEgZ1kNMq9Kc0Vm_!!2248304671.jpg"
            },
            {
                "url": "https://img.alicdn.com/imgextra/i4/2248304671/O1CN01BIliGR1kNMqAMWsnN_!!2248304671.jpg"
            },
            {
                "url": "https://img.alicdn.com/imgextra/i3/2248304671/O1CN017NCXoy1kNMq0WqtgN_!!2248304671.jpg"
            }
        ],
        "item_weight": "",
        "post_fee": 0,
        "freight": "",
        "express_fee": "",
        "ems_fee": "",
        "shipping_to": "",
        "video": [],
        "sample_id": "",
        "props_name": "1627207:9773058326:颜色分类:樱花润手霜+樱花香氛皂;1627207:9773058329:颜色分类:乳木果润手霜+牛奶味洁肤皂;1627207:23085114798:颜色分类:绵绵拿铁手霜+绵绵拿铁香皂;1627207:13092354788:颜色分类:樱花润手霜+樱花滚珠香水;1627207:21671714952:颜色分类:玫瑰手霜+玫瑰滚珠香水;1627207:13981919569:颜色分类:月桂手霜+月桂香氛皂",
        "prop_imgs": {
            "prop_img": [
                {
                    "properties": "1627207:9773058326",
                    "url": "http://img.alicdn.com/imgextra/i2/2248304671/O1CN015AMYbG1kNMoiPD4HC_!!2248304671.jpg"
                },
                {
                    "properties": "1627207:9773058329",
                    "url": "http://img.alicdn.com/imgextra/i3/2248304671/O1CN01SlZ9Du1kNMq1ROkEG_!!2248304671.jpg"
                },
                {
                    "properties": "1627207:23085114798",
                    "url": "http://img.alicdn.com/imgextra/i1/2248304671/O1CN015lwMHv1kNMoyQJvG6_!!2248304671.jpg"
                },
                {
                    "properties": "1627207:13092354788",
                    "url": "http://img.alicdn.com/imgextra/i2/2248304671/O1CN01u7Cbex1kNMobEXZAi_!!2248304671.jpg"
                },
                {
                    "properties": "1627207:21671714952",
                    "url": "http://img.alicdn.com/imgextra/i1/2248304671/O1CN01RjMp2i1kNMoiPI6Oc_!!2248304671.jpg"
                },
                {
                    "properties": "1627207:13981919569",
                    "url": "http://img.alicdn.com/imgextra/i3/2248304671/O1CN010I4MqJ1kNMobET08M_!!2248304671.jpg"
                }
            ]
        },
        "props_imgs": {
            "prop_img": [
                {
                    "properties": "1627207:9773058326",
                    "url": "http://img.alicdn.com/imgextra/i2/2248304671/O1CN015AMYbG1kNMoiPD4HC_!!2248304671.jpg"
                },
                {
                    "properties": "1627207:9773058329",
                    "url": "http://img.alicdn.com/imgextra/i3/2248304671/O1CN01SlZ9Du1kNMq1ROkEG_!!2248304671.jpg"
                },
                {
                    "properties": "1627207:23085114798",
                    "url": "http://img.alicdn.com/imgextra/i1/2248304671/O1CN015lwMHv1kNMoyQJvG6_!!2248304671.jpg"
                },
                {
                    "properties": "1627207:13092354788",
                    "url": "http://img.alicdn.com/imgextra/i2/2248304671/O1CN01u7Cbex1kNMobEXZAi_!!2248304671.jpg"
                },
                {
                    "properties": "1627207:21671714952",
                    "url": "http://img.alicdn.com/imgextra/i1/2248304671/O1CN01RjMp2i1kNMoiPI6Oc_!!2248304671.jpg"
                },
                {
                    "properties": "1627207:13981919569",
                    "url": "http://img.alicdn.com/imgextra/i3/2248304671/O1CN010I4MqJ1kNMobET08M_!!2248304671.jpg"
                }
            ]
        },
        "property_alias": "",
        "props": [
            {
                "name": "品牌",
                "value": "L'occitane/欧舒丹"
            },
            {
                "name": "面部护理套装",
                "value": "手部护理套装"
            },
            {
                "name": "产地",
                "value": "法国"
            },
            {
                "name": "颜色分类",
                "value": "樱花润手霜+樱花香氛皂 乳木果润手霜+牛奶味洁肤皂 绵绵拿铁手霜+绵绵拿铁香皂 樱花润手霜+樱花滚珠香水 玫瑰手霜+玫瑰滚珠香水 月桂手霜+月桂香氛皂"
            },
            {
                "name": "化妆品备案编号/注册证号",
                "value": "国妆网备进字（沪）2021500883"
            },
            {
                "name": "适合肤质",
                "value": "任何肤质"
            },
            {
                "name": "功效",
                "value": "保湿 滋润"
            },
            {
                "name": "规格类型",
                "value": "正常规格"
            },
            {
                "name": "是否为特殊用途化妆品",
                "value": "否"
            },
            {
                "name": "产品类别",
                "value": "普通类"
            },
            {
                "name": "限期使用日期范围",
                "value": "2024-07-02至2025-07-01"
            },
            {
                "name": "保质期",
                "value": "3年"
            }
        ],
        "total_sold": "-1",
        "skus": {
            "sku": [
                {
                    "price": 155,
                    "total_price": 0,
                    "orginal_price": 155,
                    "properties": "1627207:9773058326",
                    "properties_name": "1627207:9773058326:颜色分类:樱花润手霜+樱花香氛皂",
                    "quantity": 200,
                    "sku_id": "4303808880611"
                },
                {
                    "price": 160,
                    "total_price": 0,
                    "orginal_price": 160,
                    "properties": "1627207:9773058329",
                    "properties_name": "1627207:9773058329:颜色分类:乳木果润手霜+牛奶味洁肤皂",
                    "quantity": 200,
                    "sku_id": "4303808880610"
                },
                {
                    "price": 155,
                    "total_price": 0,
                    "orginal_price": 155,
                    "properties": "1627207:23085114798",
                    "properties_name": "1627207:23085114798:颜色分类:绵绵拿铁手霜+绵绵拿铁香皂",
                    "quantity": 92,
                    "sku_id": "4928981149429"
                },
                {
                    "price": 285,
                    "total_price": 0,
                    "orginal_price": 285,
                    "properties": "1627207:13092354788",
                    "properties_name": "1627207:13092354788:颜色分类:樱花润手霜+樱花滚珠香水",
                    "quantity": 39,
                    "sku_id": "4907225790255"
                },
                {
                    "price": 285,
                    "total_price": 0,
                    "orginal_price": 285,
                    "properties": "1627207:21671714952",
                    "properties_name": "1627207:21671714952:颜色分类:玫瑰手霜+玫瑰滚珠香水",
                    "quantity": 11,
                    "sku_id": "4907225790256"
                },
                {
                    "price": 155,
                    "total_price": 0,
                    "orginal_price": 155,
                    "properties": "1627207:13981919569",
                    "properties_name": "1627207:13981919569:颜色分类:月桂手霜+月桂香氛皂",
                    "quantity": 124,
                    "sku_id": "4683717045217"
                }
            ]
        },
        "seller_id": "2248304671",
        "sales": 1000,
        "shop_id": "114646595",
        "props_list": {
            "1627207:9773058326": "颜色分类:樱花润手霜+樱花香氛皂",
            "1627207:9773058329": "颜色分类:乳木果润手霜+牛奶味洁肤皂",
            "1627207:23085114798": "颜色分类:绵绵拿铁手霜+绵绵拿铁香皂",
            "1627207:13092354788": "颜色分类:樱花润手霜+樱花滚珠香水",
            "1627207:21671714952": "颜色分类:玫瑰手霜+玫瑰滚珠香水",
            "1627207:13981919569": "颜色分类:月桂手霜+月桂香氛皂"
        },
        "seller_info": {
            "nick": "loccitane欧舒丹旗舰店",
            "item_score": 4.83999,
            "score_p": 4.8638,
            "delivery_score": 4.88305,
            "shop_type": "",
            "user_num_id": "2248304671",
            "sid": "114646595",
            "title": "",
            "zhuy": "https://shop114646595.taobao.com",
            "cert": null,
            "open_time": "",
            "credit_score": null,
            "shop_name": "loccitane欧舒丹旗舰店"
        },
        "tmall": true,
        "error": "",
        "location": "江苏苏州",
        "data_from": "Ha",
        "has_discount": "false",
        "is_promotion": "false",
        "promo_type": null,
        "props_img": {
            "1627207:9773058326": "http://img.alicdn.com/imgextra/i2/2248304671/O1CN015AMYbG1kNMoiPD4HC_!!2248304671.jpg",
            "1627207:9773058329": "http://img.alicdn.com/imgextra/i3/2248304671/O1CN01SlZ9Du1kNMq1ROkEG_!!2248304671.jpg",
            "1627207:23085114798": "http://img.alicdn.com/imgextra/i1/2248304671/O1CN015lwMHv1kNMoyQJvG6_!!2248304671.jpg",
            "1627207:13092354788": "http://img.alicdn.com/imgextra/i2/2248304671/O1CN01u7Cbex1kNMobEXZAi_!!2248304671.jpg",
            "1627207:21671714952": "http://img.alicdn.com/imgextra/i1/2248304671/O1CN01RjMp2i1kNMoiPI6Oc_!!2248304671.jpg",
            "1627207:13981919569": "http://img.alicdn.com/imgextra/i3/2248304671/O1CN010I4MqJ1kNMobET08M_!!2248304671.jpg"
        },
        "format_check": "ok",
        "desc_img": [],
        "shop_item": [],
        "relate_items": []
    },
    "error": "",
    "secache": "d5665849ae4419e58d0f0de0e8d5ca03",
    "secache_time": 1677748779,
    "secache_date": "2023-03-02 17:19:39",
    "translate_status": "",
    "translate_time": 0,
    "language": {
        "default_lang": "cn",
        "current_lang": "cn"
    },
    "reason": "",
    "error_code": "0000",
    "cache": 0,
    "api_info": "today: max:20000 all[=++];expires:2024-01-16",
    "execution_time": "7.092",
    "server_time": "Beijing/2023-03-02 17:19:39",
    "client_ip": "54.39.83.153",
    "call_args": {
        "num_iid": "611627262973",
        "is_promotion": "1"
    },
    "api_type": "taobao",
    "translate_language": "zh-CN",
    "translate_engine": "baidu_api",
    "server_memory": "5.81MB",
    "last_id": false
}