{
    "item": {
        "num_iid": "657343519878",
        "title": "【38节抢购】欧舒丹草本纯净护发素蓬松顺滑清洁丰盈蓬松改善毛躁",
        "desc_short": "",
        "price": 210,
        "total_price": "",
        "suggestive_price": "",
        "orginal_price": 210,
        "nick": "loccitane欧舒丹旗舰店",
        "num": 25,
        "detail_url": "https://item.taobao.com/item.htm?id=657343519878",
        "pic_url": "https://img.alicdn.com/imgextra/i3/2248304671/O1CN01eTdUmb1kNMq0jaKe7_!!0-item_pic.jpg",
        "brand": null,
        "brandId": "",
        "rootCatId": "",
        "cid": 201310704,
        "desc": "<p ><img src=\"http://img.alicdn.com/imgextra/i3/2248304671/O1CN010HK34f1kNMq2lpwBy_!!2248304671.jpg\" align=\"absmiddle\" /></p> \n  <p ><img src=\"http://img.alicdn.com/imgextra/i4/2248304671/O1CN01Fufd1s1kNMn3WLRJ6_!!2248304671.jpg\" align=\"absmiddle\" /></p> \n  <img src=\"http://img.alicdn.com/imgextra/i4/2248304671/O1CN01LXgktW1kNMkZs4fqo_!!2248304671.jpg\" alt=\"20211118-LOC-草本护发合集spp-价格调整_01.jpg\" />\n  <br /> \n  <img src=\"http://img.alicdn.com/imgextra/i4/2248304671/O1CN01RheKcK1kNMkg2tnAE_!!2248304671.jpg\" alt=\"20211118-LOC-草本护发合集spp-价格调整_02.jpg\" />\n  <br /> \n  <img src=\"http://img.alicdn.com/imgextra/i2/2248304671/O1CN01WVmE6u1kNMkgiYrJB_!!2248304671.jpg\" alt=\"20211118-LOC-草本护发合集spp-价格调整_03.jpg\" />\n  <br /> \n  <img src=\"http://img.alicdn.com/imgextra/i3/2248304671/O1CN01vXWEuF1kNMkd2jR2Y_!!2248304671.jpg\" alt=\"20211118-LOC-草本护发合集spp-价格调整_04.jpg\" />\n  <br /> \n  <img src=\"http://img.alicdn.com/imgextra/i3/2248304671/O1CN01WLkdgZ1kNMkYCcNP3_!!2248304671.jpg\" alt=\"20211118-LOC-草本护发合集spp-价格调整_05.jpg\" />\n  <br /> \n  <img src=\"http://img.alicdn.com/imgextra/i2/2248304671/O1CN0118hseC1kNMkYu2Cl1_!!2248304671.jpg\" alt=\"20211118-LOC-草本护发合集spp-价格调整_06.jpg\" />\n  <br /> \n  <img src=\"http://img.alicdn.com/imgextra/i4/2248304671/O1CN01duKZvf1kNMlLM7vbZ_!!2248304671.jpg\" alt=\"草本菁纯纯净护发素背标明细.jpg\" /> \n  <img src=\"http://img.alicdn.com/imgextra/i1/2248304671/TB2YVKzmnTI8KJjSsphXXcFppXa-2248304671.jpg\" alt=\"2-礼盒发放说明.jpg\" />\n  <br /> \n  <img src=\"http://img.alicdn.com/imgextra/i4/2248304671/O1CN011kNMTYM3WafZj7e_!!2248304671.jpg\" alt=\"3-正品保证-SPP页底.jpg\" />\n  <br /><img src=\"https://www.o0b.cn/i.php?t.png&rid=gw-1.64006fd759cea&p=908546969&k=08186&t=1677750233\" style=\"display:none\" />",
        "item_imgs": [
            {
                "url": "https://img.alicdn.com/imgextra/i3/2248304671/O1CN01eTdUmb1kNMq0jaKe7_!!0-item_pic.jpg"
            },
            {
                "url": "https://img.alicdn.com/imgextra/i1/2248304671/O1CN01D8zShp1kNMqCH7v1W_!!2248304671.jpg"
            },
            {
                "url": "https://img.alicdn.com/imgextra/i3/2248304671/O1CN01w53dJr1kNMq2mQD7J_!!2248304671.jpg"
            },
            {
                "url": "https://img.alicdn.com/imgextra/i1/2248304671/O1CN012eo6Fk1kNMpx2MIs8_!!2248304671.jpg"
            },
            {
                "url": "https://img.alicdn.com/imgextra/i1/2248304671/O1CN015bnKgP1kNMphiUZTg_!!2248304671.jpg"
            }
        ],
        "item_weight": "",
        "post_fee": 0,
        "freight": "",
        "express_fee": "",
        "ems_fee": "",
        "shipping_to": "",
        "video": [],
        "sample_id": "",
        "props_name": "147956252:75367556:净含量:500ml;147956252:45789:净含量:250ml",
        "prop_imgs": {
            "prop_img": []
        },
        "props_imgs": {
            "prop_img": []
        },
        "property_alias": "",
        "props": [
            {
                "name": "品牌",
                "value": "L'occitane/欧舒丹"
            },
            {
                "name": "型号",
                "value": "5合1草本菁纯纯净护发素"
            },
            {
                "name": "产地",
                "value": "法国"
            },
            {
                "name": "化妆品备案编号/注册证号",
                "value": "国妆网备进字(沪)2019004505"
            },
            {
                "name": "是否进口",
                "value": "是"
            },
            {
                "name": "功效",
                "value": "蓬松"
            },
            {
                "name": "规格类型",
                "value": "常规单品"
            },
            {
                "name": "是否为特殊用途化妆品",
                "value": "否"
            },
            {
                "name": "是否量贩装",
                "value": "否"
            },
            {
                "name": "净含量",
                "value": "500ml 250ml"
            }
        ],
        "total_sold": "15",
        "skus": {
            "sku": [
                {
                    "price": 325,
                    "total_price": 0,
                    "orginal_price": 325,
                    "properties": "147956252:75367556",
                    "properties_name": "147956252:75367556:净含量:500ml",
                    "quantity": 11,
                    "sku_id": "4735281892109"
                },
                {
                    "price": 210,
                    "total_price": 0,
                    "orginal_price": 210,
                    "properties": "147956252:45789",
                    "properties_name": "147956252:45789:净含量:250ml",
                    "quantity": 14,
                    "sku_id": "4735281892110"
                }
            ]
        },
        "seller_id": "2248304671",
        "sales": 15,
        "shop_id": "114646595",
        "props_list": {
            "147956252:75367556": "净含量:500ml",
            "147956252:45789": "净含量:250ml"
        },
        "seller_info": {
            "nick": "loccitane欧舒丹旗舰店",
            "item_score": 4.83999,
            "score_p": 4.8638,
            "delivery_score": 4.88305,
            "shop_type": "",
            "user_num_id": "2248304671",
            "sid": "114646595",
            "title": "",
            "zhuy": "https://shop114646595.taobao.com",
            "cert": null,
            "open_time": "",
            "credit_score": null,
            "shop_name": "loccitane欧舒丹旗舰店"
        },
        "tmall": true,
        "error": "",
        "location": "江苏苏州",
        "data_from": "Ha",
        "has_discount": "false",
        "is_promotion": "false",
        "promo_type": null,
        "props_img": [],
        "format_check": "ok",
        "desc_img": [
            "http://img.alicdn.com/imgextra/i3/2248304671/O1CN010HK34f1kNMq2lpwBy_!!2248304671.jpg",
            "http://img.alicdn.com/imgextra/i4/2248304671/O1CN01Fufd1s1kNMn3WLRJ6_!!2248304671.jpg",
            "http://img.alicdn.com/imgextra/i4/2248304671/O1CN01LXgktW1kNMkZs4fqo_!!2248304671.jpg",
            "http://img.alicdn.com/imgextra/i4/2248304671/O1CN01RheKcK1kNMkg2tnAE_!!2248304671.jpg",
            "http://img.alicdn.com/imgextra/i2/2248304671/O1CN01WVmE6u1kNMkgiYrJB_!!2248304671.jpg",
            "http://img.alicdn.com/imgextra/i3/2248304671/O1CN01vXWEuF1kNMkd2jR2Y_!!2248304671.jpg",
            "http://img.alicdn.com/imgextra/i3/2248304671/O1CN01WLkdgZ1kNMkYCcNP3_!!2248304671.jpg",
            "http://img.alicdn.com/imgextra/i2/2248304671/O1CN0118hseC1kNMkYu2Cl1_!!2248304671.jpg",
            "http://img.alicdn.com/imgextra/i4/2248304671/O1CN01duKZvf1kNMlLM7vbZ_!!2248304671.jpg",
            "http://img.alicdn.com/imgextra/i1/2248304671/TB2YVKzmnTI8KJjSsphXXcFppXa-2248304671.jpg",
            "http://img.alicdn.com/imgextra/i4/2248304671/O1CN011kNMTYM3WafZj7e_!!2248304671.jpg"
        ],
        "shop_item": [],
        "relate_items": []
    },
    "error": "",
    "secache": "bc37d077709a4040cb2edad726231d74",
    "secache_time": 1677750233,
    "secache_date": "2023-03-02 17:43:53",
    "translate_status": "",
    "translate_time": 0,
    "language": {
        "default_lang": "cn",
        "current_lang": "cn"
    },
    "reason": "",
    "error_code": "0000",
    "cache": 0,
    "api_info": "today: max:20000 all[=++];expires:2024-01-16",
    "execution_time": "2.635",
    "server_time": "Beijing/2023-03-02 17:43:53",
    "client_ip": "54.39.83.153",
    "call_args": {
        "num_iid": "657343519878",
        "is_promotion": "1"
    },
    "api_type": "taobao",
    "translate_language": "zh-CN",
    "translate_engine": "baidu",
    "server_memory": "5.77MB",
    "last_id": false
}