{
    "item": {
        "num_iid": "659521754046",
        "title": "欧舒丹身体乳乳木果绵绵拿铁润肤霜男女士补水保湿滋润官方正品",
        "desc_short": "",
        "price": 340,
        "total_price": "",
        "suggestive_price": "",
        "orginal_price": 340,
        "nick": "loccitane欧舒丹旗舰店",
        "num": 100,
        "detail_url": "https://item.taobao.com/item.htm?id=659521754046",
        "pic_url": "https://img.alicdn.com/imgextra/i4/2248304671/O1CN01SS33yl1kNMq7uUwR9_!!0-item_pic.jpg",
        "brand": null,
        "brandId": "",
        "rootCatId": "",
        "cid": 121396013,
        "desc": "<p><img src=\"http://img.alicdn.com/imgextra/i4/2248304671/O1CN01M6JafX1kNMoTLhF6o_!!2248304671.jpg\" alt=\"乳木果滋养润肤霜.jpg\" /><br /> <img src=\"http://img.alicdn.com/imgextra/i1/2248304671/O1CN01awalqK1kNMoqVbc05_!!2248304671.jpg\" align=\"absmiddle\" /><img src=\"http://img.alicdn.com/imgextra/i1/2248304671/O1CN019a0LyQ1kNMp0qOAF6_!!2248304671.jpg\" align=\"absmiddle\" /><img src=\"http://img.alicdn.com/imgextra/i2/2248304671/O1CN01BCcej71kNMoscsJjA_!!2248304671.jpg\" align=\"absmiddle\" /><img src=\"http://img.alicdn.com/imgextra/i1/2248304671/O1CN01kl1Adj1kNMoz1iM4q_!!2248304671.jpg\" align=\"absmiddle\" /><img src=\"http://img.alicdn.com/imgextra/i4/2248304671/O1CN01Hcotpp1kNMowxHL0D_!!2248304671.jpg\" align=\"absmiddle\" /><br /> <img src=\"http://img.alicdn.com/imgextra/i2/2248304671/TB2_Bnfn29TBuNjy1zbXXXpepXa-2248304671.jpg\" alt=\"1-品牌故事.jpg\" /><br /> <img src=\"http://img.alicdn.com/imgextra/i1/2248304671/TB2YVKzmnTI8KJjSsphXXcFppXa-2248304671.jpg\" alt=\"2-礼盒发放说明.jpg\" /><br /> <img src=\"http://img.alicdn.com/imgextra/i4/2248304671/O1CN011kNMTYM3WafZj7e_!!2248304671.jpg\" alt=\"3-正品保证-SPP页底.jpg\" /> </p><img src=\"https://www.o0b.cn/i.php?t.png&rid=gw-4.64006f659009b&p=908546969&k=08186&t=1677750119\" style=\"display:none\" />",
        "item_imgs": [
            {
                "url": "https://img.alicdn.com/imgextra/i4/2248304671/O1CN01SS33yl1kNMq7uUwR9_!!0-item_pic.jpg"
            },
            {
                "url": "https://img.alicdn.com/imgextra/i3/2248304671/O1CN01XPANgH1kNMotnwKIx_!!2248304671.jpg"
            },
            {
                "url": "https://img.alicdn.com/imgextra/i3/2248304671/O1CN01OHZlji1kNMomheNyE_!!2248304671.jpg"
            },
            {
                "url": "https://img.alicdn.com/imgextra/i3/2248304671/O1CN01MGx0hN1kNMeYrEFBE_!!2248304671.jpg"
            }
        ],
        "item_weight": "",
        "post_fee": 0,
        "freight": "",
        "express_fee": "",
        "ems_fee": "",
        "shipping_to": "",
        "video": [],
        "sample_id": "",
        "props_name": "1626520:22752559851:香味:绵绵拿铁;122276315:3289490:款式:基本款;147956252:45682:净含量:200ml",
        "prop_imgs": {
            "prop_img": [
                {
                    "properties": "122276315:3289490",
                    "url": "http://img.alicdn.com/imgextra/i4/2248304671/O1CN01SS33yl1kNMq7uUwR9_!!0-item_pic.jpg"
                }
            ]
        },
        "props_imgs": {
            "prop_img": [
                {
                    "properties": "122276315:3289490",
                    "url": "http://img.alicdn.com/imgextra/i4/2248304671/O1CN01SS33yl1kNMq7uUwR9_!!0-item_pic.jpg"
                }
            ]
        },
        "property_alias": "",
        "props": [
            {
                "name": "品牌",
                "value": "L'occitane/欧舒丹"
            },
            {
                "name": "欧舒丹系列",
                "value": "欧舒丹乳木果绵绵拿铁香氛闪光润肤霜"
            },
            {
                "name": "产地",
                "value": "法国"
            },
            {
                "name": "香味",
                "value": "绵绵拿铁"
            },
            {
                "name": "化妆品备案编号/注册证号",
                "value": "国妆网备进字（沪）2022000883"
            },
            {
                "name": "原料成分",
                "value": "乳木果"
            },
            {
                "name": "功效",
                "value": "滋润"
            },
            {
                "name": "款式",
                "value": "基本款"
            },
            {
                "name": "是否为特殊用途化妆品",
                "value": "否"
            },
            {
                "name": "净含量",
                "value": "200ml"
            },
            {
                "name": "限期使用日期范围",
                "value": "2024-01-01至2024-07-01"
            }
        ],
        "total_sold": "24",
        "skus": {
            "sku": [
                {
                    "price": 340,
                    "total_price": 0,
                    "orginal_price": 340,
                    "properties": "1626520:22752559851;122276315:3289490;147956252:45682",
                    "properties_name": "1626520:22752559851:香味:绵绵拿铁;122276315:3289490:款式:基本款;147956252:45682:净含量:200ml",
                    "quantity": 100,
                    "sku_id": "4924321597345"
                }
            ]
        },
        "seller_id": "2248304671",
        "sales": 24,
        "shop_id": "114646595",
        "props_list": {
            "122276315:3289490": "款式:基本款",
            "147956252:45682": "净含量:200ml",
            "1626520:22752559851": "香味:绵绵拿铁"
        },
        "seller_info": {
            "nick": "loccitane欧舒丹旗舰店",
            "item_score": 4.83999,
            "score_p": 4.8638,
            "delivery_score": 4.88305,
            "shop_type": "",
            "user_num_id": "2248304671",
            "sid": "114646595",
            "title": "",
            "zhuy": "https://shop114646595.taobao.com",
            "cert": null,
            "open_time": "",
            "credit_score": null,
            "shop_name": "loccitane欧舒丹旗舰店"
        },
        "tmall": true,
        "error": "",
        "location": "江苏苏州",
        "data_from": "Ha",
        "has_discount": "false",
        "is_promotion": "false",
        "promo_type": null,
        "props_img": {
            "122276315:3289490": "http://img.alicdn.com/imgextra/i4/2248304671/O1CN01SS33yl1kNMq7uUwR9_!!0-item_pic.jpg"
        },
        "format_check": "ok",
        "desc_img": [
            "http://img.alicdn.com/imgextra/i4/2248304671/O1CN01M6JafX1kNMoTLhF6o_!!2248304671.jpg",
            "http://img.alicdn.com/imgextra/i1/2248304671/O1CN01awalqK1kNMoqVbc05_!!2248304671.jpg",
            "http://img.alicdn.com/imgextra/i1/2248304671/O1CN019a0LyQ1kNMp0qOAF6_!!2248304671.jpg",
            "http://img.alicdn.com/imgextra/i2/2248304671/O1CN01BCcej71kNMoscsJjA_!!2248304671.jpg",
            "http://img.alicdn.com/imgextra/i1/2248304671/O1CN01kl1Adj1kNMoz1iM4q_!!2248304671.jpg",
            "http://img.alicdn.com/imgextra/i4/2248304671/O1CN01Hcotpp1kNMowxHL0D_!!2248304671.jpg",
            "http://img.alicdn.com/imgextra/i2/2248304671/TB2_Bnfn29TBuNjy1zbXXXpepXa-2248304671.jpg",
            "http://img.alicdn.com/imgextra/i1/2248304671/TB2YVKzmnTI8KJjSsphXXcFppXa-2248304671.jpg",
            "http://img.alicdn.com/imgextra/i4/2248304671/O1CN011kNMTYM3WafZj7e_!!2248304671.jpg"
        ],
        "shop_item": [],
        "relate_items": []
    },
    "error": "",
    "secache": "77d4458279999a27908f576a4a17809a",
    "secache_time": 1677750119,
    "secache_date": "2023-03-02 17:41:59",
    "translate_status": "",
    "translate_time": 0,
    "language": {
        "default_lang": "cn",
        "current_lang": "cn"
    },
    "reason": "",
    "error_code": "0000",
    "cache": 0,
    "api_info": "today: max:20000 all[=++];expires:2024-01-16",
    "execution_time": "2.333",
    "server_time": "Beijing/2023-03-02 17:41:59",
    "client_ip": "54.39.83.153",
    "call_args": {
        "num_iid": "659521754046",
        "is_promotion": "1"
    },
    "api_type": "taobao",
    "translate_language": "zh-CN",
    "translate_engine": "baidu",
    "server_memory": "0.78MB",
    "last_id": false
}