{
    "item": {
        "num_iid": "597868564135",
        "title": "【38节抢购】欧舒丹草本菁纯强韧丰盈头皮精华100ml强韧丰盈蓬松",
        "desc_short": "",
        "price": 290,
        "total_price": "",
        "suggestive_price": "",
        "orginal_price": 290,
        "nick": "loccitane欧舒丹旗舰店",
        "num": 89,
        "detail_url": "https://item.taobao.com/item.htm?id=597868564135",
        "pic_url": "https://img.alicdn.com/imgextra/i3/2248304671/O1CN01pjdPyS1kNMq0jdUCJ_!!0-item_pic.jpg",
        "brand": null,
        "brandId": "",
        "rootCatId": "",
        "cid": 127736001,
        "desc": "<p><img src=\"http://img.alicdn.com/imgextra/i4/2248304671/O1CN01iNrA3f1kNMlNqLp3B_!!2248304671.jpg\" alt=\"20220215-LOC-草本菁纯强韧丰盈头皮精华100ml_01.jpg\" /><br /> <img src=\"http://img.alicdn.com/imgextra/i2/2248304671/O1CN01xg05Lc1kNMlHtnGtf_!!2248304671.jpg\" alt=\"20220215-LOC-草本菁纯强韧丰盈头皮精华100ml_02.jpg\" /><br /> <img src=\"http://img.alicdn.com/imgextra/i4/2248304671/O1CN01e1dBtn1kNMlK7gAVb_!!2248304671.jpg\" alt=\"20220215-LOC-草本菁纯强韧丰盈头皮精华100ml_03.jpg\" /><br /> <img src=\"http://img.alicdn.com/imgextra/i2/2248304671/O1CN01iE7VvD1kNMla8NgdT_!!2248304671.jpg\" align=\"absmiddle\" /><br /> <img src=\"http://img.alicdn.com/imgextra/i4/2248304671/O1CN01bhzgHs1kNMlOcZaQl_!!2248304671.jpg\" alt=\"20220215-LOC-草本菁纯强韧丰盈头皮精华100ml_05.jpg\" /><br /> <img src=\"http://img.alicdn.com/imgextra/i2/2248304671/O1CN01Il6cQG1kNMlJAM0Xt_!!2248304671.jpg\" alt=\"20220215-LOC-草本菁纯强韧丰盈头皮精华100ml_06.jpg\" /><br /> <img src=\"http://img.alicdn.com/imgextra/i2/2248304671/TB2_Bnfn29TBuNjy1zbXXXpepXa-2248304671.jpg\" align=\"absmiddle\" /><img src=\"http://img.alicdn.com/imgextra/i1/2248304671/TB2YVKzmnTI8KJjSsphXXcFppXa-2248304671.jpg\" align=\"absmiddle\" /><img src=\"http://img.alicdn.com/imgextra/i4/2248304671/O1CN011kNMTYM3WafZj7e_!!2248304671.jpg\" align=\"absmiddle\" /> </p><img src=\"https://www.o0b.cn/i.php?t.png&rid=gw-1.64006d56643aa&p=908546969&k=08186&t=1677749592\" style=\"display:none\" />",
        "item_imgs": [
            {
                "url": "https://img.alicdn.com/imgextra/i3/2248304671/O1CN01pjdPyS1kNMq0jdUCJ_!!0-item_pic.jpg"
            },
            {
                "url": "https://img.alicdn.com/imgextra/i2/2248304671/O1CN01bdh5s21kNMivfgxbr_!!2248304671.jpg"
            },
            {
                "url": "https://img.alicdn.com/imgextra/i3/2248304671/O1CN01w53dJr1kNMq2mQD7J_!!2248304671.jpg"
            },
            {
                "url": "https://img.alicdn.com/imgextra/i4/2248304671/O1CN01ZryCY31kNMmYkJ8dc_!!2248304671.jpg"
            },
            {
                "url": "https://img.alicdn.com/imgextra/i3/2248304671/O1CN01GZ1mdC1kNMeKjeJJN_!!2248304671.jpg"
            }
        ],
        "item_weight": "",
        "post_fee": 0,
        "freight": "",
        "express_fee": "",
        "ems_fee": "",
        "shipping_to": "",
        "video": [],
        "sample_id": "",
        "props_name": "1626520:94521:香味:草本;147956252:75366294:净含量:100ml",
        "prop_imgs": {
            "prop_img": [
                {
                    "properties": "147956252:75366294",
                    "url": "http://img.alicdn.com/imgextra/i3/2248304671/O1CN01pjdPyS1kNMq0jdUCJ_!!0-item_pic.jpg"
                }
            ]
        },
        "props_imgs": {
            "prop_img": [
                {
                    "properties": "147956252:75366294",
                    "url": "http://img.alicdn.com/imgextra/i3/2248304671/O1CN01pjdPyS1kNMq0jdUCJ_!!0-item_pic.jpg"
                }
            ]
        },
        "property_alias": "",
        "props": [
            {
                "name": "品牌",
                "value": "L'occitane/欧舒丹"
            },
            {
                "name": "品名",
                "value": "欧舒丹5合1草本菁纯强韧丰盈头皮精华"
            },
            {
                "name": "产地",
                "value": "法国"
            },
            {
                "name": "香味",
                "value": "草本"
            },
            {
                "name": "化妆品备案编号/注册证号",
                "value": "国妆网备进字(沪)2020010959"
            },
            {
                "name": "功效",
                "value": "头皮舒缓"
            },
            {
                "name": "规格类型",
                "value": "正常规格"
            },
            {
                "name": "是否为特殊用途化妆品",
                "value": "否"
            },
            {
                "name": "净含量",
                "value": "100ml"
            },
            {
                "name": "限期使用日期范围",
                "value": "2023年11月1日-2024年4月1日"
            },
            {
                "name": "头皮护理用品分类",
                "value": "头皮护理精华"
            }
        ],
        "total_sold": "60",
        "skus": {
            "sku": [
                {
                    "price": 290,
                    "total_price": 0,
                    "orginal_price": 290,
                    "properties": "1626520:94521;147956252:75366294",
                    "properties_name": "1626520:94521:香味:草本;147956252:75366294:净含量:100ml",
                    "quantity": 89,
                    "sku_id": "4765974411057"
                }
            ]
        },
        "seller_id": "2248304671",
        "sales": 60,
        "shop_id": "114646595",
        "props_list": {
            "147956252:75366294": "净含量:100ml",
            "1626520:94521": "香味:草本"
        },
        "seller_info": {
            "nick": "loccitane欧舒丹旗舰店",
            "item_score": 4.83999,
            "score_p": 4.8638,
            "delivery_score": 4.88305,
            "shop_type": "",
            "user_num_id": "2248304671",
            "sid": "114646595",
            "title": "",
            "zhuy": "https://shop114646595.taobao.com",
            "cert": null,
            "open_time": "",
            "credit_score": null,
            "shop_name": "loccitane欧舒丹旗舰店"
        },
        "tmall": true,
        "error": "",
        "location": "江苏苏州",
        "data_from": "Ha",
        "has_discount": "false",
        "is_promotion": "false",
        "promo_type": null,
        "props_img": {
            "147956252:75366294": "http://img.alicdn.com/imgextra/i3/2248304671/O1CN01pjdPyS1kNMq0jdUCJ_!!0-item_pic.jpg"
        },
        "format_check": "ok",
        "desc_img": [
            "http://img.alicdn.com/imgextra/i4/2248304671/O1CN01iNrA3f1kNMlNqLp3B_!!2248304671.jpg",
            "http://img.alicdn.com/imgextra/i2/2248304671/O1CN01xg05Lc1kNMlHtnGtf_!!2248304671.jpg",
            "http://img.alicdn.com/imgextra/i4/2248304671/O1CN01e1dBtn1kNMlK7gAVb_!!2248304671.jpg",
            "http://img.alicdn.com/imgextra/i2/2248304671/O1CN01iE7VvD1kNMla8NgdT_!!2248304671.jpg",
            "http://img.alicdn.com/imgextra/i4/2248304671/O1CN01bhzgHs1kNMlOcZaQl_!!2248304671.jpg",
            "http://img.alicdn.com/imgextra/i2/2248304671/O1CN01Il6cQG1kNMlJAM0Xt_!!2248304671.jpg",
            "http://img.alicdn.com/imgextra/i2/2248304671/TB2_Bnfn29TBuNjy1zbXXXpepXa-2248304671.jpg",
            "http://img.alicdn.com/imgextra/i1/2248304671/TB2YVKzmnTI8KJjSsphXXcFppXa-2248304671.jpg",
            "http://img.alicdn.com/imgextra/i4/2248304671/O1CN011kNMTYM3WafZj7e_!!2248304671.jpg"
        ],
        "shop_item": [],
        "relate_items": []
    },
    "error": "",
    "secache": "485920a9f7961184d0c2c168b1223c5b",
    "secache_time": 1677749592,
    "secache_date": "2023-03-02 17:33:12",
    "translate_status": "",
    "translate_time": 0,
    "language": {
        "default_lang": "cn",
        "current_lang": "cn"
    },
    "reason": "",
    "error_code": "0000",
    "cache": 0,
    "api_info": "today: max:20000 all[=++];expires:2024-01-16",
    "execution_time": "2.544",
    "server_time": "Beijing/2023-03-02 17:33:12",
    "client_ip": "54.39.83.153",
    "call_args": {
        "num_iid": "597868564135",
        "is_promotion": "1"
    },
    "api_type": "taobao",
    "translate_language": "zh-CN",
    "translate_engine": "baidu",
    "server_memory": "5.77MB",
    "last_id": false
}