{
    "item": {
        "num_iid": "42977450325",
        "title": "【88VIP】欧舒丹护手霜套装乳木果手霜男女补水保湿滋润节日礼物",
        "desc_short": "",
        "price": 380,
        "total_price": "",
        "suggestive_price": "",
        "orginal_price": 380,
        "nick": "loccitane欧舒丹旗舰店",
        "num": 200,
        "detail_url": "https://item.taobao.com/item.htm?id=42977450325",
        "pic_url": "https://img.alicdn.com/imgextra/i1/2248304671/O1CN01pdp1E91kNMq8dsTi3_!!2248304671.jpg",
        "brand": null,
        "brandId": "",
        "rootCatId": "",
        "cid": 121452007,
        "desc": "<p>亲爱的丹粉，即日起欧舒丹手霜包装陆续升级，仓库新旧版本随机发货，新版手霜增加封口标识，不接受发货指定；</p> \n  <img src=\"http://img.alicdn.com/imgextra/i3/2248304671/O1CN01bOR8Fm1kNMoraZS58_!!2248304671.jpg\" alt=\"20220927-LOC-D11限定4支手霜_01.jpg\" />\n  <br /> \n  <img src=\"http://img.alicdn.com/imgextra/i2/2248304671/O1CN01nmUHqf1kNMo1vwdwQ_!!2248304671.jpg\" alt=\"20220927-LOC-D11限定4支手霜_02.jpg\" />\n  <br /> \n  <img src=\"http://img.alicdn.com/imgextra/i2/2248304671/O1CN01sxv3tT1kNMo0RnIY1_!!2248304671.jpg\" alt=\"20220927-LOC-D11限定4支手霜_03.jpg\" />\n  <br /> \n  <img src=\"http://img.alicdn.com/imgextra/i1/2248304671/O1CN01TZPBNm1kNMoqqFuMK_!!2248304671.jpg\" alt=\"20220927-LOC-D11限定4支手霜_04.jpg\" />\n  <br /> \n  <img src=\"http://img.alicdn.com/imgextra/i3/2248304671/O1CN01baihV41kNMnzg2nUv_!!2248304671.jpg\" alt=\"20220927-LOC-D11限定4支手霜_05.jpg\" />\n  <br /> \n  <p> <img src=\"http://img.alicdn.com/imgextra/i2/2248304671/TB2_Bnfn29TBuNjy1zbXXXpepXa-2248304671.jpg\" align=\"absmiddle\" /> <img src=\"http://img.alicdn.com/imgextra/i1/2248304671/TB2YVKzmnTI8KJjSsphXXcFppXa-2248304671.jpg\" align=\"absmiddle\" /><img src=\"http://img.alicdn.com/imgextra/i4/2248304671/O1CN011kNMTYM3WafZj7e_!!2248304671.jpg\" align=\"absmiddle\" /> </p><img src=\"https://www.o0b.cn/i.php?t.png&rid=gw-4.64006a85cdaf6&p=908546969&k=08186&t=1677748871\" style=\"display:none\" />",
        "item_imgs": [
            {
                "url": "https://img.alicdn.com/imgextra/i1/2248304671/O1CN01pdp1E91kNMq8dsTi3_!!2248304671.jpg"
            },
            {
                "url": "https://img.alicdn.com/imgextra/i4/2248304671/O1CN01nACo081kNMpha3Aci_!!2248304671.jpg"
            },
            {
                "url": "https://img.alicdn.com/imgextra/i3/2248304671/O1CN01IKnTd21kNMq4krwyD_!!2248304671.jpg"
            },
            {
                "url": "https://img.alicdn.com/imgextra/i3/2248304671/O1CN01aA3r2h1kNMop2Hnmi_!!2248304671.jpg"
            },
            {
                "url": "https://img.alicdn.com/imgextra/i1/2248304671/O1CN01ffDjif1kNMo4WBXMB_!!2248304671.jpg"
            }
        ],
        "item_weight": "",
        "post_fee": 0,
        "freight": "",
        "express_fee": "",
        "ems_fee": "",
        "shipping_to": "",
        "video": [],
        "sample_id": "",
        "props_name": "147956252:45867:净含量:120ml",
        "prop_imgs": {
            "prop_img": [
                {
                    "properties": "147956252:45867",
                    "url": "http://img.alicdn.com/imgextra/i3/2248304671/O1CN01DxRK5g1kNMq8fjPQm_!!0-item_pic.jpg"
                }
            ]
        },
        "props_imgs": {
            "prop_img": [
                {
                    "properties": "147956252:45867",
                    "url": "http://img.alicdn.com/imgextra/i3/2248304671/O1CN01DxRK5g1kNMq8fjPQm_!!0-item_pic.jpg"
                }
            ]
        },
        "property_alias": "",
        "props": [
            {
                "name": "品牌",
                "value": "L'occitane/欧舒丹"
            },
            {
                "name": "欧舒丹系列",
                "value": "手霜套装"
            },
            {
                "name": "产地",
                "value": "法国"
            },
            {
                "name": "化妆品备案编号/注册证号",
                "value": "国妆备进字J20141695"
            },
            {
                "name": "适合肤质",
                "value": "任何肤质"
            },
            {
                "name": "上市时间",
                "value": "2014年"
            },
            {
                "name": "功效",
                "value": "保湿 滋润 补水 舒缓肌肤"
            },
            {
                "name": "规格类型",
                "value": "正常规格"
            },
            {
                "name": "是否为特殊用途化妆品",
                "value": "否"
            },
            {
                "name": "净含量",
                "value": "120ml"
            },
            {
                "name": "产品类别",
                "value": "普通类"
            },
            {
                "name": "限期使用日期范围",
                "value": "2024-01-01至2024-06-01"
            }
        ],
        "total_sold": "-1",
        "skus": {
            "sku": [
                {
                    "price": 380,
                    "total_price": 0,
                    "orginal_price": 380,
                    "properties": "147956252:45867",
                    "properties_name": "147956252:45867:净含量:120ml",
                    "quantity": 200,
                    "sku_id": "3978502448152"
                }
            ]
        },
        "seller_id": "2248304671",
        "sales": 100,
        "shop_id": "114646595",
        "props_list": {
            "147956252:45867": "净含量:120ml"
        },
        "seller_info": {
            "nick": "loccitane欧舒丹旗舰店",
            "item_score": 4.83999,
            "score_p": 4.8638,
            "delivery_score": 4.88305,
            "shop_type": "",
            "user_num_id": "2248304671",
            "sid": "114646595",
            "title": "",
            "zhuy": "https://shop114646595.taobao.com",
            "cert": null,
            "open_time": "",
            "credit_score": null,
            "shop_name": "loccitane欧舒丹旗舰店"
        },
        "tmall": true,
        "error": "",
        "location": "江苏苏州",
        "data_from": "Ha",
        "has_discount": "false",
        "is_promotion": "false",
        "promo_type": null,
        "props_img": {
            "147956252:45867": "http://img.alicdn.com/imgextra/i3/2248304671/O1CN01DxRK5g1kNMq8fjPQm_!!0-item_pic.jpg"
        },
        "format_check": "ok",
        "desc_img": [
            "http://img.alicdn.com/imgextra/i3/2248304671/O1CN01bOR8Fm1kNMoraZS58_!!2248304671.jpg",
            "http://img.alicdn.com/imgextra/i2/2248304671/O1CN01nmUHqf1kNMo1vwdwQ_!!2248304671.jpg",
            "http://img.alicdn.com/imgextra/i2/2248304671/O1CN01sxv3tT1kNMo0RnIY1_!!2248304671.jpg",
            "http://img.alicdn.com/imgextra/i1/2248304671/O1CN01TZPBNm1kNMoqqFuMK_!!2248304671.jpg",
            "http://img.alicdn.com/imgextra/i3/2248304671/O1CN01baihV41kNMnzg2nUv_!!2248304671.jpg",
            "http://img.alicdn.com/imgextra/i2/2248304671/TB2_Bnfn29TBuNjy1zbXXXpepXa-2248304671.jpg",
            "http://img.alicdn.com/imgextra/i1/2248304671/TB2YVKzmnTI8KJjSsphXXcFppXa-2248304671.jpg",
            "http://img.alicdn.com/imgextra/i4/2248304671/O1CN011kNMTYM3WafZj7e_!!2248304671.jpg"
        ],
        "shop_item": [],
        "relate_items": []
    },
    "error": "",
    "secache": "a4cdc34f26216df1376326c056ef17c5",
    "secache_time": 1677748871,
    "secache_date": "2023-03-02 17:21:11",
    "translate_status": "",
    "translate_time": 0,
    "language": {
        "default_lang": "cn",
        "current_lang": "cn"
    },
    "reason": "",
    "error_code": "0000",
    "cache": 0,
    "api_info": "today: max:20000 all[=++];expires:2024-01-16",
    "execution_time": "2.063",
    "server_time": "Beijing/2023-03-02 17:21:11",
    "client_ip": "54.39.83.153",
    "call_args": {
        "num_iid": "42977450325",
        "is_promotion": "1"
    },
    "api_type": "taobao",
    "translate_language": "zh-CN",
    "translate_engine": "baidu",
    "server_memory": "0.78MB",
    "last_id": false
}