{
    "item": {
        "num_iid": "526550734150",
        "title": "【官方正品】欧舒丹男士洗面奶活力洁面啫喱150ml控油保湿清洁",
        "desc_short": "",
        "price": "190",
        "total_price": 0,
        "suggestive_price": 0,
        "orginal_price": "190",
        "nick": "loccitane欧舒丹旗舰店",
        "num": 71,
        "min_num": 0,
        "detail_url": "https://item.taobao.com/item.htm?id=526550734150",
        "pic_url": "//img.alicdn.com/imgextra/i1/2248304671/O1CN01BEzyLK1kNMmXjzARA_!!0-item_pic.jpg",
        "brand": "L'occitane/欧舒丹",
        "brandId": null,
        "rootCatId": "1801",
        "cid": "121452027",
        "crumbs": [],
        "created_time": "",
        "modified_time": "",
        "delist_time": "",
        "desc": "",
        "desc_img": [],
        "item_imgs": [
            {
                "url": "//img.alicdn.com/imgextra/i1/2248304671/O1CN01BEzyLK1kNMmXjzARA_!!0-item_pic.jpg"
            },
            {
                "url": "//img.alicdn.com/imgextra/i4/2248304671/O1CN01ZCFmBk1kNMf1GFiZq_!!2248304671.jpg"
            },
            {
                "url": "//img.alicdn.com/imgextra/i4/2248304671/O1CN01gxdTY11kNMlzjxkRR_!!2248304671.jpg"
            },
            {
                "url": "//img.alicdn.com/imgextra/i3/2248304671/O1CN01p3mmce1kNMf4KUNsE_!!2248304671.jpg"
            },
            {
                "url": "//img.alicdn.com/imgextra/i3/2248304671/O1CN01GZ1mdC1kNMeKjeJJN_!!2248304671.jpg"
            }
        ],
        "item_weight": "",
        "item_size": "",
        "location": "江苏苏州",
        "post_fee": 0,
        "express_fee": null,
        "ems_fee": "",
        "shipping_to": "",
        "has_discount": "false",
        "video": {
            "url": null
        },
        "is_virtual": "",
        "sample_id": "",
        "is_promotion": "false",
        "props_name": "122276080:96241:规格类型:正常规格;147956252:45684:净含量:150ml",
        "prop_imgs": {
            "prop_img": []
        },
        "property_alias": "",
        "props": [
            {
                "name": "品牌",
                "value": "L'occitane/欧舒丹"
            },
            {
                "name": "欧舒丹系列",
                "value": "欧舒丹活力男士洁面啫喱"
            },
            {
                "name": "产地",
                "value": "法国"
            },
            {
                "name": "化妆品备案编号/注册证号",
                "value": "国妆网备进字（沪）2020004090"
            },
            {
                "name": "适合肤质",
                "value": "任何肤质"
            },
            {
                "name": "功效",
                "value": "清洁"
            },
            {
                "name": "规格类型",
                "value": "正常规格"
            },
            {
                "name": "是否为特殊用途化妆品",
                "value": "否"
            },
            {
                "name": "净含量",
                "value": "150ml"
            },
            {
                "name": "限期使用日期范围",
                "value": "2023-01-01至2023-01-31"
            },
            {
                "name": "化妆品保质期",
                "value": "36个月"
            }
        ],
        "total_sold": null,
        "skus": {
            "sku": [
                {
                    "price": "190",
                    "total_price": 0,
                    "orginal_price": "190",
                    "properties": "122276080:96241;147956252:45684",
                    "properties_name": "122276080:96241:规格类型:正常规格;147956252:45684:净含量:150ml",
                    "quantity": "71",
                    "sku_id": "3135573650607"
                }
            ]
        },
        "seller_id": "2248304671",
        "sales": 61,
        "shop_id": "114646595",
        "props_list": {
            "122276080:96241": "规格类型:正常规格",
            "147956252:45684": "净含量:150ml"
        },
        "seller_info": {
            "nick": "loccitane欧舒丹旗舰店",
            "item_score": "4.8 ",
            "score_p": "4.8 ",
            "delivery_score": "4.8 ",
            "shop_type": "B",
            "user_num_id": "2248304671",
            "sid": "114646595",
            "title": "L’OCCITANE欧舒丹官方旗舰店",
            "zhuy": "https://shop114646595.taobao.com/",
            "shop_name": "L’OCCITANE欧舒丹官方旗舰店"
        },
        "tmall": true,
        "error": "",
        "warning": "",
        "url_log": [],
        "fav_count": "5054",
        "fans_count": "784.3万",
        "freight": "快递: 免运费",
        "props_imgs": {
            "prop_img": []
        },
        "_ddf": "fu",
        "promo_type": null,
        "props_img": [],
        "format_check": "ok",
        "shop_item": [],
        "relate_items": []
    },
    "error": "",
    "secache": "cfade53ab896d2808717b0377ef86064",
    "secache_time": 1677749393,
    "secache_date": "2023-03-02 17:29:53",
    "translate_status": "",
    "translate_time": 0,
    "language": {
        "default_lang": "cn",
        "current_lang": "cn"
    },
    "reason": "",
    "error_code": "0000",
    "cache": 0,
    "api_info": "today: max:20000 all[=++];expires:2024-01-16",
    "execution_time": "7.511",
    "server_time": "Beijing/2023-03-02 17:29:53",
    "client_ip": "54.39.83.153",
    "call_args": {
        "num_iid": "526550734150",
        "is_promotion": "1"
    },
    "api_type": "taobao",
    "translate_language": "zh-CN",
    "translate_engine": "baidu_api",
    "server_memory": "5.8MB",
    "last_id": false
}