{
    "items": {
        "shop_id": "114646595",
        "page": "1",
        "real_total_results": "210",
        "total_results": "210",
        "page_size": 20,
        "page_count": 11,
        "_ddf": "ti",
        "item": [
            {
                "num_iid": "42972619574",
                "pic_url": "//img.alicdn.com/imgextra/i3/0/O1CN017Bt8TZ1kNMq5E6Cje_!!0-item_pic.jpg",
                "title": "【38预售倒计时】欧舒丹4支护手霜樱花乳木果男女士保湿滋润礼盒",
                "promotion_price": "380.00",
                "price": "380.00",
                "sales": 759559,
                "quantity": "2638",
                "seller_nick": "L’OCCITANE欧舒丹官方旗舰店",
                "seller_id": null,
                "shop_id": "114646595",
                "shop_title": "L’OCCITANE欧舒丹官方旗舰店",
                "detail_url": "https://item.taobao.com/item.htm?id=42972619574"
            },
            {
                "num_iid": "42124482703",
                "pic_url": "//img.alicdn.com/imgextra/i2/0/O1CN01OROIGF1kNMq5D9Avt_!!0-item_pic.jpg",
                "title": "【38节抢购】欧舒丹身体乳白樱花润肤露补水保湿滋润身体霜留香",
                "promotion_price": "280.00",
                "price": "280.00",
                "sales": 729191,
                "quantity": "1437",
                "seller_nick": "L’OCCITANE欧舒丹官方旗舰店",
                "seller_id": null,
                "shop_id": "114646595",
                "shop_title": "L’OCCITANE欧舒丹官方旗舰店",
                "detail_url": "https://item.taobao.com/item.htm?id=42124482703"
            },
            {
                "num_iid": "42100475448",
                "pic_url": "//img.alicdn.com/imgextra/i2/0/O1CN01mFbVn71kNMq4ncfxw_!!0-item_pic.jpg",
                "title": "【38节抢购】欧舒丹护手霜樱花手霜补水保湿滋润手膜防干燥干裂",
                "promotion_price": "95.00",
                "price": "95.00",
                "sales": 527704,
                "quantity": "5790",
                "seller_nick": "L’OCCITANE欧舒丹官方旗舰店",
                "seller_id": null,
                "shop_id": "114646595",
                "shop_title": "L’OCCITANE欧舒丹官方旗舰店",
                "detail_url": "https://item.taobao.com/item.htm?id=42100475448"
            },
            {
                "num_iid": "540787585326",
                "pic_url": "//img.alicdn.com/imgextra/i1/0/O1CN012tz1XK1kNMpyBmEVW_!!0-item_pic.jpg",
                "title": "【38节抢购】欧舒丹手霜合集玫瑰樱花乳木果补水保湿滋润节日礼物",
                "promotion_price": "95.00",
                "price": "95.00",
                "sales": 502528,
                "quantity": "3885",
                "seller_nick": "L’OCCITANE欧舒丹官方旗舰店",
                "seller_id": null,
                "shop_id": "114646595",
                "shop_title": "L’OCCITANE欧舒丹官方旗舰店",
                "detail_url": "https://item.taobao.com/item.htm?id=540787585326"
            },
            {
                "num_iid": "42088147073",
                "pic_url": "//img.alicdn.com/imgextra/i1/0/O1CN01FbWI0e1kNMq4nh6XU_!!0-item_pic.jpg",
                "title": "【38节抢购】欧舒丹乳木果护手霜补水保湿滋养手膜不油腻滋润正品",
                "promotion_price": "95.00",
                "price": "95.00",
                "sales": 402913,
                "quantity": "6982",
                "seller_nick": "L’OCCITANE欧舒丹官方旗舰店",
                "seller_id": null,
                "shop_id": "114646595",
                "shop_title": "L’OCCITANE欧舒丹官方旗舰店",
                "detail_url": "https://item.taobao.com/item.htm?id=42088147073"
            },
            {
                "num_iid": "521313435108",
                "pic_url": "//img.alicdn.com/imgextra/i1/0/O1CN01WCGvs91kNMq9PStxD_!!0-item_pic.jpg",
                "title": "【38节抢购】欧舒丹香皂合集樱花玫瑰桂花清洁皂香皂沐浴皂香氛",
                "promotion_price": "60.00",
                "price": "60.00",
                "sales": 301276,
                "quantity": "1416",
                "seller_nick": "L’OCCITANE欧舒丹官方旗舰店",
                "seller_id": null,
                "shop_id": "114646595",
                "shop_title": "L’OCCITANE欧舒丹官方旗舰店",
                "detail_url": "https://item.taobao.com/item.htm?id=521313435108"
            },
            {
                "num_iid": "42571338916",
                "pic_url": "//img.alicdn.com/imgextra/i3/0/O1CN01MNAaIc1kNMq6sh6nE_!!0-item_pic.jpg",
                "title": "【38预售倒计时】欧舒丹白樱花沐浴露身体乳手霜套装全身清洁香体",
                "promotion_price": "650.00",
                "price": "560.00",
                "sales": 269849,
                "quantity": "119",
                "seller_nick": "L’OCCITANE欧舒丹官方旗舰店",
                "seller_id": null,
                "shop_id": "114646595",
                "shop_title": "L’OCCITANE欧舒丹官方旗舰店",
                "detail_url": "https://item.taobao.com/item.htm?id=42571338916"
            },
            {
                "num_iid": "42125022611",
                "pic_url": "//img.alicdn.com/imgextra/i4/0/O1CN01KGDRPy1kNMq3GL06P_!!0-item_pic.jpg",
                "title": "【38预售倒计时】欧舒丹沐浴油甜扁桃紧致沐浴露男女温和清洁保湿",
                "promotion_price": "425.00",
                "price": "235.00",
                "sales": 267672,
                "quantity": "2835",
                "seller_nick": "L’OCCITANE欧舒丹官方旗舰店",
                "seller_id": null,
                "shop_id": "114646595",
                "shop_title": "L’OCCITANE欧舒丹官方旗舰店",
                "detail_url": "https://item.taobao.com/item.htm?id=42125022611"
            },
            {
                "num_iid": "535618134511",
                "pic_url": "//img.alicdn.com/imgextra/i2/0/O1CN01GNDb7U1kNMq7TG2Oc_!!0-item_pic.jpg",
                "title": "【38预售倒计时】欧舒丹洗发水合集草本平衡头皮护理清洁控油丰盈",
                "promotion_price": "210.00",
                "price": "210.00",
                "sales": 244808,
                "quantity": "1630",
                "seller_nick": "L’OCCITANE欧舒丹官方旗舰店",
                "seller_id": null,
                "shop_id": "114646595",
                "shop_title": "L’OCCITANE欧舒丹官方旗舰店",
                "detail_url": "https://item.taobao.com/item.htm?id=535618134511"
            },
            {
                "num_iid": "43837712300",
                "pic_url": "//img.alicdn.com/imgextra/i4/0/O1CN01mnd63a1kNMq6ktk1u_!!0-item_pic.jpg",
                "title": "【38节抢购】欧舒丹4支手霜套装樱花乳木果护手霜保湿补水手膜",
                "promotion_price": "380.00",
                "price": "380.00",
                "sales": 241205,
                "quantity": "357",
                "seller_nick": "L’OCCITANE欧舒丹官方旗舰店",
                "seller_id": null,
                "shop_id": "114646595",
                "shop_title": "L’OCCITANE欧舒丹官方旗舰店",
                "detail_url": "https://item.taobao.com/item.htm?id=43837712300"
            },
            {
                "num_iid": "42120434567",
                "pic_url": "//img.alicdn.com/imgextra/i2/0/O1CN01uiQpcY1kNMq1Ius4e_!!0-item_pic.jpg",
                "title": "【38预售倒计时】欧舒丹身体乳乳木果润肤露滋润型全身防干燥保湿",
                "promotion_price": "260.00",
                "price": "260.00",
                "sales": 212689,
                "quantity": "1644",
                "seller_nick": "L’OCCITANE欧舒丹官方旗舰店",
                "seller_id": null,
                "shop_id": "114646595",
                "shop_title": "L’OCCITANE欧舒丹官方旗舰店",
                "detail_url": "https://item.taobao.com/item.htm?id=42120434567"
            },
            {
                "num_iid": "42589568633",
                "pic_url": "//img.alicdn.com/imgextra/i2/0/O1CN01WxjPqt1kNMq1wBpMy_!!0-item_pic.jpg",
                "title": "【38节抢购】欧舒丹沐浴露樱花沐浴啫喱男女全身留香清洁保湿香氛",
                "promotion_price": "335.00",
                "price": "335.00",
                "sales": 185084,
                "quantity": "2522",
                "seller_nick": "L’OCCITANE欧舒丹官方旗舰店",
                "seller_id": null,
                "shop_id": "114646595",
                "shop_title": "L’OCCITANE欧舒丹官方旗舰店",
                "detail_url": "https://item.taobao.com/item.htm?id=42589568633"
            },
            {
                "num_iid": "43391814784",
                "pic_url": "//img.alicdn.com/imgextra/i2/0/O1CN01ONbhWt1kNMq7buKDU_!!0-item_pic.jpg",
                "title": "【38预售倒计时】欧舒丹手霜套装乳木果樱花护手霜保湿伴手礼礼盒",
                "promotion_price": "285.00",
                "price": "285.00",
                "sales": 162364,
                "quantity": "1423",
                "seller_nick": "L’OCCITANE欧舒丹官方旗舰店",
                "seller_id": null,
                "shop_id": "114646595",
                "shop_title": "L’OCCITANE欧舒丹官方旗舰店",
                "detail_url": "https://item.taobao.com/item.htm?id=43391814784"
            },
            {
                "num_iid": "538723885667",
                "pic_url": "//img.alicdn.com/imgextra/i3/0/O1CN01vUkwBg1kNMq0aowhF_!!0-item_pic.jpg",
                "title": "【38节抢购】欧舒丹手唇套装樱花护手霜唇膏补水保湿滋润伴手礼",
                "promotion_price": "190.00",
                "price": "190.00",
                "sales": 148673,
                "quantity": "839",
                "seller_nick": "L’OCCITANE欧舒丹官方旗舰店",
                "seller_id": null,
                "shop_id": "114646595",
                "shop_title": "L’OCCITANE欧舒丹官方旗舰店",
                "detail_url": "https://item.taobao.com/item.htm?id=538723885667"
            },
            {
                "num_iid": "611627262973",
                "pic_url": "//img.alicdn.com/imgextra/i3/0/O1CN01WHwdZk1kNMq7y5Q5y_!!0-item_pic.jpg",
                "title": "【38节抢购】欧舒丹手皂套装樱花护手霜香皂补水保湿伴手礼滋润",
                "promotion_price": "285.00",
                "price": "285.00",
                "sales": 140969,
                "quantity": "1345",
                "seller_nick": "L’OCCITANE欧舒丹官方旗舰店",
                "seller_id": null,
                "shop_id": "114646595",
                "shop_title": "L’OCCITANE欧舒丹官方旗舰店",
                "detail_url": "https://item.taobao.com/item.htm?id=611627262973"
            },
            {
                "num_iid": "42601369281",
                "pic_url": "//img.alicdn.com/imgextra/i2/0/O1CN014amLPF1kNMq8ioh41_!!0-item_pic.jpg",
                "title": "【38预售倒计时】欧舒丹草本修护洗发水护发素套装清洁丰盈防毛躁",
                "promotion_price": "615.00",
                "price": "420.00",
                "sales": 105054,
                "quantity": "40",
                "seller_nick": "L’OCCITANE欧舒丹官方旗舰店",
                "seller_id": null,
                "shop_id": "114646595",
                "shop_title": "L’OCCITANE欧舒丹官方旗舰店",
                "detail_url": "https://item.taobao.com/item.htm?id=42601369281"
            },
            {
                "num_iid": "624927585877",
                "pic_url": "//img.alicdn.com/imgextra/i2/2248304671/O1CN01USDnvM1kNMq3fO5xZ_!!2248304671.jpg",
                "title": "【充值有礼】欧舒丹专属限定购物金充值800享860元-全店通用",
                "promotion_price": "800.00",
                "price": "800.00",
                "sales": 104698,
                "quantity": "32287",
                "seller_nick": "L’OCCITANE欧舒丹官方旗舰店",
                "seller_id": null,
                "shop_id": "114646595",
                "shop_title": "L’OCCITANE欧舒丹官方旗舰店",
                "detail_url": "https://item.taobao.com/item.htm?id=624927585877"
            },
            {
                "num_iid": "536252694234",
                "pic_url": "//img.alicdn.com/imgextra/i1/0/O1CN01CeCIf11kNMq6x5p6w_!!0-item_pic.jpg",
                "title": "【38预售倒计时】欧舒丹洗发水草本强韧洗发露护发素套装清洁丰盈",
                "promotion_price": "420.00",
                "price": "420.00",
                "sales": 102346,
                "quantity": "60",
                "seller_nick": "L’OCCITANE欧舒丹官方旗舰店",
                "seller_id": null,
                "shop_id": "114646595",
                "shop_title": "L’OCCITANE欧舒丹官方旗舰店",
                "detail_url": "https://item.taobao.com/item.htm?id=536252694234"
            },
            {
                "num_iid": "42136409667",
                "pic_url": "//img.alicdn.com/imgextra/i2/0/O1CN016bHuz51kNMpXaG1UT_!!0-item_pic.jpg",
                "title": "欧舒丹护手霜马鞭草清新润手霜男女士春夏补水保湿滋润清爽防干燥",
                "promotion_price": "95.00",
                "price": "95.00",
                "sales": 100488,
                "quantity": "968",
                "seller_nick": "L’OCCITANE欧舒丹官方旗舰店",
                "seller_id": null,
                "shop_id": "114646595",
                "shop_title": "L’OCCITANE欧舒丹官方旗舰店",
                "detail_url": "https://item.taobao.com/item.htm?id=42136409667"
            },
            {
                "num_iid": "42148577907",
                "pic_url": "//img.alicdn.com/imgextra/i2/0/O1CN019IUAix1kNMpdgUxm6_!!0-item_pic.jpg",
                "title": "【38节抢购】欧舒丹玫瑰之心润手霜补水保湿男女士滋润护手霜留香",
                "promotion_price": "95.00",
                "price": "95.00",
                "sales": 98146,
                "quantity": "274",
                "seller_nick": "L’OCCITANE欧舒丹官方旗舰店",
                "seller_id": null,
                "shop_id": "114646595",
                "shop_title": "L’OCCITANE欧舒丹官方旗舰店",
                "detail_url": "https://item.taobao.com/item.htm?id=42148577907"
            }
        ]
    },
    "error_code": "0000",
    "reason": "ok",
    "secache": "377083cfba3f426eb8bf76c61fd10b29",
    "secache_time": 1677740791,
    "secache_date": "2023-03-02 15:06:31",
    "translate_status": "",
    "translate_time": 0,
    "language": {
        "default_lang": "cn",
        "current_lang": "cn"
    },
    "error": "",
    "cache": 0,
    "api_info": "today: max:20000 all[=++];expires:2024-01-16",
    "execution_time": "0.669",
    "server_time": "Beijing/2023-03-02 15:06:31",
    "client_ip": "54.39.83.153",
    "call_args": {
        "seller_nick": "114646595",
        "start_price": "1"
    },
    "api_type": "taobao",
    "translate_language": "zh-CN",
    "translate_engine": "baidu_api",
    "server_memory": "5.88MB",
    "last_id": false
}