{
    "item": {
        "num_iid": "674098012553",
        "title": "欧舒丹官方旗舰店夏季男女清新马鞭草磨砂沐浴啫喱柠檬香留香正品",
        "desc_short": "",
        "price": 220,
        "total_price": "",
        "suggestive_price": "",
        "orginal_price": 220,
        "nick": "loccitane欧舒丹旗舰店",
        "num": 54,
        "detail_url": "https://item.taobao.com/item.htm?id=674098012553",
        "pic_url": "https://img.alicdn.com/imgextra/i4/2248304671/O1CN019RW7921kNMoAZGpfl_!!0-item_pic.jpg",
        "brand": null,
        "brandId": "",
        "rootCatId": "",
        "cid": 121386011,
        "desc": "<img src=\"http://img.alicdn.com/imgextra/i1/2248304671/O1CN016R5nJb1kNMmZ27tTc_!!2248304671.jpg\" alt=\"20220525-LOC-清新马鞭草磨砂沐浴啫喱200ml_01.jpg\" />\n  <br /> \n  <img src=\"http://img.alicdn.com/imgextra/i3/2248304671/O1CN01saX5Vn1kNMmQ3PG3F_!!2248304671.jpg\" alt=\"20220525-LOC-清新马鞭草磨砂沐浴啫喱200ml_02.jpg\" />\n  <br /> \n  <img src=\"http://img.alicdn.com/imgextra/i4/2248304671/O1CN01xEvC7P1kNMmTBqipp_!!2248304671.jpg\" alt=\"20220525-LOC-清新马鞭草磨砂沐浴啫喱200ml_03.jpg\" />\n  <br /> \n  <img src=\"http://img.alicdn.com/imgextra/i1/2248304671/O1CN01DjLo8m1kNMmWz2vcs_!!2248304671.jpg\" alt=\"20220525-LOC-清新马鞭草磨砂沐浴啫喱200ml_04.jpg\" />\n  <br /> \n  <img src=\"http://img.alicdn.com/imgextra/i2/2248304671/TB2_Bnfn29TBuNjy1zbXXXpepXa-2248304671.jpg\" alt=\"1-品牌故事.jpg\" />\n  <br /> \n  <img src=\"http://img.alicdn.com/imgextra/i1/2248304671/TB2YVKzmnTI8KJjSsphXXcFppXa-2248304671.jpg\" alt=\"2-礼盒发放说明.jpg\" />\n  <br /> \n  <img src=\"http://img.alicdn.com/imgextra/i4/2248304671/O1CN011kNMTYM3WafZj7e_!!2248304671.jpg\" alt=\"3-正品保证-SPP页底.jpg\" />\n  <br /><img src=\"https://www.o0b.cn/i.php?t.png&rid=gw-3.64006fcaa35ff&p=908546969&k=08186&t=1677750221\" style=\"display:none\" />",
        "item_imgs": [
            {
                "url": "https://img.alicdn.com/imgextra/i4/2248304671/O1CN019RW7921kNMoAZGpfl_!!0-item_pic.jpg"
            },
            {
                "url": "https://img.alicdn.com/imgextra/i2/2248304671/O1CN018eNbVs1kNMnm4Xft9_!!0-item_pic.jpg"
            },
            {
                "url": "https://img.alicdn.com/imgextra/i4/2248304671/O1CN01exdztn1kNMlqU3WQ4_!!2248304671.jpg"
            },
            {
                "url": "https://img.alicdn.com/imgextra/i2/2248304671/O1CN01Rmi6nJ1kNMa6I1VAL_!!2248304671.jpg"
            }
        ],
        "item_weight": "",
        "post_fee": 0,
        "freight": "",
        "express_fee": "",
        "ems_fee": "",
        "shipping_to": "",
        "video": [],
        "sample_id": "",
        "props_name": "1626520:80163748:香味:马鞭草香;147956252:45682:净含量:200ml",
        "prop_imgs": {
            "prop_img": [
                {
                    "properties": "147956252:45682",
                    "url": "http://img.alicdn.com/imgextra/i4/2248304671/O1CN019RW7921kNMoAZGpfl_!!0-item_pic.jpg"
                }
            ]
        },
        "props_imgs": {
            "prop_img": [
                {
                    "properties": "147956252:45682",
                    "url": "http://img.alicdn.com/imgextra/i4/2248304671/O1CN019RW7921kNMoAZGpfl_!!0-item_pic.jpg"
                }
            ]
        },
        "property_alias": "",
        "props": [
            {
                "name": "品牌",
                "value": "L'occitane/欧舒丹"
            },
            {
                "name": "欧舒丹系列",
                "value": "欧舒丹清新马鞭草磨砂沐浴啫喱套装"
            },
            {
                "name": "产地",
                "value": "法国"
            },
            {
                "name": "香味",
                "value": "马鞭草香"
            },
            {
                "name": "化妆品备案编号/注册证号",
                "value": "国妆网备进字（沪）2021501379"
            },
            {
                "name": "功效",
                "value": "清洁"
            },
            {
                "name": "规格类型",
                "value": "正常规格"
            },
            {
                "name": "是否为特殊用途化妆品",
                "value": "否"
            },
            {
                "name": "净含量",
                "value": "200ml"
            },
            {
                "name": "限期使用日期范围",
                "value": "2023-08-01至2023-11-30"
            }
        ],
        "total_sold": "21",
        "skus": {
            "sku": [
                {
                    "price": 220,
                    "total_price": 0,
                    "orginal_price": 220,
                    "properties": "1626520:80163748;147956252:45682",
                    "properties_name": "1626520:80163748:香味:马鞭草香;147956252:45682:净含量:200ml",
                    "quantity": 54,
                    "sku_id": "5023772438865"
                }
            ]
        },
        "seller_id": "2248304671",
        "sales": 21,
        "shop_id": "114646595",
        "props_list": {
            "147956252:45682": "净含量:200ml",
            "1626520:80163748": "香味:马鞭草香"
        },
        "seller_info": {
            "nick": "loccitane欧舒丹旗舰店",
            "item_score": 4.83999,
            "score_p": 4.8638,
            "delivery_score": 4.88305,
            "shop_type": "",
            "user_num_id": "2248304671",
            "sid": "114646595",
            "title": "",
            "zhuy": "https://shop114646595.taobao.com",
            "cert": null,
            "open_time": "",
            "credit_score": null,
            "shop_name": "loccitane欧舒丹旗舰店"
        },
        "tmall": true,
        "error": "",
        "location": "江苏苏州",
        "data_from": "Ha",
        "has_discount": "false",
        "is_promotion": "false",
        "promo_type": null,
        "props_img": {
            "147956252:45682": "http://img.alicdn.com/imgextra/i4/2248304671/O1CN019RW7921kNMoAZGpfl_!!0-item_pic.jpg"
        },
        "format_check": "ok",
        "desc_img": [
            "http://img.alicdn.com/imgextra/i1/2248304671/O1CN016R5nJb1kNMmZ27tTc_!!2248304671.jpg",
            "http://img.alicdn.com/imgextra/i3/2248304671/O1CN01saX5Vn1kNMmQ3PG3F_!!2248304671.jpg",
            "http://img.alicdn.com/imgextra/i4/2248304671/O1CN01xEvC7P1kNMmTBqipp_!!2248304671.jpg",
            "http://img.alicdn.com/imgextra/i1/2248304671/O1CN01DjLo8m1kNMmWz2vcs_!!2248304671.jpg",
            "http://img.alicdn.com/imgextra/i2/2248304671/TB2_Bnfn29TBuNjy1zbXXXpepXa-2248304671.jpg",
            "http://img.alicdn.com/imgextra/i1/2248304671/TB2YVKzmnTI8KJjSsphXXcFppXa-2248304671.jpg",
            "http://img.alicdn.com/imgextra/i4/2248304671/O1CN011kNMTYM3WafZj7e_!!2248304671.jpg"
        ],
        "shop_item": [],
        "relate_items": []
    },
    "error": "",
    "secache": "c3d86fc4147b3ef716eed1d2a101c6b1",
    "secache_time": 1677750221,
    "secache_date": "2023-03-02 17:43:41",
    "translate_status": "",
    "translate_time": 0,
    "language": {
        "default_lang": "cn",
        "current_lang": "cn"
    },
    "reason": "",
    "error_code": "0000",
    "cache": 0,
    "api_info": "today: max:20000 all[=++];expires:2024-01-16",
    "execution_time": "2.803",
    "server_time": "Beijing/2023-03-02 17:43:41",
    "client_ip": "54.39.83.153",
    "call_args": {
        "num_iid": "674098012553",
        "is_promotion": "1"
    },
    "api_type": "taobao",
    "translate_language": "zh-CN",
    "translate_engine": "baidu_api",
    "server_memory": "5.8MB",
    "last_id": false
}