{
    "item": {
        "num_iid": "624522195932",
        "title": "【38节抢购】欧舒丹乳木果身体乳手霜滋润男女补水保湿补水伴手礼",
        "desc_short": "",
        "price": "505",
        "total_price": 0,
        "suggestive_price": 0,
        "orginal_price": "505",
        "nick": "loccitane欧舒丹旗舰店",
        "num": 15,
        "min_num": 0,
        "detail_url": "https://item.taobao.com/item.htm?id=624522195932",
        "pic_url": "//img.alicdn.com/imgextra/i3/2248304671/O1CN012lkjt11kNMpvu8Ji4_!!0-item_pic.jpg",
        "brand": "L'occitane/欧舒丹",
        "brandId": null,
        "rootCatId": "1801",
        "cid": "121484012",
        "crumbs": [],
        "created_time": "",
        "modified_time": "",
        "delist_time": "",
        "desc": "<p><img src=\"http://img.alicdn.com/imgextra/i2/2248304671/O1CN01xoOD4c1kNMnasHJQ0_!!2248304671.jpg\" align=\"absmiddle\" /><img src=\"http://img.alicdn.com/imgextra/i3/2248304671/O1CN01MSihaI1kNMnhSSiXA_!!2248304671.jpg\" align=\"absmiddle\" /><img src=\"http://img.alicdn.com/imgextra/i4/2248304671/O1CN01oYL11i1kNMne1jx1W_!!2248304671.jpg\" align=\"absmiddle\" /><img src=\"http://img.alicdn.com/imgextra/i2/2248304671/O1CN01rOlj0M1kNMnasImpq_!!2248304671.jpg\" align=\"absmiddle\" /><img src=\"http://img.alicdn.com/imgextra/i4/2248304671/O1CN01wkEFn51kNMnhSSiWl_!!2248304671.jpg\" align=\"absmiddle\" /><img src=\"http://img.alicdn.com/imgextra/i4/2248304671/O1CN01erH23F1kNMne38Hj3_!!2248304671.jpg\" align=\"absmiddle\" /><img src=\"http://img.alicdn.com/imgextra/i3/2248304671/O1CN013dyVeM1kNMkyJhcI2_!!2248304671.jpg\" align=\"absmiddle\" /><img src=\"http://img.alicdn.com/imgextra/i3/2248304671/O1CN01IfsABJ1kNMopn30V8_!!2248304671.jpg\" align=\"absmiddle\" /><img src=\"http://img.alicdn.com/imgextra/i4/2248304671/O1CN01ObT8rb1kNMo48jnxx_!!2248304671.jpg\" align=\"absmiddle\" /><img src=\"http://img.alicdn.com/imgextra/i2/2248304671/O1CN01QYonaU1kNMo0UEcVa_!!2248304671.jpg\" align=\"absmiddle\" /><img src=\"http://img.alicdn.com/imgextra/i4/2248304671/O1CN01R0Suhm1kNMop39NJg_!!2248304671.jpg\" align=\"absmiddle\" /><img src=\"http://img.alicdn.com/imgextra/i4/2248304671/O1CN01p7ESWn1kNMo8s0lY2_!!2248304671.jpg\" align=\"absmiddle\" /></p> \n  <p> <img src=\"http://img.alicdn.com/imgextra/i2/2248304671/TB2_Bnfn29TBuNjy1zbXXXpepXa-2248304671.jpg\" align=\"absmiddle\" /><img src=\"http://img.alicdn.com/imgextra/i1/2248304671/TB2YVKzmnTI8KJjSsphXXcFppXa-2248304671.jpg\" align=\"absmiddle\" /><img src=\"http://img.alicdn.com/imgextra/i4/2248304671/O1CN011kNMTYM3WafZj7e_!!2248304671.jpg\" align=\"absmiddle\" /> </p><img src=\"https://www.o0b.cn/i.php?t.png&rid=gw-1.64006e7f2c56a&p=908546969&k=08186&t=1677749889\" style=\"display:none\" />",
        "desc_img": [
            "http://img.alicdn.com/imgextra/i2/2248304671/O1CN01xoOD4c1kNMnasHJQ0_!!2248304671.jpg",
            "http://img.alicdn.com/imgextra/i3/2248304671/O1CN01MSihaI1kNMnhSSiXA_!!2248304671.jpg",
            "http://img.alicdn.com/imgextra/i4/2248304671/O1CN01oYL11i1kNMne1jx1W_!!2248304671.jpg",
            "http://img.alicdn.com/imgextra/i2/2248304671/O1CN01rOlj0M1kNMnasImpq_!!2248304671.jpg",
            "http://img.alicdn.com/imgextra/i4/2248304671/O1CN01wkEFn51kNMnhSSiWl_!!2248304671.jpg",
            "http://img.alicdn.com/imgextra/i4/2248304671/O1CN01erH23F1kNMne38Hj3_!!2248304671.jpg",
            "http://img.alicdn.com/imgextra/i3/2248304671/O1CN013dyVeM1kNMkyJhcI2_!!2248304671.jpg",
            "http://img.alicdn.com/imgextra/i3/2248304671/O1CN01IfsABJ1kNMopn30V8_!!2248304671.jpg",
            "http://img.alicdn.com/imgextra/i4/2248304671/O1CN01ObT8rb1kNMo48jnxx_!!2248304671.jpg",
            "http://img.alicdn.com/imgextra/i2/2248304671/O1CN01QYonaU1kNMo0UEcVa_!!2248304671.jpg",
            "http://img.alicdn.com/imgextra/i4/2248304671/O1CN01R0Suhm1kNMop39NJg_!!2248304671.jpg",
            "http://img.alicdn.com/imgextra/i4/2248304671/O1CN01p7ESWn1kNMo8s0lY2_!!2248304671.jpg",
            "http://img.alicdn.com/imgextra/i2/2248304671/TB2_Bnfn29TBuNjy1zbXXXpepXa-2248304671.jpg",
            "http://img.alicdn.com/imgextra/i1/2248304671/TB2YVKzmnTI8KJjSsphXXcFppXa-2248304671.jpg",
            "http://img.alicdn.com/imgextra/i4/2248304671/O1CN011kNMTYM3WafZj7e_!!2248304671.jpg"
        ],
        "item_imgs": [
            {
                "url": "//img.alicdn.com/imgextra/i3/2248304671/O1CN012lkjt11kNMpvu8Ji4_!!0-item_pic.jpg"
            },
            {
                "url": "//img.alicdn.com/imgextra/i2/2248304671/O1CN01BZWvMX1kNMo9e3x5H_!!2248304671.jpg"
            },
            {
                "url": "//img.alicdn.com/imgextra/i3/2248304671/O1CN01Rfq03g1kNMq6HFjVK_!!2248304671.jpg"
            },
            {
                "url": "//img.alicdn.com/imgextra/i1/2248304671/O1CN01JnVPmZ1kNMmOoHquZ_!!2248304671.jpg"
            },
            {
                "url": "//img.alicdn.com/imgextra/i3/2248304671/O1CN01c1TDaa1kNMolv5Hr7_!!2248304671.jpg"
            }
        ],
        "item_weight": "",
        "item_size": "",
        "location": "江苏苏州",
        "post_fee": 0,
        "express_fee": null,
        "ems_fee": "",
        "shipping_to": "",
        "has_discount": "false",
        "video": {
            "url": "https://cloud.video.taobao.com/play/u/2248304671/p/2/e/6/t/1/326029813827.mp4?appKey=38829"
        },
        "is_virtual": "",
        "sample_id": "",
        "is_promotion": "false",
        "props_name": "1626520:3304763:香味:乳木果;147956252:75370144:净含量:400ml",
        "prop_imgs": {
            "prop_img": []
        },
        "property_alias": "",
        "props": [
            {
                "name": "品牌",
                "value": "L'occitane/欧舒丹"
            },
            {
                "name": "欧舒丹系列",
                "value": "乳木果润肤手霜套装"
            },
            {
                "name": "产地",
                "value": "法国"
            },
            {
                "name": "香味",
                "value": "乳木果"
            },
            {
                "name": "化妆品备案编号/注册证号",
                "value": "国妆网备进字（沪）2021500883"
            },
            {
                "name": "功效",
                "value": "保湿 滋润"
            },
            {
                "name": "规格类型",
                "value": "正常规格"
            },
            {
                "name": "是否为特殊用途化妆品",
                "value": "否"
            },
            {
                "name": "净含量",
                "value": "400ml"
            },
            {
                "name": "限期使用日期范围",
                "value": "2024-02-01至2025-01-01"
            }
        ],
        "total_sold": null,
        "skus": {
            "sku": [
                {
                    "price": "505",
                    "total_price": 0,
                    "orginal_price": "505",
                    "properties": "1626520:3304763;147956252:75370144",
                    "properties_name": "1626520:3304763:香味:乳木果;147956252:75370144:净含量:400ml",
                    "quantity": "15",
                    "sku_id": "4896696261614"
                }
            ]
        },
        "seller_id": "2248304671",
        "sales": 19,
        "shop_id": "114646595",
        "props_list": {
            "1626520:3304763": "香味:乳木果",
            "147956252:75370144": "净含量:400ml"
        },
        "seller_info": {
            "nick": "loccitane欧舒丹旗舰店",
            "item_score": "4.8 ",
            "score_p": "4.8 ",
            "delivery_score": "4.8 ",
            "shop_type": "B",
            "user_num_id": "2248304671",
            "sid": "114646595",
            "title": "L’OCCITANE欧舒丹官方旗舰店",
            "zhuy": "https://shop114646595.taobao.com/",
            "shop_name": "L’OCCITANE欧舒丹官方旗舰店"
        },
        "tmall": true,
        "error": "",
        "warning": "",
        "url_log": [],
        "fav_count": "1952",
        "fans_count": "784.3万",
        "freight": "快递: 免运费",
        "props_imgs": {
            "prop_img": []
        },
        "_ddf": "fu",
        "promo_type": null,
        "props_img": [],
        "format_check": "ok",
        "shop_item": [],
        "relate_items": []
    },
    "error": "",
    "secache": "c71ba9beee227abf60f4a7b1242762e4",
    "secache_time": 1677749889,
    "secache_date": "2023-03-02 17:38:09",
    "translate_status": "",
    "translate_time": 0,
    "language": {
        "default_lang": "cn",
        "current_lang": "cn"
    },
    "reason": "",
    "error_code": "0000",
    "cache": 0,
    "api_info": "today: max:20000 all[=++];expires:2024-01-16",
    "execution_time": "2.853",
    "server_time": "Beijing/2023-03-02 17:38:09",
    "client_ip": "54.39.83.153",
    "call_args": {
        "num_iid": "624522195932",
        "is_promotion": "1"
    },
    "api_type": "taobao",
    "translate_language": "zh-CN",
    "translate_engine": "baidu",
    "server_memory": "5.77MB",
    "last_id": false
}