{
    "item": {
        "num_iid": "538723885667",
        "title": "【38节抢购】欧舒丹手唇套装樱花护手霜唇膏补水保湿滋润伴手礼",
        "desc_short": "",
        "price": 190,
        "orginal_price": 190,
        "nick": "loccitane欧舒丹旗舰店",
        "num": 202,
        "pic_url": "https://img.alicdn.com/imgextra/i3/2248304671/O1CN01vUkwBg1kNMq0aowhF_!!0-item_pic.jpg",
        "brand": null,
        "brandId": 0,
        "rootCatId": 0,
        "cid": 50011993,
        "crumbs": null,
        "detail_url": "https://item.taobao.com/item.htm?id=538723885667",
        "desc": "<img class=\"desc_anchor\" id=\"desc-module-1\" src=\"http://assets.alicdn.com/kissy/1.0.0/build/imglazyload/spaceball.gif\" />\n  <p>亲爱的丹粉，即日起欧舒丹手霜包装陆续升级，仓库新旧版本随机发货，新版手霜增加封口标识，不接受发货指定；感谢您的支持，欧舒丹天猫官方旗舰店所售商品100%为正品，有问题及时联系在线客服.</p> \n  <p><img src=\"http://img.alicdn.com/imgextra/i1/2248304671/O1CN01D8DHLq1kNMmsT0vrV_!!2248304671.jpg\" alt=\"20220621-LOC-手唇套装_01.jpg\" /><br /> <img src=\"http://img.alicdn.com/imgextra/i1/2248304671/O1CN01dMOrAP1kNMmrgjTC0_!!2248304671.jpg\" alt=\"20220621-LOC-手唇套装_02.jpg\" /><br /> <img src=\"http://img.alicdn.com/imgextra/i1/2248304671/O1CN01CpQxli1kNMml3H7dB_!!2248304671.jpg\" alt=\"20220621-LOC-手唇套装_03.jpg\" /><br /> <img src=\"http://img.alicdn.com/imgextra/i1/2248304671/O1CN01tvKU9z1kNMnxEmDHw_!!2248304671.jpg\" align=\"absmiddle\" /><img src=\"http://img.alicdn.com/imgextra/i3/2248304671/O1CN01bdvrZ31kNMmrgjCYr_!!2248304671.jpg\" alt=\"20220621-LOC-手唇套装_04.jpg\" /><br /> <img src=\"http://img.alicdn.com/imgextra/i1/2248304671/O1CN01Lrz1EY1kNMml3HeuV_!!2248304671.jpg\" alt=\"20220621-LOC-手唇套装_05.jpg\" /><br /> <img src=\"http://img.alicdn.com/imgextra/i1/2248304671/O1CN01Z0uJ7c1kNMmbOVGt7_!!2248304671.jpg\" alt=\"20220621-LOC-手唇套装_06.jpg\" /><br /> <img src=\"http://img.alicdn.com/imgextra/i1/2248304671/O1CN01rkrbXA1kNMmtgGm8W_!!2248304671.jpg\" alt=\"20220621-LOC-手唇套装_07.jpg\" /><br /> <img src=\"http://img.alicdn.com/imgextra/i1/2248304671/O1CN016fAs9g1kNMmhrbrgZ_!!2248304671.jpg\" alt=\"20220621-LOC-手唇套装_08.jpg\" /><br /> <img src=\"http://img.alicdn.com/imgextra/i4/2248304671/O1CN019wnUal1kNMmqRLhx8_!!2248304671.jpg\" alt=\"20220621-LOC-手唇套装_09.jpg\" /><br /> <img src=\"http://img.alicdn.com/imgextra/i2/2248304671/TB2_Bnfn29TBuNjy1zbXXXpepXa-2248304671.jpg\" alt=\"1-品牌故事.jpg\" /><br /> <img src=\"http://img.alicdn.com/imgextra/i1/2248304671/TB2YVKzmnTI8KJjSsphXXcFppXa-2248304671.jpg\" alt=\"2-礼盒发放说明.jpg\" /><br /> <img src=\"http://img.alicdn.com/imgextra/i4/2248304671/O1CN011kNMTYM3WafZj7e_!!2248304671.jpg\" alt=\"3-正品保证-SPP页底.jpg\" /> </p><img src=\"https://www.o0b.cn/i.php?t.png&rid=gw-4.63feac319c3fe&p=837512465&k=23706&t=1677634610\" style=\"display:none\" />",
        "item_imgs": [
            {
                "url": "https://img.alicdn.com/imgextra/i3/2248304671/O1CN01vUkwBg1kNMq0aowhF_!!0-item_pic.jpg"
            },
            {
                "url": "https://img.alicdn.com/imgextra/i4/2248304671/O1CN01kZXbEG1kNMq6GxjsC_!!2248304671.jpg"
            },
            {
                "url": "https://img.alicdn.com/imgextra/i1/2248304671/O1CN01A4bI251kNMq0WlGFj_!!2248304671.jpg"
            },
            {
                "url": "https://img.alicdn.com/imgextra/i3/2248304671/O1CN01hizY5O1kNMqCx7Bvc_!!2248304671.jpg"
            },
            {
                "url": "https://img.alicdn.com/imgextra/i3/2248304671/O1CN01MGx0hN1kNMeYrEFBE_!!2248304671.jpg"
            }
        ],
        "item_weight": 0,
        "location": "江苏苏州",
        "post_fee": 0,
        "express_fee": 0,
        "ems_fee": 0,
        "shipping_to": "",
        "has_discount": "false",
        "video": [],
        "is_virtual": null,
        "sample_id": "",
        "is_promotion": "false",
        "prop_imgs": {
            "prop_img": []
        },
        "property_alias": "",
        "props": [
            {
                "name": "品牌",
                "value": "L'occitane/欧舒丹"
            },
            {
                "name": "面部护理套装",
                "value": "手霜唇膏套装"
            },
            {
                "name": "产地",
                "value": "法国"
            },
            {
                "name": "颜色分类",
                "value": "樱花手霜+唇膏 乳木果手霜+唇膏 绵绵拿铁手霜+唇膏 玫瑰手霜+玫瑰唇膏"
            },
            {
                "name": "化妆品备案编号/注册证号",
                "value": "国妆网备进字（沪）2021500883"
            },
            {
                "name": "功效",
                "value": "保湿 滋润"
            },
            {
                "name": "规格类型",
                "value": "正常规格"
            },
            {
                "name": "是否为特殊用途化妆品",
                "value": "否"
            },
            {
                "name": "产品类别",
                "value": "普通类"
            },
            {
                "name": "限期使用日期范围",
                "value": "2024-03-01至2025-02-28"
            },
            {
                "name": "化妆品保质期",
                "value": "36个月"
            }
        ],
        "props_name": "1627207:452485154:颜色分类:樱花手霜+唇膏;1627207:1218662349:颜色分类:乳木果手霜+唇膏;1627207:23054298823:颜色分类:绵绵拿铁手霜+唇膏;1627207:1205178390:颜色分类:玫瑰手霜+玫瑰唇膏",
        "total_sold": 1000,
        "skus": {
            "sku": [
                {
                    "price": 190,
                    "total_price": 0,
                    "orginal_price": 190,
                    "properties": "1627207:452485154",
                    "properties_name": "1627207:452485154:颜色分类:樱花手霜+唇膏",
                    "quantity": 101,
                    "sku_id": "4449327469998"
                },
                {
                    "price": 190,
                    "total_price": 0,
                    "orginal_price": 190,
                    "properties": "1627207:1218662349",
                    "properties_name": "1627207:1218662349:颜色分类:乳木果手霜+唇膏",
                    "quantity": 200,
                    "sku_id": "4449327469999"
                },
                {
                    "price": 190,
                    "total_price": 0,
                    "orginal_price": 190,
                    "properties": "1627207:23054298823",
                    "properties_name": "1627207:23054298823:颜色分类:绵绵拿铁手霜+唇膏",
                    "quantity": 200,
                    "sku_id": "4928447033128"
                },
                {
                    "price": 190,
                    "total_price": 0,
                    "orginal_price": 190,
                    "properties": "1627207:1205178390",
                    "properties_name": "1627207:1205178390:颜色分类:玫瑰手霜+玫瑰唇膏",
                    "quantity": 33,
                    "sku_id": "4745329022639"
                }
            ]
        },
        "seller_id": "2248304671",
        "shop_id": "114646595",
        "props_list": {
            "1627207:452485154": "颜色分类:樱花手霜+唇膏",
            "1627207:1218662349": "颜色分类:乳木果手霜+唇膏",
            "1627207:23054298823": "颜色分类:绵绵拿铁手霜+唇膏",
            "1627207:1205178390": "颜色分类:玫瑰手霜+玫瑰唇膏"
        },
        "seller_info": {
            "nick": "loccitane欧舒丹旗舰店",
            "item_score": 4.84014,
            "score_p": 4.86394,
            "delivery_score": 4.88312,
            "shop_type": "",
            "user_num_id": "2248304671",
            "sid": "114646595",
            "title": "",
            "zhuy": "https://shop114646595.taobao.com",
            "cert": null,
            "open_time": "",
            "credit_score": null,
            "shop_name": "loccitane欧舒丹旗舰店"
        },
        "tmall": true,
        "update_time": "2023-03-01 09:36:50",
        "data_update": "2023-03-01 09:36:50",
        "data_f": "Ha",
        "data_from": "hid",
        "promo_type": null,
        "props_img": [],
        "error": null,
        "format_check": "ok",
        "sales": 0,
        "desc_img": [
            "http://assets.alicdn.com/kissy/1.0.0/build/imglazyload/spaceball.gif",
            "http://img.alicdn.com/imgextra/i1/2248304671/O1CN01D8DHLq1kNMmsT0vrV_!!2248304671.jpg",
            "http://img.alicdn.com/imgextra/i1/2248304671/O1CN01dMOrAP1kNMmrgjTC0_!!2248304671.jpg",
            "http://img.alicdn.com/imgextra/i1/2248304671/O1CN01CpQxli1kNMml3H7dB_!!2248304671.jpg",
            "http://img.alicdn.com/imgextra/i1/2248304671/O1CN01tvKU9z1kNMnxEmDHw_!!2248304671.jpg",
            "http://img.alicdn.com/imgextra/i3/2248304671/O1CN01bdvrZ31kNMmrgjCYr_!!2248304671.jpg",
            "http://img.alicdn.com/imgextra/i1/2248304671/O1CN01Lrz1EY1kNMml3HeuV_!!2248304671.jpg",
            "http://img.alicdn.com/imgextra/i1/2248304671/O1CN01Z0uJ7c1kNMmbOVGt7_!!2248304671.jpg",
            "http://img.alicdn.com/imgextra/i1/2248304671/O1CN01rkrbXA1kNMmtgGm8W_!!2248304671.jpg",
            "http://img.alicdn.com/imgextra/i1/2248304671/O1CN016fAs9g1kNMmhrbrgZ_!!2248304671.jpg",
            "http://img.alicdn.com/imgextra/i4/2248304671/O1CN019wnUal1kNMmqRLhx8_!!2248304671.jpg",
            "http://img.alicdn.com/imgextra/i2/2248304671/TB2_Bnfn29TBuNjy1zbXXXpepXa-2248304671.jpg",
            "http://img.alicdn.com/imgextra/i1/2248304671/TB2YVKzmnTI8KJjSsphXXcFppXa-2248304671.jpg",
            "http://img.alicdn.com/imgextra/i4/2248304671/O1CN011kNMTYM3WafZj7e_!!2248304671.jpg",
            "https://www.o0b.cn/i.php?t.png&rid=gw-4.63feac319c3fe&p=837512465&k=23706&t=1677634610"
        ],
        "shop_item": [],
        "relate_items": []
    },
    "error": "",
    "secache": "f80a84812224013ed4ec03440cf121bb",
    "secache_time": 1677748768,
    "secache_date": "2023-03-02 17:19:28",
    "translate_status": "",
    "translate_time": 0,
    "language": {
        "default_lang": "cn",
        "current_lang": "cn"
    },
    "reason": "",
    "error_code": "0000",
    "cache": 0,
    "api_info": "today: max:20000 all[=++];expires:2024-01-16",
    "execution_time": "0.274",
    "server_time": "Beijing/2023-03-02 17:19:28",
    "client_ip": "54.39.83.153",
    "call_args": {
        "num_iid": "538723885667",
        "is_promotion": "1"
    },
    "api_type": "taobao",
    "translate_language": "zh-CN",
    "translate_engine": "baidu_api",
    "server_memory": "5.8MB",
    "last_id": false
}