{
    "item": {
        "num_iid": "577785915263",
        "title": "【38节抢购】欧舒丹指缘油乳木果指甲便携护理油修护防干裂防倒刺",
        "desc_short": "",
        "price": 150,
        "orginal_price": 150,
        "nick": "loccitane欧舒丹旗舰店",
        "num": 200,
        "pic_url": "https://img.alicdn.com/imgextra/i4/2248304671/O1CN01o7koDu1kNMq9NZ54V_!!0-item_pic.jpg",
        "brand": null,
        "brandId": 0,
        "rootCatId": 0,
        "cid": 121434013,
        "crumbs": null,
        "detail_url": "https://item.taobao.com/item.htm?id=577785915263",
        "desc": "<p>本链接产品新旧版本替换，敬请谅解。<br /> 旧版中文名称：欧舒丹乳木果滋润指甲护理油；<br /> 新版中文名称：欧舒丹乳木果滋养指甲护理油</p> \n  <p><img src=\"http://img.alicdn.com/imgextra/i3/2248304671/O1CN018z8v0G1kNMlJVLvTk_!!2248304671.jpg\" align=\"absmiddle\" /><img src=\"http://img.alicdn.com/imgextra/i1/2248304671/O1CN01vJFOkB1kNMlL7cFCG_!!2248304671.jpg\" align=\"absmiddle\" /><img src=\"http://img.alicdn.com/imgextra/i2/2248304671/O1CN01ysoW7l1kNMlA99y52_!!2248304671.jpg\" align=\"absmiddle\" /><img src=\"http://img.alicdn.com/imgextra/i1/2248304671/O1CN011rbg5m1kNMmKEIFMm_!!2248304671.jpg\" align=\"absmiddle\" /><img src=\"http://img.alicdn.com/imgextra/i1/2248304671/O1CN01BFqPdI1kNMlJMVVFa_!!2248304671.jpg\" align=\"absmiddle\" /><img src=\"http://img.alicdn.com/imgextra/TB2_Bnfn29TBuNjy1zbXXXpepXa-2248304671.jpg\" align=\"absmiddle\" /><img src=\"http://img.alicdn.com/imgextra/TB2YVKzmnTI8KJjSsphXXcFppXa-2248304671.jpg\" align=\"absmiddle\" /><img src=\"http://img.alicdn.com/imgextra/i4/2248304671/O1CN011kNMTYM3WafZj7e_!!2248304671.jpg\" align=\"absmiddle\" /></p><img src=\"https://www.o0b.cn/i.php?t.png&rid=gw-3.63feac044b1a2&p=837512465&k=23706&t=1677634566\" style=\"display:none\" />",
        "item_imgs": [
            {
                "url": "https://img.alicdn.com/imgextra/i4/2248304671/O1CN01o7koDu1kNMq9NZ54V_!!0-item_pic.jpg"
            },
            {
                "url": "https://img.alicdn.com/imgextra/i3/2248304671/O1CN01iOhJqg1kNMgFAtQTY_!!2248304671.jpg"
            },
            {
                "url": "https://img.alicdn.com/imgextra/i3/2248304671/O1CN01Rfq03g1kNMq6HFjVK_!!2248304671.jpg"
            },
            {
                "url": "https://img.alicdn.com/imgextra/i3/2248304671/O1CN01c1TDaa1kNMolv5Hr7_!!2248304671.jpg"
            },
            {
                "url": "https://img.alicdn.com/imgextra/i3/2248304671/O1CN01MGx0hN1kNMeYrEFBE_!!2248304671.jpg"
            }
        ],
        "item_weight": 0,
        "location": "江苏苏州",
        "post_fee": 0,
        "express_fee": 0,
        "ems_fee": 0,
        "shipping_to": "",
        "has_discount": "false",
        "video": [],
        "is_virtual": null,
        "sample_id": "",
        "is_promotion": "false",
        "prop_imgs": {
            "prop_img": [
                {
                    "properties": "147956252:48920",
                    "url": "http://img.alicdn.com/imgextra/i4/2248304671/O1CN01o7koDu1kNMq9NZ54V_!!0-item_pic.jpg"
                }
            ]
        },
        "property_alias": "",
        "props": [
            {
                "name": "品牌",
                "value": "L'occitane/欧舒丹"
            },
            {
                "name": "欧舒丹系列",
                "value": "指甲护理油套装"
            },
            {
                "name": "产地",
                "value": "法国"
            },
            {
                "name": "化妆品备案编号/注册证号",
                "value": "国妆网备进字（沪）2019002178"
            },
            {
                "name": "功效",
                "value": "保湿"
            },
            {
                "name": "规格类型",
                "value": "正常规格"
            },
            {
                "name": "是否为特殊用途化妆品",
                "value": "否"
            },
            {
                "name": "净含量",
                "value": "7.5ml"
            }
        ],
        "props_name": "147956252:48920:净含量:7.5ml",
        "total_sold": 2000,
        "skus": {
            "sku": [
                {
                    "price": 150,
                    "total_price": 0,
                    "orginal_price": 150,
                    "properties": "147956252:48920",
                    "properties_name": "147956252:48920:净含量:7.5ml",
                    "quantity": 200,
                    "sku_id": "3983038034849"
                }
            ]
        },
        "seller_id": "2248304671",
        "shop_id": "114646595",
        "props_list": {
            "147956252:48920": "净含量:7.5ml"
        },
        "seller_info": {
            "nick": "loccitane欧舒丹旗舰店",
            "item_score": 4.84014,
            "score_p": 4.86394,
            "delivery_score": 4.88312,
            "shop_type": "",
            "user_num_id": "2248304671",
            "sid": "114646595",
            "title": "",
            "zhuy": "https://shop114646595.taobao.com",
            "cert": null,
            "open_time": "",
            "credit_score": null,
            "shop_name": "loccitane欧舒丹旗舰店"
        },
        "tmall": true,
        "update_time": "2023-03-01 09:36:06",
        "data_update": "2023-03-01 09:36:06",
        "data_f": "Ha",
        "data_from": "hid",
        "promo_type": null,
        "props_img": {
            "147956252:48920": "http://img.alicdn.com/imgextra/i4/2248304671/O1CN01o7koDu1kNMq9NZ54V_!!0-item_pic.jpg"
        },
        "error": null,
        "format_check": "ok",
        "sales": 0,
        "desc_img": [
            "http://img.alicdn.com/imgextra/i3/2248304671/O1CN018z8v0G1kNMlJVLvTk_!!2248304671.jpg",
            "http://img.alicdn.com/imgextra/i1/2248304671/O1CN01vJFOkB1kNMlL7cFCG_!!2248304671.jpg",
            "http://img.alicdn.com/imgextra/i2/2248304671/O1CN01ysoW7l1kNMlA99y52_!!2248304671.jpg",
            "http://img.alicdn.com/imgextra/i1/2248304671/O1CN011rbg5m1kNMmKEIFMm_!!2248304671.jpg",
            "http://img.alicdn.com/imgextra/i1/2248304671/O1CN01BFqPdI1kNMlJMVVFa_!!2248304671.jpg",
            "http://img.alicdn.com/imgextra/TB2_Bnfn29TBuNjy1zbXXXpepXa-2248304671.jpg",
            "http://img.alicdn.com/imgextra/TB2YVKzmnTI8KJjSsphXXcFppXa-2248304671.jpg",
            "http://img.alicdn.com/imgextra/i4/2248304671/O1CN011kNMTYM3WafZj7e_!!2248304671.jpg",
            "https://www.o0b.cn/i.php?t.png&rid=gw-3.63feac044b1a2&p=837512465&k=23706&t=1677634566"
        ],
        "shop_item": [],
        "relate_items": []
    },
    "error": "",
    "secache": "ca4b211037e128e93fce07884d2e4894",
    "secache_time": 1677748912,
    "secache_date": "2023-03-02 17:21:52",
    "translate_status": "",
    "translate_time": 0,
    "language": {
        "default_lang": "cn",
        "current_lang": "cn"
    },
    "reason": "",
    "error_code": "0000",
    "cache": 0,
    "api_info": "today: max:20000 all[=++];expires:2024-01-16",
    "execution_time": "0.274",
    "server_time": "Beijing/2023-03-02 17:21:52",
    "client_ip": "54.39.83.153",
    "call_args": {
        "num_iid": "577785915263",
        "is_promotion": "1"
    },
    "api_type": "taobao",
    "translate_language": "zh-CN",
    "translate_engine": "baidu_api",
    "server_memory": "5.79MB",
    "last_id": false
}