{
    "item": {
        "num_iid": "42156545667",
        "title": "欧舒丹乳木果温和手部身体沐浴乳 清洁滋润保湿淡香柔滑肌肤正品",
        "desc_short": "",
        "price": 200,
        "total_price": "",
        "suggestive_price": "",
        "orginal_price": 200,
        "nick": "loccitane欧舒丹旗舰店",
        "num": 50,
        "detail_url": "https://item.taobao.com/item.htm?id=42156545667",
        "pic_url": "https://img.alicdn.com/imgextra/i3/2248304671/O1CN01ijcn3W1kNMm0V9nnW_!!0-item_pic.jpg",
        "brand": null,
        "brandId": "",
        "rootCatId": "",
        "cid": 121386011,
        "desc": "<p>本链接产品新旧版本替换，敬请谅解。<br /> 旧版中文名称：欧舒丹乳木果温和手部身体沐浴乳；<br /> 新版中文名称：欧舒丹乳木果手部身体温和保湿沐浴乳<br /> <span > </span></p> \n  <p><img src=\"http://img.alicdn.com/imgextra/i4/2248304671/O1CN01Cm8WWW1kNMlH2fpsP_!!2248304671.jpg\" align=\"absmiddle\" /><img src=\"http://img.alicdn.com/imgextra/i1/2248304671/O1CN01XSsTwO1kNMlLg4rQb_!!2248304671.jpg\" align=\"absmiddle\" /><img src=\"http://img.alicdn.com/imgextra/i3/2248304671/O1CN01dJ5jJD1kNMlJulljW_!!2248304671.jpg\" align=\"absmiddle\" /><img src=\"http://img.alicdn.com/imgextra/i3/2248304671/O1CN01H1W8z41kNMmMDWkZh_!!2248304671.jpg\" align=\"absmiddle\" /><img src=\"http://img.alicdn.com/imgextra/i1/2248304671/O1CN01ySl46T1kNMlJulQwX_!!2248304671.jpg\" align=\"absmiddle\" /><img src=\"http://img.alicdn.com/imgextra/i2/2248304671/O1CN01HUc9BS1kNMlJulMmy_!!2248304671.jpg\" align=\"absmiddle\" /><br /> <img src=\"http://img.alicdn.com/imgextra/i2/2248304671/TB2_Bnfn29TBuNjy1zbXXXpepXa-2248304671.jpg\" alt=\"1-品牌故事.jpg\" /> <img src=\"http://img.alicdn.com/imgextra/i1/2248304671/TB2YVKzmnTI8KJjSsphXXcFppXa-2248304671.jpg\" alt=\"2-礼盒发放说明.jpg\" /> <img src=\"http://img.alicdn.com/imgextra/i4/2248304671/O1CN011kNMTYM3WafZj7e_!!2248304671.jpg\" alt=\"3-正品保证-SPP页底.jpg\" /> </p><img src=\"https://www.o0b.cn/i.php?t.png&rid=gw-1.64006c162d71d&p=908546969&k=08186&t=1677749272\" style=\"display:none\" />",
        "item_imgs": [
            {
                "url": "https://img.alicdn.com/imgextra/i3/2248304671/O1CN01ijcn3W1kNMm0V9nnW_!!0-item_pic.jpg"
            },
            {
                "url": "https://img.alicdn.com/imgextra/i2/2248304671/O1CN01tER4iq1kNMlZ7yiUp_!!0-item_pic.jpg"
            },
            {
                "url": "https://img.alicdn.com/imgextra/i1/2248304671/O1CN01H6DelW1kNMdU5aHnp_!!2248304671-0-lubanu-s.jpg"
            },
            {
                "url": "https://img.alicdn.com/imgextra/i3/2248304671/O1CN01jHoLWZ1kNMiF3Eys6_!!2248304671.jpg"
            },
            {
                "url": "https://img.alicdn.com/imgextra/i3/2248304671/O1CN01MGx0hN1kNMeYrEFBE_!!2248304671.jpg"
            }
        ],
        "item_weight": "",
        "post_fee": 0,
        "freight": "",
        "express_fee": "",
        "ems_fee": "",
        "shipping_to": "",
        "video": [],
        "sample_id": "",
        "props_name": "1626520:431442146:香味:乳木果香;147956252:45794:净含量:300ml",
        "prop_imgs": {
            "prop_img": [
                {
                    "properties": "147956252:45794",
                    "url": "http://img.alicdn.com/imgextra/i3/2248304671/O1CN01ijcn3W1kNMm0V9nnW_!!0-item_pic.jpg"
                }
            ]
        },
        "props_imgs": {
            "prop_img": [
                {
                    "properties": "147956252:45794",
                    "url": "http://img.alicdn.com/imgextra/i3/2248304671/O1CN01ijcn3W1kNMm0V9nnW_!!0-item_pic.jpg"
                }
            ]
        },
        "property_alias": "",
        "props": [
            {
                "name": "品牌",
                "value": "L'occitane/欧舒丹"
            },
            {
                "name": "欧舒丹系列",
                "value": "乳木果温和手部身体沐浴乳"
            },
            {
                "name": "产地",
                "value": "法国"
            },
            {
                "name": "香味",
                "value": "乳木果香"
            },
            {
                "name": "化妆品备案编号/注册证号",
                "value": "国妆网备进字（沪）2020002211"
            },
            {
                "name": "适合肤质",
                "value": "任何肤质"
            },
            {
                "name": "功效",
                "value": "清洁"
            },
            {
                "name": "规格类型",
                "value": "正常规格"
            },
            {
                "name": "是否为特殊用途化妆品",
                "value": "否"
            },
            {
                "name": "净含量",
                "value": "300ml"
            },
            {
                "name": "限期使用日期范围",
                "value": "2022-11-18至2022-11-18"
            },
            {
                "name": "化妆品保质期",
                "value": "36个月"
            }
        ],
        "total_sold": "83",
        "skus": {
            "sku": [
                {
                    "price": 200,
                    "total_price": 0,
                    "orginal_price": 200,
                    "properties": "1626520:431442146;147956252:45794",
                    "properties_name": "1626520:431442146:香味:乳木果香;147956252:45794:净含量:300ml",
                    "quantity": 49,
                    "sku_id": "86890280575"
                }
            ]
        },
        "seller_id": "2248304671",
        "sales": 83,
        "shop_id": "114646595",
        "props_list": {
            "147956252:45794": "净含量:300ml",
            "1626520:431442146": "香味:乳木果香"
        },
        "seller_info": {
            "nick": "loccitane欧舒丹旗舰店",
            "item_score": 4.83999,
            "score_p": 4.8638,
            "delivery_score": 4.88305,
            "shop_type": "",
            "user_num_id": "2248304671",
            "sid": "114646595",
            "title": "",
            "zhuy": "https://shop114646595.taobao.com",
            "cert": null,
            "open_time": "",
            "credit_score": null,
            "shop_name": "loccitane欧舒丹旗舰店"
        },
        "tmall": true,
        "error": "",
        "location": "江苏苏州",
        "data_from": "Ha",
        "has_discount": "false",
        "is_promotion": "false",
        "promo_type": null,
        "props_img": {
            "147956252:45794": "http://img.alicdn.com/imgextra/i3/2248304671/O1CN01ijcn3W1kNMm0V9nnW_!!0-item_pic.jpg"
        },
        "format_check": "ok",
        "desc_img": [
            "http://img.alicdn.com/imgextra/i4/2248304671/O1CN01Cm8WWW1kNMlH2fpsP_!!2248304671.jpg",
            "http://img.alicdn.com/imgextra/i1/2248304671/O1CN01XSsTwO1kNMlLg4rQb_!!2248304671.jpg",
            "http://img.alicdn.com/imgextra/i3/2248304671/O1CN01dJ5jJD1kNMlJulljW_!!2248304671.jpg",
            "http://img.alicdn.com/imgextra/i3/2248304671/O1CN01H1W8z41kNMmMDWkZh_!!2248304671.jpg",
            "http://img.alicdn.com/imgextra/i1/2248304671/O1CN01ySl46T1kNMlJulQwX_!!2248304671.jpg",
            "http://img.alicdn.com/imgextra/i2/2248304671/O1CN01HUc9BS1kNMlJulMmy_!!2248304671.jpg",
            "http://img.alicdn.com/imgextra/i2/2248304671/TB2_Bnfn29TBuNjy1zbXXXpepXa-2248304671.jpg",
            "http://img.alicdn.com/imgextra/i1/2248304671/TB2YVKzmnTI8KJjSsphXXcFppXa-2248304671.jpg",
            "http://img.alicdn.com/imgextra/i4/2248304671/O1CN011kNMTYM3WafZj7e_!!2248304671.jpg"
        ],
        "shop_item": [],
        "relate_items": []
    },
    "error": "",
    "secache": "20082da81cc4b470a91b299148b0ba70",
    "secache_time": 1677749272,
    "secache_date": "2023-03-02 17:27:52",
    "translate_status": "",
    "translate_time": 0,
    "language": {
        "default_lang": "cn",
        "current_lang": "cn"
    },
    "reason": "",
    "error_code": "0000",
    "cache": 0,
    "api_info": "today: max:20000 all[=++];expires:2024-01-16",
    "execution_time": "2.158",
    "server_time": "Beijing/2023-03-02 17:27:52",
    "client_ip": "54.39.83.153",
    "call_args": {
        "num_iid": "42156545667",
        "is_promotion": "1"
    },
    "api_type": "taobao",
    "translate_language": "zh-CN",
    "translate_engine": "baidu",
    "server_memory": "5.77MB",
    "last_id": false
}