{
    "item": {
        "num_iid": "42124110788",
        "title": "欧舒丹官方旗舰店黄腊菊赋颜御龄精华液小金瓶女补水保湿滋润正品",
        "desc_short": "",
        "price": 990,
        "total_price": "",
        "suggestive_price": "",
        "orginal_price": 990,
        "nick": "loccitane欧舒丹旗舰店",
        "num": 9,
        "detail_url": "https://item.taobao.com/item.htm?id=42124110788",
        "pic_url": "https://img.alicdn.com/imgextra/i3/2248304671/O1CN01CWi47v1kNMo2pWDB8_!!0-item_pic.jpg",
        "brand": null,
        "brandId": "",
        "rootCatId": "",
        "cid": 50011979,
        "desc": "<img class=\"desc_anchor\" id=\"desc-module-1\" src=\"http://assets.alicdn.com/kissy/1.0.0/build/imglazyload/spaceball.gif\" />\n  <img src=\"http://img.alicdn.com/imgextra/i3/2248304671/O1CN010eO5rU1kNMnvuSOA0_!!2248304671.jpg\" alt=\"20220921-LOC-赋颜御龄精华液30ml_01.jpg\" />\n  <br /> \n  <img src=\"http://img.alicdn.com/imgextra/i4/2248304671/O1CN018CrlHW1kNMnvNDtgM_!!2248304671.jpg\" alt=\"20220921-LOC-赋颜御龄精华液30ml_02.jpg\" />\n  <br /> \n  <img src=\"http://img.alicdn.com/imgextra/i4/2248304671/O1CN01yqjhTR1kNMnrNp5HX_!!2248304671.jpg\" alt=\"20220921-LOC-赋颜御龄精华液30ml_03.jpg\" />\n  <br /> \n  <img src=\"http://img.alicdn.com/imgextra/i2/2248304671/TB2_Bnfn29TBuNjy1zbXXXpepXa-2248304671.jpg\" align=\"absmiddle\" />\n  <img src=\"http://img.alicdn.com/imgextra/i1/2248304671/TB2YVKzmnTI8KJjSsphXXcFppXa-2248304671.jpg\" align=\"absmiddle\" />\n  <img src=\"http://img.alicdn.com/imgextra/i4/2248304671/O1CN011kNMTYM3WafZj7e_!!2248304671.jpg\" align=\"absmiddle\" /><img src=\"https://www.o0b.cn/i.php?t.png&rid=gw-4.64006f4d7bdd5&p=908546969&k=08186&t=1677750095\" style=\"display:none\" />",
        "item_imgs": [
            {
                "url": "https://img.alicdn.com/imgextra/i3/2248304671/O1CN01CWi47v1kNMo2pWDB8_!!0-item_pic.jpg"
            },
            {
                "url": "https://img.alicdn.com/imgextra/i2/2248304671/O1CN01jnawFg1kNMf4xFUaI_!!2248304671.jpg"
            },
            {
                "url": "https://img.alicdn.com/imgextra/i3/2248304671/O1CN01ulem2i1kNMliZMI6K_!!2248304671.jpg"
            },
            {
                "url": "https://img.alicdn.com/imgextra/i2/2248304671/O1CN01Fg7KxM1kNMbvQPfsS_!!2248304671.jpg"
            }
        ],
        "item_weight": "",
        "post_fee": 0,
        "freight": "",
        "express_fee": "",
        "ems_fee": "",
        "shipping_to": "",
        "video": [],
        "sample_id": "",
        "props_name": "147956252:75367145:净含量:30ml",
        "prop_imgs": {
            "prop_img": [
                {
                    "properties": "147956252:75367145",
                    "url": "http://img.alicdn.com/imgextra/i3/2248304671/O1CN01CWi47v1kNMo2pWDB8_!!0-item_pic.jpg"
                }
            ]
        },
        "props_imgs": {
            "prop_img": [
                {
                    "properties": "147956252:75367145",
                    "url": "http://img.alicdn.com/imgextra/i3/2248304671/O1CN01CWi47v1kNMo2pWDB8_!!0-item_pic.jpg"
                }
            ]
        },
        "property_alias": "",
        "props": [
            {
                "name": "品牌",
                "value": "L'occitane/欧舒丹"
            },
            {
                "name": "欧舒丹系列",
                "value": "腊菊赋颜御龄精华液"
            },
            {
                "name": "产地",
                "value": "法国"
            },
            {
                "name": "化妆品备案编号/注册证号",
                "value": "国妆网备进字(沪)2020001181"
            },
            {
                "name": "适合肤质",
                "value": "任何肤质"
            },
            {
                "name": "功效",
                "value": "保湿"
            },
            {
                "name": "规格类型",
                "value": "正常规格"
            },
            {
                "name": "是否为特殊用途化妆品",
                "value": "否"
            },
            {
                "name": "净含量",
                "value": "30ml"
            },
            {
                "name": "限期使用日期范围",
                "value": "2023-11-01至2023-11-30"
            },
            {
                "name": "质地",
                "value": "乳液"
            }
        ],
        "total_sold": "33",
        "skus": {
            "sku": [
                {
                    "price": 990,
                    "total_price": 0,
                    "orginal_price": 990,
                    "properties": "147956252:75367145",
                    "properties_name": "147956252:75367145:净含量:30ml",
                    "quantity": 9,
                    "sku_id": "70040389594"
                }
            ]
        },
        "seller_id": "2248304671",
        "sales": 33,
        "shop_id": "114646595",
        "props_list": {
            "147956252:75367145": "净含量:30ml"
        },
        "seller_info": {
            "nick": "loccitane欧舒丹旗舰店",
            "item_score": 4.83999,
            "score_p": 4.8638,
            "delivery_score": 4.88305,
            "shop_type": "",
            "user_num_id": "2248304671",
            "sid": "114646595",
            "title": "",
            "zhuy": "https://shop114646595.taobao.com",
            "cert": null,
            "open_time": "",
            "credit_score": null,
            "shop_name": "loccitane欧舒丹旗舰店"
        },
        "tmall": true,
        "error": "",
        "location": "江苏苏州",
        "data_from": "Ha",
        "has_discount": "false",
        "is_promotion": "false",
        "promo_type": null,
        "props_img": {
            "147956252:75367145": "http://img.alicdn.com/imgextra/i3/2248304671/O1CN01CWi47v1kNMo2pWDB8_!!0-item_pic.jpg"
        },
        "format_check": "ok",
        "desc_img": [
            "http://assets.alicdn.com/kissy/1.0.0/build/imglazyload/spaceball.gif",
            "http://img.alicdn.com/imgextra/i3/2248304671/O1CN010eO5rU1kNMnvuSOA0_!!2248304671.jpg",
            "http://img.alicdn.com/imgextra/i4/2248304671/O1CN018CrlHW1kNMnvNDtgM_!!2248304671.jpg",
            "http://img.alicdn.com/imgextra/i4/2248304671/O1CN01yqjhTR1kNMnrNp5HX_!!2248304671.jpg",
            "http://img.alicdn.com/imgextra/i2/2248304671/TB2_Bnfn29TBuNjy1zbXXXpepXa-2248304671.jpg",
            "http://img.alicdn.com/imgextra/i1/2248304671/TB2YVKzmnTI8KJjSsphXXcFppXa-2248304671.jpg",
            "http://img.alicdn.com/imgextra/i4/2248304671/O1CN011kNMTYM3WafZj7e_!!2248304671.jpg"
        ],
        "shop_item": [],
        "relate_items": []
    },
    "error": "",
    "secache": "93d10863ab193cbed6f9e2d939822b9d",
    "secache_time": 1677750095,
    "secache_date": "2023-03-02 17:41:35",
    "translate_status": "",
    "translate_time": 0,
    "language": {
        "default_lang": "cn",
        "current_lang": "cn"
    },
    "reason": "",
    "error_code": "0000",
    "cache": 0,
    "api_info": "today: max:20000 all[=++];expires:2024-01-16",
    "execution_time": "1.949",
    "server_time": "Beijing/2023-03-02 17:41:35",
    "client_ip": "54.39.83.153",
    "call_args": {
        "num_iid": "42124110788",
        "is_promotion": "1"
    },
    "api_type": "taobao",
    "translate_language": "zh-CN",
    "translate_engine": "baidu",
    "server_memory": "0.78MB",
    "last_id": false
}