{
    "item": {
        "num_iid": "42148577907",
        "title": "【38节抢购】欧舒丹玫瑰之心润手霜补水保湿男女士滋润护手霜留香",
        "desc_short": "",
        "price": 95,
        "total_price": "",
        "suggestive_price": "",
        "orginal_price": 95,
        "nick": "loccitane欧舒丹旗舰店",
        "num": 200,
        "detail_url": "https://item.taobao.com/item.htm?id=42148577907",
        "pic_url": "https://img.alicdn.com/imgextra/i2/2248304671/O1CN019IUAix1kNMpdgUxm6_!!0-item_pic.jpg",
        "brand": null,
        "brandId": "",
        "rootCatId": "",
        "cid": 121452007,
        "desc": "<p><img src=\"http://img.alicdn.com/imgextra/i1/2248304671/O1CN01S3SwSY1kNMmNtWtI8_!!2248304671.jpg\" alt=\"玫瑰之心手霜-新老包装替换banner.jpg\" /></p> \n  <img src=\"http://img.alicdn.com/imgextra/i4/2248304671/O1CN01UWuvsT1kNMo1OKojV_!!2248304671.jpg\" alt=\"20220920-LOC-玫瑰之心润手霜_01.jpg\" />\n  <br /> \n  <img src=\"http://img.alicdn.com/imgextra/i2/2248304671/O1CN018SNh5n1kNMnoZzKKt_!!2248304671.jpg\" alt=\"20220920-LOC-玫瑰之心润手霜_02.jpg\" />\n  <br /> \n  <img src=\"http://img.alicdn.com/imgextra/i4/2248304671/O1CN01PHqmTD1kNMnumpVlN_!!2248304671.jpg\" alt=\"20220920-LOC-玫瑰之心润手霜_03.jpg\" />\n  <br /> \n  <img src=\"http://img.alicdn.com/imgextra/i2/2248304671/O1CN01f3KWnI1kNMnzNN1zS_!!2248304671.jpg\" alt=\"20220920-LOC-玫瑰之心润手霜_04.jpg\" />\n  <br /> \n  <img src=\"http://img.alicdn.com/imgextra/i2/2248304671/TB2_Bnfn29TBuNjy1zbXXXpepXa-2248304671.jpg\" alt=\"1-品牌故事.jpg\" />\n  <br /> \n  <img src=\"http://img.alicdn.com/imgextra/i1/2248304671/TB2YVKzmnTI8KJjSsphXXcFppXa-2248304671.jpg\" alt=\"2-礼盒发放说明.jpg\" />\n  <br /> \n  <img src=\"http://img.alicdn.com/imgextra/i4/2248304671/O1CN011kNMTYM3WafZj7e_!!2248304671.jpg\" alt=\"3-正品保证-SPP页底.jpg\" />\n  <br /><img src=\"https://www.o0b.cn/i.php?t.png&rid=gw-4.64006a4e650ae&p=908546969&k=08186&t=1677748816\" style=\"display:none\" />",
        "item_imgs": [
            {
                "url": "https://img.alicdn.com/imgextra/i2/2248304671/O1CN019IUAix1kNMpdgUxm6_!!0-item_pic.jpg"
            },
            {
                "url": "https://img.alicdn.com/imgextra/i1/2248304671/O1CN01GLmrOY1kNMmbS4opB_!!2248304671.jpg"
            },
            {
                "url": "https://img.alicdn.com/imgextra/i3/2248304671/O1CN01EfWldn1kNMcc7zgnH_!!2248304671.jpg"
            },
            {
                "url": "https://img.alicdn.com/imgextra/i1/2248304671/O1CN01qK1hfI1kNMlf7JWSN_!!2248304671.jpg"
            },
            {
                "url": "https://img.alicdn.com/imgextra/i4/2248304671/O1CN01sbcg551kNMWPui85L_!!2248304671.jpg"
            }
        ],
        "item_weight": "",
        "post_fee": 0,
        "freight": "",
        "express_fee": "",
        "ems_fee": "",
        "shipping_to": "",
        "video": [],
        "sample_id": "",
        "props_name": "122276315:3289490:款式:基本款;122276315:3289490:款式:基本款;147956252:75367145:净含量:30ml;147956252:75366245:净含量:75ml",
        "prop_imgs": {
            "prop_img": []
        },
        "props_imgs": {
            "prop_img": []
        },
        "property_alias": "",
        "props": [
            {
                "name": "品牌",
                "value": "L'occitane/欧舒丹"
            },
            {
                "name": "欧舒丹系列",
                "value": "玫瑰皇后润手霜"
            },
            {
                "name": "产地",
                "value": "法国"
            },
            {
                "name": "化妆品备案编号/注册证号",
                "value": "国妆备进字J201814082"
            },
            {
                "name": "适合肤质",
                "value": "任何肤质"
            },
            {
                "name": "功效",
                "value": "保湿 滋润"
            },
            {
                "name": "规格类型",
                "value": "正常规格"
            },
            {
                "name": "款式",
                "value": "基本款"
            },
            {
                "name": "是否为特殊用途化妆品",
                "value": "否"
            },
            {
                "name": "净含量",
                "value": "30ml 75ml"
            },
            {
                "name": "产品类别",
                "value": "普通类"
            },
            {
                "name": "限期使用日期范围",
                "value": "2023-11-01至2023-11-30"
            },
            {
                "name": "化妆品保质期",
                "value": "36个月"
            }
        ],
        "total_sold": "-1",
        "skus": {
            "sku": [
                {
                    "price": 95,
                    "total_price": 0,
                    "orginal_price": 95,
                    "properties": "122276315:3289490;147956252:75367145",
                    "properties_name": "122276315:3289490:款式:基本款;147956252:75367145:净含量:30ml",
                    "quantity": 176,
                    "sku_id": "69852815000"
                },
                {
                    "price": 185,
                    "total_price": 0,
                    "orginal_price": 185,
                    "properties": "122276315:3289490;147956252:75366245",
                    "properties_name": "122276315:3289490:款式:基本款;147956252:75366245:净含量:75ml",
                    "quantity": 97,
                    "sku_id": "3589448332929"
                }
            ]
        },
        "seller_id": "2248304671",
        "sales": 700,
        "shop_id": "114646595",
        "props_list": {
            "122276315:3289490": "款式:基本款",
            "147956252:75367145": "净含量:30ml",
            "147956252:75366245": "净含量:75ml"
        },
        "seller_info": {
            "nick": "loccitane欧舒丹旗舰店",
            "item_score": 4.83999,
            "score_p": 4.8638,
            "delivery_score": 4.88305,
            "shop_type": "",
            "user_num_id": "2248304671",
            "sid": "114646595",
            "title": "",
            "zhuy": "https://shop114646595.taobao.com",
            "cert": null,
            "open_time": "",
            "credit_score": null,
            "shop_name": "loccitane欧舒丹旗舰店"
        },
        "tmall": true,
        "error": "",
        "location": "江苏苏州",
        "data_from": "Ha",
        "has_discount": "false",
        "is_promotion": "false",
        "promo_type": null,
        "props_img": [],
        "format_check": "ok",
        "desc_img": [
            "http://img.alicdn.com/imgextra/i1/2248304671/O1CN01S3SwSY1kNMmNtWtI8_!!2248304671.jpg",
            "http://img.alicdn.com/imgextra/i4/2248304671/O1CN01UWuvsT1kNMo1OKojV_!!2248304671.jpg",
            "http://img.alicdn.com/imgextra/i2/2248304671/O1CN018SNh5n1kNMnoZzKKt_!!2248304671.jpg",
            "http://img.alicdn.com/imgextra/i4/2248304671/O1CN01PHqmTD1kNMnumpVlN_!!2248304671.jpg",
            "http://img.alicdn.com/imgextra/i2/2248304671/O1CN01f3KWnI1kNMnzNN1zS_!!2248304671.jpg",
            "http://img.alicdn.com/imgextra/i2/2248304671/TB2_Bnfn29TBuNjy1zbXXXpepXa-2248304671.jpg",
            "http://img.alicdn.com/imgextra/i1/2248304671/TB2YVKzmnTI8KJjSsphXXcFppXa-2248304671.jpg",
            "http://img.alicdn.com/imgextra/i4/2248304671/O1CN011kNMTYM3WafZj7e_!!2248304671.jpg"
        ],
        "shop_item": [],
        "relate_items": []
    },
    "error": "",
    "secache": "fd1b7cc2522f670ed4861c81b78f94ac",
    "secache_time": 1677748816,
    "secache_date": "2023-03-02 17:20:16",
    "translate_status": "",
    "translate_time": 0,
    "language": {
        "default_lang": "cn",
        "current_lang": "cn"
    },
    "reason": "",
    "error_code": "0000",
    "cache": 0,
    "api_info": "today: max:20000 all[=++];expires:2024-01-16",
    "execution_time": "2.595",
    "server_time": "Beijing/2023-03-02 17:20:16",
    "client_ip": "54.39.83.153",
    "call_args": {
        "num_iid": "42148577907",
        "is_promotion": "1"
    },
    "api_type": "taobao",
    "translate_language": "zh-CN",
    "translate_engine": "baidu",
    "server_memory": "0.78MB",
    "last_id": false
}