{
    "item": {
        "num_iid": "540787585326",
        "title": "【官方正品】欧舒丹手霜合集玫瑰樱花乳木果补水保湿手膜滋润留香",
        "desc_short": "",
        "price": "95",
        "orginal_price": "245",
        "nick": "loccitane欧舒丹旗舰店",
        "num": 2604,
        "pic_url": "//img.alicdn.com/imgextra/i2/2248304671/O1CN01ZMO5Er1kNMq2Shcod_!!0-item_pic.jpg",
        "brand": "L'occitane/欧舒丹",
        "brandId": 0,
        "rootCatId": "1801",
        "cid": "50011993",
        "crumbs": [],
        "detail_url": "https://item.taobao.com/item.htm?id=540787585326",
        "desc": "<img class=\"desc_anchor\" id=\"desc-module-1\" src=\"http://assets.alicdn.com/kissy/1.0.0/build/imglazyload/spaceball.gif\" />\n  <p>亲爱的丹粉，即日起欧舒丹手霜包装陆续升级，仓库新旧版本随机发货，新版手霜增加封口标识，不接受发货指定；感谢您的支持，欧舒丹天猫官方旗舰店所售商品100%为正品，有问题及时联系在线客服.</p> \n  <p><img src=\"http://img.alicdn.com/imgextra/i4/2248304671/O1CN01fPMWHK1kNMmJ1AJI7_!!2248304671.jpg\" align=\"absmiddle\" /><br /> <img src=\"http://img.alicdn.com/imgextra/i2/2248304671/O1CN01Zhomu11kNMoyTL8s8_!!2248304671.jpg\" align=\"absmiddle\" /><br /> <img src=\"http://img.alicdn.com/imgextra/i2/2248304671/O1CN014RaHIh1kNMoyMSOBM_!!2248304671.jpg\" alt=\"20221130-LOC-手霜合集spp_19.jpg\" /> <img src=\"http://img.alicdn.com/imgextra/i3/2248304671/O1CN01afg78k1kNMllwivOV_!!2248304671.jpg\" align=\"absmiddle\" /><img src=\"http://img.alicdn.com/imgextra/i1/2248304671/O1CN01N3BRlV1kNMp4D709x_!!2248304671.jpg\" align=\"absmiddle\" /><br /> <img src=\"http://img.alicdn.com/imgextra/i4/2248304671/O1CN01t3cO9C1kNMlh31Kit_!!2248304671.jpg\" align=\"absmiddle\" /><img src=\"http://img.alicdn.com/imgextra/i1/2248304671/O1CN01710wCL1kNMlhCLQpY_!!2248304671.jpg\" align=\"absmiddle\" /><img src=\"http://img.alicdn.com/imgextra/i3/2248304671/O1CN01VL8H7O1kNMliC5QHx_!!2248304671.jpg\" align=\"absmiddle\" /><img src=\"http://img.alicdn.com/imgextra/i1/2248304671/O1CN01L31GKj1kNMmg5WvIg_!!2248304671.jpg\" align=\"absmiddle\" /><img src=\"http://img.alicdn.com/imgextra/i1/2248304671/O1CN01GqNC7K1kNMlXk3qMM_!!2248304671.jpg\" align=\"absmiddle\" /><img src=\"http://img.alicdn.com/imgextra/i4/2248304671/O1CN017qBqE01kNMle652bP_!!2248304671.jpg\" align=\"absmiddle\" /><img src=\"http://img.alicdn.com/imgextra/i1/2248304671/O1CN01PBLpQz1kNMmT4cZhx_!!2248304671.jpg\" align=\"absmiddle\" /><img src=\"http://img.alicdn.com/imgextra/i2/2248304671/O1CN01az0kSN1kNMll9DjZN_!!2248304671.jpg\" align=\"absmiddle\" /><img src=\"http://img.alicdn.com/imgextra/i2/2248304671/O1CN01YvcM0C1kNMp6oxcgp_!!2248304671.jpg\" align=\"absmiddle\" /><img src=\"http://img.alicdn.com/imgextra/i2/2248304671/O1CN01PAEpDW1kNMlq815ih_!!2248304671.jpg\" align=\"absmiddle\" /><img src=\"http://img.alicdn.com/imgextra/i1/2248304671/O1CN01pBsKq11kNMle65qXJ_!!2248304671.jpg\" align=\"absmiddle\" /><img src=\"http://img.alicdn.com/imgextra/i3/2248304671/O1CN01rMx0hl1kNMlpMYabL_!!2248304671.jpg\" align=\"absmiddle\" /><img src=\"http://img.alicdn.com/imgextra/i2/2248304671/O1CN013dmBXc1kNMlh30KP5_!!2248304671.jpg\" align=\"absmiddle\" /><img src=\"http://img.alicdn.com/imgextra/i3/2248304671/O1CN01xMSs6f1kNMlhinVJe_!!2248304671.jpg\" align=\"absmiddle\" /><img src=\"http://img.alicdn.com/imgextra/i4/2248304671/O1CN01hnagFA1kNMlmFB39M_!!2248304671.jpg\" align=\"absmiddle\" /><img src=\"http://img.alicdn.com/imgextra/i1/2248304671/O1CN01FAzrUQ1kNMmVN7rs7_!!2248304671.jpg\" align=\"absmiddle\" /><img src=\"http://img.alicdn.com/imgextra/i2/2248304671/O1CN01uIGwva1kNMo6mAdAp_!!2248304671.jpg\" alt=\"薰衣草手霜.jpg\" /><br /> <img src=\"http://img.alicdn.com/imgextra/i3/2248304671/O1CN01vjaz911kNMhaHeAMA_!!2248304671.jpg\" alt=\"20201211-LOC-手霜合集_07.jpg\" />&nbsp;<img src=\"http://img.alicdn.com/imgextra/i3/2248304671/O1CN01sUqm8P1kNMnt5IVzf_!!2248304671.jpg\" align=\"absmiddle\" /><img src=\"http://img.alicdn.com/imgextra/i2/2248304671/O1CN011uCqhq1kNMnyHv5sR_!!2248304671.jpg\" align=\"absmiddle\" /><img src=\"http://img.alicdn.com/imgextra/i3/2248304671/O1CN01UVSFXE1kNMnxWkRtz_!!2248304671.jpg\" align=\"absmiddle\" /><img src=\"http://img.alicdn.com/imgextra/i1/2248304671/O1CN01ek1CDn1kNMnxWlejN_!!2248304671.jpg\" align=\"absmiddle\" /><img src=\"http://img.alicdn.com/imgextra/i4/2248304671/O1CN01IwYS9s1kNMnjobfTL_!!2248304671.jpg\" align=\"absmiddle\" /></p>\n  <img class=\"desc_anchor\" id=\"desc-module-2\" src=\"http://assets.alicdn.com/kissy/1.0.0/build/imglazyload/spaceball.gif\" />\n  <p><img alt=\"spp-品牌故事.jpg\" src=\"http://img.alicdn.com/imgextra/i2/2248304671/O1CN01WAWgtg1kNMVXlaIyM_!!2248304671.jpg\" /><img align=\"absmiddle\" src=\"http://img.alicdn.com/imgextra/i1/2248304671/TB2YVKzmnTI8KJjSsphXXcFppXa-2248304671.jpg\" /><img align=\"absmiddle\" src=\"http://img.alicdn.com/imgextra/i4/2248304671/O1CN011kNMTYM3WafZj7e_!!2248304671.jpg\" /></p><img src=\"https://www.o0b.cn/i.php?t.png&rid=gw-4.63feb7eeab507&p=2552286361&k=52739&t=1677637616\" style=\"display:none\" />",
        "item_imgs": [
            {
                "url": "//img.alicdn.com/imgextra/i2/2248304671/O1CN01ZMO5Er1kNMq2Shcod_!!0-item_pic.jpg"
            },
            {
                "url": "//img.alicdn.com/imgextra/i4/2248304671/O1CN01ObKK5D1kNMps020uD_!!2248304671.jpg"
            },
            {
                "url": "//img.alicdn.com/imgextra/i1/2248304671/O1CN01ITarWw1kNMliTw00i_!!2248304671.jpg"
            },
            {
                "url": "//img.alicdn.com/imgextra/i4/2248304671/O1CN01sXUWEX1kNMmZWwA2Z_!!2248304671.jpg"
            },
            {
                "url": "//img.alicdn.com/imgextra/i3/2248304671/O1CN01sJNcQE1kNMmcchfJW_!!2248304671.jpg"
            }
        ],
        "item_weight": 0,
        "location": "江苏苏州",
        "post_fee": 0,
        "express_fee": 0,
        "ems_fee": 0,
        "shipping_to": "",
        "has_discount": "true",
        "video": {
            "url": "https://cloud.video.taobao.com/play/u/2248304671/p/2/e/6/t/1/284454372900.mp4?appKey=38829"
        },
        "is_virtual": "",
        "sample_id": "",
        "is_promotion": "true",
        "prop_imgs": {
            "prop_img": [
                {
                    "properties": "1627207:1176818122",
                    "url": "//img.alicdn.com/imgextra/i4/2248304671/O1CN01x6rhMe1kNMlrs1KSf_!!2248304671.jpg"
                },
                {
                    "properties": "1627207:3495693603",
                    "url": "//img.alicdn.com/imgextra/i1/2248304671/O1CN01JnVPmZ1kNMmOoHquZ_!!2248304671.jpg"
                },
                {
                    "properties": "1627207:1364149005",
                    "url": "//img.alicdn.com/imgextra/i3/2248304671/O1CN01RF0R7C1kNMluXvwFc_!!2248304671.jpg"
                },
                {
                    "properties": "1627207:21572571711",
                    "url": "//img.alicdn.com/imgextra/i3/2248304671/O1CN01uTiYIh1kNMmigl8iI_!!2248304671.jpg"
                },
                {
                    "properties": "1627207:1537390261",
                    "url": "//img.alicdn.com/imgextra/i4/2248304671/O1CN01gJwI8b1kNMllR7KPx_!!2248304671.jpg"
                },
                {
                    "properties": "1627207:22710456126",
                    "url": "//img.alicdn.com/imgextra/i2/2248304671/O1CN01VNnK9s1kNMot1nqkU_!!2248304671.jpg"
                },
                {
                    "properties": "1627207:1339906545",
                    "url": "//img.alicdn.com/imgextra/i4/2248304671/O1CN01sXUWEX1kNMmZWwA2Z_!!2248304671.jpg"
                },
                {
                    "properties": "1627207:5333743533",
                    "url": "//img.alicdn.com/imgextra/i1/2248304671/O1CN01GLmrOY1kNMmbS4opB_!!2248304671.jpg"
                },
                {
                    "properties": "1627207:23051869849",
                    "url": "//img.alicdn.com/imgextra/i1/2248304671/O1CN01RP8F5m1kNMp0qGR7w_!!2248304671.jpg"
                },
                {
                    "properties": "1627207:1460348051",
                    "url": "//img.alicdn.com/imgextra/i1/2248304671/O1CN01ITarWw1kNMliTw00i_!!2248304671.jpg"
                },
                {
                    "properties": "1627207:1486140631",
                    "url": "//img.alicdn.com/imgextra/i4/2248304671/O1CN01Ea0CFS1kNMlqdx8Oz_!!2248304671.jpg"
                },
                {
                    "properties": "1627207:3495693599",
                    "url": "//img.alicdn.com/imgextra/i4/2248304671/O1CN01qTXlaI1kNMmbS5YVb_!!2248304671.jpg"
                },
                {
                    "properties": "1627207:3495693602",
                    "url": "//img.alicdn.com/imgextra/i2/2248304671/O1CN01qqKHtX1kNMlpu7ntr_!!2248304671.jpg"
                },
                {
                    "properties": "1627207:479361594",
                    "url": "//img.alicdn.com/imgextra/i4/2248304671/O1CN01ObKK5D1kNMps020uD_!!2248304671.jpg"
                },
                {
                    "properties": "1627207:16862110138",
                    "url": "//img.alicdn.com/imgextra/i1/2248304671/O1CN01pc0whg1kNMkc8WH2Q_!!2248304671.jpg"
                },
                {
                    "properties": "1627207:5833284948",
                    "url": "//img.alicdn.com/imgextra/i3/2248304671/O1CN01coqZxS1kNMlnExFTV_!!2248304671.jpg"
                },
                {
                    "properties": "1627207:9426348956",
                    "url": "//img.alicdn.com/imgextra/i4/2248304671/O1CN017RtfSQ1kNMlmEjARF_!!2248304671.jpg"
                },
                {
                    "properties": "1627207:1176798531",
                    "url": "//img.alicdn.com/imgextra/i2/2248304671/O1CN015PlRfL1kNMlpu8L9B_!!2248304671.jpg"
                },
                {
                    "properties": "1627207:1817558395",
                    "url": "//img.alicdn.com/imgextra/i1/2248304671/O1CN01JyyF7p1kNMlmEixxS_!!2248304671.jpg"
                },
                {
                    "properties": "1627207:1942349885",
                    "url": "//img.alicdn.com/imgextra/i2/2248304671/O1CN01z0ZwuP1kNMlnExW9K_!!2248304671.jpg"
                },
                {
                    "properties": "1627207:21735387998",
                    "url": "//img.alicdn.com/imgextra/i3/2248304671/O1CN01sJNcQE1kNMmcchfJW_!!2248304671.jpg"
                },
                {
                    "properties": "1627207:1544399871",
                    "url": "//img.alicdn.com/imgextra/i2/2248304671/O1CN01tssTOT1kNMo0YfEz9_!!2248304671.jpg"
                },
                {
                    "properties": "1627207:136072282",
                    "url": "//img.alicdn.com/imgextra/i4/2248304671/O1CN01uT5MMj1kNMo5Jay4h_!!2248304671.jpg"
                },
                {
                    "properties": "1627207:23253189057",
                    "url": "//img.alicdn.com/imgextra/i1/2248304671/O1CN011HD9Ma1kNMpK0R86X_!!2248304671.jpg"
                },
                {
                    "properties": "1627207:23253189058",
                    "url": "//img.alicdn.com/imgextra/i4/2248304671/O1CN017GWGuK1kNMp8c0CBM_!!2248304671.jpg"
                }
            ]
        },
        "property_alias": "",
        "props": [
            {
                "name": "品牌",
                "value": "L'occitane/欧舒丹"
            },
            {
                "name": "面部护理套装",
                "value": "欧舒丹护手霜套装"
            },
            {
                "name": "产地",
                "value": "法国"
            },
            {
                "name": "颜色分类",
                "value": "甜蜜樱花润手霜30ml 乳木果经典手霜150ml 乳木果玫瑰润手霜30ml 薄荷马鞭草香氛润手啫喱 30ML 果漾马鞭草润手霜30ml 暖栗森林护手霜30ml 格拉斯橙花润手霜30ml 玫瑰之心润手霜75ml 乳木果经典手霜30ml-假日限定版 甜扁桃紧致润手霜30ml 甜蜜樱花手霜75ml 玫瑰之心润手霜30ml 甜蜜樱花手霜150ml 乳木果经典润手霜30ml 云中月桂润手霜30ml 清新马鞭草润手霜30ml 绿野奇境香氛润手霜30ml 芍药花香润手霜30ml 马鞭草清新手霜75ml 倾城之光润手霜30ml 格拉斯橙花润手霜 75ML 薰衣草润手霜 30ML 薰衣草润手霜 75ML 绵绵拿铁润手霜150ml 绵绵拿铁润手霜 30ml"
            },
            {
                "name": "化妆品备案编号/注册证号",
                "value": "国妆备进字J20141695"
            },
            {
                "name": "功效",
                "value": "保湿 滋润"
            },
            {
                "name": "规格类型",
                "value": "正常规格"
            },
            {
                "name": "是否为特殊用途化妆品",
                "value": "否"
            },
            {
                "name": "产品类别",
                "value": "普通类"
            },
            {
                "name": "限期使用日期范围",
                "value": "2024-02-01至2024-12-31"
            },
            {
                "name": "化妆品保质期",
                "value": "36个月"
            }
        ],
        "props_name": "1627207:1176818122:颜色分类:甜蜜樱花润手霜30ml;1627207:3495693603:颜色分类:乳木果经典手霜150ml;1627207:1364149005:颜色分类:乳木果玫瑰润手霜30ml;1627207:21572571711:颜色分类:薄荷马鞭草香氛润手啫喱 30ML;1627207:1537390261:颜色分类:果漾马鞭草润手霜30ml;1627207:22710456126:颜色分类:暖栗森林护手霜30ml;1627207:1339906545:颜色分类:格拉斯橙花润手霜30ml;1627207:5333743533:颜色分类:玫瑰之心润手霜75ml;1627207:23051869849:颜色分类:乳木果经典手霜30ml-假日限定版;1627207:1460348051:颜色分类:甜扁桃紧致润手霜30ml;1627207:1486140631:颜色分类:甜蜜樱花手霜75ml;1627207:3495693599:颜色分类:玫瑰之心润手霜30ml;1627207:3495693602:颜色分类:甜蜜樱花手霜150ml;1627207:479361594:颜色分类:乳木果经典润手霜30ml;1627207:16862110138:颜色分类:云中月桂润手霜30ml;1627207:5833284948:颜色分类:清新马鞭草润手霜30ml;1627207:9426348956:颜色分类:绿野奇境香氛润手霜30ml;1627207:1176798531:颜色分类:芍药花香润手霜30ml;1627207:1817558395:颜色分类:马鞭草清新手霜75ml;1627207:1942349885:颜色分类:倾城之光润手霜30ml;1627207:21735387998:颜色分类:格拉斯橙花润手霜 75ML;1627207:1544399871:颜色分类:薰衣草润手霜 30ML;1627207:136072282:颜色分类:薰衣草润手霜 75ML;1627207:23253189057:颜色分类:绵绵拿铁润手霜150ml;1627207:23253189058:颜色分类:绵绵拿铁润手霜 30ml",
        "total_sold": 4000,
        "skus": {
            "sku": [
                {
                    "price": "95",
                    "total_price": 0,
                    "orginal_price": "95",
                    "properties": "1627207:1176818122",
                    "properties_name": "1627207:1176818122:颜色分类:甜蜜樱花润手霜30ml",
                    "quantity": "200",
                    "sku_id": "4566009182515"
                },
                {
                    "price": "245",
                    "total_price": 0,
                    "orginal_price": "245",
                    "properties": "1627207:3495693603",
                    "properties_name": "1627207:3495693603:颜色分类:乳木果经典手霜150ml",
                    "quantity": "35",
                    "sku_id": "4224577849307"
                },
                {
                    "price": "95",
                    "total_price": 0,
                    "orginal_price": "95",
                    "properties": "1627207:1364149005",
                    "properties_name": "1627207:1364149005:颜色分类:乳木果玫瑰润手霜30ml",
                    "quantity": "200",
                    "sku_id": "4490532847855"
                },
                {
                    "price": "95",
                    "total_price": 0,
                    "orginal_price": "95",
                    "properties": "1627207:21572571711",
                    "properties_name": "1627207:21572571711:颜色分类:薄荷马鞭草香氛润手啫喱 30ML",
                    "quantity": "14",
                    "sku_id": "4902668757611"
                },
                {
                    "price": "95",
                    "total_price": 0,
                    "orginal_price": "95",
                    "properties": "1627207:1537390261",
                    "properties_name": "1627207:1537390261:颜色分类:果漾马鞭草润手霜30ml",
                    "quantity": "63",
                    "sku_id": "4649899965328"
                },
                {
                    "price": "95",
                    "total_price": 0,
                    "orginal_price": "95",
                    "properties": "1627207:22710456126",
                    "properties_name": "1627207:22710456126:颜色分类:暖栗森林护手霜30ml",
                    "quantity": "139",
                    "sku_id": "5096453919316"
                },
                {
                    "price": "95",
                    "total_price": 0,
                    "orginal_price": "95",
                    "properties": "1627207:1339906545",
                    "properties_name": "1627207:1339906545:颜色分类:格拉斯橙花润手霜30ml",
                    "quantity": "31",
                    "sku_id": "4487214126669"
                },
                {
                    "price": "185",
                    "total_price": 0,
                    "orginal_price": "185",
                    "properties": "1627207:5333743533",
                    "properties_name": "1627207:5333743533:颜色分类:玫瑰之心润手霜75ml",
                    "quantity": "56",
                    "sku_id": "4912075855999"
                },
                {
                    "price": "95",
                    "total_price": 0,
                    "orginal_price": "95",
                    "properties": "1627207:23051869849",
                    "properties_name": "1627207:23051869849:颜色分类:乳木果经典手霜30ml-假日限定版",
                    "quantity": "110",
                    "sku_id": "5100607779343"
                },
                {
                    "price": "95",
                    "total_price": 0,
                    "orginal_price": "95",
                    "properties": "1627207:1460348051",
                    "properties_name": "1627207:1460348051:颜色分类:甜扁桃紧致润手霜30ml",
                    "quantity": "177",
                    "sku_id": "4649899965324"
                },
                {
                    "price": "185",
                    "total_price": 0,
                    "orginal_price": "185",
                    "properties": "1627207:1486140631",
                    "properties_name": "1627207:1486140631:颜色分类:甜蜜樱花手霜75ml",
                    "quantity": "133",
                    "sku_id": "3988924162441"
                },
                {
                    "price": "95",
                    "total_price": 0,
                    "orginal_price": "95",
                    "properties": "1627207:3495693599",
                    "properties_name": "1627207:3495693599:颜色分类:玫瑰之心润手霜30ml",
                    "quantity": "56",
                    "sku_id": "4649899965326"
                },
                {
                    "price": "245",
                    "total_price": 0,
                    "orginal_price": "245",
                    "properties": "1627207:3495693602",
                    "properties_name": "1627207:3495693602:颜色分类:甜蜜樱花手霜150ml",
                    "quantity": "23",
                    "sku_id": "4209837587618"
                },
                {
                    "price": "95",
                    "total_price": 0,
                    "orginal_price": "95",
                    "properties": "1627207:479361594",
                    "properties_name": "1627207:479361594:颜色分类:乳木果经典润手霜30ml",
                    "quantity": "200",
                    "sku_id": "4268745753114"
                },
                {
                    "price": "95",
                    "total_price": 0,
                    "orginal_price": "95",
                    "properties": "1627207:16862110138",
                    "properties_name": "1627207:16862110138:颜色分类:云中月桂润手霜30ml",
                    "quantity": "185",
                    "sku_id": "4886978030226"
                },
                {
                    "price": "95",
                    "total_price": 0,
                    "orginal_price": "95",
                    "properties": "1627207:5833284948",
                    "properties_name": "1627207:5833284948:颜色分类:清新马鞭草润手霜30ml",
                    "quantity": "193",
                    "sku_id": "4649899965325"
                },
                {
                    "price": "95",
                    "total_price": 0,
                    "orginal_price": "95",
                    "properties": "1627207:9426348956",
                    "properties_name": "1627207:9426348956:颜色分类:绿野奇境香氛润手霜30ml",
                    "quantity": "200",
                    "sku_id": "4566009182516"
                },
                {
                    "price": "95",
                    "total_price": 0,
                    "orginal_price": "95",
                    "properties": "1627207:1176798531",
                    "properties_name": "1627207:1176798531:颜色分类:芍药花香润手霜30ml",
                    "quantity": "89",
                    "sku_id": "4649899965323"
                },
                {
                    "price": "185",
                    "total_price": 0,
                    "orginal_price": "185",
                    "properties": "1627207:1817558395",
                    "properties_name": "1627207:1817558395:颜色分类:马鞭草清新手霜75ml",
                    "quantity": "23",
                    "sku_id": "4203715568631"
                },
                {
                    "price": "95",
                    "total_price": 0,
                    "orginal_price": "95",
                    "properties": "1627207:1942349885",
                    "properties_name": "1627207:1942349885:颜色分类:倾城之光润手霜30ml",
                    "quantity": "188",
                    "sku_id": "4836824341417"
                },
                {
                    "price": "185",
                    "total_price": 0,
                    "orginal_price": "185",
                    "properties": "1627207:21735387998",
                    "properties_name": "1627207:21735387998:颜色分类:格拉斯橙花润手霜 75ML",
                    "quantity": "200",
                    "sku_id": "4854105319534"
                },
                {
                    "price": "95",
                    "total_price": 0,
                    "orginal_price": "95",
                    "properties": "1627207:1544399871",
                    "properties_name": "1627207:1544399871:颜色分类:薰衣草润手霜 30ML",
                    "quantity": "75",
                    "sku_id": "4902668757610"
                },
                {
                    "price": "185",
                    "total_price": 0,
                    "orginal_price": "185",
                    "properties": "1627207:136072282",
                    "properties_name": "1627207:136072282:颜色分类:薰衣草润手霜 75ML",
                    "quantity": "0",
                    "sku_id": "5074239763000"
                },
                {
                    "price": "245",
                    "total_price": 0,
                    "orginal_price": "245",
                    "properties": "1627207:23253189057",
                    "properties_name": "1627207:23253189057:颜色分类:绵绵拿铁润手霜150ml",
                    "quantity": "0",
                    "sku_id": "5103309183422"
                },
                {
                    "price": "95",
                    "total_price": 0,
                    "orginal_price": "95",
                    "properties": "1627207:23253189058",
                    "properties_name": "1627207:23253189058:颜色分类:绵绵拿铁润手霜 30ml",
                    "quantity": "14",
                    "sku_id": "5099603702186"
                }
            ]
        },
        "seller_id": "2248304671",
        "shop_id": "114646595",
        "props_list": {
            "1627207:1176818122": "颜色分类:甜蜜樱花润手霜30ml",
            "1627207:3495693603": "颜色分类:乳木果经典手霜150ml",
            "1627207:1364149005": "颜色分类:乳木果玫瑰润手霜30ml",
            "1627207:21572571711": "颜色分类:薄荷马鞭草香氛润手啫喱 30ML",
            "1627207:1537390261": "颜色分类:果漾马鞭草润手霜30ml",
            "1627207:22710456126": "颜色分类:暖栗森林护手霜30ml",
            "1627207:1339906545": "颜色分类:格拉斯橙花润手霜30ml",
            "1627207:5333743533": "颜色分类:玫瑰之心润手霜75ml",
            "1627207:23051869849": "颜色分类:乳木果经典手霜30ml-假日限定版",
            "1627207:1460348051": "颜色分类:甜扁桃紧致润手霜30ml",
            "1627207:1486140631": "颜色分类:甜蜜樱花手霜75ml",
            "1627207:3495693599": "颜色分类:玫瑰之心润手霜30ml",
            "1627207:3495693602": "颜色分类:甜蜜樱花手霜150ml",
            "1627207:479361594": "颜色分类:乳木果经典润手霜30ml",
            "1627207:16862110138": "颜色分类:云中月桂润手霜30ml",
            "1627207:5833284948": "颜色分类:清新马鞭草润手霜30ml",
            "1627207:9426348956": "颜色分类:绿野奇境香氛润手霜30ml",
            "1627207:1176798531": "颜色分类:芍药花香润手霜30ml",
            "1627207:1817558395": "颜色分类:马鞭草清新手霜75ml",
            "1627207:1942349885": "颜色分类:倾城之光润手霜30ml",
            "1627207:21735387998": "颜色分类:格拉斯橙花润手霜 75ML",
            "1627207:1544399871": "颜色分类:薰衣草润手霜 30ML",
            "1627207:136072282": "颜色分类:薰衣草润手霜 75ML",
            "1627207:23253189057": "颜色分类:绵绵拿铁润手霜150ml",
            "1627207:23253189058": "颜色分类:绵绵拿铁润手霜 30ml"
        },
        "seller_info": {
            "nick": "loccitane欧舒丹旗舰店",
            "item_score": "4.8 ",
            "score_p": "4.8 ",
            "delivery_score": "4.8 ",
            "shop_type": "B",
            "user_num_id": "2248304671",
            "sid": "114646595",
            "title": "L’OCCITANE欧舒丹官方旗舰店",
            "zhuy": "https://shop114646595.taobao.com/",
            "shop_name": "L’OCCITANE欧舒丹官方旗舰店"
        },
        "tmall": true,
        "update_time": "2023-03-01 10:26:56",
        "data_update": "2023-03-01 10:26:56",
        "data_f": "fu",
        "data_from": "hid",
        "promo_type": null,
        "props_img": {
            "1627207:1176818122": "//img.alicdn.com/imgextra/i4/2248304671/O1CN01x6rhMe1kNMlrs1KSf_!!2248304671.jpg",
            "1627207:3495693603": "//img.alicdn.com/imgextra/i1/2248304671/O1CN01JnVPmZ1kNMmOoHquZ_!!2248304671.jpg",
            "1627207:1364149005": "//img.alicdn.com/imgextra/i3/2248304671/O1CN01RF0R7C1kNMluXvwFc_!!2248304671.jpg",
            "1627207:21572571711": "//img.alicdn.com/imgextra/i3/2248304671/O1CN01uTiYIh1kNMmigl8iI_!!2248304671.jpg",
            "1627207:1537390261": "//img.alicdn.com/imgextra/i4/2248304671/O1CN01gJwI8b1kNMllR7KPx_!!2248304671.jpg",
            "1627207:22710456126": "//img.alicdn.com/imgextra/i2/2248304671/O1CN01VNnK9s1kNMot1nqkU_!!2248304671.jpg",
            "1627207:1339906545": "//img.alicdn.com/imgextra/i4/2248304671/O1CN01sXUWEX1kNMmZWwA2Z_!!2248304671.jpg",
            "1627207:5333743533": "//img.alicdn.com/imgextra/i1/2248304671/O1CN01GLmrOY1kNMmbS4opB_!!2248304671.jpg",
            "1627207:23051869849": "//img.alicdn.com/imgextra/i1/2248304671/O1CN01RP8F5m1kNMp0qGR7w_!!2248304671.jpg",
            "1627207:1460348051": "//img.alicdn.com/imgextra/i1/2248304671/O1CN01ITarWw1kNMliTw00i_!!2248304671.jpg",
            "1627207:1486140631": "//img.alicdn.com/imgextra/i4/2248304671/O1CN01Ea0CFS1kNMlqdx8Oz_!!2248304671.jpg",
            "1627207:3495693599": "//img.alicdn.com/imgextra/i4/2248304671/O1CN01qTXlaI1kNMmbS5YVb_!!2248304671.jpg",
            "1627207:3495693602": "//img.alicdn.com/imgextra/i2/2248304671/O1CN01qqKHtX1kNMlpu7ntr_!!2248304671.jpg",
            "1627207:479361594": "//img.alicdn.com/imgextra/i4/2248304671/O1CN01ObKK5D1kNMps020uD_!!2248304671.jpg",
            "1627207:16862110138": "//img.alicdn.com/imgextra/i1/2248304671/O1CN01pc0whg1kNMkc8WH2Q_!!2248304671.jpg",
            "1627207:5833284948": "//img.alicdn.com/imgextra/i3/2248304671/O1CN01coqZxS1kNMlnExFTV_!!2248304671.jpg",
            "1627207:9426348956": "//img.alicdn.com/imgextra/i4/2248304671/O1CN017RtfSQ1kNMlmEjARF_!!2248304671.jpg",
            "1627207:1176798531": "//img.alicdn.com/imgextra/i2/2248304671/O1CN015PlRfL1kNMlpu8L9B_!!2248304671.jpg",
            "1627207:1817558395": "//img.alicdn.com/imgextra/i1/2248304671/O1CN01JyyF7p1kNMlmEixxS_!!2248304671.jpg",
            "1627207:1942349885": "//img.alicdn.com/imgextra/i2/2248304671/O1CN01z0ZwuP1kNMlnExW9K_!!2248304671.jpg",
            "1627207:21735387998": "//img.alicdn.com/imgextra/i3/2248304671/O1CN01sJNcQE1kNMmcchfJW_!!2248304671.jpg",
            "1627207:1544399871": "//img.alicdn.com/imgextra/i2/2248304671/O1CN01tssTOT1kNMo0YfEz9_!!2248304671.jpg",
            "1627207:136072282": "//img.alicdn.com/imgextra/i4/2248304671/O1CN01uT5MMj1kNMo5Jay4h_!!2248304671.jpg",
            "1627207:23253189057": "//img.alicdn.com/imgextra/i1/2248304671/O1CN011HD9Ma1kNMpK0R86X_!!2248304671.jpg",
            "1627207:23253189058": "//img.alicdn.com/imgextra/i4/2248304671/O1CN017GWGuK1kNMp8c0CBM_!!2248304671.jpg"
        },
        "error": null,
        "format_check": "ok",
        "sales": 0,
        "desc_img": [
            "http://assets.alicdn.com/kissy/1.0.0/build/imglazyload/spaceball.gif",
            "http://img.alicdn.com/imgextra/i4/2248304671/O1CN01fPMWHK1kNMmJ1AJI7_!!2248304671.jpg",
            "http://img.alicdn.com/imgextra/i2/2248304671/O1CN01Zhomu11kNMoyTL8s8_!!2248304671.jpg",
            "http://img.alicdn.com/imgextra/i2/2248304671/O1CN014RaHIh1kNMoyMSOBM_!!2248304671.jpg",
            "http://img.alicdn.com/imgextra/i3/2248304671/O1CN01afg78k1kNMllwivOV_!!2248304671.jpg",
            "http://img.alicdn.com/imgextra/i1/2248304671/O1CN01N3BRlV1kNMp4D709x_!!2248304671.jpg",
            "http://img.alicdn.com/imgextra/i4/2248304671/O1CN01t3cO9C1kNMlh31Kit_!!2248304671.jpg",
            "http://img.alicdn.com/imgextra/i1/2248304671/O1CN01710wCL1kNMlhCLQpY_!!2248304671.jpg",
            "http://img.alicdn.com/imgextra/i3/2248304671/O1CN01VL8H7O1kNMliC5QHx_!!2248304671.jpg",
            "http://img.alicdn.com/imgextra/i1/2248304671/O1CN01L31GKj1kNMmg5WvIg_!!2248304671.jpg",
            "http://img.alicdn.com/imgextra/i1/2248304671/O1CN01GqNC7K1kNMlXk3qMM_!!2248304671.jpg",
            "http://img.alicdn.com/imgextra/i4/2248304671/O1CN017qBqE01kNMle652bP_!!2248304671.jpg",
            "http://img.alicdn.com/imgextra/i1/2248304671/O1CN01PBLpQz1kNMmT4cZhx_!!2248304671.jpg",
            "http://img.alicdn.com/imgextra/i2/2248304671/O1CN01az0kSN1kNMll9DjZN_!!2248304671.jpg",
            "http://img.alicdn.com/imgextra/i2/2248304671/O1CN01YvcM0C1kNMp6oxcgp_!!2248304671.jpg",
            "http://img.alicdn.com/imgextra/i2/2248304671/O1CN01PAEpDW1kNMlq815ih_!!2248304671.jpg",
            "http://img.alicdn.com/imgextra/i1/2248304671/O1CN01pBsKq11kNMle65qXJ_!!2248304671.jpg",
            "http://img.alicdn.com/imgextra/i3/2248304671/O1CN01rMx0hl1kNMlpMYabL_!!2248304671.jpg",
            "http://img.alicdn.com/imgextra/i2/2248304671/O1CN013dmBXc1kNMlh30KP5_!!2248304671.jpg",
            "http://img.alicdn.com/imgextra/i3/2248304671/O1CN01xMSs6f1kNMlhinVJe_!!2248304671.jpg",
            "http://img.alicdn.com/imgextra/i4/2248304671/O1CN01hnagFA1kNMlmFB39M_!!2248304671.jpg",
            "http://img.alicdn.com/imgextra/i1/2248304671/O1CN01FAzrUQ1kNMmVN7rs7_!!2248304671.jpg",
            "http://img.alicdn.com/imgextra/i2/2248304671/O1CN01uIGwva1kNMo6mAdAp_!!2248304671.jpg",
            "http://img.alicdn.com/imgextra/i3/2248304671/O1CN01vjaz911kNMhaHeAMA_!!2248304671.jpg",
            "http://img.alicdn.com/imgextra/i3/2248304671/O1CN01sUqm8P1kNMnt5IVzf_!!2248304671.jpg",
            "http://img.alicdn.com/imgextra/i2/2248304671/O1CN011uCqhq1kNMnyHv5sR_!!2248304671.jpg",
            "http://img.alicdn.com/imgextra/i3/2248304671/O1CN01UVSFXE1kNMnxWkRtz_!!2248304671.jpg",
            "http://img.alicdn.com/imgextra/i1/2248304671/O1CN01ek1CDn1kNMnxWlejN_!!2248304671.jpg",
            "http://img.alicdn.com/imgextra/i4/2248304671/O1CN01IwYS9s1kNMnjobfTL_!!2248304671.jpg",
            "http://assets.alicdn.com/kissy/1.0.0/build/imglazyload/spaceball.gif",
            "http://img.alicdn.com/imgextra/i2/2248304671/O1CN01WAWgtg1kNMVXlaIyM_!!2248304671.jpg",
            "http://img.alicdn.com/imgextra/i1/2248304671/TB2YVKzmnTI8KJjSsphXXcFppXa-2248304671.jpg",
            "http://img.alicdn.com/imgextra/i4/2248304671/O1CN011kNMTYM3WafZj7e_!!2248304671.jpg",
            "https://www.o0b.cn/i.php?t.png&rid=gw-4.63feb7eeab507&p=2552286361&k=52739&t=1677637616"
        ],
        "shop_item": [],
        "relate_items": []
    },
    "error": "",
    "secache": "325794102083c5e13d63a11f00d7ab5a",
    "secache_time": 1677748686,
    "secache_date": "2023-03-02 17:18:06",
    "translate_status": "",
    "translate_time": 0,
    "language": {
        "default_lang": "cn",
        "current_lang": "cn"
    },
    "reason": "",
    "error_code": "0000",
    "cache": 0,
    "api_info": "today: max:20000 all[=++];expires:2024-01-16",
    "execution_time": "0.365",
    "server_time": "Beijing/2023-03-02 17:18:06",
    "client_ip": "54.39.83.153",
    "call_args": {
        "num_iid": "540787585326",
        "is_promotion": "1"
    },
    "api_type": "taobao",
    "translate_language": "zh-CN",
    "translate_engine": "baidu_api",
    "server_memory": "5.9MB",
    "last_id": false
}