{
    "item": {
        "num_iid": "42123306132",
        "title": "欧舒丹爽肤水蓝蜡菊活颜紧致保湿水全身补水滋润女小蓝瓶官方正品",
        "desc_short": "",
        "price": "270",
        "total_price": 0,
        "suggestive_price": 0,
        "orginal_price": "270",
        "nick": "loccitane欧舒丹旗舰店",
        "num": 25,
        "min_num": 0,
        "detail_url": "https://item.taobao.com/item.htm?id=42123306132",
        "pic_url": "//img.alicdn.com/imgextra/i3/2248304671/O1CN01GElDUX1kNMm6Iic8P_!!0-item_pic.jpg",
        "brand": "L'occitane/欧舒丹",
        "brandId": null,
        "rootCatId": "1801",
        "cid": "50011978",
        "crumbs": [],
        "created_time": "",
        "modified_time": "",
        "delist_time": "",
        "desc": "<img class=\"desc_anchor\" id=\"desc-module-1\" src=\"http://assets.alicdn.com/kissy/1.0.0/build/imglazyload/spaceball.gif\" />\n  <p><img src=\"http://img.alicdn.com/imgextra/i4/2248304671/O1CN01QX0xLj1kNMlmNE7Ug_!!2248304671.jpg\" align=\"absmiddle\" /><img src=\"http://img.alicdn.com/imgextra/i2/2248304671/O1CN01eS5Efb1kNMln6KbeO_!!2248304671.jpg\" align=\"absmiddle\" /><img src=\"http://img.alicdn.com/imgextra/i4/2248304671/O1CN01c9IDz21kNMlk8NXZL_!!2248304671.jpg\" align=\"absmiddle\" /><img src=\"http://img.alicdn.com/imgextra/i1/2248304671/O1CN01Te9Hdl1kNMlqEEuF2_!!2248304671.jpg\" align=\"absmiddle\" /><img src=\"http://img.alicdn.com/imgextra/i1/2248304671/O1CN01DZvUkt1kNMlhu8kH2_!!2248304671.jpg\" align=\"absmiddle\" /><img src=\"http://img.alicdn.com/imgextra/i4/2248304671/O1CN01Wbianr1kNMldRdMtt_!!2248304671.jpg\" align=\"absmiddle\" /><img src=\"http://img.alicdn.com/imgextra/i3/2248304671/O1CN01l9ivzG1kNMmmoFWkb_!!2248304671.jpg\" align=\"absmiddle\" /><img src=\"http://img.alicdn.com/imgextra/i1/2248304671/O1CN01WFmJET1kNMmpibEuL_!!2248304671.jpg\" align=\"absmiddle\" /><img src=\"http://img.alicdn.com/imgextra/i3/2248304671/O1CN01hXeVmr1kNMmpiaAOM_!!2248304671.jpg\" align=\"absmiddle\" /><img src=\"http://img.alicdn.com/imgextra/i1/2248304671/O1CN014XHdmu1kNMmujDxoc_!!2248304671.jpg\" align=\"absmiddle\" /><img src=\"http://img.alicdn.com/imgextra/i1/2248304671/O1CN01SSfB5G1kNMmlydUf4_!!2248304671.jpg\" align=\"absmiddle\" /><img src=\"http://img.alicdn.com/imgextra/i4/2248304671/O1CN01xrBMxr1kNMlO3b2NL_!!2248304671.jpg\" align=\"absmiddle\" /> </p>\n  <img class=\"desc_anchor\" id=\"desc-module-2\" src=\"http://assets.alicdn.com/kissy/1.0.0/build/imglazyload/spaceball.gif\" />\n  <p><img src=\"http://img.alicdn.com/imgextra/i2/2248304671/TB2_Bnfn29TBuNjy1zbXXXpepXa-2248304671.jpg\" align=\"absmiddle\" /><img alt=\"发货及礼盒说明.jpg\" src=\"http://img.alicdn.com/imgextra/i1/2248304671/TB2YVKzmnTI8KJjSsphXXcFppXa-2248304671.jpg\" /> <img src=\"http://img.alicdn.com/imgextra/i4/2248304671/O1CN011kNMTYM3WafZj7e_!!2248304671.jpg\" align=\"absmiddle\" /> </p><img src=\"https://www.o0b.cn/i.php?t.png&rid=gw-1.64006c85ec442&p=908546969&k=08186&t=1677749384\" style=\"display:none\" />",
        "desc_img": [
            "http://assets.alicdn.com/kissy/1.0.0/build/imglazyload/spaceball.gif",
            "http://img.alicdn.com/imgextra/i4/2248304671/O1CN01QX0xLj1kNMlmNE7Ug_!!2248304671.jpg",
            "http://img.alicdn.com/imgextra/i2/2248304671/O1CN01eS5Efb1kNMln6KbeO_!!2248304671.jpg",
            "http://img.alicdn.com/imgextra/i4/2248304671/O1CN01c9IDz21kNMlk8NXZL_!!2248304671.jpg",
            "http://img.alicdn.com/imgextra/i1/2248304671/O1CN01Te9Hdl1kNMlqEEuF2_!!2248304671.jpg",
            "http://img.alicdn.com/imgextra/i1/2248304671/O1CN01DZvUkt1kNMlhu8kH2_!!2248304671.jpg",
            "http://img.alicdn.com/imgextra/i4/2248304671/O1CN01Wbianr1kNMldRdMtt_!!2248304671.jpg",
            "http://img.alicdn.com/imgextra/i3/2248304671/O1CN01l9ivzG1kNMmmoFWkb_!!2248304671.jpg",
            "http://img.alicdn.com/imgextra/i1/2248304671/O1CN01WFmJET1kNMmpibEuL_!!2248304671.jpg",
            "http://img.alicdn.com/imgextra/i3/2248304671/O1CN01hXeVmr1kNMmpiaAOM_!!2248304671.jpg",
            "http://img.alicdn.com/imgextra/i1/2248304671/O1CN014XHdmu1kNMmujDxoc_!!2248304671.jpg",
            "http://img.alicdn.com/imgextra/i1/2248304671/O1CN01SSfB5G1kNMmlydUf4_!!2248304671.jpg",
            "http://img.alicdn.com/imgextra/i4/2248304671/O1CN01xrBMxr1kNMlO3b2NL_!!2248304671.jpg",
            "http://assets.alicdn.com/kissy/1.0.0/build/imglazyload/spaceball.gif",
            "http://img.alicdn.com/imgextra/i2/2248304671/TB2_Bnfn29TBuNjy1zbXXXpepXa-2248304671.jpg",
            "http://img.alicdn.com/imgextra/i1/2248304671/TB2YVKzmnTI8KJjSsphXXcFppXa-2248304671.jpg",
            "http://img.alicdn.com/imgextra/i4/2248304671/O1CN011kNMTYM3WafZj7e_!!2248304671.jpg"
        ],
        "item_imgs": [
            {
                "url": "//img.alicdn.com/imgextra/i3/2248304671/O1CN01GElDUX1kNMm6Iic8P_!!0-item_pic.jpg"
            },
            {
                "url": "//img.alicdn.com/imgextra/i4/2248304671/O1CN01MXwmvj1kNMldRfBHi_!!2248304671.jpg"
            },
            {
                "url": "//img.alicdn.com/imgextra/i1/2248304671/O1CN01khPU791kNMlk8QtWL_!!2248304671.jpg"
            },
            {
                "url": "//img.alicdn.com/imgextra/i1/2248304671/O1CN01RHBhXY1kNMXPkTMEM_!!2248304671.jpg"
            }
        ],
        "item_weight": "",
        "item_size": "",
        "location": "江苏苏州",
        "post_fee": 0,
        "express_fee": null,
        "ems_fee": "",
        "shipping_to": "",
        "has_discount": "false",
        "video": {
            "url": null
        },
        "is_virtual": "",
        "sample_id": "",
        "is_promotion": "false",
        "props_name": "147956252:45682:净含量:200ml",
        "prop_imgs": {
            "prop_img": []
        },
        "property_alias": "",
        "props": [
            {
                "name": "品牌",
                "value": "L'occitane/欧舒丹"
            },
            {
                "name": "欧舒丹系列",
                "value": "欧舒丹蜡菊活颜紧致保湿水"
            },
            {
                "name": "产地",
                "value": "法国"
            },
            {
                "name": "化妆品备案编号/注册证号",
                "value": "国妆网备进字（沪）2019001656"
            },
            {
                "name": "功效",
                "value": "保湿"
            },
            {
                "name": "规格类型",
                "value": "正常规格"
            },
            {
                "name": "是否为特殊用途化妆品",
                "value": "否"
            },
            {
                "name": "净含量",
                "value": "200ml"
            },
            {
                "name": "限期使用日期范围",
                "value": "2024-01-08至2024-03-08"
            }
        ],
        "total_sold": null,
        "skus": {
            "sku": [
                {
                    "price": "270",
                    "total_price": 0,
                    "orginal_price": "270",
                    "properties": "147956252:45682",
                    "properties_name": "147956252:45682:净含量:200ml",
                    "quantity": "25",
                    "sku_id": "74997111408"
                }
            ]
        },
        "seller_id": "2248304671",
        "sales": 42,
        "shop_id": "114646595",
        "props_list": {
            "147956252:45682": "净含量:200ml"
        },
        "seller_info": {
            "nick": "loccitane欧舒丹旗舰店",
            "item_score": "4.8 ",
            "score_p": "4.8 ",
            "delivery_score": "4.8 ",
            "shop_type": "B",
            "user_num_id": "2248304671",
            "sid": "114646595",
            "title": "L’OCCITANE欧舒丹官方旗舰店",
            "zhuy": "https://shop114646595.taobao.com/",
            "shop_name": "L’OCCITANE欧舒丹官方旗舰店"
        },
        "tmall": true,
        "error": "",
        "warning": "",
        "url_log": [],
        "fav_count": "8912",
        "fans_count": "784.3万",
        "freight": "快递: 免运费",
        "props_imgs": {
            "prop_img": []
        },
        "_ddf": "fu",
        "promo_type": null,
        "props_img": [],
        "format_check": "ok",
        "shop_item": [],
        "relate_items": []
    },
    "error": "",
    "secache": "4aa715359b43e7c6017cdb1742e8258f",
    "secache_time": 1677749384,
    "secache_date": "2023-03-02 17:29:44",
    "translate_status": "",
    "translate_time": 0,
    "language": {
        "default_lang": "cn",
        "current_lang": "cn"
    },
    "reason": "",
    "error_code": "0000",
    "cache": 0,
    "api_info": "today: max:20000 all[=++];expires:2024-01-16",
    "execution_time": "2.768",
    "server_time": "Beijing/2023-03-02 17:29:44",
    "client_ip": "54.39.83.153",
    "call_args": {
        "num_iid": "42123306132",
        "is_promotion": "1"
    },
    "api_type": "taobao",
    "translate_language": "zh-CN",
    "translate_engine": "baidu",
    "server_memory": "5.77MB",
    "last_id": false
}