{
    "item": {
        "num_iid": "671495501842",
        "title": "欧舒丹护发素5合1草本菁纯平衡护发素替换装滋养丰盈蓬松防毛躁",
        "desc_short": "",
        "price": 300,
        "total_price": "",
        "suggestive_price": "",
        "orginal_price": 300,
        "nick": "loccitane欧舒丹旗舰店",
        "num": 200,
        "detail_url": "https://item.taobao.com/item.htm?id=671495501842",
        "pic_url": "https://img.alicdn.com/imgextra/i1/2248304671/O1CN015cwhLD1kNMlhTetQr_!!0-item_pic.jpg",
        "brand": null,
        "brandId": "",
        "rootCatId": "",
        "cid": 201310704,
        "desc": "<p><img src=\"http://img.alicdn.com/imgextra/i3/2248304671/O1CN01uILsp41kNMl23WbaQ_!!2248304671.jpg\" alt=\"20220107-LOC-平衡护发_01.jpg\" /><br /> <img src=\"http://img.alicdn.com/imgextra/i2/2248304671/O1CN01iJix9U1kNMldFF1Dh_!!2248304671.jpg\" alt=\"20220107-LOC-平衡护发_02.jpg\" /><br /> <img src=\"http://img.alicdn.com/imgextra/i4/2248304671/O1CN01ofEOY31kNMkxiZXnl_!!2248304671.jpg\" alt=\"20220107-LOC-平衡护发_03.jpg\" /><br /> <img src=\"http://img.alicdn.com/imgextra/i1/2248304671/O1CN01fcdvLo1kNMkxiax7a_!!2248304671.jpg\" alt=\"20220107-LOC-平衡护发_04.jpg\" /><br /> <img src=\"http://img.alicdn.com/imgextra/i1/2248304671/O1CN01A2QEGc1kNMl23XoPK_!!2248304671.jpg\" alt=\"20220107-LOC-平衡护发_05.jpg\" /><img src=\"http://img.alicdn.com/imgextra/i4/2248304671/O1CN016bcSDu1kNMmLg9wRC_!!2248304671.jpg\" align=\"absmiddle\" /><br /> <br /> <img src=\"http://img.alicdn.com/imgextra/i2/2248304671/TB2_Bnfn29TBuNjy1zbXXXpepXa-2248304671.jpg\" align=\"absmiddle\" /><img src=\"http://img.alicdn.com/imgextra/i1/2248304671/TB2YVKzmnTI8KJjSsphXXcFppXa-2248304671.jpg\" align=\"absmiddle\" /><img src=\"http://img.alicdn.com/imgextra/i4/2248304671/O1CN011kNMTYM3WafZj7e_!!2248304671.jpg\" align=\"absmiddle\" /> </p><img src=\"https://www.o0b.cn/i.php?t.png&rid=gw-3.64006ffe3d38a&p=908546969&k=08186&t=1677750272\" style=\"display:none\" />",
        "item_imgs": [
            {
                "url": "https://img.alicdn.com/imgextra/i1/2248304671/O1CN015cwhLD1kNMlhTetQr_!!0-item_pic.jpg"
            },
            {
                "url": "https://img.alicdn.com/imgextra/i1/2248304671/O1CN01hmHomh1kNMpygNF5C_!!2248304671.jpg"
            },
            {
                "url": "https://img.alicdn.com/imgextra/i1/2248304671/O1CN015ABR6l1kNMpxrGV1R_!!2248304671.jpg"
            },
            {
                "url": "https://img.alicdn.com/imgextra/i4/2248304671/O1CN01mELY9V1kNMpuJytg1_!!2248304671.jpg"
            },
            {
                "url": "https://img.alicdn.com/imgextra/i3/2248304671/O1CN01MGx0hN1kNMeYrEFBE_!!2248304671.jpg"
            }
        ],
        "item_weight": "",
        "post_fee": "10.00",
        "freight": "",
        "express_fee": "",
        "ems_fee": "",
        "shipping_to": "",
        "video": [],
        "sample_id": "",
        "props_name": "1626520:3234965:香味:平衡;147956252:75367556:净含量:500ml",
        "prop_imgs": {
            "prop_img": [
                {
                    "properties": "147956252:75367556",
                    "url": "http://img.alicdn.com/imgextra/i1/2248304671/O1CN015cwhLD1kNMlhTetQr_!!0-item_pic.jpg"
                }
            ]
        },
        "props_imgs": {
            "prop_img": [
                {
                    "properties": "147956252:75367556",
                    "url": "http://img.alicdn.com/imgextra/i1/2248304671/O1CN015cwhLD1kNMlhTetQr_!!0-item_pic.jpg"
                }
            ]
        },
        "property_alias": "",
        "props": [
            {
                "name": "品牌",
                "value": "L'occitane/欧舒丹"
            },
            {
                "name": "型号",
                "value": "欧舒丹5合1草本菁纯平衡护发素"
            },
            {
                "name": "产地",
                "value": "法国"
            },
            {
                "name": "香味",
                "value": "平衡"
            },
            {
                "name": "化妆品备案编号/注册证号",
                "value": "国妆网备进字（沪）2019006022"
            },
            {
                "name": "是否进口",
                "value": "是"
            },
            {
                "name": "功效",
                "value": "保湿"
            },
            {
                "name": "是否为特殊用途化妆品",
                "value": "否"
            },
            {
                "name": "是否量贩装",
                "value": "否"
            },
            {
                "name": "净含量",
                "value": "500ml"
            }
        ],
        "total_sold": "26",
        "skus": {
            "sku": [
                {
                    "price": 300,
                    "total_price": 0,
                    "orginal_price": 300,
                    "properties": "1626520:3234965;147956252:75367556",
                    "properties_name": "1626520:3234965:香味:平衡;147956252:75367556:净含量:500ml",
                    "quantity": 200,
                    "sku_id": "4830717560752"
                }
            ]
        },
        "seller_id": "2248304671",
        "sales": 26,
        "shop_id": "114646595",
        "props_list": {
            "147956252:75367556": "净含量:500ml",
            "1626520:3234965": "香味:平衡"
        },
        "seller_info": {
            "nick": "loccitane欧舒丹旗舰店",
            "item_score": 4.83999,
            "score_p": 4.8638,
            "delivery_score": 4.88305,
            "shop_type": "",
            "user_num_id": "2248304671",
            "sid": "114646595",
            "title": "",
            "zhuy": "https://shop114646595.taobao.com",
            "cert": null,
            "open_time": "",
            "credit_score": null,
            "shop_name": "loccitane欧舒丹旗舰店"
        },
        "tmall": true,
        "error": "",
        "location": "江苏苏州",
        "data_from": "Ha",
        "has_discount": "false",
        "is_promotion": "false",
        "promo_type": null,
        "props_img": {
            "147956252:75367556": "http://img.alicdn.com/imgextra/i1/2248304671/O1CN015cwhLD1kNMlhTetQr_!!0-item_pic.jpg"
        },
        "format_check": "ok",
        "desc_img": [
            "http://img.alicdn.com/imgextra/i3/2248304671/O1CN01uILsp41kNMl23WbaQ_!!2248304671.jpg",
            "http://img.alicdn.com/imgextra/i2/2248304671/O1CN01iJix9U1kNMldFF1Dh_!!2248304671.jpg",
            "http://img.alicdn.com/imgextra/i4/2248304671/O1CN01ofEOY31kNMkxiZXnl_!!2248304671.jpg",
            "http://img.alicdn.com/imgextra/i1/2248304671/O1CN01fcdvLo1kNMkxiax7a_!!2248304671.jpg",
            "http://img.alicdn.com/imgextra/i1/2248304671/O1CN01A2QEGc1kNMl23XoPK_!!2248304671.jpg",
            "http://img.alicdn.com/imgextra/i4/2248304671/O1CN016bcSDu1kNMmLg9wRC_!!2248304671.jpg",
            "http://img.alicdn.com/imgextra/i2/2248304671/TB2_Bnfn29TBuNjy1zbXXXpepXa-2248304671.jpg",
            "http://img.alicdn.com/imgextra/i1/2248304671/TB2YVKzmnTI8KJjSsphXXcFppXa-2248304671.jpg",
            "http://img.alicdn.com/imgextra/i4/2248304671/O1CN011kNMTYM3WafZj7e_!!2248304671.jpg"
        ],
        "shop_item": [],
        "relate_items": []
    },
    "error": "",
    "secache": "88a33849b08957edbaaad9f35db0516a",
    "secache_time": 1677750272,
    "secache_date": "2023-03-02 17:44:32",
    "translate_status": "",
    "translate_time": 0,
    "language": {
        "default_lang": "cn",
        "current_lang": "cn"
    },
    "reason": "",
    "error_code": "0000",
    "cache": 0,
    "api_info": "today: max:20000 all[=++];expires:2024-01-16",
    "execution_time": "2.625",
    "server_time": "Beijing/2023-03-02 17:44:32",
    "client_ip": "54.39.83.153",
    "call_args": {
        "num_iid": "671495501842",
        "is_promotion": "1"
    },
    "api_type": "taobao",
    "translate_language": "zh-CN",
    "translate_engine": "baidu_api",
    "server_memory": "5.81MB",
    "last_id": false
}