{
    "item": {
        "num_iid": "622021689560",
        "title": "欧舒丹男士活力香水香调75mL清新佛手柑淡香水留香香氛官方旗舰店",
        "desc_short": "",
        "price": 570,
        "orginal_price": 570,
        "nick": "loccitane欧舒丹旗舰店",
        "num": 16,
        "pic_url": "https://img.alicdn.com/imgextra/i4/2248304671/O1CN01Tze40I1kNMmhqNhkE_!!0-item_pic.jpg",
        "brand": null,
        "brandId": 0,
        "rootCatId": 0,
        "cid": 50010815,
        "crumbs": null,
        "detail_url": "https://item.taobao.com/item.htm?id=622021689560",
        "desc": "<img class=\"desc_anchor\" id=\"desc-module-1\" src=\"http://assets.alicdn.com/kissy/1.0.0/build/imglazyload/spaceball.gif\" />\n  <p><img src=\"http://img.alicdn.com/imgextra/i1/2248304671/O1CN01BFfZBr1kNMfIvJAqN_!!2248304671.jpg\" align=\"absmiddle\" /><img src=\"http://img.alicdn.com/imgextra/i2/2248304671/O1CN01qy136w1kNMfHFQYsg_!!2248304671.jpg\" align=\"absmiddle\" /><img src=\"http://img.alicdn.com/imgextra/i4/2248304671/O1CN01y6197u1kNMfL66LAw_!!2248304671.jpg\" align=\"absmiddle\" /><img src=\"http://img.alicdn.com/imgextra/i3/2248304671/O1CN01E7jY6l1kNMmEo93XS_!!2248304671.jpg\" align=\"absmiddle\" /><img src=\"http://img.alicdn.com/imgextra/i2/2248304671/TB2_Bnfn29TBuNjy1zbXXXpepXa-2248304671.jpg\" align=\"absmiddle\" /><img src=\"http://img.alicdn.com/imgextra/i1/2248304671/TB2YVKzmnTI8KJjSsphXXcFppXa-2248304671.jpg\" align=\"absmiddle\" /><img src=\"http://img.alicdn.com/imgextra/i4/2248304671/O1CN011kNMTYM3WafZj7e_!!2248304671.jpg\" align=\"absmiddle\" /> </p><img src=\"https://www.o0b.cn/i.php?t.png&rid=gw-1.63feac2f0f8fb&p=837512465&k=23706&t=1677634608\" style=\"display:none\" />",
        "item_imgs": [
            {
                "url": "https://img.alicdn.com/imgextra/i4/2248304671/O1CN01Tze40I1kNMmhqNhkE_!!0-item_pic.jpg"
            },
            {
                "url": "https://img.alicdn.com/imgextra/i3/2248304671/O1CN01G9g7pb1kNMfP26xaX_!!2248304671.jpg"
            },
            {
                "url": "https://img.alicdn.com/imgextra/i1/2248304671/O1CN01qBB6Eo1kNMfPgHW85_!!2248304671.jpg"
            },
            {
                "url": "https://img.alicdn.com/imgextra/i2/2248304671/O1CN01xwDqwK1kNMesuNx32_!!2248304671.jpg"
            },
            {
                "url": "https://img.alicdn.com/imgextra/i3/2248304671/O1CN01MGx0hN1kNMeYrEFBE_!!2248304671.jpg"
            }
        ],
        "item_weight": 0,
        "location": "江苏苏州",
        "post_fee": 0,
        "express_fee": 0,
        "ems_fee": 0,
        "shipping_to": "",
        "has_discount": "false",
        "video": [],
        "is_virtual": null,
        "sample_id": "",
        "is_promotion": "false",
        "prop_imgs": {
            "prop_img": [
                {
                    "properties": "1626521:108398951",
                    "url": "http://img.alicdn.com/imgextra/i4/2248304671/O1CN01Tze40I1kNMmhqNhkE_!!0-item_pic.jpg"
                }
            ]
        },
        "property_alias": "",
        "props": [
            {
                "name": "品牌",
                "value": "L'occitane/欧舒丹"
            },
            {
                "name": "香水单品",
                "value": "男士活力香水"
            },
            {
                "name": "产地",
                "value": "法国"
            },
            {
                "name": "香味",
                "value": "柑橘香"
            },
            {
                "name": "香调",
                "value": "其他香调"
            },
            {
                "name": "化妆品备案编号/注册证号",
                "value": "国妆网备进字（沪）2021000309"
            },
            {
                "name": "规格类型",
                "value": "正常规格"
            },
            {
                "name": "是否为特殊用途化妆品",
                "value": "否"
            },
            {
                "name": "净含量",
                "value": "75ml"
            },
            {
                "name": "限期使用日期范围",
                "value": "2023-12-01至2024-05-31"
            }
        ],
        "props_name": "1626520:22786063:香味:柑橘香;1626521:108398951:香调:其他香调;147956252:75366245:净含量:75ml",
        "total_sold": 30000,
        "skus": {
            "sku": [
                {
                    "price": 570,
                    "total_price": 0,
                    "orginal_price": 570,
                    "properties": "1626520:22786063;1626521:108398951;147956252:75366245",
                    "properties_name": "1626520:22786063:香味:柑橘香;1626521:108398951:香调:其他香调;147956252:75366245:净含量:75ml",
                    "quantity": 16,
                    "sku_id": "4567378426897"
                }
            ]
        },
        "seller_id": "2248304671",
        "shop_id": "114646595",
        "props_list": {
            "1626521:108398951": "香调:其他香调",
            "1626520:22786063": "香味:柑橘香",
            "147956252:75366245": "净含量:75ml"
        },
        "seller_info": {
            "nick": "loccitane欧舒丹旗舰店",
            "item_score": 4.84014,
            "score_p": 4.86394,
            "delivery_score": 4.88312,
            "shop_type": "",
            "user_num_id": "2248304671",
            "sid": "114646595",
            "title": "",
            "zhuy": "https://shop114646595.taobao.com",
            "cert": null,
            "open_time": "",
            "credit_score": null,
            "shop_name": "loccitane欧舒丹旗舰店"
        },
        "tmall": true,
        "update_time": "2023-03-01 09:36:49",
        "data_update": "2023-03-01 09:36:49",
        "data_f": "Ha",
        "data_from": "hid",
        "promo_type": null,
        "props_img": {
            "1626521:108398951": "http://img.alicdn.com/imgextra/i4/2248304671/O1CN01Tze40I1kNMmhqNhkE_!!0-item_pic.jpg"
        },
        "error": null,
        "format_check": "ok",
        "sales": 0,
        "desc_img": [
            "http://assets.alicdn.com/kissy/1.0.0/build/imglazyload/spaceball.gif",
            "http://img.alicdn.com/imgextra/i1/2248304671/O1CN01BFfZBr1kNMfIvJAqN_!!2248304671.jpg",
            "http://img.alicdn.com/imgextra/i2/2248304671/O1CN01qy136w1kNMfHFQYsg_!!2248304671.jpg",
            "http://img.alicdn.com/imgextra/i4/2248304671/O1CN01y6197u1kNMfL66LAw_!!2248304671.jpg",
            "http://img.alicdn.com/imgextra/i3/2248304671/O1CN01E7jY6l1kNMmEo93XS_!!2248304671.jpg",
            "http://img.alicdn.com/imgextra/i2/2248304671/TB2_Bnfn29TBuNjy1zbXXXpepXa-2248304671.jpg",
            "http://img.alicdn.com/imgextra/i1/2248304671/TB2YVKzmnTI8KJjSsphXXcFppXa-2248304671.jpg",
            "http://img.alicdn.com/imgextra/i4/2248304671/O1CN011kNMTYM3WafZj7e_!!2248304671.jpg",
            "https://www.o0b.cn/i.php?t.png&rid=gw-1.63feac2f0f8fb&p=837512465&k=23706&t=1677634608"
        ],
        "shop_item": [],
        "relate_items": []
    },
    "error": "",
    "secache": "5dd9d02ef9671bf97f83cf03ad9b1e01",
    "secache_time": 1677750265,
    "secache_date": "2023-03-02 17:44:25",
    "translate_status": "",
    "translate_time": 0,
    "language": {
        "default_lang": "cn",
        "current_lang": "cn"
    },
    "reason": "",
    "error_code": "0000",
    "cache": 0,
    "api_info": "today: max:20000 all[=++];expires:2024-01-16",
    "execution_time": "0.362",
    "server_time": "Beijing/2023-03-02 17:44:25",
    "client_ip": "54.39.83.153",
    "call_args": {
        "num_iid": "622021689560",
        "is_promotion": "1"
    },
    "api_type": "taobao",
    "translate_language": "zh-CN",
    "translate_engine": "baidu_api",
    "server_memory": "5.79MB",
    "last_id": false
}