{
    "item": {
        "num_iid": "674800358432",
        "title": "【38节抢购】欧舒丹香水薄荷马鞭草淡香水男士留香薄荷果茶香官方",
        "desc_short": "",
        "price": 570,
        "total_price": "",
        "suggestive_price": "",
        "orginal_price": 570,
        "nick": "loccitane欧舒丹旗舰店",
        "num": 154,
        "detail_url": "https://item.taobao.com/item.htm?id=674800358432",
        "pic_url": "https://img.alicdn.com/imgextra/i2/2248304671/O1CN01AZQEhH1kNMpvtLyud_!!0-item_pic.jpg",
        "brand": null,
        "brandId": "",
        "rootCatId": "",
        "cid": 50010815,
        "desc": "<img class=\"desc_anchor\" id=\"desc-module-1\" src=\"http://assets.alicdn.com/kissy/1.0.0/build/imglazyload/spaceball.gif\" />\n  <p><img src=\"http://img.alicdn.com/imgextra/i4/2248304671/O1CN01g5NdKJ1kNMo8BraQA_!!2248304671.jpg\" align=\"absmiddle\" /><img src=\"http://img.alicdn.com/imgextra/i3/2248304671/O1CN01rKYwuw1kNMmZlkzhs_!!2248304671.jpg\" align=\"absmiddle\" /><img src=\"http://img.alicdn.com/imgextra/i3/2248304671/O1CN01rKYwuw1kNMmZlkzhs_!!2248304671.jpg\" align=\"absmiddle\" /><img src=\"http://img.alicdn.com/imgextra/i4/2248304671/O1CN01GuLYOX1kNMo3cpr0H_!!2248304671.jpg\" align=\"absmiddle\" /><img src=\"http://img.alicdn.com/imgextra/i4/2248304671/O1CN01wGNsXE1kNMoBYqXAn_!!2248304671.jpg\" align=\"absmiddle\" /><img src=\"http://img.alicdn.com/imgextra/i1/2248304671/O1CN01PNTjpu1kNMmQX3Fsa_!!2248304671.jpg\" align=\"absmiddle\" /><img src=\"http://img.alicdn.com/imgextra/i2/2248304671/O1CN01I5frsD1kNMmX3dliq_!!2248304671.jpg\" align=\"absmiddle\" /><img src=\"http://img.alicdn.com/imgextra/i1/2248304671/O1CN01Md2lAj1kNMmXVHVjV_!!2248304671.jpg\" align=\"absmiddle\" /><img src=\"http://img.alicdn.com/imgextra/i2/2248304671/TB2_Bnfn29TBuNjy1zbXXXpepXa-2248304671.jpg\" align=\"absmiddle\" /><img src=\"http://img.alicdn.com/imgextra/i1/2248304671/TB2YVKzmnTI8KJjSsphXXcFppXa-2248304671.jpg\" align=\"absmiddle\" /><img src=\"http://img.alicdn.com/imgextra/i4/2248304671/O1CN011kNMTYM3WafZj7e_!!2248304671.jpg\" align=\"absmiddle\" /></p><img src=\"https://www.o0b.cn/i.php?t.png&rid=gw-1.640070212a31e&p=908546969&k=08186&t=1677750307\" style=\"display:none\" />",
        "item_imgs": [
            {
                "url": "https://img.alicdn.com/imgextra/i2/2248304671/O1CN01AZQEhH1kNMpvtLyud_!!0-item_pic.jpg"
            },
            {
                "url": "https://img.alicdn.com/imgextra/i3/2248304671/O1CN01ZK5BSY1kNMp4R2H0k_!!2248304671.jpg"
            },
            {
                "url": "https://img.alicdn.com/imgextra/i3/2248304671/O1CN01Rfq03g1kNMq6HFjVK_!!2248304671.jpg"
            },
            {
                "url": "https://img.alicdn.com/imgextra/i1/2248304671/O1CN01swVBs01kNMoGKRZIz_!!2248304671.jpg"
            },
            {
                "url": "https://img.alicdn.com/imgextra/i4/2248304671/O1CN01T1hYbF1kNMmJyeftS_!!0-item_pic.jpg"
            }
        ],
        "item_weight": "",
        "post_fee": 0,
        "freight": "",
        "express_fee": "",
        "ems_fee": "",
        "shipping_to": "",
        "video": [],
        "sample_id": "",
        "props_name": "1626520:38711886:香味:薄荷马鞭草;1626521:1088826456:香调:柑橘调;147956252:75366294:净含量:100ml",
        "prop_imgs": {
            "prop_img": [
                {
                    "properties": "1626521:1088826456",
                    "url": "http://img.alicdn.com/imgextra/i2/2248304671/O1CN01AZQEhH1kNMpvtLyud_!!0-item_pic.jpg"
                }
            ]
        },
        "props_imgs": {
            "prop_img": [
                {
                    "properties": "1626521:1088826456",
                    "url": "http://img.alicdn.com/imgextra/i2/2248304671/O1CN01AZQEhH1kNMpvtLyud_!!0-item_pic.jpg"
                }
            ]
        },
        "property_alias": "",
        "props": [
            {
                "name": "品牌",
                "value": "L'occitane/欧舒丹"
            },
            {
                "name": "香水单品",
                "value": "欧舒丹薄荷马鞭草淡香水套装"
            },
            {
                "name": "产地",
                "value": "法国"
            },
            {
                "name": "香味",
                "value": "薄荷马鞭草"
            },
            {
                "name": "香调",
                "value": "柑橘调"
            },
            {
                "name": "化妆品备案编号/注册证号",
                "value": "国妆网备进字（沪）2021503223"
            },
            {
                "name": "规格类型",
                "value": "正常规格"
            },
            {
                "name": "是否为特殊用途化妆品",
                "value": "否"
            },
            {
                "name": "净含量",
                "value": "100ml"
            }
        ],
        "total_sold": "10",
        "skus": {
            "sku": [
                {
                    "price": 570,
                    "total_price": 0,
                    "orginal_price": 570,
                    "properties": "1626520:38711886;1626521:1088826456;147956252:75366294",
                    "properties_name": "1626520:38711886:香味:薄荷马鞭草;1626521:1088826456:香调:柑橘调;147956252:75366294:净含量:100ml",
                    "quantity": 154,
                    "sku_id": "5025023918836"
                }
            ]
        },
        "seller_id": "2248304671",
        "sales": 10,
        "shop_id": "114646595",
        "props_list": {
            "1626521:1088826456": "香调:柑橘调",
            "1626520:38711886": "香味:薄荷马鞭草",
            "147956252:75366294": "净含量:100ml"
        },
        "seller_info": {
            "nick": "loccitane欧舒丹旗舰店",
            "item_score": 4.83999,
            "score_p": 4.8638,
            "delivery_score": 4.88305,
            "shop_type": "",
            "user_num_id": "2248304671",
            "sid": "114646595",
            "title": "",
            "zhuy": "https://shop114646595.taobao.com",
            "cert": null,
            "open_time": "",
            "credit_score": null,
            "shop_name": "loccitane欧舒丹旗舰店"
        },
        "tmall": true,
        "error": "",
        "location": "江苏苏州",
        "data_from": "Ha",
        "has_discount": "false",
        "is_promotion": "false",
        "promo_type": null,
        "props_img": {
            "1626521:1088826456": "http://img.alicdn.com/imgextra/i2/2248304671/O1CN01AZQEhH1kNMpvtLyud_!!0-item_pic.jpg"
        },
        "format_check": "ok",
        "desc_img": [
            "http://assets.alicdn.com/kissy/1.0.0/build/imglazyload/spaceball.gif",
            "http://img.alicdn.com/imgextra/i4/2248304671/O1CN01g5NdKJ1kNMo8BraQA_!!2248304671.jpg",
            "http://img.alicdn.com/imgextra/i3/2248304671/O1CN01rKYwuw1kNMmZlkzhs_!!2248304671.jpg",
            "http://img.alicdn.com/imgextra/i3/2248304671/O1CN01rKYwuw1kNMmZlkzhs_!!2248304671.jpg",
            "http://img.alicdn.com/imgextra/i4/2248304671/O1CN01GuLYOX1kNMo3cpr0H_!!2248304671.jpg",
            "http://img.alicdn.com/imgextra/i4/2248304671/O1CN01wGNsXE1kNMoBYqXAn_!!2248304671.jpg",
            "http://img.alicdn.com/imgextra/i1/2248304671/O1CN01PNTjpu1kNMmQX3Fsa_!!2248304671.jpg",
            "http://img.alicdn.com/imgextra/i2/2248304671/O1CN01I5frsD1kNMmX3dliq_!!2248304671.jpg",
            "http://img.alicdn.com/imgextra/i1/2248304671/O1CN01Md2lAj1kNMmXVHVjV_!!2248304671.jpg",
            "http://img.alicdn.com/imgextra/i2/2248304671/TB2_Bnfn29TBuNjy1zbXXXpepXa-2248304671.jpg",
            "http://img.alicdn.com/imgextra/i1/2248304671/TB2YVKzmnTI8KJjSsphXXcFppXa-2248304671.jpg",
            "http://img.alicdn.com/imgextra/i4/2248304671/O1CN011kNMTYM3WafZj7e_!!2248304671.jpg"
        ],
        "shop_item": [],
        "relate_items": []
    },
    "error": "",
    "secache": "cd8b0ae951220381d5093701d3181cb4",
    "secache_time": 1677750307,
    "secache_date": "2023-03-02 17:45:07",
    "translate_status": "",
    "translate_time": 0,
    "language": {
        "default_lang": "cn",
        "current_lang": "cn"
    },
    "reason": "",
    "error_code": "0000",
    "cache": 0,
    "api_info": "today: max:20000 all[=++];expires:2024-01-16",
    "execution_time": "2.542",
    "server_time": "Beijing/2023-03-02 17:45:07",
    "client_ip": "54.39.83.153",
    "call_args": {
        "num_iid": "674800358432",
        "is_promotion": "1"
    },
    "api_type": "taobao",
    "translate_language": "zh-CN",
    "translate_engine": "baidu",
    "server_memory": "5.77MB",
    "last_id": false
}