{
    "item": {
        "num_iid": "42089347256",
        "title": "【38节抢购】欧舒丹身体乳马鞭草清爽润肤露保湿香体全身留香滋润",
        "desc_short": "",
        "price": 260,
        "total_price": "",
        "suggestive_price": "",
        "orginal_price": 260,
        "nick": "loccitane欧舒丹旗舰店",
        "num": 83,
        "detail_url": "https://item.taobao.com/item.htm?id=42089347256",
        "pic_url": "https://img.alicdn.com/imgextra/i4/2248304671/O1CN01PL36Hx1kNMqASqLZq_!!0-item_pic.jpg",
        "brand": null,
        "brandId": "",
        "rootCatId": "",
        "cid": 121396013,
        "desc": "<p >&nbsp;</p> \n  <p><img src=\"http://img.alicdn.com/imgextra/i3/2248304671/O1CN01nzzotG1kNMgxeGoZQ_!!2248304671.jpg\" align=\"absmiddle\" /><img src=\"http://img.alicdn.com/imgextra/i3/2248304671/O1CN01qDPajx1kNMgvFWp8h_!!2248304671.jpg\" align=\"absmiddle\" /><img src=\"http://img.alicdn.com/imgextra/i1/2248304671/O1CN018CWfjO1kNMh3BAYjK_!!2248304671.jpg\" align=\"absmiddle\" /><img src=\"http://img.alicdn.com/imgextra/i1/2248304671/O1CN01a4zwQf1kNMgxmLhRq_!!2248304671.jpg\" align=\"absmiddle\" /><img src=\"http://img.alicdn.com/imgextra/i2/2248304671/O1CN01onVhnX1kNMh3BBlaC_!!2248304671.jpg\" align=\"absmiddle\" /><img src=\"http://img.alicdn.com/imgextra/i3/2248304671/O1CN01TwWCYb1kNMmiZpEGG_!!2248304671.jpg\" align=\"absmiddle\" /><img src=\"http://img.alicdn.com/imgextra/i4/2248304671/O1CN01DCYj8q1kNMmqJchdm_!!2248304671.jpg\" align=\"absmiddle\" /><img src=\"http://img.alicdn.com/imgextra/i2/2248304671/O1CN01UuoowR1kNMmnaSUEM_!!2248304671.jpg\" align=\"absmiddle\" /><img src=\"http://img.alicdn.com/imgextra/i4/2248304671/O1CN01zWFQg31kNMlzeDk9s_!!2248304671.jpg\" align=\"absmiddle\" /></p> \n  <p> <br /> <img align=\"absmiddle\" src=\"http://img.alicdn.com/imgextra/i1/2248304671/TB2YVKzmnTI8KJjSsphXXcFppXa-2248304671.jpg\" /><img align=\"absmiddle\" src=\"http://img.alicdn.com/imgextra/i4/2248304671/O1CN011kNMTYM3WafZj7e_!!2248304671.jpg\" /> </p><img src=\"https://www.o0b.cn/i.php?t.png&rid=gw-3.64006b5ba7771&p=908546969&k=08186&t=1677749085\" style=\"display:none\" />",
        "item_imgs": [
            {
                "url": "https://img.alicdn.com/imgextra/i4/2248304671/O1CN01PL36Hx1kNMqASqLZq_!!0-item_pic.jpg"
            },
            {
                "url": "https://img.alicdn.com/imgextra/i4/2248304671/O1CN01y6tgpp1kNMh2VQvNZ_!!2248304671.jpg"
            },
            {
                "url": "https://img.alicdn.com/imgextra/i4/2248304671/O1CN01taOBKX1kNMq7yZ1td_!!0-item_pic.jpg"
            },
            {
                "url": "https://img.alicdn.com/imgextra/i2/2248304671/O1CN01oukhxT1kNMgvnqW4o_!!2248304671.jpg"
            },
            {
                "url": "https://img.alicdn.com/imgextra/i4/2248304671/O1CN012UbBye1kNMicHtU1w_!!2248304671.jpg"
            }
        ],
        "item_weight": "",
        "post_fee": 0,
        "freight": "",
        "express_fee": "",
        "ems_fee": "",
        "shipping_to": "",
        "video": [],
        "sample_id": "",
        "props_name": "1626520:80163748:香味:马鞭草香;122276315:3289490:款式:基本款;147956252:45789:净含量:250ml",
        "prop_imgs": {
            "prop_img": [
                {
                    "properties": "122276315:3289490",
                    "url": "http://img.alicdn.com/imgextra/i4/2248304671/O1CN01PL36Hx1kNMqASqLZq_!!0-item_pic.jpg"
                }
            ]
        },
        "props_imgs": {
            "prop_img": [
                {
                    "properties": "122276315:3289490",
                    "url": "http://img.alicdn.com/imgextra/i4/2248304671/O1CN01PL36Hx1kNMqASqLZq_!!0-item_pic.jpg"
                }
            ]
        },
        "property_alias": "",
        "props": [
            {
                "name": "品牌",
                "value": "L'occitane/欧舒丹"
            },
            {
                "name": "欧舒丹系列",
                "value": "欧舒丹马鞭草清新润肤露"
            },
            {
                "name": "产地",
                "value": "法国"
            },
            {
                "name": "香味",
                "value": "马鞭草香"
            },
            {
                "name": "化妆品备案编号/注册证号",
                "value": "国妆备进字J201410092"
            },
            {
                "name": "适合肤质",
                "value": "任何肤质"
            },
            {
                "name": "原料成分",
                "value": "柠檬马鞭草"
            },
            {
                "name": "功效",
                "value": "滋润"
            },
            {
                "name": "规格类型",
                "value": "正常规格"
            },
            {
                "name": "款式",
                "value": "基本款"
            },
            {
                "name": "是否为特殊用途化妆品",
                "value": "否"
            },
            {
                "name": "净含量",
                "value": "250ml"
            },
            {
                "name": "产品类别",
                "value": "普通类"
            },
            {
                "name": "限期使用日期范围",
                "value": "2024-01-01至2024-12-31"
            },
            {
                "name": "化妆品保质期",
                "value": "36个月"
            }
        ],
        "total_sold": "-1",
        "skus": {
            "sku": [
                {
                    "price": 260,
                    "total_price": 0,
                    "orginal_price": 260,
                    "properties": "1626520:80163748;122276315:3289490;147956252:45789",
                    "properties_name": "1626520:80163748:香味:马鞭草香;122276315:3289490:款式:基本款;147956252:45789:净含量:250ml",
                    "quantity": 83,
                    "sku_id": "4996476099300"
                }
            ]
        },
        "seller_id": "2248304671",
        "sales": 400,
        "shop_id": "114646595",
        "props_list": {
            "122276315:3289490": "款式:基本款",
            "147956252:45789": "净含量:250ml",
            "1626520:80163748": "香味:马鞭草香"
        },
        "seller_info": {
            "nick": "loccitane欧舒丹旗舰店",
            "item_score": 4.83999,
            "score_p": 4.8638,
            "delivery_score": 4.88305,
            "shop_type": "",
            "user_num_id": "2248304671",
            "sid": "114646595",
            "title": "",
            "zhuy": "https://shop114646595.taobao.com",
            "cert": null,
            "open_time": "",
            "credit_score": null,
            "shop_name": "loccitane欧舒丹旗舰店"
        },
        "tmall": true,
        "error": "",
        "location": "江苏苏州",
        "data_from": "Ha",
        "has_discount": "false",
        "is_promotion": "false",
        "promo_type": null,
        "props_img": {
            "122276315:3289490": "http://img.alicdn.com/imgextra/i4/2248304671/O1CN01PL36Hx1kNMqASqLZq_!!0-item_pic.jpg"
        },
        "format_check": "ok",
        "desc_img": [
            "http://img.alicdn.com/imgextra/i3/2248304671/O1CN01nzzotG1kNMgxeGoZQ_!!2248304671.jpg",
            "http://img.alicdn.com/imgextra/i3/2248304671/O1CN01qDPajx1kNMgvFWp8h_!!2248304671.jpg",
            "http://img.alicdn.com/imgextra/i1/2248304671/O1CN018CWfjO1kNMh3BAYjK_!!2248304671.jpg",
            "http://img.alicdn.com/imgextra/i1/2248304671/O1CN01a4zwQf1kNMgxmLhRq_!!2248304671.jpg",
            "http://img.alicdn.com/imgextra/i2/2248304671/O1CN01onVhnX1kNMh3BBlaC_!!2248304671.jpg",
            "http://img.alicdn.com/imgextra/i3/2248304671/O1CN01TwWCYb1kNMmiZpEGG_!!2248304671.jpg",
            "http://img.alicdn.com/imgextra/i4/2248304671/O1CN01DCYj8q1kNMmqJchdm_!!2248304671.jpg",
            "http://img.alicdn.com/imgextra/i2/2248304671/O1CN01UuoowR1kNMmnaSUEM_!!2248304671.jpg",
            "http://img.alicdn.com/imgextra/i4/2248304671/O1CN01zWFQg31kNMlzeDk9s_!!2248304671.jpg",
            "http://img.alicdn.com/imgextra/i1/2248304671/TB2YVKzmnTI8KJjSsphXXcFppXa-2248304671.jpg",
            "http://img.alicdn.com/imgextra/i4/2248304671/O1CN011kNMTYM3WafZj7e_!!2248304671.jpg"
        ],
        "shop_item": [],
        "relate_items": []
    },
    "error": "",
    "secache": "1765710e3820a91044bea95fd687cc8e",
    "secache_time": 1677749085,
    "secache_date": "2023-03-02 17:24:45",
    "translate_status": "",
    "translate_time": 0,
    "language": {
        "default_lang": "cn",
        "current_lang": "cn"
    },
    "reason": "",
    "error_code": "0000",
    "cache": 0,
    "api_info": "today: max:20000 all[=++];expires:2024-01-16",
    "execution_time": "2.054",
    "server_time": "Beijing/2023-03-02 17:24:45",
    "client_ip": "54.39.83.153",
    "call_args": {
        "num_iid": "42089347256",
        "is_promotion": "1"
    },
    "api_type": "taobao",
    "translate_language": "zh-CN",
    "translate_engine": "baidu_api",
    "server_memory": "5.81MB",
    "last_id": false
}