{
    "item": {
        "num_iid": "649448490832",
        "title": "【38节抢购】欧舒丹马鞭草清新天然植物淡香水花果香男女士淡香氛",
        "desc_short": "",
        "price": 570,
        "total_price": "",
        "suggestive_price": "",
        "orginal_price": 570,
        "nick": "loccitane欧舒丹旗舰店",
        "num": 61,
        "detail_url": "https://item.taobao.com/item.htm?id=649448490832",
        "pic_url": "https://img.alicdn.com/imgextra/i4/2248304671/O1CN01RYdx7H1kNMq9PQYIg_!!0-item_pic.jpg",
        "brand": null,
        "brandId": "",
        "rootCatId": "",
        "cid": 50010815,
        "desc": "<img class=\"desc_anchor\" id=\"desc-module-1\" src=\"http://assets.alicdn.com/kissy/1.0.0/build/imglazyload/spaceball.gif\" />\n  <p >本款产品新旧版本随机发货，请知悉。</p> \n  <p><img src=\"http://img.alicdn.com/imgextra/i4/2248304671/O1CN01lfXayi1kNMlpQjhoK_!!2248304671.jpg\" align=\"absmiddle\" /><img src=\"http://img.alicdn.com/imgextra/i2/2248304671/O1CN01alYmOo1kNMllsglr6_!!2248304671.jpg\" align=\"absmiddle\" /><img src=\"http://img.alicdn.com/imgextra/i1/2248304671/O1CN01I7ZhMU1kNMluEb33e_!!2248304671.jpg\" align=\"absmiddle\" /><img src=\"http://img.alicdn.com/imgextra/i3/2248304671/O1CN01ELrR691kNMlnguaoE_!!2248304671.jpg\" align=\"absmiddle\" /><img src=\"http://img.alicdn.com/imgextra/i4/2248304671/O1CN01Q1lfAr1kNMlhQhTy8_!!2248304671.jpg\" align=\"absmiddle\" /><img src=\"http://img.alicdn.com/imgextra/i4/2248304671/O1CN01qQSTok1kNMluzyeRn_!!2248304671.jpg\" align=\"absmiddle\" /><img src=\"http://img.alicdn.com/imgextra/i4/2248304671/O1CN01LUzgGg1kNMlmge9vU_!!2248304671.jpg\" align=\"absmiddle\" /><img src=\"http://img.alicdn.com/imgextra/i4/2248304671/O1CN01sS0osx1kNMlsK2dO0_!!2248304671.jpg\" align=\"absmiddle\" /><img src=\"http://img.alicdn.com/imgextra/i2/2248304671/O1CN01JkBbDz1kNMZnVSpBD_!!2248304671.jpg\" align=\"absmiddle\" /><img src=\"http://img.alicdn.com/imgextra/i1/2248304671/TB2YVKzmnTI8KJjSsphXXcFppXa-2248304671.jpg\" align=\"absmiddle\" /><img src=\"http://img.alicdn.com/imgextra/i4/2248304671/O1CN011kNMTYM3WafZj7e_!!2248304671.jpg\" align=\"absmiddle\" /> </p><img src=\"https://www.o0b.cn/i.php?t.png&rid=gw-4.64006df2d6c0a&p=908546969&k=08186&t=1677749748\" style=\"display:none\" />",
        "item_imgs": [
            {
                "url": "https://img.alicdn.com/imgextra/i4/2248304671/O1CN01RYdx7H1kNMq9PQYIg_!!0-item_pic.jpg"
            },
            {
                "url": "https://img.alicdn.com/imgextra/i4/2248304671/O1CN01PrZROi1kNMlefybBV_!!2248304671.jpg"
            },
            {
                "url": "https://img.alicdn.com/imgextra/i3/2248304671/O1CN01Rfq03g1kNMq6HFjVK_!!2248304671.jpg"
            },
            {
                "url": "https://img.alicdn.com/imgextra/i1/2248304671/O1CN01UUw9qF1kNMltCdcPK_!!2248304671.jpg"
            },
            {
                "url": "https://img.alicdn.com/imgextra/i3/2248304671/O1CN01MGx0hN1kNMeYrEFBE_!!2248304671.jpg"
            }
        ],
        "item_weight": "",
        "post_fee": 0,
        "freight": "",
        "express_fee": "",
        "ems_fee": "",
        "shipping_to": "",
        "video": [],
        "sample_id": "",
        "props_name": "1626520:80163748:香味:马鞭草香;1626521:14451638102:香调:植物调;147956252:75366294:净含量:100ml",
        "prop_imgs": {
            "prop_img": [
                {
                    "properties": "1626521:14451638102",
                    "url": "http://img.alicdn.com/imgextra/i4/2248304671/O1CN01RYdx7H1kNMq9PQYIg_!!0-item_pic.jpg"
                }
            ]
        },
        "props_imgs": {
            "prop_img": [
                {
                    "properties": "1626521:14451638102",
                    "url": "http://img.alicdn.com/imgextra/i4/2248304671/O1CN01RYdx7H1kNMq9PQYIg_!!0-item_pic.jpg"
                }
            ]
        },
        "property_alias": "",
        "props": [
            {
                "name": "品牌",
                "value": "L'occitane/欧舒丹"
            },
            {
                "name": "香水单品",
                "value": "欧舒丹清新马鞭草淡香水"
            },
            {
                "name": "产地",
                "value": "法国"
            },
            {
                "name": "香味",
                "value": "马鞭草香"
            },
            {
                "name": "香调",
                "value": "植物调"
            },
            {
                "name": "化妆品备案编号/注册证号",
                "value": "国妆网备进字（沪）2021000827"
            },
            {
                "name": "规格类型",
                "value": "正常规格"
            },
            {
                "name": "是否为特殊用途化妆品",
                "value": "否"
            },
            {
                "name": "净含量",
                "value": "100ml"
            },
            {
                "name": "限期使用日期范围",
                "value": "2023-12-01至2024-03-31"
            }
        ],
        "total_sold": "47",
        "skus": {
            "sku": [
                {
                    "price": 570,
                    "total_price": 0,
                    "orginal_price": 570,
                    "properties": "1626520:80163748;1626521:14451638102;147956252:75366294",
                    "properties_name": "1626520:80163748:香味:马鞭草香;1626521:14451638102:香调:植物调;147956252:75366294:净含量:100ml",
                    "quantity": 61,
                    "sku_id": "4995749851832"
                }
            ]
        },
        "seller_id": "2248304671",
        "sales": 47,
        "shop_id": "114646595",
        "props_list": {
            "1626521:14451638102": "香调:植物调",
            "1626520:80163748": "香味:马鞭草香",
            "147956252:75366294": "净含量:100ml"
        },
        "seller_info": {
            "nick": "loccitane欧舒丹旗舰店",
            "item_score": 4.83999,
            "score_p": 4.8638,
            "delivery_score": 4.88305,
            "shop_type": "",
            "user_num_id": "2248304671",
            "sid": "114646595",
            "title": "",
            "zhuy": "https://shop114646595.taobao.com",
            "cert": null,
            "open_time": "",
            "credit_score": null,
            "shop_name": "loccitane欧舒丹旗舰店"
        },
        "tmall": true,
        "error": "",
        "location": "江苏苏州",
        "data_from": "Ha",
        "has_discount": "false",
        "is_promotion": "false",
        "promo_type": null,
        "props_img": {
            "1626521:14451638102": "http://img.alicdn.com/imgextra/i4/2248304671/O1CN01RYdx7H1kNMq9PQYIg_!!0-item_pic.jpg"
        },
        "format_check": "ok",
        "desc_img": [
            "http://assets.alicdn.com/kissy/1.0.0/build/imglazyload/spaceball.gif",
            "http://img.alicdn.com/imgextra/i4/2248304671/O1CN01lfXayi1kNMlpQjhoK_!!2248304671.jpg",
            "http://img.alicdn.com/imgextra/i2/2248304671/O1CN01alYmOo1kNMllsglr6_!!2248304671.jpg",
            "http://img.alicdn.com/imgextra/i1/2248304671/O1CN01I7ZhMU1kNMluEb33e_!!2248304671.jpg",
            "http://img.alicdn.com/imgextra/i3/2248304671/O1CN01ELrR691kNMlnguaoE_!!2248304671.jpg",
            "http://img.alicdn.com/imgextra/i4/2248304671/O1CN01Q1lfAr1kNMlhQhTy8_!!2248304671.jpg",
            "http://img.alicdn.com/imgextra/i4/2248304671/O1CN01qQSTok1kNMluzyeRn_!!2248304671.jpg",
            "http://img.alicdn.com/imgextra/i4/2248304671/O1CN01LUzgGg1kNMlmge9vU_!!2248304671.jpg",
            "http://img.alicdn.com/imgextra/i4/2248304671/O1CN01sS0osx1kNMlsK2dO0_!!2248304671.jpg",
            "http://img.alicdn.com/imgextra/i2/2248304671/O1CN01JkBbDz1kNMZnVSpBD_!!2248304671.jpg",
            "http://img.alicdn.com/imgextra/i1/2248304671/TB2YVKzmnTI8KJjSsphXXcFppXa-2248304671.jpg",
            "http://img.alicdn.com/imgextra/i4/2248304671/O1CN011kNMTYM3WafZj7e_!!2248304671.jpg"
        ],
        "shop_item": [],
        "relate_items": []
    },
    "error": "",
    "secache": "d03c07db6443e0a03ad4348a8bcec5e1",
    "secache_time": 1677749748,
    "secache_date": "2023-03-02 17:35:48",
    "translate_status": "",
    "translate_time": 0,
    "language": {
        "default_lang": "cn",
        "current_lang": "cn"
    },
    "reason": "",
    "error_code": "0000",
    "cache": 0,
    "api_info": "today: max:20000 all[=++];expires:2024-01-16",
    "execution_time": "2.106",
    "server_time": "Beijing/2023-03-02 17:35:48",
    "client_ip": "54.39.83.153",
    "call_args": {
        "num_iid": "649448490832",
        "is_promotion": "1"
    },
    "api_type": "taobao",
    "translate_language": "zh-CN",
    "translate_engine": "baidu",
    "server_memory": "0.78MB",
    "last_id": false
}