{
    "item": {
        "num_iid": "681983872653",
        "title": "欧舒丹小美盒樱花身体乳沐浴露护手霜润肤体验装旅行+50元回购券",
        "desc_short": "",
        "price": 50,
        "total_price": "",
        "suggestive_price": "",
        "orginal_price": 50,
        "nick": "loccitane欧舒丹旗舰店",
        "num": 201,
        "detail_url": "https://item.taobao.com/item.htm?id=681983872653",
        "pic_url": "https://img.alicdn.com/imgextra/i1/2248304671/O1CN014OMD7k1kNMpyibEJe_!!2-item_pic.png",
        "brand": null,
        "brandId": "",
        "rootCatId": "",
        "cid": 121484012,
        "desc": "<p><img src=\"http://img.alicdn.com/imgextra/i1/2248304671/O1CN01vPjrap1kNMq1naH4b_!!2248304671.jpg\" align=\"absmiddle\" /><img src=\"http://img.alicdn.com/imgextra/i2/2248304671/O1CN01Aiu5YL1kNMplssRk7_!!2248304671.jpg\" align=\"absmiddle\" /><img src=\"http://img.alicdn.com/imgextra/i2/2248304671/O1CN01DgUGdj1kNMpYXs6sd_!!2248304671.jpg\" align=\"absmiddle\" /><img src=\"http://img.alicdn.com/imgextra/i3/2248304671/O1CN013qhq781kNMpz2HKmZ_!!2248304671.jpg\" align=\"absmiddle\" /><br /> <img src=\"http://img.alicdn.com/imgextra/i2/2248304671/TB2_Bnfn29TBuNjy1zbXXXpepXa-2248304671.jpg\" alt=\"1-品牌故事.jpg\" /><br /> <img src=\"http://img.alicdn.com/imgextra/i1/2248304671/TB2YVKzmnTI8KJjSsphXXcFppXa-2248304671.jpg\" alt=\"2-礼盒发放说明.jpg\" /><br /> <img src=\"http://img.alicdn.com/imgextra/i4/2248304671/O1CN011kNMTYM3WafZj7e_!!2248304671.jpg\" alt=\"3-正品保证-SPP页底.jpg\" /> </p><img src=\"https://www.o0b.cn/i.php?t.png&rid=gw-4.64006c30ad791&p=908546969&k=08186&t=1677749298\" style=\"display:none\" />",
        "item_imgs": [
            {
                "url": "https://img.alicdn.com/imgextra/i1/2248304671/O1CN014OMD7k1kNMpyibEJe_!!2-item_pic.png"
            },
            {
                "url": "https://img.alicdn.com/imgextra/i4/2248304671/O1CN01F9xD471kNMpySvER4_!!2248304671.jpg"
            },
            {
                "url": "https://img.alicdn.com/imgextra/i3/2248304671/O1CN01qNJTTZ1kNMpcj4Htn_!!2248304671.jpg"
            },
            {
                "url": "https://img.alicdn.com/imgextra/i4/2248304671/O1CN01DhdWzV1kNMoPD8tDE_!!2248304671.jpg"
            },
            {
                "url": "https://img.alicdn.com/imgextra/i2/2248304671/O1CN01LojKae1kNMniY3f2s_!!0-item_pic.jpg"
            }
        ],
        "item_weight": "",
        "post_fee": 0,
        "freight": "",
        "express_fee": "",
        "ems_fee": "",
        "shipping_to": "",
        "video": [],
        "sample_id": "",
        "props_name": "",
        "prop_imgs": {
            "prop_img": []
        },
        "props_imgs": {
            "prop_img": []
        },
        "property_alias": "",
        "props": [
            {
                "name": "品牌",
                "value": "L'occitane/欧舒丹"
            },
            {
                "name": "欧舒丹系列",
                "value": "欧舒丹身体护理小美盒套装"
            },
            {
                "name": "产地",
                "value": "法国"
            },
            {
                "name": "化妆品备案编号/注册证号",
                "value": "国妆网备进字（沪）2019006022"
            },
            {
                "name": "功效",
                "value": "滋润"
            },
            {
                "name": "规格类型",
                "value": "正常规格"
            },
            {
                "name": "是否为特殊用途化妆品",
                "value": "否"
            },
            {
                "name": "限期使用日期范围",
                "value": "2023-11-16至2024-02-15"
            }
        ],
        "total_sold": "-1",
        "skus": {
            "sku": []
        },
        "seller_id": "2248304671",
        "sales": 4000,
        "shop_id": "114646595",
        "props_list": [],
        "seller_info": {
            "nick": "loccitane欧舒丹旗舰店",
            "item_score": 4.83999,
            "score_p": 4.8638,
            "delivery_score": 4.88305,
            "shop_type": "",
            "user_num_id": "2248304671",
            "sid": "114646595",
            "title": "",
            "zhuy": "https://shop114646595.taobao.com",
            "cert": null,
            "open_time": "",
            "credit_score": null,
            "shop_name": "loccitane欧舒丹旗舰店"
        },
        "tmall": true,
        "error": "",
        "location": "江苏苏州",
        "data_from": "Ha",
        "has_discount": "false",
        "is_promotion": "false",
        "promo_type": null,
        "props_img": [],
        "format_check": "ok",
        "desc_img": [
            "http://img.alicdn.com/imgextra/i1/2248304671/O1CN01vPjrap1kNMq1naH4b_!!2248304671.jpg",
            "http://img.alicdn.com/imgextra/i2/2248304671/O1CN01Aiu5YL1kNMplssRk7_!!2248304671.jpg",
            "http://img.alicdn.com/imgextra/i2/2248304671/O1CN01DgUGdj1kNMpYXs6sd_!!2248304671.jpg",
            "http://img.alicdn.com/imgextra/i3/2248304671/O1CN013qhq781kNMpz2HKmZ_!!2248304671.jpg",
            "http://img.alicdn.com/imgextra/i2/2248304671/TB2_Bnfn29TBuNjy1zbXXXpepXa-2248304671.jpg",
            "http://img.alicdn.com/imgextra/i1/2248304671/TB2YVKzmnTI8KJjSsphXXcFppXa-2248304671.jpg",
            "http://img.alicdn.com/imgextra/i4/2248304671/O1CN011kNMTYM3WafZj7e_!!2248304671.jpg"
        ],
        "shop_item": [],
        "relate_items": []
    },
    "error": "",
    "secache": "4ff6602a1d56516f7a15023bccc7a487",
    "secache_time": 1677749298,
    "secache_date": "2023-03-02 17:28:18",
    "translate_status": "",
    "translate_time": 0,
    "language": {
        "default_lang": "cn",
        "current_lang": "cn"
    },
    "reason": "",
    "error_code": "0000",
    "cache": 0,
    "api_info": "today: max:20000 all[=++];expires:2024-01-16",
    "execution_time": "2.303",
    "server_time": "Beijing/2023-03-02 17:28:18",
    "client_ip": "54.39.83.153",
    "call_args": {
        "num_iid": "681983872653",
        "is_promotion": "1"
    },
    "api_type": "taobao",
    "translate_language": "zh-CN",
    "translate_engine": "baidu",
    "server_memory": "0.77MB",
    "last_id": false
}