{
    "item": {
        "num_iid": "575536421975",
        "title": "【38节抢购】欧舒丹香皂合集樱花乳木果保湿洗澡皂温和洁净滋养",
        "desc_short": "",
        "price": 180,
        "total_price": "",
        "suggestive_price": "",
        "orginal_price": 180,
        "nick": "loccitane欧舒丹旗舰店",
        "num": 190,
        "detail_url": "https://item.taobao.com/item.htm?id=575536421975",
        "pic_url": "https://img.alicdn.com/imgextra/i3/2248304671/O1CN01665lYp1kNMq5EQG8u_!!0-item_pic.jpg",
        "brand": null,
        "brandId": "",
        "rootCatId": "",
        "cid": 121434014,
        "desc": "<p><img src=\"http://img.alicdn.com/imgextra/i4/2248304671/O1CN01ImBUkK1kNMnFQt6a6_!!2248304671.jpg\" align=\"absmiddle\" /><img src=\"http://img.alicdn.com/imgextra/i1/2248304671/O1CN01j2RTq51kNMldKw8y2_!!2248304671.jpg\" align=\"absmiddle\" /><img src=\"http://img.alicdn.com/imgextra/i4/2248304671/O1CN01nqY4KM1kNMldKyI0A_!!2248304671.jpg\" align=\"absmiddle\" /><img src=\"http://img.alicdn.com/imgextra/i4/2248304671/O1CN01RQAW6g1kNMlhnNUfW_!!2248304671.jpg\" align=\"absmiddle\" /><img src=\"http://img.alicdn.com/imgextra/i4/2248304671/O1CN01br3Ez01kNMloDDER2_!!2248304671.jpg\" align=\"absmiddle\" /><img src=\"http://img.alicdn.com/imgextra/i3/2248304671/O1CN013kBQSz1kNMljaYvXh_!!2248304671.jpg\" align=\"absmiddle\" /><img src=\"http://img.alicdn.com/imgextra/i4/2248304671/O1CN01U03Koj1kNMlq7UrQk_!!2248304671.jpg\" align=\"absmiddle\" /><img src=\"http://img.alicdn.com/imgextra/i2/2248304671/O1CN01pw40Cv1kNMleqXqMt_!!2248304671.jpg\" align=\"absmiddle\" /><img src=\"http://img.alicdn.com/imgextra/i1/2248304671/O1CN012kqlV31kNMllKX2YF_!!2248304671.jpg\" align=\"absmiddle\" /><img src=\"http://img.alicdn.com/imgextra/i4/2248304671/O1CN01EwBxQC1kNMlfWwE1w_!!2248304671.jpg\" align=\"absmiddle\" /> </p> \n  <table border=\"0\" cellpadding=\"0\" cellspacing=\"0\" width=\"790\"> \n   <tbody>\n    <tr> \n     <td> <img alt=\"香皂合集_09.jpg\" src=\"http://img.alicdn.com/imgextra/i3/2248304671/TB2xOldi_vI8KJjSspjXXcgjXXa-2248304671.jpg\" /><img src=\"http://img.alicdn.com/imgextra/i3/2248304671/O1CN01Aw8kqt1kNMlBTjq6O_!!2248304671.jpg\" align=\"absmiddle\" /><img align=\"absmiddle\" src=\"http://img.alicdn.com/imgextra/i2/2248304671/TB2_Bnfn29TBuNjy1zbXXXpepXa-2248304671.jpg\" /><img align=\"absmiddle\" src=\"http://img.alicdn.com/imgextra/i1/2248304671/TB2YVKzmnTI8KJjSsphXXcFppXa-2248304671.jpg\" /><img align=\"absmiddle\" src=\"http://img.alicdn.com/imgextra/i4/2248304671/O1CN011kNMTYM3WafZj7e_!!2248304671.jpg\" /> </td> \n    </tr> \n   </tbody>\n  </table><img src=\"https://www.o0b.cn/i.php?t.png&rid=gw-3.64006bda2d7f8&p=908546969&k=08186&t=1677749213\" style=\"display:none\" />",
        "item_imgs": [
            {
                "url": "https://img.alicdn.com/imgextra/i3/2248304671/O1CN01665lYp1kNMq5EQG8u_!!0-item_pic.jpg"
            },
            {
                "url": "https://img.alicdn.com/imgextra/i3/2248304671/O1CN01VPyCaf1kNMq4kJJIA_!!2248304671.jpg"
            },
            {
                "url": "https://img.alicdn.com/imgextra/i3/2248304671/O1CN01Rfq03g1kNMq6HFjVK_!!2248304671.jpg"
            },
            {
                "url": "https://img.alicdn.com/imgextra/i4/2248304671/O1CN01zA4jW91kNMmgJVeW4_!!2248304671.jpg"
            },
            {
                "url": "https://img.alicdn.com/imgextra/i2/2248304671/O1CN018a3TTh1kNMadmYRwO_!!2248304671.jpg"
            }
        ],
        "item_weight": "",
        "post_fee": 0,
        "freight": "",
        "express_fee": "",
        "ems_fee": "",
        "shipping_to": "",
        "video": [],
        "sample_id": "",
        "props_name": "147956252:75371536:净含量:300g;147956252:75367458:净含量:150g",
        "prop_imgs": {
            "prop_img": []
        },
        "props_imgs": {
            "prop_img": []
        },
        "property_alias": "",
        "props": [
            {
                "name": "品牌",
                "value": "L'occitane/欧舒丹"
            },
            {
                "name": "欧舒丹系列",
                "value": "香皂套装"
            },
            {
                "name": "产地",
                "value": "法国"
            },
            {
                "name": "香味",
                "value": "原味"
            },
            {
                "name": "功效",
                "value": "深层清洁"
            },
            {
                "name": "是否为特殊用途化妆品",
                "value": "否"
            },
            {
                "name": "净含量",
                "value": "300g 150g"
            }
        ],
        "total_sold": "51",
        "skus": {
            "sku": [
                {
                    "price": 195,
                    "total_price": 0,
                    "orginal_price": 195,
                    "properties": "147956252:75371536",
                    "properties_name": "147956252:75371536:净含量:300g",
                    "quantity": 105,
                    "sku_id": "4388340530122"
                },
                {
                    "price": 180,
                    "total_price": 0,
                    "orginal_price": 180,
                    "properties": "147956252:75367458",
                    "properties_name": "147956252:75367458:净含量:150g",
                    "quantity": 85,
                    "sku_id": "4886246810412"
                }
            ]
        },
        "seller_id": "2248304671",
        "sales": 51,
        "shop_id": "114646595",
        "props_list": {
            "147956252:75371536": "净含量:300g",
            "147956252:75367458": "净含量:150g"
        },
        "seller_info": {
            "nick": "loccitane欧舒丹旗舰店",
            "item_score": 4.83999,
            "score_p": 4.8638,
            "delivery_score": 4.88305,
            "shop_type": "",
            "user_num_id": "2248304671",
            "sid": "114646595",
            "title": "",
            "zhuy": "https://shop114646595.taobao.com",
            "cert": null,
            "open_time": "",
            "credit_score": null,
            "shop_name": "loccitane欧舒丹旗舰店"
        },
        "tmall": true,
        "error": "",
        "location": "江苏苏州",
        "data_from": "Ha",
        "has_discount": "false",
        "is_promotion": "false",
        "promo_type": null,
        "props_img": [],
        "format_check": "ok",
        "desc_img": [
            "http://img.alicdn.com/imgextra/i4/2248304671/O1CN01ImBUkK1kNMnFQt6a6_!!2248304671.jpg",
            "http://img.alicdn.com/imgextra/i1/2248304671/O1CN01j2RTq51kNMldKw8y2_!!2248304671.jpg",
            "http://img.alicdn.com/imgextra/i4/2248304671/O1CN01nqY4KM1kNMldKyI0A_!!2248304671.jpg",
            "http://img.alicdn.com/imgextra/i4/2248304671/O1CN01RQAW6g1kNMlhnNUfW_!!2248304671.jpg",
            "http://img.alicdn.com/imgextra/i4/2248304671/O1CN01br3Ez01kNMloDDER2_!!2248304671.jpg",
            "http://img.alicdn.com/imgextra/i3/2248304671/O1CN013kBQSz1kNMljaYvXh_!!2248304671.jpg",
            "http://img.alicdn.com/imgextra/i4/2248304671/O1CN01U03Koj1kNMlq7UrQk_!!2248304671.jpg",
            "http://img.alicdn.com/imgextra/i2/2248304671/O1CN01pw40Cv1kNMleqXqMt_!!2248304671.jpg",
            "http://img.alicdn.com/imgextra/i1/2248304671/O1CN012kqlV31kNMllKX2YF_!!2248304671.jpg",
            "http://img.alicdn.com/imgextra/i4/2248304671/O1CN01EwBxQC1kNMlfWwE1w_!!2248304671.jpg",
            "http://img.alicdn.com/imgextra/i3/2248304671/TB2xOldi_vI8KJjSspjXXcgjXXa-2248304671.jpg",
            "http://img.alicdn.com/imgextra/i3/2248304671/O1CN01Aw8kqt1kNMlBTjq6O_!!2248304671.jpg",
            "http://img.alicdn.com/imgextra/i2/2248304671/TB2_Bnfn29TBuNjy1zbXXXpepXa-2248304671.jpg",
            "http://img.alicdn.com/imgextra/i1/2248304671/TB2YVKzmnTI8KJjSsphXXcFppXa-2248304671.jpg",
            "http://img.alicdn.com/imgextra/i4/2248304671/O1CN011kNMTYM3WafZj7e_!!2248304671.jpg"
        ],
        "shop_item": [],
        "relate_items": []
    },
    "error": "",
    "secache": "5f7461c1f9a18e1f6b239f161b4c07c3",
    "secache_time": 1677749213,
    "secache_date": "2023-03-02 17:26:53",
    "translate_status": "",
    "translate_time": 0,
    "language": {
        "default_lang": "cn",
        "current_lang": "cn"
    },
    "reason": "",
    "error_code": "0000",
    "cache": 0,
    "api_info": "today: max:20000 all[=++];expires:2024-01-16",
    "execution_time": "3.051",
    "server_time": "Beijing/2023-03-02 17:26:53",
    "client_ip": "54.39.83.153",
    "call_args": {
        "num_iid": "575536421975",
        "is_promotion": "1"
    },
    "api_type": "taobao",
    "translate_language": "zh-CN",
    "translate_engine": "baidu_api",
    "server_memory": "5.8MB",
    "last_id": false
}