{
    "item": {
        "num_iid": "683767653497",
        "title": "【好物体验女王节专享】甜扁桃沐浴油250ml",
        "desc_short": "",
        "price": 235,
        "total_price": "",
        "suggestive_price": "",
        "orginal_price": 235,
        "nick": "loccitane欧舒丹旗舰店",
        "num": 39,
        "detail_url": "https://item.taobao.com/item.htm?id=683767653497",
        "pic_url": "https://img.alicdn.com/imgextra/i1/2248304671/O1CN01UctHX41kNMpklqEIN_!!0-item_pic.jpg",
        "brand": null,
        "brandId": "",
        "rootCatId": "",
        "cid": 201858801,
        "desc": "<p>甜扁桃沐浴油250ml </p><img src=\"https://www.o0b.cn/i.php?t.png&rid=gw-1.6400708bda43a&p=908546969&k=08186&t=1677750413\" style=\"display:none\" />",
        "item_imgs": [
            {
                "url": "https://img.alicdn.com/imgextra/i1/2248304671/O1CN01UctHX41kNMpklqEIN_!!0-item_pic.jpg"
            }
        ],
        "item_weight": "",
        "post_fee": 0,
        "freight": "",
        "express_fee": "",
        "ems_fee": "",
        "shipping_to": "",
        "video": [],
        "sample_id": "",
        "props_name": "",
        "prop_imgs": {
            "prop_img": []
        },
        "props_imgs": {
            "prop_img": []
        },
        "property_alias": "",
        "props": [
            {
                "name": "品牌",
                "value": "L'occitane/欧舒丹"
            },
            {
                "name": "型号",
                "value": "甜扁桃沐浴油250ml单支套装"
            },
            {
                "name": "产地",
                "value": "法国"
            },
            {
                "name": "功效",
                "value": "清洁"
            },
            {
                "name": "规格类型",
                "value": "正常规格"
            },
            {
                "name": "是否为特殊用途化妆品",
                "value": "否"
            },
            {
                "name": "限期使用日期范围",
                "value": "2024-11-01至2025-07-01"
            }
        ],
        "total_sold": "10",
        "skus": {
            "sku": []
        },
        "seller_id": "2248304671",
        "sales": 10,
        "shop_id": "114646595",
        "props_list": [],
        "seller_info": {
            "nick": "loccitane欧舒丹旗舰店",
            "item_score": 4.83999,
            "score_p": 4.8638,
            "delivery_score": 4.88305,
            "shop_type": "",
            "user_num_id": "2248304671",
            "sid": "114646595",
            "title": "",
            "zhuy": "https://shop114646595.taobao.com",
            "cert": null,
            "open_time": "",
            "credit_score": null,
            "shop_name": "loccitane欧舒丹旗舰店"
        },
        "tmall": true,
        "error": "",
        "location": "江苏苏州",
        "data_from": "Ha",
        "has_discount": "false",
        "is_promotion": "false",
        "promo_type": null,
        "props_img": [],
        "format_check": "ok",
        "desc_img": [],
        "shop_item": [],
        "relate_items": []
    },
    "error": "",
    "secache": "18ec01f273047cab7b4011e8721f6671",
    "secache_time": 1677750413,
    "secache_date": "2023-03-02 17:46:53",
    "translate_status": "",
    "translate_time": 0,
    "language": {
        "default_lang": "cn",
        "current_lang": "cn"
    },
    "reason": "",
    "error_code": "0000",
    "cache": 0,
    "api_info": "today: max:20000 all[=++];expires:2024-01-16",
    "execution_time": "2.022",
    "server_time": "Beijing/2023-03-02 17:46:53",
    "client_ip": "54.39.83.153",
    "call_args": {
        "num_iid": "683767653497",
        "is_promotion": "1"
    },
    "api_type": "taobao",
    "translate_language": "zh-CN",
    "translate_engine": "baidu",
    "server_memory": "5.75MB",
    "last_id": false
}