{
    "item": {
        "num_iid": "618924306652",
        "title": "【88VIP】欧舒丹草本纯净洗发水护发套装控油滋养官方旗舰店正品",
        "desc_short": "",
        "price": "615",
        "orginal_price": "615",
        "nick": "loccitane欧舒丹旗舰店",
        "num": 4,
        "pic_url": "//img.alicdn.com/imgextra/i2/2248304671/O1CN01lSil8d1kNMpvqiAkw_!!2248304671.jpg",
        "brand": "L'occitane/欧舒丹",
        "brandId": 0,
        "rootCatId": "50023282",
        "cid": "121476023",
        "crumbs": [],
        "detail_url": "https://item.taobao.com/item.htm?id=618924306652",
        "desc": "<p ><span >本链接部分产品新老包装替换中，草本纯净新包装名称为草本菁纯纯净字样，仓库随机发放，无法为您指定，敬请谅解！</span></p> \n  <p><img src=\"http://img.alicdn.com/imgextra/i4/2248304671/O1CN01fOruDO1kNMoZcJWlf_!!2248304671.jpg\" align=\"absmiddle\" /><img src=\"http://img.alicdn.com/imgextra/i3/2248304671/O1CN010Pjda31kNMoefI8yg_!!2248304671.jpg\" align=\"absmiddle\" /><img src=\"http://img.alicdn.com/imgextra/i4/2248304671/O1CN01dIj0OB1kNMofmLi11_!!2248304671.jpg\" align=\"absmiddle\" /><img src=\"http://img.alicdn.com/imgextra/i2/2248304671/O1CN01R7plA41kNMoQXdXQi_!!2248304671.jpg\" align=\"absmiddle\" /><img src=\"http://img.alicdn.com/imgextra/i1/2248304671/O1CN01pWfj1P1kNMoXRUgqI_!!2248304671.jpg\" align=\"absmiddle\" /><img src=\"http://img.alicdn.com/imgextra/i1/2248304671/O1CN014TFGUl1kNMoQXZ6x1_!!2248304671.jpg\" align=\"absmiddle\" /><img src=\"http://img.alicdn.com/imgextra/i2/2248304671/O1CN01q6vxuN1kNMoiZKZc1_!!2248304671.jpg\" align=\"absmiddle\" /><img src=\"http://img.alicdn.com/imgextra/i4/2248304671/O1CN01CVM9VU1kNMoVHKrsP_!!2248304671.jpg\" align=\"absmiddle\" /><img src=\"http://img.alicdn.com/imgextra/i3/2248304671/O1CN01AEOOl41kNMoZcJBxn_!!2248304671.jpg\" align=\"absmiddle\" /><img src=\"http://img.alicdn.com/imgextra/i2/2248304671/O1CN01ZsQUNz1kNMoXRRjsx_!!2248304671.jpg\" align=\"absmiddle\" /><img src=\"http://img.alicdn.com/imgextra/i4/2248304671/O1CN01NuV0Td1kNMoWfmkUj_!!2248304671.jpg\" align=\"absmiddle\" /><img src=\"http://img.alicdn.com/imgextra/i3/2248304671/O1CN01AObn421kNMoaNprXq_!!2248304671.jpg\" align=\"absmiddle\" /><img src=\"http://img.alicdn.com/imgextra/i2/2248304671/O1CN01sMlwwy1kNMoiZJdMv_!!2248304671.jpg\" align=\"absmiddle\" /><img src=\"http://img.alicdn.com/imgextra/i1/2248304671/O1CN01FKBHsM1kNMohiDtdO_!!2248304671.jpg\" align=\"absmiddle\" /><img src=\"http://img.alicdn.com/imgextra/i2/2248304671/O1CN01lp59T51kNMobOcJwl_!!2248304671.jpg\" align=\"absmiddle\" /><img src=\"http://img.alicdn.com/imgextra/i3/2248304671/O1CN01P9tN131kNMoQXZmVR_!!2248304671.jpg\" align=\"absmiddle\" /><img src=\"http://img.alicdn.com/imgextra/i3/2248304671/O1CN01rCXgzi1kNMoVHIO0Y_!!2248304671.jpg\" align=\"absmiddle\" /><br /> <img src=\"http://img.alicdn.com/imgextra/i2/2248304671/O1CN01wxhZCo1kNMmK4B01K_!!2248304671.jpg\" alt=\"草本菁纯纯净系列-品牌给_08.jpg\" /><br /> <img src=\"http://img.alicdn.com/imgextra/i2/2248304671/TB2_Bnfn29TBuNjy1zbXXXpepXa-2248304671.jpg\" alt=\"1-品牌故事.jpg\" /><br /> <img src=\"http://img.alicdn.com/imgextra/i1/2248304671/TB2YVKzmnTI8KJjSsphXXcFppXa-2248304671.jpg\" alt=\"2-礼盒发放说明.jpg\" /><br /> <img src=\"http://img.alicdn.com/imgextra/i4/2248304671/O1CN011kNMTYM3WafZj7e_!!2248304671.jpg\" alt=\"3-正品保证-SPP页底.jpg\" /> </p> \n  <p>&nbsp;</p><img src=\"https://www.o0b.cn/i.php?t.png&rid=gw-4.63feac1000ca3&p=837512465&k=23706&t=1677634578\" style=\"display:none\" />",
        "item_imgs": [
            {
                "url": "//img.alicdn.com/imgextra/i2/2248304671/O1CN01lSil8d1kNMpvqiAkw_!!2248304671.jpg"
            },
            {
                "url": "//img.alicdn.com/imgextra/i2/2248304671/O1CN016J1wvt1kNMpuc9HOT_!!2248304671.jpg"
            },
            {
                "url": "//img.alicdn.com/imgextra/i3/2248304671/O1CN01Rfq03g1kNMq6HFjVK_!!2248304671.jpg"
            },
            {
                "url": "//img.alicdn.com/imgextra/i1/2248304671/O1CN012eo6Fk1kNMpx2MIs8_!!2248304671.jpg"
            },
            {
                "url": "//img.alicdn.com/imgextra/i3/2248304671/O1CN01MGx0hN1kNMeYrEFBE_!!2248304671.jpg"
            }
        ],
        "item_weight": 0,
        "location": "江苏苏州",
        "post_fee": 0,
        "express_fee": 0,
        "ems_fee": 0,
        "shipping_to": "",
        "has_discount": "false",
        "video": {
            "url": null
        },
        "is_virtual": "",
        "sample_id": "",
        "is_promotion": "false",
        "prop_imgs": {
            "prop_img": []
        },
        "property_alias": "",
        "props": [
            {
                "name": "品牌",
                "value": "L'occitane/欧舒丹"
            },
            {
                "name": "L’occitane/欧舒丹",
                "value": "5合1草本菁纯纯净洗护发套装"
            },
            {
                "name": "功能",
                "value": "深层清洁"
            },
            {
                "name": "产地",
                "value": "法国"
            },
            {
                "name": "香味",
                "value": "薄荷"
            },
            {
                "name": "化妆品备案编号/注册证号",
                "value": "国妆网备进字（沪）2019004506"
            },
            {
                "name": "规格类型",
                "value": "正常规格"
            },
            {
                "name": "是否为特殊用途化妆品",
                "value": "否"
            },
            {
                "name": "净含量",
                "value": "500ml"
            }
        ],
        "props_name": "1626520:84691:香味:薄荷;147956252:75367556:净含量:500ml",
        "total_sold": 4,
        "skus": {
            "sku": [
                {
                    "price": "615",
                    "total_price": 0,
                    "orginal_price": "615",
                    "properties": "1626520:84691;147956252:75367556",
                    "properties_name": "1626520:84691:香味:薄荷;147956252:75367556:净含量:500ml",
                    "quantity": "4",
                    "sku_id": "4819577611306"
                }
            ]
        },
        "seller_id": "2248304671",
        "shop_id": "114646595",
        "props_list": {
            "1626520:84691": "香味:薄荷",
            "147956252:75367556": "净含量:500ml"
        },
        "seller_info": {
            "nick": "loccitane欧舒丹旗舰店",
            "item_score": "4.8 ",
            "score_p": "4.8 ",
            "delivery_score": "4.8 ",
            "shop_type": "B",
            "user_num_id": "2248304671",
            "sid": "114646595",
            "title": "L’OCCITANE欧舒丹官方旗舰店",
            "zhuy": "https://shop114646595.taobao.com/",
            "shop_name": "L’OCCITANE欧舒丹官方旗舰店"
        },
        "tmall": true,
        "update_time": "2023-03-01 09:36:18",
        "data_update": "2023-03-01 09:36:18",
        "data_f": "fu",
        "data_from": "hid",
        "promo_type": null,
        "props_img": [],
        "error": null,
        "format_check": "ok",
        "sales": 0,
        "desc_img": [
            "http://img.alicdn.com/imgextra/i4/2248304671/O1CN01fOruDO1kNMoZcJWlf_!!2248304671.jpg",
            "http://img.alicdn.com/imgextra/i3/2248304671/O1CN010Pjda31kNMoefI8yg_!!2248304671.jpg",
            "http://img.alicdn.com/imgextra/i4/2248304671/O1CN01dIj0OB1kNMofmLi11_!!2248304671.jpg",
            "http://img.alicdn.com/imgextra/i2/2248304671/O1CN01R7plA41kNMoQXdXQi_!!2248304671.jpg",
            "http://img.alicdn.com/imgextra/i1/2248304671/O1CN01pWfj1P1kNMoXRUgqI_!!2248304671.jpg",
            "http://img.alicdn.com/imgextra/i1/2248304671/O1CN014TFGUl1kNMoQXZ6x1_!!2248304671.jpg",
            "http://img.alicdn.com/imgextra/i2/2248304671/O1CN01q6vxuN1kNMoiZKZc1_!!2248304671.jpg",
            "http://img.alicdn.com/imgextra/i4/2248304671/O1CN01CVM9VU1kNMoVHKrsP_!!2248304671.jpg",
            "http://img.alicdn.com/imgextra/i3/2248304671/O1CN01AEOOl41kNMoZcJBxn_!!2248304671.jpg",
            "http://img.alicdn.com/imgextra/i2/2248304671/O1CN01ZsQUNz1kNMoXRRjsx_!!2248304671.jpg",
            "http://img.alicdn.com/imgextra/i4/2248304671/O1CN01NuV0Td1kNMoWfmkUj_!!2248304671.jpg",
            "http://img.alicdn.com/imgextra/i3/2248304671/O1CN01AObn421kNMoaNprXq_!!2248304671.jpg",
            "http://img.alicdn.com/imgextra/i2/2248304671/O1CN01sMlwwy1kNMoiZJdMv_!!2248304671.jpg",
            "http://img.alicdn.com/imgextra/i1/2248304671/O1CN01FKBHsM1kNMohiDtdO_!!2248304671.jpg",
            "http://img.alicdn.com/imgextra/i2/2248304671/O1CN01lp59T51kNMobOcJwl_!!2248304671.jpg",
            "http://img.alicdn.com/imgextra/i3/2248304671/O1CN01P9tN131kNMoQXZmVR_!!2248304671.jpg",
            "http://img.alicdn.com/imgextra/i3/2248304671/O1CN01rCXgzi1kNMoVHIO0Y_!!2248304671.jpg",
            "http://img.alicdn.com/imgextra/i2/2248304671/O1CN01wxhZCo1kNMmK4B01K_!!2248304671.jpg",
            "http://img.alicdn.com/imgextra/i2/2248304671/TB2_Bnfn29TBuNjy1zbXXXpepXa-2248304671.jpg",
            "http://img.alicdn.com/imgextra/i1/2248304671/TB2YVKzmnTI8KJjSsphXXcFppXa-2248304671.jpg",
            "http://img.alicdn.com/imgextra/i4/2248304671/O1CN011kNMTYM3WafZj7e_!!2248304671.jpg",
            "https://www.o0b.cn/i.php?t.png&rid=gw-4.63feac1000ca3&p=837512465&k=23706&t=1677634578"
        ],
        "shop_item": [],
        "relate_items": []
    },
    "error": "",
    "secache": "227f935be80f7a4e670e63bd517edb21",
    "secache_time": 1677750226,
    "secache_date": "2023-03-02 17:43:46",
    "translate_status": "",
    "translate_time": 0,
    "language": {
        "default_lang": "cn",
        "current_lang": "cn"
    },
    "reason": "",
    "error_code": "0000",
    "cache": 0,
    "api_info": "today: max:20000 all[=++];expires:2024-01-16",
    "execution_time": "0.316",
    "server_time": "Beijing/2023-03-02 17:43:46",
    "client_ip": "54.39.83.153",
    "call_args": {
        "num_iid": "618924306652",
        "is_promotion": "1"
    },
    "api_type": "taobao",
    "translate_language": "zh-CN",
    "translate_engine": "baidu_api",
    "server_memory": "5.79MB",
    "last_id": false
}