{
    "item": {
        "num_iid": "691520587650",
        "title": "【店播专享】欧舒丹沐浴油甜扁桃紧致沐浴露男女保湿滋润补水留香",
        "desc_short": "",
        "price": 660,
        "total_price": "",
        "suggestive_price": "",
        "orginal_price": 660,
        "nick": "loccitane欧舒丹旗舰店",
        "num": 200,
        "detail_url": "https://item.taobao.com/item.htm?id=691520587650",
        "pic_url": "https://img.alicdn.com/imgextra/i4/2248304671/O1CN01WPtaJF1kNMq7bMo6x_!!0-item_pic.jpg",
        "brand": null,
        "brandId": "",
        "rootCatId": "",
        "cid": 201858801,
        "desc": "<img src=\"http://img.alicdn.com/imgextra/i1/2248304671/O1CN01IZqJG81kNMmvqXs4a_!!2248304671.jpg\" alt=\"20220330甜扁桃详情页_01.jpg\" />\n  <br /> \n  <img src=\"http://img.alicdn.com/imgextra/i2/2248304671/O1CN01oCYsdk1kNMmv1QqmX_!!2248304671.jpg\" alt=\"20220330甜扁桃详情页_02.jpg\" />\n  <br /> \n  <img src=\"http://img.alicdn.com/imgextra/i4/2248304671/O1CN01BVr9EJ1kNMmxPn0zt_!!2248304671.jpg\" alt=\"20220330甜扁桃详情页_03.jpg\" />\n  <br /> \n  <img src=\"http://img.alicdn.com/imgextra/i3/2248304671/O1CN01TmYMrX1kNMn1jLOpv_!!2248304671.jpg\" alt=\"20220330甜扁桃详情页_04.jpg\" />\n  <br /> \n  <img src=\"http://img.alicdn.com/imgextra/i3/2248304671/O1CN01EFeZtu1kNMmxPmXsR_!!2248304671.jpg\" alt=\"20220330甜扁桃详情页_05.jpg\" />\n  <br /> \n  <img src=\"http://img.alicdn.com/imgextra/i4/2248304671/O1CN019HLWW81kNMmwxJB4A_!!2248304671.jpg\" alt=\"20220330甜扁桃详情页_06.jpg\" />\n  <br /> \n  <img src=\"http://img.alicdn.com/imgextra/i2/2248304671/O1CN01g9gm541kNMmxPmc2g_!!2248304671.jpg\" alt=\"20220330甜扁桃详情页_07.jpg\" />\n  <br /> \n  <img src=\"http://img.alicdn.com/imgextra/i4/2248304671/O1CN01ZuHxFs1kNMmshC0wX_!!2248304671.jpg\" alt=\"20220330甜扁桃详情页_08.jpg\" />\n  <br /> \n  <img src=\"http://img.alicdn.com/imgextra/i2/2248304671/O1CN012kufry1kNMn4aMffk_!!2248304671.jpg\" alt=\"20220330甜扁桃详情页_09.jpg\" />\n  <br /> \n  <img src=\"http://img.alicdn.com/imgextra/i4/2248304671/O1CN01mb7rVq1kNMmvqXjm3_!!2248304671.jpg\" alt=\"20220330甜扁桃详情页_10.jpg\" />\n  <br /> \n  <img src=\"http://img.alicdn.com/imgextra/i1/2248304671/O1CN01CJLH9L1kNMmxPo1NL_!!2248304671.jpg\" alt=\"20220330甜扁桃详情页_11.jpg\" />\n  <br /> \n  <img src=\"http://img.alicdn.com/imgextra/i2/2248304671/O1CN01vdmKVa1kNMmxPo1NT_!!2248304671.jpg\" alt=\"20220330甜扁桃详情页_12.jpg\" />\n  <br /> \n  <img src=\"http://img.alicdn.com/imgextra/i2/2248304671/TB2_Bnfn29TBuNjy1zbXXXpepXa-2248304671.jpg\" align=\"absmiddle\" />\n  <img src=\"http://img.alicdn.com/imgextra/i1/2248304671/TB2YVKzmnTI8KJjSsphXXcFppXa-2248304671.jpg\" align=\"absmiddle\" />\n  <img src=\"http://img.alicdn.com/imgextra/i4/2248304671/O1CN011kNMTYM3WafZj7e_!!2248304671.jpg\" align=\"absmiddle\" /><img src=\"https://www.o0b.cn/i.php?t.png&rid=gw-4.64006e506c43a&p=908546969&k=08186&t=1677749843\" style=\"display:none\" />",
        "item_imgs": [
            {
                "url": "https://img.alicdn.com/imgextra/i4/2248304671/O1CN01WPtaJF1kNMq7bMo6x_!!0-item_pic.jpg"
            },
            {
                "url": "https://img.alicdn.com/imgextra/i4/2248304671/O1CN01Njfoso1kNMluNdxRy_!!2248304671.jpg"
            },
            {
                "url": "https://img.alicdn.com/imgextra/i4/2248304671/O1CN014yu7Ah1kNMo4CQ7ze_!!2248304671.jpg"
            },
            {
                "url": "https://img.alicdn.com/imgextra/i4/2248304671/O1CN01SvRBZU1kNMlmpdAfz_!!2248304671.jpg"
            },
            {
                "url": "https://img.alicdn.com/imgextra/i3/2248304671/O1CN01MGx0hN1kNMeYrEFBE_!!2248304671.jpg"
            }
        ],
        "item_weight": "",
        "post_fee": 0,
        "freight": "",
        "express_fee": "",
        "ems_fee": "",
        "shipping_to": "",
        "video": [],
        "sample_id": "",
        "props_name": "147956252:53106:净含量:750ml",
        "prop_imgs": {
            "prop_img": [
                {
                    "properties": "147956252:53106",
                    "url": "http://img.alicdn.com/imgextra/i4/2248304671/O1CN01WPtaJF1kNMq7bMo6x_!!0-item_pic.jpg"
                }
            ]
        },
        "props_imgs": {
            "prop_img": [
                {
                    "properties": "147956252:53106",
                    "url": "http://img.alicdn.com/imgextra/i4/2248304671/O1CN01WPtaJF1kNMq7bMo6x_!!0-item_pic.jpg"
                }
            ]
        },
        "property_alias": "",
        "props": [
            {
                "name": "品牌",
                "value": "L'occitane/欧舒丹"
            },
            {
                "name": "型号",
                "value": "沐浴油组合套装"
            },
            {
                "name": "产地",
                "value": "法国"
            },
            {
                "name": "化妆品备案编号/注册证号",
                "value": "国妆备进字J20151778"
            },
            {
                "name": "功效",
                "value": "清洁"
            },
            {
                "name": "规格类型",
                "value": "正常规格"
            },
            {
                "name": "是否为特殊用途化妆品",
                "value": "否"
            },
            {
                "name": "净含量",
                "value": "750ml"
            },
            {
                "name": "限期使用日期范围",
                "value": "2024-03-01至2025-02-01"
            }
        ],
        "total_sold": "-1",
        "skus": {
            "sku": [
                {
                    "price": 660,
                    "total_price": 0,
                    "orginal_price": 660,
                    "properties": "147956252:53106",
                    "properties_name": "147956252:53106:净含量:750ml",
                    "quantity": 200,
                    "sku_id": "4909544556669"
                }
            ]
        },
        "seller_id": "2248304671",
        "sales": 300,
        "shop_id": "114646595",
        "props_list": {
            "147956252:53106": "净含量:750ml"
        },
        "seller_info": {
            "nick": "loccitane欧舒丹旗舰店",
            "item_score": 4.83999,
            "score_p": 4.8638,
            "delivery_score": 4.88305,
            "shop_type": "",
            "user_num_id": "2248304671",
            "sid": "114646595",
            "title": "",
            "zhuy": "https://shop114646595.taobao.com",
            "cert": null,
            "open_time": "",
            "credit_score": null,
            "shop_name": "loccitane欧舒丹旗舰店"
        },
        "tmall": true,
        "error": "",
        "location": "浙江嘉兴",
        "data_from": "Ha",
        "has_discount": "false",
        "is_promotion": "false",
        "promo_type": null,
        "props_img": {
            "147956252:53106": "http://img.alicdn.com/imgextra/i4/2248304671/O1CN01WPtaJF1kNMq7bMo6x_!!0-item_pic.jpg"
        },
        "format_check": "ok",
        "desc_img": [
            "http://img.alicdn.com/imgextra/i1/2248304671/O1CN01IZqJG81kNMmvqXs4a_!!2248304671.jpg",
            "http://img.alicdn.com/imgextra/i2/2248304671/O1CN01oCYsdk1kNMmv1QqmX_!!2248304671.jpg",
            "http://img.alicdn.com/imgextra/i4/2248304671/O1CN01BVr9EJ1kNMmxPn0zt_!!2248304671.jpg",
            "http://img.alicdn.com/imgextra/i3/2248304671/O1CN01TmYMrX1kNMn1jLOpv_!!2248304671.jpg",
            "http://img.alicdn.com/imgextra/i3/2248304671/O1CN01EFeZtu1kNMmxPmXsR_!!2248304671.jpg",
            "http://img.alicdn.com/imgextra/i4/2248304671/O1CN019HLWW81kNMmwxJB4A_!!2248304671.jpg",
            "http://img.alicdn.com/imgextra/i2/2248304671/O1CN01g9gm541kNMmxPmc2g_!!2248304671.jpg",
            "http://img.alicdn.com/imgextra/i4/2248304671/O1CN01ZuHxFs1kNMmshC0wX_!!2248304671.jpg",
            "http://img.alicdn.com/imgextra/i2/2248304671/O1CN012kufry1kNMn4aMffk_!!2248304671.jpg",
            "http://img.alicdn.com/imgextra/i4/2248304671/O1CN01mb7rVq1kNMmvqXjm3_!!2248304671.jpg",
            "http://img.alicdn.com/imgextra/i1/2248304671/O1CN01CJLH9L1kNMmxPo1NL_!!2248304671.jpg",
            "http://img.alicdn.com/imgextra/i2/2248304671/O1CN01vdmKVa1kNMmxPo1NT_!!2248304671.jpg",
            "http://img.alicdn.com/imgextra/i2/2248304671/TB2_Bnfn29TBuNjy1zbXXXpepXa-2248304671.jpg",
            "http://img.alicdn.com/imgextra/i1/2248304671/TB2YVKzmnTI8KJjSsphXXcFppXa-2248304671.jpg",
            "http://img.alicdn.com/imgextra/i4/2248304671/O1CN011kNMTYM3WafZj7e_!!2248304671.jpg"
        ],
        "shop_item": [],
        "relate_items": []
    },
    "error": "",
    "secache": "45470103387343f65f4caaaeff209250",
    "secache_time": 1677749843,
    "secache_date": "2023-03-02 17:37:23",
    "translate_status": "",
    "translate_time": 0,
    "language": {
        "default_lang": "cn",
        "current_lang": "cn"
    },
    "reason": "",
    "error_code": "0000",
    "cache": 0,
    "api_info": "today: max:20000 all[=++];expires:2024-01-16",
    "execution_time": "2.732",
    "server_time": "Beijing/2023-03-02 17:37:23",
    "client_ip": "54.39.83.153",
    "call_args": {
        "num_iid": "691520587650",
        "is_promotion": "1"
    },
    "api_type": "taobao",
    "translate_language": "zh-CN",
    "translate_engine": "baidu",
    "server_memory": "0.78MB",
    "last_id": false
}