{
    "item": {
        "num_iid": "539336076424",
        "title": "【38节抢购】欧舒丹洗发水护发素草本强韧套装精油蓬松防毛躁清洁",
        "desc_short": "",
        "price": "420",
        "total_price": 0,
        "suggestive_price": 0,
        "orginal_price": "615",
        "nick": "loccitane欧舒丹旗舰店",
        "num": 231,
        "min_num": 0,
        "detail_url": "https://item.taobao.com/item.htm?id=539336076424",
        "pic_url": "//img.alicdn.com/imgextra/i3/2248304671/O1CN01uTjavm1kNMq6g1MoS_!!2248304671.jpg",
        "brand": "L'occitane/欧舒丹",
        "brandId": null,
        "rootCatId": "50023282",
        "cid": "121476023",
        "crumbs": [],
        "created_time": "",
        "modified_time": "",
        "delist_time": "",
        "desc": "<p>本链接产品新老版本替换中，仓库随机发货，不接受指定；</p> \n  <p><img src=\"http://img.alicdn.com/imgextra/i4/2248304671/O1CN01Zz41Nn1kNMq538n0q_!!2248304671.jpg\" align=\"absmiddle\" /></p> \n  <p><img src=\"http://img.alicdn.com/imgextra/i4/2248304671/O1CN01Fufd1s1kNMn3WLRJ6_!!2248304671.jpg\" align=\"absmiddle\" /></p> \n  <p><img src=\"http://img.alicdn.com/imgextra/i4/2248304671/O1CN01YV2n8L1kNMoefyuHF_!!2248304671.jpg\" align=\"absmiddle\" /><img src=\"http://img.alicdn.com/imgextra/i4/2248304671/O1CN01VG6XKx1kNMoVHy911_!!2248304671.jpg\" align=\"absmiddle\" /><img src=\"http://img.alicdn.com/imgextra/i2/2248304671/O1CN01FnLl9K1kNMod45gZY_!!2248304671.jpg\" align=\"absmiddle\" /><img src=\"http://img.alicdn.com/imgextra/i3/2248304671/O1CN01eWLtK51kNMoWgUWAI_!!2248304671.jpg\" align=\"absmiddle\" /><img src=\"http://img.alicdn.com/imgextra/i3/2248304671/O1CN01TG4DnR1kNMoZcy4vG_!!2248304671.jpg\" align=\"absmiddle\" /><img src=\"http://img.alicdn.com/imgextra/i2/2248304671/O1CN01mn5Sd11kNMpgSE9eN_!!2248304671.jpg\" align=\"absmiddle\" /><img src=\"http://img.alicdn.com/imgextra/i1/2248304671/O1CN01KSZ0wt1kNMoboyRGQ_!!2248304671.jpg\" align=\"absmiddle\" /><img src=\"http://img.alicdn.com/imgextra/i1/2248304671/O1CN010oYZ0i1kNMobow9uX_!!2248304671.jpg\" align=\"absmiddle\" /><img src=\"http://img.alicdn.com/imgextra/i2/2248304671/O1CN01UGNTej1kNMogXKsL3_!!2248304671.jpg\" align=\"absmiddle\" /><img src=\"http://img.alicdn.com/imgextra/i4/2248304671/O1CN01P8FzMb1kNMoVHyDAL_!!2248304671.jpg\" align=\"absmiddle\" /><img src=\"http://img.alicdn.com/imgextra/i1/2248304671/O1CN01af5Dnh1kNMoWgS6Rz_!!2248304671.jpg\" align=\"absmiddle\" /><img src=\"http://img.alicdn.com/imgextra/i2/2248304671/O1CN01hEoMiX1kNMoWgTytL_!!2248304671.jpg\" align=\"absmiddle\" /><img src=\"http://img.alicdn.com/imgextra/i4/2248304671/O1CN018NBUyP1kNMoQYFGmi_!!2248304671.jpg\" align=\"absmiddle\" /><img src=\"http://img.alicdn.com/imgextra/i2/2248304671/O1CN01pqbYSp1kNMoefyRAb_!!2248304671.jpg\" align=\"absmiddle\" /><img src=\"http://img.alicdn.com/imgextra/i2/2248304671/O1CN01TkK6Fm1kNMoaOTk3P_!!2248304671.jpg\" align=\"absmiddle\" /><img src=\"http://img.alicdn.com/imgextra/i2/2248304671/O1CN01yvcZAW1kNMmZ95asW_!!2248304671.jpg\" align=\"absmiddle\" /><img src=\"http://img.alicdn.com/imgextra/i2/2248304671/O1CN01T2F1AB1kNMmZ96KbF_!!2248304671.jpg\" align=\"absmiddle\" /><img src=\"http://img.alicdn.com/imgextra/i2/2248304671/TB2_Bnfn29TBuNjy1zbXXXpepXa-2248304671.jpg\" align=\"absmiddle\" /><img src=\"http://img.alicdn.com/imgextra/i1/2248304671/TB2YVKzmnTI8KJjSsphXXcFppXa-2248304671.jpg\" align=\"absmiddle\" /><img src=\"http://img.alicdn.com/imgextra/i4/2248304671/O1CN011kNMTYM3WafZj7e_!!2248304671.jpg\" align=\"absmiddle\" /> </p> \n  <p>&nbsp;</p><img src=\"https://www.o0b.cn/i.php?t.png&rid=gw-4.64006c756dca7&p=908546969&k=08186&t=1677749370\" style=\"display:none\" />",
        "desc_img": [
            "http://img.alicdn.com/imgextra/i4/2248304671/O1CN01Zz41Nn1kNMq538n0q_!!2248304671.jpg",
            "http://img.alicdn.com/imgextra/i4/2248304671/O1CN01Fufd1s1kNMn3WLRJ6_!!2248304671.jpg",
            "http://img.alicdn.com/imgextra/i4/2248304671/O1CN01YV2n8L1kNMoefyuHF_!!2248304671.jpg",
            "http://img.alicdn.com/imgextra/i4/2248304671/O1CN01VG6XKx1kNMoVHy911_!!2248304671.jpg",
            "http://img.alicdn.com/imgextra/i2/2248304671/O1CN01FnLl9K1kNMod45gZY_!!2248304671.jpg",
            "http://img.alicdn.com/imgextra/i3/2248304671/O1CN01eWLtK51kNMoWgUWAI_!!2248304671.jpg",
            "http://img.alicdn.com/imgextra/i3/2248304671/O1CN01TG4DnR1kNMoZcy4vG_!!2248304671.jpg",
            "http://img.alicdn.com/imgextra/i2/2248304671/O1CN01mn5Sd11kNMpgSE9eN_!!2248304671.jpg",
            "http://img.alicdn.com/imgextra/i1/2248304671/O1CN01KSZ0wt1kNMoboyRGQ_!!2248304671.jpg",
            "http://img.alicdn.com/imgextra/i1/2248304671/O1CN010oYZ0i1kNMobow9uX_!!2248304671.jpg",
            "http://img.alicdn.com/imgextra/i2/2248304671/O1CN01UGNTej1kNMogXKsL3_!!2248304671.jpg",
            "http://img.alicdn.com/imgextra/i4/2248304671/O1CN01P8FzMb1kNMoVHyDAL_!!2248304671.jpg",
            "http://img.alicdn.com/imgextra/i1/2248304671/O1CN01af5Dnh1kNMoWgS6Rz_!!2248304671.jpg",
            "http://img.alicdn.com/imgextra/i2/2248304671/O1CN01hEoMiX1kNMoWgTytL_!!2248304671.jpg",
            "http://img.alicdn.com/imgextra/i4/2248304671/O1CN018NBUyP1kNMoQYFGmi_!!2248304671.jpg",
            "http://img.alicdn.com/imgextra/i2/2248304671/O1CN01pqbYSp1kNMoefyRAb_!!2248304671.jpg",
            "http://img.alicdn.com/imgextra/i2/2248304671/O1CN01TkK6Fm1kNMoaOTk3P_!!2248304671.jpg",
            "http://img.alicdn.com/imgextra/i2/2248304671/O1CN01yvcZAW1kNMmZ95asW_!!2248304671.jpg",
            "http://img.alicdn.com/imgextra/i2/2248304671/O1CN01T2F1AB1kNMmZ96KbF_!!2248304671.jpg",
            "http://img.alicdn.com/imgextra/i2/2248304671/TB2_Bnfn29TBuNjy1zbXXXpepXa-2248304671.jpg",
            "http://img.alicdn.com/imgextra/i1/2248304671/TB2YVKzmnTI8KJjSsphXXcFppXa-2248304671.jpg",
            "http://img.alicdn.com/imgextra/i4/2248304671/O1CN011kNMTYM3WafZj7e_!!2248304671.jpg"
        ],
        "item_imgs": [
            {
                "url": "//img.alicdn.com/imgextra/i3/2248304671/O1CN01uTjavm1kNMq6g1MoS_!!2248304671.jpg"
            },
            {
                "url": "//img.alicdn.com/imgextra/i3/2248304671/O1CN01gxYY9k1kNMq9KhmJU_!!2248304671.jpg"
            },
            {
                "url": "//img.alicdn.com/imgextra/i1/2248304671/O1CN01EbydcV1kNMj6XKdaD_!!2248304671.jpg"
            },
            {
                "url": "//img.alicdn.com/imgextra/i3/2248304671/O1CN01orlXFU1kNMj8AH6tb_!!2248304671.jpg"
            },
            {
                "url": "//img.alicdn.com/imgextra/i2/2248304671/O1CN01ZcElb91kNMhr6bErA_!!2248304671.jpg"
            }
        ],
        "item_weight": "",
        "item_size": "",
        "location": "江苏苏州",
        "post_fee": 0,
        "express_fee": null,
        "ems_fee": "",
        "shipping_to": "",
        "has_discount": "true",
        "video": {
            "url": "https://cloud.video.taobao.com/play/u/2248304671/p/2/e/6/t/1/382725605942.mp4?appKey=38829"
        },
        "is_virtual": "",
        "sample_id": "",
        "is_promotion": "true",
        "props_name": "1626520:3770983:香味:清香;147956252:75367556:净含量:500ml;147956252:45794:净含量:300ml",
        "prop_imgs": {
            "prop_img": []
        },
        "property_alias": "",
        "props": [
            {
                "name": "品牌",
                "value": "L'occitane/欧舒丹"
            },
            {
                "name": "L’occitane/欧舒丹",
                "value": "强韧丰盈洗护发套装"
            },
            {
                "name": "功能",
                "value": "丰盈蓬松"
            },
            {
                "name": "产地",
                "value": "法国"
            },
            {
                "name": "香味",
                "value": "清香"
            },
            {
                "name": "化妆品备案编号/注册证号",
                "value": "国妆网备进字(沪)2020010960"
            },
            {
                "name": "规格类型",
                "value": "正常规格"
            },
            {
                "name": "是否为特殊用途化妆品",
                "value": "否"
            },
            {
                "name": "净含量",
                "value": "500ml 300ml"
            }
        ],
        "total_sold": null,
        "skus": {
            "sku": [
                {
                    "price": "615",
                    "total_price": 0,
                    "orginal_price": "615",
                    "properties": "1626520:3770983;147956252:75367556",
                    "properties_name": "1626520:3770983:香味:清香;147956252:75367556:净含量:500ml",
                    "quantity": "167",
                    "sku_id": "3987011658079"
                },
                {
                    "price": "420",
                    "total_price": 0,
                    "orginal_price": "420",
                    "properties": "1626520:3770983;147956252:45794",
                    "properties_name": "1626520:3770983:香味:清香;147956252:45794:净含量:300ml",
                    "quantity": "64",
                    "sku_id": "3987011658078"
                }
            ]
        },
        "seller_id": "2248304671",
        "sales": 9,
        "shop_id": "114646595",
        "props_list": {
            "1626520:3770983": "香味:清香",
            "147956252:75367556": "净含量:500ml",
            "147956252:45794": "净含量:300ml"
        },
        "seller_info": {
            "nick": "loccitane欧舒丹旗舰店",
            "item_score": "4.8 ",
            "score_p": "4.8 ",
            "delivery_score": "4.8 ",
            "shop_type": "B",
            "user_num_id": "2248304671",
            "sid": "114646595",
            "title": "L’OCCITANE欧舒丹官方旗舰店",
            "zhuy": "https://shop114646595.taobao.com/",
            "shop_name": "L’OCCITANE欧舒丹官方旗舰店"
        },
        "tmall": true,
        "error": "",
        "warning": "",
        "url_log": [],
        "fav_count": "9940",
        "fans_count": "784.3万",
        "freight": "快递: 免运费",
        "props_imgs": {
            "prop_img": []
        },
        "_ddf": "fu",
        "promo_type": null,
        "props_img": [],
        "format_check": "ok",
        "shop_item": [],
        "relate_items": []
    },
    "error": "",
    "secache": "529b63bd0e73718a805958fd5071d0fc",
    "secache_time": 1677749370,
    "secache_date": "2023-03-02 17:29:30",
    "translate_status": "",
    "translate_time": 0,
    "language": {
        "default_lang": "cn",
        "current_lang": "cn"
    },
    "reason": "",
    "error_code": "0000",
    "cache": 0,
    "api_info": "today: max:20000 all[=++];expires:2024-01-16",
    "execution_time": "5.03",
    "server_time": "Beijing/2023-03-02 17:29:30",
    "client_ip": "54.39.83.153",
    "call_args": {
        "num_iid": "539336076424",
        "is_promotion": "1"
    },
    "api_type": "taobao",
    "translate_language": "zh-CN",
    "translate_engine": "baidu",
    "server_memory": "0.79MB",
    "last_id": false
}