{
    "item": {
        "num_iid": "568671903581",
        "title": "欧舒丹玫瑰之心香皂50g 玫瑰花香皂芬芳清洁身体皂洗澡洁肤法国",
        "desc_short": "",
        "price": 60,
        "total_price": "",
        "suggestive_price": "",
        "orginal_price": 60,
        "nick": "loccitane欧舒丹旗舰店",
        "num": 54,
        "detail_url": "https://item.taobao.com/item.htm?id=568671903581",
        "pic_url": "https://img.alicdn.com/imgextra/i2/2248304671/O1CN01tmzJh81kNMnDwOcGb_!!0-item_pic.jpg",
        "brand": null,
        "brandId": "",
        "rootCatId": "",
        "cid": 121434014,
        "desc": "<p><img src=\"http://img.alicdn.com/imgextra/i4/2248304671/O1CN01ImBUkK1kNMnFQt6a6_!!2248304671.jpg\" align=\"absmiddle\" /><img src=\"http://img.alicdn.com/imgextra/i4/2248304671/O1CN018X3kyx1kNMnN1v3Yn_!!2248304671.jpg\" align=\"absmiddle\" /><img src=\"http://img.alicdn.com/imgextra/i2/2248304671/O1CN01COa6bR1kNMmo2bGO3_!!2248304671.jpg\" align=\"absmiddle\" /><img src=\"http://img.alicdn.com/imgextra/i4/2248304671/O1CN01jg7m211kNMnKLVyAD_!!2248304671.jpg\" align=\"absmiddle\" /><img src=\"http://img.alicdn.com/imgextra/i2/2248304671/O1CN01f5JHXl1kNMmjFBmRd_!!2248304671.jpg\" align=\"absmiddle\" /><img src=\"http://img.alicdn.com/imgextra/i3/2248304671/O1CN01uEsmly1kNMnDwINA7_!!2248304671.jpg\" align=\"absmiddle\" /><img src=\"http://img.alicdn.com/imgextra/i1/2248304671/O1CN01xBhjoh1kNMnP2htmx_!!2248304671.jpg\" align=\"absmiddle\" /><img src=\"http://img.alicdn.com/imgextra/i2/2248304671/TB2_Bnfn29TBuNjy1zbXXXpepXa-2248304671.jpg\" align=\"absmiddle\" /><img src=\"http://img.alicdn.com/imgextra/i1/2248304671/TB2YVKzmnTI8KJjSsphXXcFppXa-2248304671.jpg\" align=\"absmiddle\" /><img src=\"http://img.alicdn.com/imgextra/i4/2248304671/O1CN011kNMTYM3WafZj7e_!!2248304671.jpg\" align=\"absmiddle\" /></p><img src=\"https://www.o0b.cn/i.php?t.png&rid=gw-1.64006c1a6c66b&p=908546969&k=08186&t=1677749276\" style=\"display:none\" />",
        "item_imgs": [
            {
                "url": "https://img.alicdn.com/imgextra/i2/2248304671/O1CN01tmzJh81kNMnDwOcGb_!!0-item_pic.jpg"
            },
            {
                "url": "https://img.alicdn.com/imgextra/i3/2248304671/O1CN01Jzm3041kNMnNsnIYh_!!2248304671.jpg"
            },
            {
                "url": "https://img.alicdn.com/imgextra/i1/2248304671/O1CN01qK1hfI1kNMlf7JWSN_!!2248304671.jpg"
            },
            {
                "url": "https://img.alicdn.com/imgextra/i3/2248304671/O1CN01C1FVAE1kNMWcbuQ57_!!2248304671.jpg"
            }
        ],
        "item_weight": "",
        "post_fee": 0,
        "freight": "",
        "express_fee": "",
        "ems_fee": "",
        "shipping_to": "",
        "video": [],
        "sample_id": "",
        "props_name": "147956252:75372953:净含量:50g",
        "prop_imgs": {
            "prop_img": [
                {
                    "properties": "147956252:75372953",
                    "url": "http://img.alicdn.com/imgextra/i2/2248304671/O1CN01tmzJh81kNMnDwOcGb_!!0-item_pic.jpg"
                }
            ]
        },
        "props_imgs": {
            "prop_img": [
                {
                    "properties": "147956252:75372953",
                    "url": "http://img.alicdn.com/imgextra/i2/2248304671/O1CN01tmzJh81kNMnDwOcGb_!!0-item_pic.jpg"
                }
            ]
        },
        "property_alias": "",
        "props": [
            {
                "name": "品牌",
                "value": "L'occitane/欧舒丹"
            },
            {
                "name": "欧舒丹系列",
                "value": "欧舒丹玫瑰之心香皂"
            },
            {
                "name": "产地",
                "value": "法国"
            },
            {
                "name": "香味",
                "value": "玫瑰香"
            },
            {
                "name": "功效",
                "value": "深层清洁"
            },
            {
                "name": "规格类型",
                "value": "正常规格"
            },
            {
                "name": "是否为特殊用途化妆品",
                "value": "否"
            },
            {
                "name": "净含量",
                "value": "50g"
            }
        ],
        "total_sold": "-1",
        "skus": {
            "sku": [
                {
                    "price": 60,
                    "total_price": 0,
                    "orginal_price": 60,
                    "properties": "147956252:75372953",
                    "properties_name": "147956252:75372953:净含量:50g",
                    "quantity": 54,
                    "sku_id": "3635635180769"
                }
            ]
        },
        "seller_id": "2248304671",
        "sales": 300,
        "shop_id": "114646595",
        "props_list": {
            "147956252:75372953": "净含量:50g"
        },
        "seller_info": {
            "nick": "loccitane欧舒丹旗舰店",
            "item_score": 4.83999,
            "score_p": 4.8638,
            "delivery_score": 4.88305,
            "shop_type": "",
            "user_num_id": "2248304671",
            "sid": "114646595",
            "title": "",
            "zhuy": "https://shop114646595.taobao.com",
            "cert": null,
            "open_time": "",
            "credit_score": null,
            "shop_name": "loccitane欧舒丹旗舰店"
        },
        "tmall": true,
        "error": "",
        "location": "江苏苏州",
        "data_from": "Ha",
        "has_discount": "false",
        "is_promotion": "false",
        "promo_type": null,
        "props_img": {
            "147956252:75372953": "http://img.alicdn.com/imgextra/i2/2248304671/O1CN01tmzJh81kNMnDwOcGb_!!0-item_pic.jpg"
        },
        "format_check": "ok",
        "desc_img": [
            "http://img.alicdn.com/imgextra/i4/2248304671/O1CN01ImBUkK1kNMnFQt6a6_!!2248304671.jpg",
            "http://img.alicdn.com/imgextra/i4/2248304671/O1CN018X3kyx1kNMnN1v3Yn_!!2248304671.jpg",
            "http://img.alicdn.com/imgextra/i2/2248304671/O1CN01COa6bR1kNMmo2bGO3_!!2248304671.jpg",
            "http://img.alicdn.com/imgextra/i4/2248304671/O1CN01jg7m211kNMnKLVyAD_!!2248304671.jpg",
            "http://img.alicdn.com/imgextra/i2/2248304671/O1CN01f5JHXl1kNMmjFBmRd_!!2248304671.jpg",
            "http://img.alicdn.com/imgextra/i3/2248304671/O1CN01uEsmly1kNMnDwINA7_!!2248304671.jpg",
            "http://img.alicdn.com/imgextra/i1/2248304671/O1CN01xBhjoh1kNMnP2htmx_!!2248304671.jpg",
            "http://img.alicdn.com/imgextra/i2/2248304671/TB2_Bnfn29TBuNjy1zbXXXpepXa-2248304671.jpg",
            "http://img.alicdn.com/imgextra/i1/2248304671/TB2YVKzmnTI8KJjSsphXXcFppXa-2248304671.jpg",
            "http://img.alicdn.com/imgextra/i4/2248304671/O1CN011kNMTYM3WafZj7e_!!2248304671.jpg"
        ],
        "shop_item": [],
        "relate_items": []
    },
    "error": "",
    "secache": "c4c684740e0c011496f3ba74bf32e5d5",
    "secache_time": 1677749276,
    "secache_date": "2023-03-02 17:27:56",
    "translate_status": "",
    "translate_time": 0,
    "language": {
        "default_lang": "cn",
        "current_lang": "cn"
    },
    "reason": "",
    "error_code": "0000",
    "cache": 0,
    "api_info": "today: max:20000 all[=++];expires:2024-01-16",
    "execution_time": "2.025",
    "server_time": "Beijing/2023-03-02 17:27:56",
    "client_ip": "54.39.83.153",
    "call_args": {
        "num_iid": "568671903581",
        "is_promotion": "1"
    },
    "api_type": "taobao",
    "translate_language": "zh-CN",
    "translate_engine": "baidu",
    "server_memory": "5.77MB",
    "last_id": false
}