{
    "item": {
        "num_iid": "632637171377",
        "title": "【38节抢购】欧舒丹杏仁沐浴露甜扁桃沐浴油美体乳套装清洁滋润",
        "desc_short": "",
        "price": 585,
        "total_price": "",
        "suggestive_price": "",
        "orginal_price": 585,
        "nick": "loccitane欧舒丹旗舰店",
        "num": 200,
        "detail_url": "https://item.taobao.com/item.htm?id=632637171377",
        "pic_url": "https://img.alicdn.com/imgextra/i4/2248304671/O1CN01NkxbCM1kNMqDE6Fn8_!!0-item_pic.jpg",
        "brand": null,
        "brandId": "",
        "rootCatId": "",
        "cid": 121484012,
        "desc": "<p><img src=\"http://img.alicdn.com/imgextra/i4/2248304671/O1CN01Ahjuy91kNMof1jV01_!!2248304671.jpg\" align=\"absmiddle\" /><img src=\"http://img.alicdn.com/imgextra/i1/2248304671/O1CN01IZqJG81kNMmvqXs4a_!!2248304671.jpg\" alt=\"20220330甜扁桃详情页_01.jpg\" /><br /> <img src=\"http://img.alicdn.com/imgextra/i2/2248304671/O1CN01oCYsdk1kNMmv1QqmX_!!2248304671.jpg\" alt=\"20220330甜扁桃详情页_02.jpg\" /><br /> <img src=\"http://img.alicdn.com/imgextra/i4/2248304671/O1CN01BVr9EJ1kNMmxPn0zt_!!2248304671.jpg\" alt=\"20220330甜扁桃详情页_03.jpg\" /><br /> <img src=\"http://img.alicdn.com/imgextra/i3/2248304671/O1CN01TmYMrX1kNMn1jLOpv_!!2248304671.jpg\" alt=\"20220330甜扁桃详情页_04.jpg\" /><br /> <img src=\"http://img.alicdn.com/imgextra/i3/2248304671/O1CN01EFeZtu1kNMmxPmXsR_!!2248304671.jpg\" alt=\"20220330甜扁桃详情页_05.jpg\" /><br /> <img src=\"http://img.alicdn.com/imgextra/i4/2248304671/O1CN019HLWW81kNMmwxJB4A_!!2248304671.jpg\" alt=\"20220330甜扁桃详情页_06.jpg\" /><br /> <img src=\"http://img.alicdn.com/imgextra/i2/2248304671/O1CN01g9gm541kNMmxPmc2g_!!2248304671.jpg\" alt=\"20220330甜扁桃详情页_07.jpg\" /><br /> <img src=\"http://img.alicdn.com/imgextra/i4/2248304671/O1CN01ZuHxFs1kNMmshC0wX_!!2248304671.jpg\" alt=\"20220330甜扁桃详情页_08.jpg\" /><br /> <img src=\"http://img.alicdn.com/imgextra/i2/2248304671/O1CN012kufry1kNMn4aMffk_!!2248304671.jpg\" alt=\"20220330甜扁桃详情页_09.jpg\" /><br /> <img src=\"http://img.alicdn.com/imgextra/i4/2248304671/O1CN01mb7rVq1kNMmvqXjm3_!!2248304671.jpg\" alt=\"20220330甜扁桃详情页_10.jpg\" /><br /> <img src=\"http://img.alicdn.com/imgextra/i1/2248304671/O1CN01CJLH9L1kNMmxPo1NL_!!2248304671.jpg\" alt=\"20220330甜扁桃详情页_11.jpg\" /><br /> <img src=\"http://img.alicdn.com/imgextra/i2/2248304671/O1CN01vdmKVa1kNMmxPo1NT_!!2248304671.jpg\" alt=\"20220330甜扁桃详情页_12.jpg\" /><br /> <img src=\"http://img.alicdn.com/imgextra/i3/2248304671/O1CN018OWEkw1kNMkS91aoD_!!2248304671.jpg\" alt=\"美体乳_01.jpg\" /><br /> <img src=\"http://img.alicdn.com/imgextra/i3/2248304671/O1CN01EMEOXE1kNMkJpFyTR_!!2248304671.jpg\" alt=\"美体乳_02.jpg\" /><br /> <img src=\"http://img.alicdn.com/imgextra/i3/2248304671/O1CN019x0kjD1kNMkNvv7lX_!!2248304671.jpg\" alt=\"美体乳_03.jpg\" /><br /> <img src=\"http://img.alicdn.com/imgextra/i3/2248304671/O1CN01GdzLmK1kNMpkcL5Xq_!!2248304671.jpg\" alt=\"美体乳_04.jpg\" /><br /> <img src=\"http://img.alicdn.com/imgextra/i3/2248304671/O1CN01KOWini1kNMkKSX8nh_!!2248304671.jpg\" alt=\"美体乳_05.jpg\" /><br /> <img src=\"http://img.alicdn.com/imgextra/i2/2248304671/O1CN011775Qd1kNMkGzXKPJ_!!2248304671.jpg\" alt=\"美体乳_06.jpg\" /><br /> <img src=\"http://img.alicdn.com/imgextra/i4/2248304671/O1CN01prjDW51kNMkOUiDlH_!!2248304671.jpg\" alt=\"美体乳_07.jpg\" /><br /> <img src=\"http://img.alicdn.com/imgextra/i3/2248304671/O1CN01jbELjo1kNMkQOfNhX_!!2248304671.jpg\" alt=\"美体乳_08.jpg\" /><br /> <img src=\"http://img.alicdn.com/imgextra/i4/2248304671/O1CN01dvclZh1kNMkzRcxUT_!!2248304671.jpg\" alt=\"20211228-LOC-甜扁桃美体乳_09.jpg\" /><br /> <img src=\"http://img.alicdn.com/imgextra/i1/2248304671/O1CN01TUtBRq1kNMkwSmEfG_!!2248304671.jpg\" alt=\"20211228-LOC-甜扁桃美体乳_10.jpg\" /><br /> <img src=\"http://img.alicdn.com/imgextra/i2/2248304671/TB2_Bnfn29TBuNjy1zbXXXpepXa-2248304671.jpg\" alt=\"1-品牌故事.jpg\" /><br /> <img src=\"http://img.alicdn.com/imgextra/i1/2248304671/TB2YVKzmnTI8KJjSsphXXcFppXa-2248304671.jpg\" alt=\"2-礼盒发放说明.jpg\" /><br /> <img src=\"http://img.alicdn.com/imgextra/i4/2248304671/O1CN011kNMTYM3WafZj7e_!!2248304671.jpg\" alt=\"3-正品保证-SPP页底.jpg\" /> </p><img src=\"https://www.o0b.cn/i.php?t.png&rid=gw-3.64006da203c8a&p=908546969&k=08186&t=1677749668\" style=\"display:none\" />",
        "item_imgs": [
            {
                "url": "https://img.alicdn.com/imgextra/i4/2248304671/O1CN01NkxbCM1kNMqDE6Fn8_!!0-item_pic.jpg"
            },
            {
                "url": "https://img.alicdn.com/imgextra/i3/2248304671/O1CN01Rfq03g1kNMq6HFjVK_!!2248304671.jpg"
            },
            {
                "url": "https://img.alicdn.com/imgextra/i3/2248304671/O1CN016bw8qE1kNMdhoXueC_!!2248304671.jpg"
            },
            {
                "url": "https://img.alicdn.com/imgextra/i2/2248304671/O1CN017LGCtb1kNMo8WDRqH_!!2248304671.jpg"
            },
            {
                "url": "https://img.alicdn.com/imgextra/i3/2248304671/O1CN01MGx0hN1kNMeYrEFBE_!!2248304671.jpg"
            }
        ],
        "item_weight": "",
        "post_fee": 0,
        "freight": "",
        "express_fee": "",
        "ems_fee": "",
        "shipping_to": "",
        "video": [],
        "sample_id": "",
        "props_name": "1626520:281420961:香味:甜扁桃;147956252:3440274:净含量:350ml",
        "prop_imgs": {
            "prop_img": [
                {
                    "properties": "147956252:3440274",
                    "url": "http://img.alicdn.com/imgextra/i4/2248304671/O1CN01NkxbCM1kNMqDE6Fn8_!!0-item_pic.jpg"
                }
            ]
        },
        "props_imgs": {
            "prop_img": [
                {
                    "properties": "147956252:3440274",
                    "url": "http://img.alicdn.com/imgextra/i4/2248304671/O1CN01NkxbCM1kNMqDE6Fn8_!!0-item_pic.jpg"
                }
            ]
        },
        "property_alias": "",
        "props": [
            {
                "name": "品牌",
                "value": "L'occitane/欧舒丹"
            },
            {
                "name": "欧舒丹系列",
                "value": "甜扁桃沐浴润肤套装"
            },
            {
                "name": "产地",
                "value": "法国"
            },
            {
                "name": "香味",
                "value": "甜扁桃"
            },
            {
                "name": "化妆品备案编号/注册证号",
                "value": "国妆备进字J20151778"
            },
            {
                "name": "原料成分",
                "value": "甜扁桃"
            },
            {
                "name": "功效",
                "value": "保湿 滋润 深层清洁"
            },
            {
                "name": "规格类型",
                "value": "正常规格"
            },
            {
                "name": "是否为特殊用途化妆品",
                "value": "否"
            },
            {
                "name": "净含量",
                "value": "350ml"
            },
            {
                "name": "产品类别",
                "value": "普通类"
            },
            {
                "name": "限期使用日期范围",
                "value": "2024-07-01至2025-06-01"
            }
        ],
        "total_sold": "-1",
        "skus": {
            "sku": [
                {
                    "price": 585,
                    "total_price": 0,
                    "orginal_price": 585,
                    "properties": "1626520:281420961;147956252:3440274",
                    "properties_name": "1626520:281420961:香味:甜扁桃;147956252:3440274:净含量:350ml",
                    "quantity": 200,
                    "sku_id": "4798280553186"
                }
            ]
        },
        "seller_id": "2248304671",
        "sales": 100,
        "shop_id": "114646595",
        "props_list": {
            "147956252:3440274": "净含量:350ml",
            "1626520:281420961": "香味:甜扁桃"
        },
        "seller_info": {
            "nick": "loccitane欧舒丹旗舰店",
            "item_score": 4.83999,
            "score_p": 4.8638,
            "delivery_score": 4.88305,
            "shop_type": "",
            "user_num_id": "2248304671",
            "sid": "114646595",
            "title": "",
            "zhuy": "https://shop114646595.taobao.com",
            "cert": null,
            "open_time": "",
            "credit_score": null,
            "shop_name": "loccitane欧舒丹旗舰店"
        },
        "tmall": true,
        "error": "",
        "location": "江苏苏州",
        "data_from": "Ha",
        "has_discount": "false",
        "is_promotion": "false",
        "promo_type": null,
        "props_img": {
            "147956252:3440274": "http://img.alicdn.com/imgextra/i4/2248304671/O1CN01NkxbCM1kNMqDE6Fn8_!!0-item_pic.jpg"
        },
        "format_check": "ok",
        "desc_img": [
            "http://img.alicdn.com/imgextra/i4/2248304671/O1CN01Ahjuy91kNMof1jV01_!!2248304671.jpg",
            "http://img.alicdn.com/imgextra/i1/2248304671/O1CN01IZqJG81kNMmvqXs4a_!!2248304671.jpg",
            "http://img.alicdn.com/imgextra/i2/2248304671/O1CN01oCYsdk1kNMmv1QqmX_!!2248304671.jpg",
            "http://img.alicdn.com/imgextra/i4/2248304671/O1CN01BVr9EJ1kNMmxPn0zt_!!2248304671.jpg",
            "http://img.alicdn.com/imgextra/i3/2248304671/O1CN01TmYMrX1kNMn1jLOpv_!!2248304671.jpg",
            "http://img.alicdn.com/imgextra/i3/2248304671/O1CN01EFeZtu1kNMmxPmXsR_!!2248304671.jpg",
            "http://img.alicdn.com/imgextra/i4/2248304671/O1CN019HLWW81kNMmwxJB4A_!!2248304671.jpg",
            "http://img.alicdn.com/imgextra/i2/2248304671/O1CN01g9gm541kNMmxPmc2g_!!2248304671.jpg",
            "http://img.alicdn.com/imgextra/i4/2248304671/O1CN01ZuHxFs1kNMmshC0wX_!!2248304671.jpg",
            "http://img.alicdn.com/imgextra/i2/2248304671/O1CN012kufry1kNMn4aMffk_!!2248304671.jpg",
            "http://img.alicdn.com/imgextra/i4/2248304671/O1CN01mb7rVq1kNMmvqXjm3_!!2248304671.jpg",
            "http://img.alicdn.com/imgextra/i1/2248304671/O1CN01CJLH9L1kNMmxPo1NL_!!2248304671.jpg",
            "http://img.alicdn.com/imgextra/i2/2248304671/O1CN01vdmKVa1kNMmxPo1NT_!!2248304671.jpg",
            "http://img.alicdn.com/imgextra/i3/2248304671/O1CN018OWEkw1kNMkS91aoD_!!2248304671.jpg",
            "http://img.alicdn.com/imgextra/i3/2248304671/O1CN01EMEOXE1kNMkJpFyTR_!!2248304671.jpg",
            "http://img.alicdn.com/imgextra/i3/2248304671/O1CN019x0kjD1kNMkNvv7lX_!!2248304671.jpg",
            "http://img.alicdn.com/imgextra/i3/2248304671/O1CN01GdzLmK1kNMpkcL5Xq_!!2248304671.jpg",
            "http://img.alicdn.com/imgextra/i3/2248304671/O1CN01KOWini1kNMkKSX8nh_!!2248304671.jpg",
            "http://img.alicdn.com/imgextra/i2/2248304671/O1CN011775Qd1kNMkGzXKPJ_!!2248304671.jpg",
            "http://img.alicdn.com/imgextra/i4/2248304671/O1CN01prjDW51kNMkOUiDlH_!!2248304671.jpg",
            "http://img.alicdn.com/imgextra/i3/2248304671/O1CN01jbELjo1kNMkQOfNhX_!!2248304671.jpg",
            "http://img.alicdn.com/imgextra/i4/2248304671/O1CN01dvclZh1kNMkzRcxUT_!!2248304671.jpg",
            "http://img.alicdn.com/imgextra/i1/2248304671/O1CN01TUtBRq1kNMkwSmEfG_!!2248304671.jpg",
            "http://img.alicdn.com/imgextra/i2/2248304671/TB2_Bnfn29TBuNjy1zbXXXpepXa-2248304671.jpg",
            "http://img.alicdn.com/imgextra/i1/2248304671/TB2YVKzmnTI8KJjSsphXXcFppXa-2248304671.jpg",
            "http://img.alicdn.com/imgextra/i4/2248304671/O1CN011kNMTYM3WafZj7e_!!2248304671.jpg"
        ],
        "shop_item": [],
        "relate_items": []
    },
    "error": "",
    "secache": "06e521813c7c27f82c76d7598bc34d79",
    "secache_time": 1677749668,
    "secache_date": "2023-03-02 17:34:28",
    "translate_status": "",
    "translate_time": 0,
    "language": {
        "default_lang": "cn",
        "current_lang": "cn"
    },
    "reason": "",
    "error_code": "0000",
    "cache": 0,
    "api_info": "today: max:20000 all[=++];expires:2024-01-16",
    "execution_time": "2.782",
    "server_time": "Beijing/2023-03-02 17:34:28",
    "client_ip": "54.39.83.153",
    "call_args": {
        "num_iid": "632637171377",
        "is_promotion": "1"
    },
    "api_type": "taobao",
    "translate_language": "zh-CN",
    "translate_engine": "baidu_api",
    "server_memory": "5.82MB",
    "last_id": false
}