{
    "item": {
        "num_iid": "702067924984",
        "title": "【好物体验女王节专享】欧舒丹四支手霜",
        "desc_short": "",
        "price": "380",
        "total_price": 0,
        "suggestive_price": 0,
        "orginal_price": "380",
        "nick": "loccitane欧舒丹旗舰店",
        "num": "46",
        "min_num": 0,
        "detail_url": "https://item.taobao.com/item.htm?id=702067924984",
        "pic_url": "//img.alicdn.com/imgextra/i4/2248304671/O1CN013ddXzn1kNMpvXN8fx_!!0-item_pic.jpg",
        "brand": "L'occitane/欧舒丹",
        "brandId": null,
        "rootCatId": "1801",
        "cid": "121452007",
        "crumbs": [],
        "created_time": "",
        "modified_time": "",
        "delist_time": "",
        "desc": "<p>欧舒丹四支手霜</p><img src=\"https://www.o0b.cn/i.php?t.png&rid=gw-1.640070c005c01&p=908546969&k=08186&t=1677750466\" style=\"display:none\" />",
        "desc_img": [],
        "item_imgs": [
            {
                "url": "//img.alicdn.com/imgextra/i4/2248304671/O1CN013ddXzn1kNMpvXN8fx_!!0-item_pic.jpg"
            }
        ],
        "item_weight": "",
        "item_size": "",
        "location": "江苏苏州",
        "post_fee": 0,
        "express_fee": null,
        "ems_fee": "",
        "shipping_to": "",
        "has_discount": "false",
        "video": {
            "url": null
        },
        "is_virtual": "",
        "sample_id": "",
        "is_promotion": "false",
        "props_name": "",
        "prop_imgs": {
            "prop_img": []
        },
        "property_alias": "",
        "props": [
            {
                "name": "品牌",
                "value": "L'occitane/欧舒丹"
            },
            {
                "name": "欧舒丹系列",
                "value": "四支手霜限量版套装组合"
            },
            {
                "name": "产地",
                "value": "法国"
            },
            {
                "name": "化妆品备案编号/注册证号",
                "value": "国妆网备进字（沪）2021503885"
            },
            {
                "name": "功效",
                "value": "保湿"
            },
            {
                "name": "规格类型",
                "value": "正常规格"
            },
            {
                "name": "是否为特殊用途化妆品",
                "value": "否"
            },
            {
                "name": "限期使用日期范围",
                "value": "2025-01-01至2025-07-01"
            }
        ],
        "total_sold": null,
        "skus": {
            "sku": []
        },
        "seller_id": "2248304671",
        "sales": 4,
        "shop_id": "114646595",
        "props_list": [],
        "seller_info": {
            "nick": "loccitane欧舒丹旗舰店",
            "item_score": "4.8 ",
            "score_p": "4.8 ",
            "delivery_score": "4.8 ",
            "shop_type": "B",
            "user_num_id": "2248304671",
            "sid": "114646595",
            "title": "L’OCCITANE欧舒丹官方旗舰店",
            "zhuy": "https://shop114646595.taobao.com/",
            "shop_name": "L’OCCITANE欧舒丹官方旗舰店"
        },
        "tmall": true,
        "error": "",
        "warning": "",
        "url_log": [],
        "fav_count": "8",
        "fans_count": "784.3万",
        "freight": "快递: 免运费",
        "props_imgs": {
            "prop_img": []
        },
        "_ddf": "fu",
        "promo_type": null,
        "props_img": [],
        "format_check": "ok",
        "shop_item": [],
        "relate_items": []
    },
    "error": "",
    "secache": "450fa51bdd686ebb982e09a1b961b55a",
    "secache_time": 1677750466,
    "secache_date": "2023-03-02 17:47:46",
    "translate_status": "",
    "translate_time": 0,
    "language": {
        "default_lang": "cn",
        "current_lang": "cn"
    },
    "reason": "",
    "error_code": "0000",
    "cache": 0,
    "api_info": "today: max:20000 all[=++];expires:2024-01-16",
    "execution_time": "2.618",
    "server_time": "Beijing/2023-03-02 17:47:46",
    "client_ip": "54.39.83.153",
    "call_args": {
        "num_iid": "702067924984",
        "is_promotion": "1"
    },
    "api_type": "taobao",
    "translate_language": "zh-CN",
    "translate_engine": "baidu",
    "server_memory": "5.75MB",
    "last_id": false
}