{
    "item": {
        "num_iid": "639890430246",
        "title": "欧舒丹腊菊活颜紧致睡眠面膜免洗式夜间修护男女涂抹式淡化干细纹",
        "desc_short": "",
        "price": "510",
        "total_price": 0,
        "suggestive_price": 0,
        "orginal_price": "510",
        "nick": "loccitane欧舒丹旗舰店",
        "num": 9,
        "min_num": 0,
        "detail_url": "https://item.taobao.com/item.htm?id=639890430246",
        "pic_url": "//img.alicdn.com/imgextra/i3/2248304671/O1CN01pUIGrm1kNMm6IgbCa_!!0-item_pic.jpg",
        "brand": "L'occitane/欧舒丹",
        "brandId": null,
        "rootCatId": "1801",
        "cid": "121408011",
        "crumbs": [],
        "created_time": "",
        "modified_time": "",
        "delist_time": "",
        "desc": "<p><img src=\"http://img.alicdn.com/imgextra/i2/2248304671/O1CN01GtVJXD1kNMlevC7QI_!!2248304671.jpg\" align=\"absmiddle\" /><img src=\"http://img.alicdn.com/imgextra/i2/2248304671/O1CN01QfZ0r21kNMlevAZmC_!!2248304671.jpg\" align=\"absmiddle\" /><img src=\"http://img.alicdn.com/imgextra/i2/2248304671/O1CN017dJMGl1kNMlqCF2tV_!!2248304671.jpg\" align=\"absmiddle\" /><img src=\"http://img.alicdn.com/imgextra/i3/2248304671/O1CN01wdOivU1kNMmmnY1Tz_!!2248304671.jpg\" align=\"absmiddle\" /><img src=\"http://img.alicdn.com/imgextra/i3/2248304671/O1CN01gKH8mN1kNMnwQd8uD_!!2248304671.jpg\" align=\"absmiddle\" /><img src=\"http://img.alicdn.com/imgextra/i2/2248304671/O1CN01Hjz0cZ1kNMnzBIoBL_!!2248304671.jpg\" alt=\"20220923-LOC-腊菊活颜紧致睡眠面膜50ml_06.jpg\" /><img src=\"http://img.alicdn.com/imgextra/i2/2248304671/TB2_Bnfn29TBuNjy1zbXXXpepXa-2248304671.jpg\" align=\"absmiddle\" /><img src=\"http://img.alicdn.com/imgextra/i1/2248304671/TB2YVKzmnTI8KJjSsphXXcFppXa-2248304671.jpg\" align=\"absmiddle\" /><img src=\"http://img.alicdn.com/imgextra/i4/2248304671/O1CN011kNMTYM3WafZj7e_!!2248304671.jpg\" align=\"absmiddle\" /></p><img src=\"https://www.o0b.cn/i.php?t.png&rid=gw-4.64006fe56bcd1&p=908546969&k=08186&t=1677750248\" style=\"display:none\" />",
        "desc_img": [
            "http://img.alicdn.com/imgextra/i2/2248304671/O1CN01GtVJXD1kNMlevC7QI_!!2248304671.jpg",
            "http://img.alicdn.com/imgextra/i2/2248304671/O1CN01QfZ0r21kNMlevAZmC_!!2248304671.jpg",
            "http://img.alicdn.com/imgextra/i2/2248304671/O1CN017dJMGl1kNMlqCF2tV_!!2248304671.jpg",
            "http://img.alicdn.com/imgextra/i3/2248304671/O1CN01wdOivU1kNMmmnY1Tz_!!2248304671.jpg",
            "http://img.alicdn.com/imgextra/i3/2248304671/O1CN01gKH8mN1kNMnwQd8uD_!!2248304671.jpg",
            "http://img.alicdn.com/imgextra/i2/2248304671/O1CN01Hjz0cZ1kNMnzBIoBL_!!2248304671.jpg",
            "http://img.alicdn.com/imgextra/i2/2248304671/TB2_Bnfn29TBuNjy1zbXXXpepXa-2248304671.jpg",
            "http://img.alicdn.com/imgextra/i1/2248304671/TB2YVKzmnTI8KJjSsphXXcFppXa-2248304671.jpg",
            "http://img.alicdn.com/imgextra/i4/2248304671/O1CN011kNMTYM3WafZj7e_!!2248304671.jpg"
        ],
        "item_imgs": [
            {
                "url": "//img.alicdn.com/imgextra/i3/2248304671/O1CN01pUIGrm1kNMm6IgbCa_!!0-item_pic.jpg"
            },
            {
                "url": "//img.alicdn.com/imgextra/i2/2248304671/O1CN01MHtJaO1kNMli1iURU_!!2248304671.jpg"
            },
            {
                "url": "//img.alicdn.com/imgextra/i3/2248304671/O1CN01QWGk7r1kNMlYZ8qHL_!!2248304671.jpg"
            },
            {
                "url": "//img.alicdn.com/imgextra/i1/2248304671/O1CN01hsCe2G1kNMlfbvmYB_!!2248304671.jpg"
            },
            {
                "url": "//img.alicdn.com/imgextra/i3/2248304671/O1CN01MGx0hN1kNMeYrEFBE_!!2248304671.jpg"
            }
        ],
        "item_weight": "",
        "item_size": "",
        "location": "江苏苏州",
        "post_fee": 0,
        "express_fee": null,
        "ems_fee": "",
        "shipping_to": "",
        "has_discount": "false",
        "video": {
            "url": null
        },
        "is_virtual": "",
        "sample_id": "",
        "is_promotion": "false",
        "props_name": "147956252:75366304:净含量:50ml",
        "prop_imgs": {
            "prop_img": []
        },
        "property_alias": "",
        "props": [
            {
                "name": "品牌",
                "value": "L'occitane/欧舒丹"
            },
            {
                "name": "欧舒丹系列",
                "value": "腊菊活颜紧致睡眠面膜"
            },
            {
                "name": "产地",
                "value": "法国"
            },
            {
                "name": "化妆品备案编号/注册证号",
                "value": "国妆网备进字(沪)2020000763"
            },
            {
                "name": "功效",
                "value": "保湿"
            },
            {
                "name": "规格类型",
                "value": "正常规格"
            },
            {
                "name": "是否为特殊用途化妆品",
                "value": "否"
            },
            {
                "name": "净含量",
                "value": "50ml"
            }
        ],
        "total_sold": null,
        "skus": {
            "sku": [
                {
                    "price": "510",
                    "total_price": 0,
                    "orginal_price": "510",
                    "properties": "147956252:75366304",
                    "properties_name": "147956252:75366304:净含量:50ml",
                    "quantity": "9",
                    "sku_id": "4765986451347"
                }
            ]
        },
        "seller_id": "2248304671",
        "sales": 22,
        "shop_id": "114646595",
        "props_list": {
            "147956252:75366304": "净含量:50ml"
        },
        "seller_info": {
            "nick": "loccitane欧舒丹旗舰店",
            "item_score": "4.8 ",
            "score_p": "4.8 ",
            "delivery_score": "4.8 ",
            "shop_type": "B",
            "user_num_id": "2248304671",
            "sid": "114646595",
            "title": "L’OCCITANE欧舒丹官方旗舰店",
            "zhuy": "https://shop114646595.taobao.com/",
            "shop_name": "L’OCCITANE欧舒丹官方旗舰店"
        },
        "tmall": true,
        "error": "",
        "warning": "",
        "url_log": [],
        "fav_count": "388",
        "fans_count": "784.3万",
        "freight": "快递: 免运费",
        "props_imgs": {
            "prop_img": []
        },
        "_ddf": "fu",
        "promo_type": null,
        "props_img": [],
        "format_check": "ok",
        "shop_item": [],
        "relate_items": []
    },
    "error": "",
    "secache": "d3b648bf88f852dc9ba075ef9daf845b",
    "secache_time": 1677750248,
    "secache_date": "2023-03-02 17:44:08",
    "translate_status": "",
    "translate_time": 0,
    "language": {
        "default_lang": "cn",
        "current_lang": "cn"
    },
    "reason": "",
    "error_code": "0000",
    "cache": 0,
    "api_info": "today: max:20000 all[=++];expires:2024-01-16",
    "execution_time": "2.576",
    "server_time": "Beijing/2023-03-02 17:44:08",
    "client_ip": "54.39.83.153",
    "call_args": {
        "num_iid": "639890430246",
        "is_promotion": "1"
    },
    "api_type": "taobao",
    "translate_language": "zh-CN",
    "translate_engine": "baidu",
    "server_memory": "0.78MB",
    "last_id": false
}