{
    "item": {
        "num_iid": "42120434567",
        "title": "【38预售倒计时】欧舒丹身体乳乳木果润肤露滋润型全身防干燥保湿",
        "desc_short": "",
        "price": 260,
        "total_price": "",
        "suggestive_price": "",
        "orginal_price": 260,
        "nick": "loccitane欧舒丹旗舰店",
        "num": 200,
        "detail_url": "https://item.taobao.com/item.htm?id=42120434567",
        "pic_url": "https://img.alicdn.com/imgextra/i3/2248304671/O1CN01CMsXYo1kNMqDUl364_!!2248304671.jpg",
        "brand": null,
        "brandId": "",
        "rootCatId": "",
        "cid": 121396013,
        "desc": "",
        "item_imgs": [
            {
                "url": "https://img.alicdn.com/imgextra/i3/2248304671/O1CN01CMsXYo1kNMqDUl364_!!2248304671.jpg"
            },
            {
                "url": "https://img.alicdn.com/imgextra/i3/2248304671/O1CN01exZuma1kNMqFPUbzR_!!2248304671.jpg"
            },
            {
                "url": "https://img.alicdn.com/imgextra/i4/2248304671/O1CN01h1TDDX1kNMqB5cUG6_!!2248304671.jpg"
            },
            {
                "url": "//img.alicdn.com/imgextra/i2/2248304671/O1CN01D0tzkP1kNMq7YSEQf_!!2248304671.jpg"
            },
            {
                "url": "//img.alicdn.com/imgextra/i1/2248304671/O1CN01hUsSAg1kNMkYcpHyw_!!2248304671.jpg"
            }
        ],
        "item_weight": "",
        "post_fee": 0,
        "freight": "",
        "express_fee": "",
        "ems_fee": "",
        "shipping_to": "",
        "video": [],
        "sample_id": "",
        "props_name": "1626520:22332052926:香味:15%滋养版;1626520:14080591064:香味:5%清爽版;1626520:6122639057:香味:25%特润版;147956252:45789:净含量:250ml;147956252:45794:净含量:300ml;147956252:45682:净含量:200ml",
        "prop_imgs": {
            "prop_img": [
                {
                    "properties": "1626520:22332052926",
                    "url": "http://img.alicdn.com/imgextra/i3/2248304671/O1CN01t3XQdu1kNMpFGf7MX_!!2248304671.jpg"
                },
                {
                    "properties": "1626520:14080591064",
                    "url": "http://img.alicdn.com/imgextra/i4/2248304671/O1CN01iDRfgS1kNMmRyNwSc_!!2248304671.jpg"
                },
                {
                    "properties": "1626520:6122639057",
                    "url": "http://img.alicdn.com/imgextra/i3/2248304671/O1CN01vt6bE91kNMofPCCg3_!!2248304671.jpg"
                }
            ]
        },
        "props_imgs": {
            "prop_img": [
                {
                    "properties": "1626520:22332052926",
                    "url": "http://img.alicdn.com/imgextra/i3/2248304671/O1CN01t3XQdu1kNMpFGf7MX_!!2248304671.jpg"
                },
                {
                    "properties": "1626520:14080591064",
                    "url": "http://img.alicdn.com/imgextra/i4/2248304671/O1CN01iDRfgS1kNMmRyNwSc_!!2248304671.jpg"
                },
                {
                    "properties": "1626520:6122639057",
                    "url": "http://img.alicdn.com/imgextra/i3/2248304671/O1CN01vt6bE91kNMofPCCg3_!!2248304671.jpg"
                }
            ]
        },
        "property_alias": "",
        "props": [
            {
                "name": "品牌",
                "value": "L'occitane/欧舒丹"
            },
            {
                "name": "欧舒丹系列",
                "value": "乳木果润肤单品套装"
            },
            {
                "name": "产地",
                "value": "法国"
            },
            {
                "name": "香味",
                "value": "15%滋养版 5%清爽版 25%特润版"
            },
            {
                "name": "化妆品备案编号/注册证号",
                "value": "国妆网备进字（沪）2020009473"
            },
            {
                "name": "适合肤质",
                "value": "任何肤质"
            },
            {
                "name": "原料成分",
                "value": "乳木果"
            },
            {
                "name": "功效",
                "value": "滋润"
            },
            {
                "name": "规格类型",
                "value": "正常规格"
            },
            {
                "name": "款式",
                "value": "基本款"
            },
            {
                "name": "是否为特殊用途化妆品",
                "value": "否"
            },
            {
                "name": "净含量",
                "value": "250ml 300ml 200ml"
            },
            {
                "name": "限期使用日期范围",
                "value": "2024-01-15至2024-09-01"
            }
        ],
        "total_sold": "-1",
        "skus": {
            "sku": [
                {
                    "price": 260,
                    "total_price": 0,
                    "orginal_price": 260,
                    "properties": "1626520:22332052926;147956252:45789",
                    "properties_name": "1626520:22332052926:香味:15%滋养版;147956252:45789:净含量:250ml",
                    "quantity": 200,
                    "sku_id": "4891529708529"
                },
                {
                    "price": 260,
                    "total_price": 0,
                    "orginal_price": 260,
                    "properties": "1626520:14080591064;147956252:45794",
                    "properties_name": "1626520:14080591064:香味:5%清爽版;147956252:45794:净含量:300ml",
                    "quantity": 200,
                    "sku_id": "4891529708527"
                },
                {
                    "price": 390,
                    "total_price": 0,
                    "orginal_price": 390,
                    "properties": "1626520:6122639057;147956252:45682",
                    "properties_name": "1626520:6122639057:香味:25%特润版;147956252:45682:净含量:200ml",
                    "quantity": 125,
                    "sku_id": "4891529708528"
                }
            ]
        },
        "seller_id": "2248304671",
        "sales": 1000,
        "shop_id": "114646595",
        "props_list": {
            "1626520:22332052926": "香味:15%滋养版",
            "1626520:14080591064": "香味:5%清爽版",
            "1626520:6122639057": "香味:25%特润版",
            "147956252:45789": "净含量:250ml",
            "147956252:45794": "净含量:300ml",
            "147956252:45682": "净含量:200ml"
        },
        "seller_info": {
            "nick": "loccitane欧舒丹旗舰店",
            "item_score": 4.83999,
            "score_p": 4.8638,
            "delivery_score": 4.88305,
            "shop_type": "",
            "user_num_id": "2248304671",
            "sid": "114646595",
            "title": "",
            "zhuy": "https://shop114646595.taobao.com",
            "cert": null,
            "open_time": "",
            "credit_score": null,
            "shop_name": "loccitane欧舒丹旗舰店"
        },
        "tmall": true,
        "error": "",
        "location": "江苏苏州",
        "data_from": "Ha",
        "has_discount": "false",
        "is_promotion": "false",
        "promo_type": null,
        "props_img": {
            "1626520:22332052926": "http://img.alicdn.com/imgextra/i3/2248304671/O1CN01t3XQdu1kNMpFGf7MX_!!2248304671.jpg",
            "1626520:14080591064": "http://img.alicdn.com/imgextra/i4/2248304671/O1CN01iDRfgS1kNMmRyNwSc_!!2248304671.jpg",
            "1626520:6122639057": "http://img.alicdn.com/imgextra/i3/2248304671/O1CN01vt6bE91kNMofPCCg3_!!2248304671.jpg"
        },
        "format_check": "ok",
        "desc_img": [],
        "shop_item": [],
        "relate_items": []
    },
    "error": "",
    "secache": "191db3aa8f576eae9f1744513398a3b3",
    "secache_time": 1677748752,
    "secache_date": "2023-03-02 17:19:12",
    "translate_status": "",
    "translate_time": 0,
    "language": {
        "default_lang": "cn",
        "current_lang": "cn"
    },
    "reason": "",
    "error_code": "0000",
    "cache": 0,
    "api_info": "today: max:20000 all[=++];expires:2024-01-16",
    "execution_time": "6.945",
    "server_time": "Beijing/2023-03-02 17:19:12",
    "client_ip": "54.39.83.153",
    "call_args": {
        "num_iid": "42120434567",
        "is_promotion": "1"
    },
    "api_type": "taobao",
    "translate_language": "zh-CN",
    "translate_engine": "baidu",
    "server_memory": "5.77MB",
    "last_id": false
}