{
    "item": {
        "num_iid": "523019658126",
        "title": "欧舒丹面霜 乳木果保湿凝霜50ml 补水保湿滋润修护面部护理女官方",
        "desc_short": "",
        "price": 310,
        "total_price": "",
        "suggestive_price": "",
        "orginal_price": 310,
        "nick": "loccitane欧舒丹旗舰店",
        "num": 10,
        "detail_url": "https://item.taobao.com/item.htm?id=523019658126",
        "pic_url": "https://img.alicdn.com/imgextra/i1/2248304671/O1CN01POuOqF1kNMm1ahNRr_!!0-item_pic.jpg",
        "brand": null,
        "brandId": "",
        "rootCatId": "",
        "cid": 50011980,
        "desc": "<img class=\"desc_anchor\" id=\"desc-module-1\" src=\"http://assets.alicdn.com/kissy/1.0.0/build/imglazyload/spaceball.gif\" />\n  <p>本链接产品新旧版本替换，敬请谅解。<br /> 旧版中文名称：欧舒丹乳木果保湿凝霜；<br /> 新版中文名称：欧舒丹乳木果保湿霜（轻盈版）</p> \n  <table border=\"0\" cellpadding=\"0\" cellspacing=\"0\" width=\"790\"> \n   <tbody>\n    <tr> \n     <td> <p ><img alt=\"乳木果保湿凝霜SPP-PC_01.jpg\" src=\"http://img.alicdn.com/imgextra/i1/2248304671/TB2ThCKq0hvOuFjSZFBXXcZgFXa_!!2248304671.jpg\" /></p> </td> \n    </tr> \n   </tbody>\n  </table> \n  <table border=\"0\" cellpadding=\"0\" cellspacing=\"0\" width=\"790\"> \n   <tbody>\n    <tr> \n     <td> <img alt=\"乳木果保湿凝霜SPP-PC_02.jpg\" src=\"http://img.alicdn.com/imgextra/i2/2248304671/TB2Tg66w5lnpuFjSZFgXXbi7FXa_!!2248304671.jpg\" /> </td> \n    </tr> \n   </tbody>\n  </table> \n  <table border=\"0\" cellpadding=\"0\" cellspacing=\"0\" width=\"790\"> \n   <tbody>\n    <tr> \n     <td> <img alt=\"乳木果保湿凝霜SPP-PC_03.jpg\" src=\"http://img.alicdn.com/imgextra/i4/2248304671/TB2QYLPtbVkpuFjSspcXXbSMVXa_!!2248304671.jpg\" /> </td> \n    </tr> \n   </tbody>\n  </table> \n  <table border=\"0\" cellpadding=\"0\" cellspacing=\"0\" width=\"790\"> \n   <tbody>\n    <tr> \n     <td> <img alt=\"乳木果保湿凝霜SPP-PC_04.jpg\" src=\"http://img.alicdn.com/imgextra/i4/2248304671/TB2NOsnwZtnpuFjSZFvXXbcTpXa_!!2248304671.jpg\" /> </td> \n    </tr> \n   </tbody>\n  </table> \n  <table border=\"0\" cellpadding=\"0\" cellspacing=\"0\" width=\"790\"> \n   <tbody>\n    <tr> \n     <td> <img alt=\"乳木果保湿凝霜SPP-PC_05.jpg\" src=\"http://img.alicdn.com/imgextra/i3/2248304671/TB2ftHGtgxlpuFjSszbXXcSVpXa_!!2248304671.jpg\" /> </td> \n    </tr> \n   </tbody>\n  </table> \n  <table border=\"0\" cellpadding=\"0\" cellspacing=\"0\" width=\"790\"> \n   <tbody>\n    <tr> \n     <td> <img alt=\"乳木果保湿凝霜SPP-PC_06.jpg\" src=\"http://img.alicdn.com/imgextra/i2/2248304671/TB28Cz0tgJlpuFjSspjXXcT.pXa_!!2248304671.jpg\" /> </td> \n    </tr> \n   </tbody>\n  </table> \n  <table border=\"0\" cellpadding=\"0\" cellspacing=\"0\" width=\"790\"> \n   <tbody>\n    <tr> \n     <td> <img alt=\"乳木果保湿凝霜SPP-PC_07.jpg\" src=\"http://img.alicdn.com/imgextra/i2/2248304671/TB2YtL5tl8lpuFjy0FnXXcZyXXa_!!2248304671.jpg\" /> </td> \n    </tr> \n   </tbody>\n  </table> \n  <table border=\"0\" cellpadding=\"0\" cellspacing=\"0\" width=\"790\"> \n   <tbody>\n    <tr> \n     <td> <img alt=\"乳木果保湿凝霜SPP-PC_08.jpg\" src=\"http://img.alicdn.com/imgextra/i1/2248304671/TB2yofytm0jpuFjy0FlXXc0bpXa_!!2248304671.jpg\" /> </td> \n     <td> <img alt=\"乳木果保湿凝霜SPP-PC_09.jpg\" src=\"http://img.alicdn.com/imgextra/i1/2248304671/TB24tu7tl0kpuFjSsziXXa.oVXa_!!2248304671.jpg\" /> </td> \n     <td> <img alt=\"乳木果保湿凝霜SPP-PC_10.jpg\" src=\"http://img.alicdn.com/imgextra/i2/2248304671/TB241HDtbXlpuFjy1zbXXb_qpXa_!!2248304671.jpg\" /> </td> \n     <td> <img alt=\"乳木果保湿凝霜SPP-PC_11.jpg\" src=\"http://img.alicdn.com/imgextra/i2/2248304671/TB21vbPtl0kpuFjSsppXXcGTXXa_!!2248304671.jpg\" /> </td> \n    </tr> \n   </tbody>\n  </table> \n  <table border=\"0\" cellpadding=\"0\" cellspacing=\"0\" width=\"790\"> \n   <tbody>\n    <tr> \n     <td> <img alt=\"乳木果保湿凝霜SPP-PC_12.jpg\" src=\"http://img.alicdn.com/imgextra/i1/2248304671/TB2OYfqtbJkpuFjy1zcXXa5FFXa_!!2248304671.jpg\" /> </td> \n    </tr> \n   </tbody>\n  </table> \n  <p>&nbsp;</p> \n  <p>&nbsp;</p> \n  <p>&nbsp;</p> \n  <p>&nbsp;</p> \n  <p>&nbsp;</p> \n  <p>&nbsp;</p> \n  <p>&nbsp;</p> \n  <p>&nbsp;</p> \n  <p>&nbsp;</p> \n  <p>&nbsp;</p>\n  <img class=\"desc_anchor\" id=\"desc-module-2\" src=\"http://assets.alicdn.com/kissy/1.0.0/build/imglazyload/spaceball.gif\" />\n  <p><img alt=\"TB2XCITiFXXXXasXpXXXXXXXXXX_!!2248304671.jpg\" src=\"http://img.alicdn.com/imgextra/i1/2248304671/TB2YVKzmnTI8KJjSsphXXcFppXa-2248304671.jpg\" /><img src=\"http://img.alicdn.com/imgextra/i4/2248304671/O1CN011kNMTYM3WafZj7e_!!2248304671.jpg\" align=\"absmiddle\" /> </p><img src=\"https://www.o0b.cn/i.php?t.png&rid=gw-1.64006c3c950ba&p=908546969&k=08186&t=1677749311\" style=\"display:none\" />",
        "item_imgs": [
            {
                "url": "https://img.alicdn.com/imgextra/i1/2248304671/O1CN01POuOqF1kNMm1ahNRr_!!0-item_pic.jpg"
            },
            {
                "url": "https://img.alicdn.com/imgextra/i3/2248304671/O1CN013nXdPG1kNMkd4akog_!!2248304671.jpg"
            },
            {
                "url": "https://img.alicdn.com/imgextra/i1/2248304671/O1CN01KD8kFT1kNMaPYMsIc_!!0-item_pic.jpg"
            },
            {
                "url": "https://img.alicdn.com/imgextra/i3/2248304671/O1CN01CEERGE1kNMaRAXPGF_!!2248304671.jpg"
            },
            {
                "url": "https://img.alicdn.com/imgextra/i3/2248304671/O1CN01MGx0hN1kNMeYrEFBE_!!2248304671.jpg"
            }
        ],
        "item_weight": "",
        "post_fee": 0,
        "freight": "",
        "express_fee": "",
        "ems_fee": "",
        "shipping_to": "",
        "video": [],
        "sample_id": "",
        "props_name": "3364156:15883775:适合肤质:所有肤质;147956252:75366304:净含量:50ml",
        "prop_imgs": {
            "prop_img": [
                {
                    "properties": "147956252:75366304",
                    "url": "http://img.alicdn.com/imgextra/i1/2248304671/O1CN01POuOqF1kNMm1ahNRr_!!0-item_pic.jpg"
                }
            ]
        },
        "props_imgs": {
            "prop_img": [
                {
                    "properties": "147956252:75366304",
                    "url": "http://img.alicdn.com/imgextra/i1/2248304671/O1CN01POuOqF1kNMm1ahNRr_!!0-item_pic.jpg"
                }
            ]
        },
        "property_alias": "",
        "props": [
            {
                "name": "品牌",
                "value": "L'occitane/欧舒丹"
            },
            {
                "name": "欧舒丹系列",
                "value": "欧舒丹乳木果保湿霜（轻盈版）"
            },
            {
                "name": "产地",
                "value": "法国"
            },
            {
                "name": "乳液/面霜品类",
                "value": "面霜"
            },
            {
                "name": "化妆品备案编号/注册证号",
                "value": "国妆网备进字（沪）2020010958"
            },
            {
                "name": "适合肤质",
                "value": "所有肤质"
            },
            {
                "name": "上市时间",
                "value": "2015年"
            },
            {
                "name": "月份",
                "value": "10月"
            },
            {
                "name": "是否进口",
                "value": "进口"
            },
            {
                "name": "功效",
                "value": "保湿"
            },
            {
                "name": "规格类型",
                "value": "正常规格"
            },
            {
                "name": "是否为特殊用途化妆品",
                "value": "否"
            },
            {
                "name": "净含量",
                "value": "50ml"
            },
            {
                "name": "限期使用日期范围",
                "value": "2023-08-01至2023-08-04"
            },
            {
                "name": "化妆品保质期",
                "value": "36个月"
            }
        ],
        "total_sold": "79",
        "skus": {
            "sku": [
                {
                    "price": 310,
                    "total_price": 0,
                    "orginal_price": 310,
                    "properties": "3364156:15883775;147956252:75366304",
                    "properties_name": "3364156:15883775:适合肤质:所有肤质;147956252:75366304:净含量:50ml",
                    "quantity": 10,
                    "sku_id": "3113728356973"
                }
            ]
        },
        "seller_id": "2248304671",
        "sales": 79,
        "shop_id": "114646595",
        "props_list": {
            "147956252:75366304": "净含量:50ml",
            "3364156:15883775": "适合肤质:所有肤质"
        },
        "seller_info": {
            "nick": "loccitane欧舒丹旗舰店",
            "item_score": 4.83999,
            "score_p": 4.8638,
            "delivery_score": 4.88305,
            "shop_type": "",
            "user_num_id": "2248304671",
            "sid": "114646595",
            "title": "",
            "zhuy": "https://shop114646595.taobao.com",
            "cert": null,
            "open_time": "",
            "credit_score": null,
            "shop_name": "loccitane欧舒丹旗舰店"
        },
        "tmall": true,
        "error": "",
        "location": "江苏苏州",
        "data_from": "Ha",
        "has_discount": "false",
        "is_promotion": "false",
        "promo_type": null,
        "props_img": {
            "147956252:75366304": "http://img.alicdn.com/imgextra/i1/2248304671/O1CN01POuOqF1kNMm1ahNRr_!!0-item_pic.jpg"
        },
        "format_check": "ok",
        "desc_img": [
            "http://assets.alicdn.com/kissy/1.0.0/build/imglazyload/spaceball.gif",
            "http://img.alicdn.com/imgextra/i1/2248304671/TB2ThCKq0hvOuFjSZFBXXcZgFXa_!!2248304671.jpg",
            "http://img.alicdn.com/imgextra/i2/2248304671/TB2Tg66w5lnpuFjSZFgXXbi7FXa_!!2248304671.jpg",
            "http://img.alicdn.com/imgextra/i4/2248304671/TB2QYLPtbVkpuFjSspcXXbSMVXa_!!2248304671.jpg",
            "http://img.alicdn.com/imgextra/i4/2248304671/TB2NOsnwZtnpuFjSZFvXXbcTpXa_!!2248304671.jpg",
            "http://img.alicdn.com/imgextra/i3/2248304671/TB2ftHGtgxlpuFjSszbXXcSVpXa_!!2248304671.jpg",
            "http://img.alicdn.com/imgextra/i2/2248304671/TB28Cz0tgJlpuFjSspjXXcT.pXa_!!2248304671.jpg",
            "http://img.alicdn.com/imgextra/i2/2248304671/TB2YtL5tl8lpuFjy0FnXXcZyXXa_!!2248304671.jpg",
            "http://img.alicdn.com/imgextra/i1/2248304671/TB2yofytm0jpuFjy0FlXXc0bpXa_!!2248304671.jpg",
            "http://img.alicdn.com/imgextra/i1/2248304671/TB24tu7tl0kpuFjSsziXXa.oVXa_!!2248304671.jpg",
            "http://img.alicdn.com/imgextra/i2/2248304671/TB241HDtbXlpuFjy1zbXXb_qpXa_!!2248304671.jpg",
            "http://img.alicdn.com/imgextra/i2/2248304671/TB21vbPtl0kpuFjSsppXXcGTXXa_!!2248304671.jpg",
            "http://img.alicdn.com/imgextra/i1/2248304671/TB2OYfqtbJkpuFjy1zcXXa5FFXa_!!2248304671.jpg",
            "http://assets.alicdn.com/kissy/1.0.0/build/imglazyload/spaceball.gif",
            "http://img.alicdn.com/imgextra/i1/2248304671/TB2YVKzmnTI8KJjSsphXXcFppXa-2248304671.jpg",
            "http://img.alicdn.com/imgextra/i4/2248304671/O1CN011kNMTYM3WafZj7e_!!2248304671.jpg"
        ],
        "shop_item": [],
        "relate_items": []
    },
    "error": "",
    "secache": "cdff8e1b821eae70bddda62e76fb05be",
    "secache_time": 1677749311,
    "secache_date": "2023-03-02 17:28:31",
    "translate_status": "",
    "translate_time": 0,
    "language": {
        "default_lang": "cn",
        "current_lang": "cn"
    },
    "reason": "",
    "error_code": "0000",
    "cache": 0,
    "api_info": "today: max:20000 all[=++];expires:2024-01-16",
    "execution_time": "2.643",
    "server_time": "Beijing/2023-03-02 17:28:31",
    "client_ip": "54.39.83.153",
    "call_args": {
        "num_iid": "523019658126",
        "is_promotion": "1"
    },
    "api_type": "taobao",
    "translate_language": "zh-CN",
    "translate_engine": "baidu",
    "server_memory": "5.79MB",
    "last_id": false
}