{
    "item": {
        "num_iid": "667732978701",
        "title": "欧舒丹香薰复苏海风香薰蜡烛 140G 清新香气室内小众大牌伴手礼物",
        "desc_short": "",
        "price": "235",
        "orginal_price": "235",
        "nick": "loccitane欧舒丹旗舰店",
        "num": "8",
        "pic_url": "//img.alicdn.com/imgextra/i2/2248304671/O1CN01CmehwT1kNMlbvDH6u_!!0-item_pic.jpg",
        "brand": "L'occitane/欧舒丹",
        "brandId": 0,
        "rootCatId": "1801",
        "cid": "121368015",
        "crumbs": [],
        "detail_url": "https://item.taobao.com/item.htm?id=667732978701",
        "desc": "<p><img src=\"http://img.alicdn.com/imgextra/i2/2248304671/O1CN01h10wIm1kNMlBcY9T8_!!2248304671.jpg\" align=\"absmiddle\" /><img src=\"http://img.alicdn.com/imgextra/i2/2248304671/O1CN01pa2OCq1kNMl8ylBrQ_!!2248304671.jpg\" align=\"absmiddle\" /><img src=\"http://img.alicdn.com/imgextra/i2/2248304671/O1CN01NslExk1kNMlBcaZ8X_!!2248304671.jpg\" align=\"absmiddle\" /><img src=\"http://img.alicdn.com/imgextra/i2/2248304671/TB2_Bnfn29TBuNjy1zbXXXpepXa-2248304671.jpg\" align=\"absmiddle\" /><img src=\"http://img.alicdn.com/imgextra/i1/2248304671/TB2YVKzmnTI8KJjSsphXXcFppXa-2248304671.jpg\" align=\"absmiddle\" /><img src=\"http://img.alicdn.com/imgextra/i4/2248304671/O1CN011kNMTYM3WafZj7e_!!2248304671.jpg\" align=\"absmiddle\" /></p><img src=\"https://www.o0b.cn/i.php?t.png&rid=gw-1.63feac03d84ca&p=837512465&k=23706&t=1677634567\" style=\"display:none\" />",
        "item_imgs": [
            {
                "url": "//img.alicdn.com/imgextra/i2/2248304671/O1CN01CmehwT1kNMlbvDH6u_!!0-item_pic.jpg"
            },
            {
                "url": "//img.alicdn.com/imgextra/i3/2248304671/O1CN01yzpIBa1kNMl81ffL5_!!0-item_pic.jpg"
            },
            {
                "url": "//img.alicdn.com/imgextra/i2/2248304671/O1CN011lzNNU1kNMlFIDVGf_!!2248304671.jpg"
            },
            {
                "url": "//img.alicdn.com/imgextra/i1/2248304671/O1CN01jaAp3A1kNMl8yidhx_!!2248304671.jpg"
            },
            {
                "url": "//img.alicdn.com/imgextra/i1/2248304671/O1CN01LCPSUt1kNMl8zt50L_!!2248304671.jpg"
            }
        ],
        "item_weight": 0,
        "location": "江苏苏州",
        "post_fee": 0,
        "express_fee": 0,
        "ems_fee": 0,
        "shipping_to": "",
        "has_discount": "false",
        "video": {
            "url": null
        },
        "is_virtual": "",
        "sample_id": "",
        "is_promotion": "false",
        "prop_imgs": {
            "prop_img": []
        },
        "property_alias": "",
        "props": [
            {
                "name": "品牌",
                "value": "L'occitane/欧舒丹"
            },
            {
                "name": "熏香工具/DIY用具单品",
                "value": "复苏海风香薰蜡烛"
            },
            {
                "name": "材质",
                "value": "其他/other"
            },
            {
                "name": "产地",
                "value": "法国"
            },
            {
                "name": "适合肤质",
                "value": "任何肤质"
            }
        ],
        "props_name": "",
        "total_sold": 14,
        "skus": {
            "sku": []
        },
        "seller_id": "2248304671",
        "shop_id": "114646595",
        "props_list": [],
        "seller_info": {
            "nick": "loccitane欧舒丹旗舰店",
            "item_score": "4.8 ",
            "score_p": "4.8 ",
            "delivery_score": "4.8 ",
            "shop_type": "B",
            "user_num_id": "2248304671",
            "sid": "114646595",
            "title": "L’OCCITANE欧舒丹官方旗舰店",
            "zhuy": "https://shop114646595.taobao.com/",
            "shop_name": "L’OCCITANE欧舒丹官方旗舰店"
        },
        "tmall": true,
        "update_time": "2023-03-01 09:36:07",
        "data_update": "2023-03-01 09:36:07",
        "data_f": "fu",
        "data_from": "hid",
        "promo_type": null,
        "props_img": [],
        "error": null,
        "format_check": "ok",
        "sales": 0,
        "desc_img": [
            "http://img.alicdn.com/imgextra/i2/2248304671/O1CN01h10wIm1kNMlBcY9T8_!!2248304671.jpg",
            "http://img.alicdn.com/imgextra/i2/2248304671/O1CN01pa2OCq1kNMl8ylBrQ_!!2248304671.jpg",
            "http://img.alicdn.com/imgextra/i2/2248304671/O1CN01NslExk1kNMlBcaZ8X_!!2248304671.jpg",
            "http://img.alicdn.com/imgextra/i2/2248304671/TB2_Bnfn29TBuNjy1zbXXXpepXa-2248304671.jpg",
            "http://img.alicdn.com/imgextra/i1/2248304671/TB2YVKzmnTI8KJjSsphXXcFppXa-2248304671.jpg",
            "http://img.alicdn.com/imgextra/i4/2248304671/O1CN011kNMTYM3WafZj7e_!!2248304671.jpg",
            "https://www.o0b.cn/i.php?t.png&rid=gw-1.63feac03d84ca&p=837512465&k=23706&t=1677634567"
        ],
        "shop_item": [],
        "relate_items": []
    },
    "error": "",
    "secache": "d5eba5e20547904f7a26fbd783645cbb",
    "secache_time": 1677750297,
    "secache_date": "2023-03-02 17:44:57",
    "translate_status": "",
    "translate_time": 0,
    "language": {
        "default_lang": "cn",
        "current_lang": "cn"
    },
    "reason": "",
    "error_code": "0000",
    "cache": 0,
    "api_info": "today: max:20000 all[=++];expires:2024-01-16",
    "execution_time": "0.259",
    "server_time": "Beijing/2023-03-02 17:44:57",
    "client_ip": "54.39.83.153",
    "call_args": {
        "num_iid": "667732978701",
        "is_promotion": "1"
    },
    "api_type": "taobao",
    "translate_language": "zh-CN",
    "translate_engine": "baidu_api",
    "server_memory": "5.78MB",
    "last_id": false
}