{
    "item": {
        "num_iid": "574363831125",
        "title": "【大牌日预售】欧舒丹星光瓶焕活微囊肌底精华液补水保湿滋润修护",
        "desc_short": "<span>快递: 0.00 </span>",
        "price": 100,
        "total_price": 780,
        "suggestive_price": 0,
        "orginal_price": "560.00",
        "nick": "loccitane欧舒丹旗舰店",
        "num": 101,
        "min_num": 0,
        "detail_url": "http://detail.tmall.com/item.htm?id=574363831125",
        "pic_url": "http://img02.taobaocdn.com/bao/uploaded/i1/2248304671/O1CN019n1urM1kNMlwTaT6h_!!0-item_pic.jpg",
        "brand": "L'occitane/欧舒丹",
        "brandId": "20070",
        "rootCatId": "1801",
        "cid": "50011979",
        "crumbs": [],
        "created_time": "",
        "modified_time": "",
        "delist_time": "",
        "desc": "",
        "desc_img": [],
        "item_imgs": [
            {
                "url": "//img.alicdn.com/imgextra/i1/2248304671/O1CN019n1urM1kNMlwTaT6h_!!0-item_pic.jpg"
            },
            {
                "url": "//img.alicdn.com/imgextra/i1/2248304671/O1CN01aQ1xFv1kNMls8Npty_!!2248304671.jpg"
            },
            {
                "url": "//img.alicdn.com/imgextra/i3/2248304671/O1CN01xNtnPh1kNMlyNoH66_!!2248304671.jpg"
            },
            {
                "url": "//img.alicdn.com/imgextra/i1/2248304671/O1CN01iqSRHF1kNMlm8eUVE_!!2248304671.jpg"
            },
            {
                "url": "//img.alicdn.com/imgextra/i3/2248304671/O1CN01MGx0hN1kNMeYrEFBE_!!2248304671.jpg"
            }
        ],
        "item_weight": "0",
        "item_size": "",
        "location": "浙江嘉兴",
        "post_fee": "0.00",
        "express_fee": "0.00",
        "ems_fee": "0.00",
        "shipping_to": "新余市",
        "has_discount": "true",
        "video": [],
        "is_virtual": "",
        "sample_id": "",
        "is_promotion": "true",
        "props_name": "147956252:75367145:净含量:30ml;147956252:75366304:净含量:50ml",
        "prop_imgs": {
            "prop_img": []
        },
        "property_alias": "147956252:75367145:30ml;147956252:75366304:50ml",
        "props": [
            {
                "name": "产品名称",
                "value": "L'occitane/欧舒丹 焕活..."
            },
            {
                "name": "品牌",
                "value": " L'occitane/欧舒丹"
            },
            {
                "name": "欧舒丹系列",
                "value": " 焕活微囊肌底精华液"
            },
            {
                "name": "产地",
                "value": " 法国"
            },
            {
                "name": "化妆品备案编号/注册证号",
                "value": " 国妆网备进字（沪）2019006024"
            },
            {
                "name": "适合肤质",
                "value": " 任何肤质"
            },
            {
                "name": "功效",
                "value": " 保湿"
            },
            {
                "name": "规格类型",
                "value": " 正常规格"
            },
            {
                "name": "是否为特殊用途化妆品",
                "value": " 否"
            },
            {
                "name": "净含量",
                "value": " 30ml 50ml"
            },
            {
                "name": "限期使用日期范围",
                "value": " 2023-04-01至2024-03-01"
            }
        ],
        "total_sold": "",
        "skus": {
            "sku": [
                {
                    "price": 100,
                    "total_price": 560,
                    "orginal_price": "560.00",
                    "properties": "147956252:75367145",
                    "properties_name": "147956252:75367145:净含量:30ml",
                    "quantity": 88,
                    "sku_id": "3761270712482"
                },
                {
                    "price": 100,
                    "total_price": 780,
                    "orginal_price": "780.00",
                    "properties": "147956252:75366304",
                    "properties_name": "147956252:75366304:净含量:50ml",
                    "quantity": 13,
                    "sku_id": "4455756394220"
                }
            ]
        },
        "seller_id": "2248304671",
        "sales": 100,
        "shop_id": "114646595",
        "props_list": {
            "147956252:75367145": "净含量:30ml",
            "147956252:75366304": "净含量:50ml"
        },
        "seller_info": {
            "level": null,
            "shop_type": "B",
            "user_num_id": "2248304671",
            "cid": null,
            "delivery_score": "4.8",
            "item_score": "4.8",
            "score_p": "4.8",
            "nick": "loccitane欧舒丹旗舰店",
            "title": "loccitane欧舒丹旗舰店",
            "shop_name": "loccitane欧舒丹旗舰店",
            "zhuy": "//loccitane.tmall.com"
        },
        "tmall": "true",
        "error": "",
        "warning": "",
        "url_log": [],
        "fav_count": 142207,
        "method": "item_taobao_tmall:pget_item",
        "data_from": "",
        "promo_type": null,
        "props_img": [],
        "format_check": "ok",
        "shop_item": [],
        "relate_items": []
    },
    "error": "",
    "secache": "543a68604b9c4e5a6bb380e9ed1212a8",
    "secache_time": 1677748873,
    "secache_date": "2023-03-02 17:21:13",
    "translate_status": "",
    "translate_time": 0,
    "language": {
        "default_lang": "cn",
        "current_lang": "cn"
    },
    "reason": "",
    "error_code": "0000",
    "cache": 0,
    "api_info": "today: max:20000 all[=++];expires:2024-01-16",
    "execution_time": "0.32",
    "server_time": "Beijing/2023-03-02 17:21:13",
    "client_ip": "54.39.83.153",
    "call_args": {
        "num_iid": "574363831125",
        "is_promotion": "1"
    },
    "api_type": "taobao",
    "translate_language": "zh-CN",
    "translate_engine": "baidu_api",
    "server_memory": "5.8MB",
    "last_id": false
}