{
    "items": {
        "shop_id": "114646595",
        "page": "3",
        "real_total_results": "209",
        "total_results": "209",
        "page_size": 20,
        "page_count": 11,
        "_ddf": "ti",
        "item": [
            {
                "num_iid": "618838211961",
                "pic_url": "//img.alicdn.com/imgextra/i1/0/O1CN01suVGK21kNMq6LntpF_!!0-item_pic.jpg",
                "title": "【38节抢购】欧舒丹沐浴露樱花沐浴全身清洁补水滋润男女士留香",
                "promotion_price": "335.00",
                "price": "335.00",
                "sales": 34077,
                "quantity": "333",
                "seller_nick": "L’OCCITANE欧舒丹官方旗舰店",
                "seller_id": null,
                "shop_id": "114646595",
                "shop_title": "L’OCCITANE欧舒丹官方旗舰店",
                "detail_url": "https://item.taobao.com/item.htm?id=618838211961"
            },
            {
                "num_iid": "546847107434",
                "pic_url": "//img.alicdn.com/imgextra/i1/0/O1CN017v9X2W1kNMqCAhbzW_!!0-item_pic.jpg",
                "title": "【38节抢购】欧舒丹身体乳清爽型乳木果润肤露防干燥保湿滋润补水",
                "promotion_price": "260.00",
                "price": "260.00",
                "sales": 33422,
                "quantity": "729",
                "seller_nick": "L’OCCITANE欧舒丹官方旗舰店",
                "seller_id": null,
                "shop_id": "114646595",
                "shop_title": "L’OCCITANE欧舒丹官方旗舰店",
                "detail_url": "https://item.taobao.com/item.htm?id=546847107434"
            },
            {
                "num_iid": "521821873478",
                "pic_url": "//img.alicdn.com/imgextra/i4/0/O1CN01wBxbb01kNMq6wOWTI_!!0-item_pic.jpg",
                "title": "【38预售倒计时】欧舒丹磨砂膏甜扁桃紧致磨砂温和去角质清洁保湿",
                "promotion_price": "390.00",
                "price": "260.00",
                "sales": 33049,
                "quantity": "382",
                "seller_nick": "L’OCCITANE欧舒丹官方旗舰店",
                "seller_id": null,
                "shop_id": "114646595",
                "shop_title": "L’OCCITANE欧舒丹官方旗舰店",
                "detail_url": "https://item.taobao.com/item.htm?id=521821873478"
            },
            {
                "num_iid": "611634433182",
                "pic_url": "//img.alicdn.com/imgextra/i3/0/O1CN012gvWUW1kNMq5DmNnV_!!0-item_pic.jpg",
                "title": "【38节抢购】欧舒丹乳木果身体乳护手霜男女滋养留香保湿滋润补水",
                "promotion_price": "505.00",
                "price": "505.00",
                "sales": 32033,
                "quantity": "71",
                "seller_nick": "L’OCCITANE欧舒丹官方旗舰店",
                "seller_id": null,
                "shop_id": "114646595",
                "shop_title": "L’OCCITANE欧舒丹官方旗舰店",
                "detail_url": "https://item.taobao.com/item.htm?id=611634433182"
            },
            {
                "num_iid": "620652821014",
                "pic_url": "//img.alicdn.com/imgextra/i1/0/O1CN01JzN5S91kNMqCXwNCf_!!0-item_pic.jpg",
                "title": "【38节抢购】欧舒丹草本平衡洗发水护发素套装蓬松清洁改善毛躁",
                "promotion_price": "420.00",
                "price": "420.00",
                "sales": 31635,
                "quantity": "381",
                "seller_nick": "L’OCCITANE欧舒丹官方旗舰店",
                "seller_id": null,
                "shop_id": "114646595",
                "shop_title": "L’OCCITANE欧舒丹官方旗舰店",
                "detail_url": "https://item.taobao.com/item.htm?id=620652821014"
            },
            {
                "num_iid": "42089347256",
                "pic_url": "//img.alicdn.com/imgextra/i4/0/O1CN01PL36Hx1kNMqASqLZq_!!0-item_pic.jpg",
                "title": "【38节抢购】欧舒丹身体乳马鞭草清爽润肤露保湿香体全身留香滋润",
                "promotion_price": "260.00",
                "price": "260.00",
                "sales": 31535,
                "quantity": "83",
                "seller_nick": "L’OCCITANE欧舒丹官方旗舰店",
                "seller_id": null,
                "shop_id": "114646595",
                "shop_title": "L’OCCITANE欧舒丹官方旗舰店",
                "detail_url": "https://item.taobao.com/item.htm?id=42089347256"
            },
            {
                "num_iid": "520043447999",
                "pic_url": "//img.alicdn.com/imgextra/i1/0/O1CN01IBFMAG1kNMq50YfS4_!!0-item_pic.jpg",
                "title": "【38节抢购】欧舒丹睡眠喷雾南法草本枕边喷雾薰衣草精油香氛喷雾",
                "promotion_price": "220.00",
                "price": "220.00",
                "sales": 30938,
                "quantity": "561",
                "seller_nick": "L’OCCITANE欧舒丹官方旗舰店",
                "seller_id": null,
                "shop_id": "114646595",
                "shop_title": "L’OCCITANE欧舒丹官方旗舰店",
                "detail_url": "https://item.taobao.com/item.htm?id=520043447999"
            },
            {
                "num_iid": "657938228793",
                "pic_url": "//img.alicdn.com/imgextra/i3/0/O1CN01NEthj31kNMq1asDjX_!!0-item_pic.jpg",
                "title": "【店播专享】欧舒丹洗发水草本强韧平衡蓬松洗发露家庭装清洁男女",
                "promotion_price": "580.00",
                "price": "580.00",
                "sales": 30845,
                "quantity": "1648",
                "seller_nick": "L’OCCITANE欧舒丹官方旗舰店",
                "seller_id": null,
                "shop_id": "114646595",
                "shop_title": "L’OCCITANE欧舒丹官方旗舰店",
                "detail_url": "https://item.taobao.com/item.htm?id=657938228793"
            },
            {
                "num_iid": "42148905921",
                "pic_url": "//img.alicdn.com/imgextra/i3/0/O1CN01sTUJUl1kNMnVQR4v5_!!0-item_pic.jpg",
                "title": "欧舒丹乳木果薰衣草味香皂 滋养保湿身体沐浴皂精油皂肥皂女官方",
                "promotion_price": "65.00",
                "price": "65.00",
                "sales": 27811,
                "quantity": "256",
                "seller_nick": "L’OCCITANE欧舒丹官方旗舰店",
                "seller_id": null,
                "shop_id": "114646595",
                "shop_title": "L’OCCITANE欧舒丹官方旗舰店",
                "detail_url": "https://item.taobao.com/item.htm?id=42148905921"
            },
            {
                "num_iid": "42155081490",
                "pic_url": "//img.alicdn.com/imgextra/i3/0/O1CN01wev6kN1kNMq4oTuk8_!!0-item_pic.jpg",
                "title": "【38节抢购】欧舒丹身体乳玫瑰之心润肤露全身补水清新玫瑰香官方",
                "promotion_price": "260.00",
                "price": "260.00",
                "sales": 27092,
                "quantity": "48",
                "seller_nick": "L’OCCITANE欧舒丹官方旗舰店",
                "seller_id": null,
                "shop_id": "114646595",
                "shop_title": "L’OCCITANE欧舒丹官方旗舰店",
                "detail_url": "https://item.taobao.com/item.htm?id=42155081490"
            },
            {
                "num_iid": "525744163140",
                "pic_url": "//img.alicdn.com/imgextra/i4/0/O1CN01AAzRFd1kNMq4VZPrV_!!0-item_pic.jpg",
                "title": "【店播专享】欧舒丹乳木果护手霜套装补水保湿滋润补水不油腻手膜",
                "promotion_price": "490.00",
                "price": "370.00",
                "sales": 26199,
                "quantity": "130",
                "seller_nick": "L’OCCITANE欧舒丹官方旗舰店",
                "seller_id": null,
                "shop_id": "114646595",
                "shop_title": "L’OCCITANE欧舒丹官方旗舰店",
                "detail_url": "https://item.taobao.com/item.htm?id=525744163140"
            },
            {
                "num_iid": "42154937238",
                "pic_url": "//img.alicdn.com/imgextra/i4/0/O1CN01y0xfQb1kNMqD13tbv_!!0-item_pic.jpg",
                "title": "【38节抢购】欧舒丹沐浴露玫瑰之心沐浴啫喱泡沫全身清洁补水香氛",
                "promotion_price": "335.00",
                "price": "335.00",
                "sales": 26031,
                "quantity": "188",
                "seller_nick": "L’OCCITANE欧舒丹官方旗舰店",
                "seller_id": null,
                "shop_id": "114646595",
                "shop_title": "L’OCCITANE欧舒丹官方旗舰店",
                "detail_url": "https://item.taobao.com/item.htm?id=42154937238"
            },
            {
                "num_iid": "42104243979",
                "pic_url": "//img.alicdn.com/imgextra/i1/0/O1CN014UvPl41kNMq7yaq4W_!!0-item_pic.jpg",
                "title": "【38节抢购】欧舒丹洗面奶蓝腊菊洁面泡沫氨基酸小蓝瓶保湿滋润",
                "promotion_price": "260.00",
                "price": "260.00",
                "sales": 25188,
                "quantity": "199",
                "seller_nick": "L’OCCITANE欧舒丹官方旗舰店",
                "seller_id": null,
                "shop_id": "114646595",
                "shop_title": "L’OCCITANE欧舒丹官方旗舰店",
                "detail_url": "https://item.taobao.com/item.htm?id=42104243979"
            },
            {
                "num_iid": "42155761080",
                "pic_url": "//img.alicdn.com/imgextra/i4/0/O1CN013Lm99x1kNMq5MlWtx_!!0-item_pic.jpg",
                "title": "【38节抢购】欧舒丹护发素草本强韧护发素男女滋养丰盈蓬松防毛躁",
                "promotion_price": "325.00",
                "price": "210.00",
                "sales": 23953,
                "quantity": "160",
                "seller_nick": "L’OCCITANE欧舒丹官方旗舰店",
                "seller_id": null,
                "shop_id": "114646595",
                "shop_title": "L’OCCITANE欧舒丹官方旗舰店",
                "detail_url": "https://item.taobao.com/item.htm?id=42155761080"
            },
            {
                "num_iid": "43021589601",
                "pic_url": "//img.alicdn.com/imgextra/i3/0/O1CN01PVq9qR1kNMq2eoAgF_!!0-item_pic.jpg",
                "title": "【38节抢购】欧舒丹草本修护洗发水护发素套装丰盈蓬松改善毛躁",
                "promotion_price": "420.00",
                "price": "420.00",
                "sales": 23563,
                "quantity": "57",
                "seller_nick": "L’OCCITANE欧舒丹官方旗舰店",
                "seller_id": null,
                "shop_id": "114646595",
                "shop_title": "L’OCCITANE欧舒丹官方旗舰店",
                "detail_url": "https://item.taobao.com/item.htm?id=43021589601"
            },
            {
                "num_iid": "618289050152",
                "pic_url": "//img.alicdn.com/imgextra/i2/0/O1CN01Imx6z81kNMq6LoAKF_!!0-item_pic.jpg",
                "title": "【38节抢购】欧舒丹洗发水草本头皮平衡洗发露清洁滋养丰盈防毛躁",
                "promotion_price": "290.00",
                "price": "290.00",
                "sales": 21740,
                "quantity": "944",
                "seller_nick": "L’OCCITANE欧舒丹官方旗舰店",
                "seller_id": null,
                "shop_id": "114646595",
                "shop_title": "L’OCCITANE欧舒丹官方旗舰店",
                "detail_url": "https://item.taobao.com/item.htm?id=618289050152"
            },
            {
                "num_iid": "42120374982",
                "pic_url": "//img.alicdn.com/imgextra/i2/0/O1CN01gfyl4C1kNMqD1IKgB_!!0-item_pic.jpg",
                "title": "【38节抢购】欧舒丹足霜乳木果丰凝润护足霜保湿修护防干燥皲裂",
                "promotion_price": "240.00",
                "price": "240.00",
                "sales": 20130,
                "quantity": "279",
                "seller_nick": "L’OCCITANE欧舒丹官方旗舰店",
                "seller_id": null,
                "shop_id": "114646595",
                "shop_title": "L’OCCITANE欧舒丹官方旗舰店",
                "detail_url": "https://item.taobao.com/item.htm?id=42120374982"
            },
            {
                "num_iid": "673840576570",
                "pic_url": "//img.alicdn.com/imgextra/i2/0/O1CN018hdnC31kNMq1eFoUk_!!0-item_pic.jpg",
                "title": "【店播专享】欧舒丹白樱花身体乳沐浴露套装全身清洁留香滋润保湿",
                "promotion_price": "465.00",
                "price": "465.00",
                "sales": 19919,
                "quantity": "373",
                "seller_nick": "L’OCCITANE欧舒丹官方旗舰店",
                "seller_id": null,
                "shop_id": "114646595",
                "shop_title": "L’OCCITANE欧舒丹官方旗舰店",
                "detail_url": "https://item.taobao.com/item.htm?id=673840576570"
            },
            {
                "num_iid": "43296910192",
                "pic_url": "//img.alicdn.com/imgextra/i1/0/O1CN01AQTEkw1kNMptwQrmB_!!0-item_pic.jpg",
                "title": "欧舒丹官方旗舰店洗发水果漾马鞭草洗发露温和清洁清爽控油防毛躁",
                "promotion_price": "210.00",
                "price": "210.00",
                "sales": 19214,
                "quantity": "109",
                "seller_nick": "L’OCCITANE欧舒丹官方旗舰店",
                "seller_id": null,
                "shop_id": "114646595",
                "shop_title": "L’OCCITANE欧舒丹官方旗舰店",
                "detail_url": "https://item.taobao.com/item.htm?id=43296910192"
            },
            {
                "num_iid": "683468333132",
                "pic_url": "//img.alicdn.com/imgextra/i2/0/O1CN01DSud6f1kNMqB5sHAk_!!0-item_pic.jpg",
                "title": "【38节抢购】欧舒丹沐浴露甜蜜樱花沐浴啫喱全身清洁身体留香香体",
                "promotion_price": "335.00",
                "price": "335.00",
                "sales": 19160,
                "quantity": "183",
                "seller_nick": "L’OCCITANE欧舒丹官方旗舰店",
                "seller_id": null,
                "shop_id": "114646595",
                "shop_title": "L’OCCITANE欧舒丹官方旗舰店",
                "detail_url": "https://item.taobao.com/item.htm?id=683468333132"
            }
        ]
    },
    "error_code": "0000",
    "reason": "ok",
    "secache": "b081556d8e9bfa81ebd778653ffad50a",
    "secache_time": 1677748971,
    "secache_date": "2023-03-02 17:22:51",
    "translate_status": "",
    "translate_time": 0,
    "language": {
        "default_lang": "cn",
        "current_lang": "cn"
    },
    "error": "",
    "cache": 0,
    "api_info": "today: max:20000 all[=++];expires:2024-01-16",
    "execution_time": "1.204",
    "server_time": "Beijing/2023-03-02 17:22:51",
    "client_ip": "54.39.83.153",
    "call_args": {
        "seller_nick": "114646595",
        "start_price": "3"
    },
    "api_type": "taobao",
    "translate_language": "zh-CN",
    "translate_engine": "baidu",
    "server_memory": "5.83MB",
    "last_id": false
}