{
    "items": {
        "shop_id": "114646595",
        "page": "9",
        "real_total_results": "209",
        "total_results": "209",
        "page_size": 20,
        "page_count": 11,
        "_ddf": "ti",
        "item": [
            {
                "num_iid": "600557786793",
                "pic_url": "//img.alicdn.com/imgextra/i4/0/O1CN01W0w0kI1kNMq9Mq6Lp_!!0-item_pic.jpg",
                "title": "【88VIP】欧舒丹蓝腊菊活颜紧致眼霜女补水保湿淡化细干纹官方",
                "promotion_price": "380.00",
                "price": "380.00",
                "sales": 1591,
                "quantity": "38",
                "seller_nick": "L’OCCITANE欧舒丹官方旗舰店",
                "seller_id": null,
                "shop_id": "114646595",
                "shop_title": "L’OCCITANE欧舒丹官方旗舰店",
                "detail_url": "https://item.taobao.com/item.htm?id=600557786793"
            },
            {
                "num_iid": "678247724496",
                "pic_url": "//img.alicdn.com/imgextra/i1/0/O1CN01iZDH1b1kNMqCAOCvd_!!0-item_pic.jpg",
                "title": "【38节抢购】欧舒丹Q香礼盒套装樱花淡香水留香大牌香水伴手礼品",
                "promotion_price": "380.00",
                "price": "380.00",
                "sales": 1554,
                "quantity": "82",
                "seller_nick": "L’OCCITANE欧舒丹官方旗舰店",
                "seller_id": null,
                "shop_id": "114646595",
                "shop_title": "L’OCCITANE欧舒丹官方旗舰店",
                "detail_url": "https://item.taobao.com/item.htm?id=678247724496"
            },
            {
                "num_iid": "617521128764",
                "pic_url": "//img.alicdn.com/imgextra/i2/0/O1CN01ULnLYt1kNMq4mVvnt_!!0-item_pic.jpg",
                "title": "【88VIP】欧舒丹洗面奶蓝腊菊活颜洁面泡沫氨基酸清洁小蓝瓶官方",
                "promotion_price": "260.00",
                "price": "260.00",
                "sales": 1531,
                "quantity": "31",
                "seller_nick": "L’OCCITANE欧舒丹官方旗舰店",
                "seller_id": null,
                "shop_id": "114646595",
                "shop_title": "L’OCCITANE欧舒丹官方旗舰店",
                "detail_url": "https://item.taobao.com/item.htm?id=617521128764"
            },
            {
                "num_iid": "621655816026",
                "pic_url": "//img.alicdn.com/imgextra/i1/0/O1CN01KWDqWP1kNMlxOGXbo_!!0-item_pic.jpg",
                "title": "【官方正品】欧舒丹绿野奇境香氛美肤乳保湿滋润香氛身体乳官网",
                "promotion_price": "260.00",
                "price": "260.00",
                "sales": 1413,
                "quantity": "27",
                "seller_nick": "L’OCCITANE欧舒丹官方旗舰店",
                "seller_id": null,
                "shop_id": "114646595",
                "shop_title": "L’OCCITANE欧舒丹官方旗舰店",
                "detail_url": "https://item.taobao.com/item.htm?id=621655816026"
            },
            {
                "num_iid": "676279027418",
                "pic_url": "//img.alicdn.com/imgextra/i4/0/O1CN012UMFkg1kNMq8Zx4AB_!!0-item_pic.jpg",
                "title": "【顺手买一件】甜蜜樱花沐浴6ml*3+白樱花身体乳6ml*3",
                "promotion_price": "999.00",
                "price": "999.00",
                "sales": 1258,
                "quantity": "851",
                "seller_nick": "L’OCCITANE欧舒丹官方旗舰店",
                "seller_id": null,
                "shop_id": "114646595",
                "shop_title": "L’OCCITANE欧舒丹官方旗舰店",
                "detail_url": "https://item.taobao.com/item.htm?id=676279027418"
            },
            {
                "num_iid": "42124110788",
                "pic_url": "//img.alicdn.com/imgextra/i3/0/O1CN01CWi47v1kNMo2pWDB8_!!0-item_pic.jpg",
                "title": "欧舒丹官方旗舰店黄腊菊赋颜御龄精华液小金瓶女补水保湿滋润正品",
                "promotion_price": "990.00",
                "price": "990.00",
                "sales": 1199,
                "quantity": "9",
                "seller_nick": "L’OCCITANE欧舒丹官方旗舰店",
                "seller_id": null,
                "shop_id": "114646595",
                "shop_title": "L’OCCITANE欧舒丹官方旗舰店",
                "detail_url": "https://item.taobao.com/item.htm?id=42124110788"
            },
            {
                "num_iid": "628854380407",
                "pic_url": "//img.alicdn.com/imgextra/i2/0/O1CN01CjYmhX1kNMlxwQpGp_!!0-item_pic.jpg",
                "title": "【官方正品】欧舒丹乳木果马鞭草手部身体洁肤露300ML保湿官网",
                "promotion_price": "200.00",
                "price": "200.00",
                "sales": 1183,
                "quantity": "2",
                "seller_nick": "L’OCCITANE欧舒丹官方旗舰店",
                "seller_id": null,
                "shop_id": "114646595",
                "shop_title": "L’OCCITANE欧舒丹官方旗舰店",
                "detail_url": "https://item.taobao.com/item.htm?id=628854380407"
            },
            {
                "num_iid": "633733048523",
                "pic_url": "//img.alicdn.com/imgextra/i3/0/O1CN01su9IiV1kNMlwrnDEO_!!0-item_pic.jpg",
                "title": "欧舒丹官方旗舰店静谧松林香薰蜡烛140g家用卧室摆件香氛礼物正品",
                "promotion_price": "235.00",
                "price": "235.00",
                "sales": 1166,
                "quantity": "33",
                "seller_nick": "L’OCCITANE欧舒丹官方旗舰店",
                "seller_id": null,
                "shop_id": "114646595",
                "shop_title": "L’OCCITANE欧舒丹官方旗舰店",
                "detail_url": "https://item.taobao.com/item.htm?id=633733048523"
            },
            {
                "num_iid": "675942886462",
                "pic_url": "//img.alicdn.com/imgextra/i3/0/O1CN01MV4LRb1kNMq9PqHPc_!!0-item_pic.jpg",
                "title": "【顺手买一件】甜扁桃沐浴油6ml*3+甜扁桃美体乳6ml*2",
                "promotion_price": "999.00",
                "price": "999.00",
                "sales": 1146,
                "quantity": "83",
                "seller_nick": "L’OCCITANE欧舒丹官方旗舰店",
                "seller_id": null,
                "shop_id": "114646595",
                "shop_title": "L’OCCITANE欧舒丹官方旗舰店",
                "detail_url": "https://item.taobao.com/item.htm?id=675942886462"
            },
            {
                "num_iid": "619185903671",
                "pic_url": "//img.alicdn.com/imgextra/i2/0/O1CN01MmOaVl1kNMqCCLzRv_!!0-item_pic.jpg",
                "title": "【38节抢购】欧舒丹洗发水护发素草本修护套装氨基酸蓬松改善毛躁",
                "promotion_price": "615.00",
                "price": "615.00",
                "sales": 1129,
                "quantity": "20",
                "seller_nick": "L’OCCITANE欧舒丹官方旗舰店",
                "seller_id": null,
                "shop_id": "114646595",
                "shop_title": "L’OCCITANE欧舒丹官方旗舰店",
                "detail_url": "https://item.taobao.com/item.htm?id=619185903671"
            },
            {
                "num_iid": "659521754046",
                "pic_url": "//img.alicdn.com/imgextra/i4/0/O1CN01SS33yl1kNMq7uUwR9_!!0-item_pic.jpg",
                "title": "欧舒丹身体乳乳木果绵绵拿铁润肤霜男女士补水保湿滋润官方正品",
                "promotion_price": "340.00",
                "price": "340.00",
                "sales": 1069,
                "quantity": "100",
                "seller_nick": "L’OCCITANE欧舒丹官方旗舰店",
                "seller_id": null,
                "shop_id": "114646595",
                "shop_title": "L’OCCITANE欧舒丹官方旗舰店",
                "detail_url": "https://item.taobao.com/item.htm?id=659521754046"
            },
            {
                "num_iid": "660405286216",
                "pic_url": "//img.alicdn.com/imgextra/i4/0/O1CN01iZODeo1kNMq6yPasT_!!0-item_pic.jpg",
                "title": "【38预售倒计时】欧舒丹乳木果腊菊颈霜护手霜伴手礼物男女补水",
                "promotion_price": "840.00",
                "price": "840.00",
                "sales": 1035,
                "quantity": "43",
                "seller_nick": "L’OCCITANE欧舒丹官方旗舰店",
                "seller_id": null,
                "shop_id": "114646595",
                "shop_title": "L’OCCITANE欧舒丹官方旗舰店",
                "detail_url": "https://item.taobao.com/item.htm?id=660405286216"
            },
            {
                "num_iid": "671153170631",
                "pic_url": "//img.alicdn.com/imgextra/i1/0/O1CN01DWs6hc1kNMle7Bj88_!!0-item_pic.jpg",
                "title": "欧舒丹香氛皂南法枕梦香氛皂200g植物精油皂沐浴深层清洁滋润正品",
                "promotion_price": "100.00",
                "price": "100.00",
                "sales": 1031,
                "quantity": "44",
                "seller_nick": "L’OCCITANE欧舒丹官方旗舰店",
                "seller_id": null,
                "shop_id": "114646595",
                "shop_title": "L’OCCITANE欧舒丹官方旗舰店",
                "detail_url": "https://item.taobao.com/item.htm?id=671153170631"
            },
            {
                "num_iid": "702583006007",
                "pic_url": "//img.alicdn.com/imgextra/i3/0/O1CN01H00Jrx1kNMq4nfxpQ_!!0-item_pic.jpg",
                "title": "【38节抢购】欧舒丹洗发水草本强韧丰盈洗发露温和蓬松丰盈防毛躁",
                "promotion_price": "210.00",
                "price": "210.00",
                "sales": 1022,
                "quantity": "239",
                "seller_nick": "L’OCCITANE欧舒丹官方旗舰店",
                "seller_id": null,
                "shop_id": "114646595",
                "shop_title": "L’OCCITANE欧舒丹官方旗舰店",
                "detail_url": "https://item.taobao.com/item.htm?id=702583006007"
            },
            {
                "num_iid": "623728699702",
                "pic_url": "//img.alicdn.com/imgextra/i4/0/O1CN01NcW4fG1kNMqARO7N9_!!0-item_pic.jpg",
                "title": "【38节抢购】欧舒丹洗护发套装草本头皮平衡洗发水护发素清洁蓬松",
                "promotion_price": "615.00",
                "price": "615.00",
                "sales": 987,
                "quantity": "18",
                "seller_nick": "L’OCCITANE欧舒丹官方旗舰店",
                "seller_id": null,
                "shop_id": "114646595",
                "shop_title": "L’OCCITANE欧舒丹官方旗舰店",
                "detail_url": "https://item.taobao.com/item.htm?id=623728699702"
            },
            {
                "num_iid": "683767201959",
                "pic_url": "//img.alicdn.com/imgextra/i2/0/O1CN01ohgIxz1kNMq4D7312_!!0-item_pic.jpg",
                "title": "【店播专享】欧舒丹三支护手霜套装男女滋润保湿补水伴手礼手膜",
                "promotion_price": "285.00",
                "price": "285.00",
                "sales": 931,
                "quantity": "364",
                "seller_nick": "L’OCCITANE欧舒丹官方旗舰店",
                "seller_id": null,
                "shop_id": "114646595",
                "shop_title": "L’OCCITANE欧舒丹官方旗舰店",
                "detail_url": "https://item.taobao.com/item.htm?id=683767201959"
            },
            {
                "num_iid": "635763545004",
                "pic_url": "//img.alicdn.com/imgextra/i4/0/O1CN0158gVpx1kNMmBcYZnN_!!0-item_pic.jpg",
                "title": "欧舒丹磨砂膏石榴甜扁桃面部磨砂膏75ml 全身温和去角质身体护理",
                "promotion_price": "220.00",
                "price": "220.00",
                "sales": 887,
                "quantity": "23",
                "seller_nick": "L’OCCITANE欧舒丹官方旗舰店",
                "seller_id": null,
                "shop_id": "114646595",
                "shop_title": "L’OCCITANE欧舒丹官方旗舰店",
                "detail_url": "https://item.taobao.com/item.htm?id=635763545004"
            },
            {
                "num_iid": "632661900445",
                "pic_url": "//img.alicdn.com/imgextra/i1/0/O1CN01lWaqYc1kNMmizI7Gw_!!0-item_pic.jpg",
                "title": "欧舒丹焕亮水莹睡眠面膜65ml睡眠免洗式补水保湿面膜男女官方正品",
                "promotion_price": "620.00",
                "price": "620.00",
                "sales": 670,
                "quantity": "65",
                "seller_nick": "L’OCCITANE欧舒丹官方旗舰店",
                "seller_id": null,
                "shop_id": "114646595",
                "shop_title": "L’OCCITANE欧舒丹官方旗舰店",
                "detail_url": "https://item.taobao.com/item.htm?id=632661900445"
            },
            {
                "num_iid": "609867330696",
                "pic_url": "//img.alicdn.com/imgextra/i3/0/O1CN01Mm5X6E1kNMmqNioLH_!!0-item_pic.jpg",
                "title": "欧舒丹蓝腊菊活颜紧致精华乳液面部精华补水滋润保湿面部精华正品",
                "promotion_price": "580.00",
                "price": "580.00",
                "sales": 649,
                "quantity": "50",
                "seller_nick": "L’OCCITANE欧舒丹官方旗舰店",
                "seller_id": null,
                "shop_id": "114646595",
                "shop_title": "L’OCCITANE欧舒丹官方旗舰店",
                "detail_url": "https://item.taobao.com/item.htm?id=609867330696"
            },
            {
                "num_iid": "637771616864",
                "pic_url": "//img.alicdn.com/imgextra/i3/0/O1CN01nWkiso1kNMq2olTFj_!!0-item_pic.jpg",
                "title": "【38节抢购】欧舒丹5合1草本菁纯头皮精华液头发护理柔顺改善毛躁",
                "promotion_price": "290.00",
                "price": "290.00",
                "sales": 646,
                "quantity": "36",
                "seller_nick": "L’OCCITANE欧舒丹官方旗舰店",
                "seller_id": null,
                "shop_id": "114646595",
                "shop_title": "L’OCCITANE欧舒丹官方旗舰店",
                "detail_url": "https://item.taobao.com/item.htm?id=637771616864"
            }
        ]
    },
    "error_code": "0000",
    "reason": "ok",
    "secache": "d899aa9ea60239ebdce6befc3f5b86e5",
    "secache_time": 1677750020,
    "secache_date": "2023-03-02 17:40:20",
    "translate_status": "",
    "translate_time": 0,
    "language": {
        "default_lang": "cn",
        "current_lang": "cn"
    },
    "error": "",
    "cache": 0,
    "api_info": "today: max:20000 all[=++];expires:2024-01-16",
    "execution_time": "1.148",
    "server_time": "Beijing/2023-03-02 17:40:20",
    "client_ip": "54.39.83.153",
    "call_args": {
        "seller_nick": "114646595",
        "start_price": "9"
    },
    "api_type": "taobao",
    "translate_language": "zh-CN",
    "translate_engine": "baidu",
    "server_memory": "5.82MB",
    "last_id": false
}