{
    "item": {
        "num_iid": "696932580463",
        "title": "【店播专享】欧舒丹四支手霜男女补水保湿护手霜滋润防干燥伴手礼",
        "desc_short": "",
        "price": 380,
        "total_price": "",
        "suggestive_price": "",
        "orginal_price": 380,
        "nick": "loccitane欧舒丹旗舰店",
        "num": 200,
        "detail_url": "https://item.taobao.com/item.htm?id=696932580463",
        "pic_url": "https://img.alicdn.com/imgextra/i4/2248304671/O1CN01pTDcUY1kNMq4D6mHl_!!0-item_pic.jpg",
        "brand": null,
        "brandId": "",
        "rootCatId": "",
        "cid": 121452007,
        "desc": "<p>亲爱的丹粉，即日起欧舒丹手霜包装陆续升级，仓库新旧版本随机发货，新版手霜增加封口标识，不接受发货指定；<img src=\"http://img.alicdn.com/imgextra/i4/2248304671/O1CN01Ahjuy91kNMof1jV01_!!2248304671.jpg\" align=\"absmiddle\" /></p> \n  <p><img src=\"http://img.alicdn.com/imgextra/i3/2248304671/O1CN01bOR8Fm1kNMoraZS58_!!2248304671.jpg\" align=\"absmiddle\" /><img src=\"http://img.alicdn.com/imgextra/i2/2248304671/O1CN01nmUHqf1kNMo1vwdwQ_!!2248304671.jpg\" align=\"absmiddle\" /><img src=\"http://img.alicdn.com/imgextra/i2/2248304671/O1CN01sxv3tT1kNMo0RnIY1_!!2248304671.jpg\" align=\"absmiddle\" /><img src=\"http://img.alicdn.com/imgextra/i1/2248304671/O1CN01TZPBNm1kNMoqqFuMK_!!2248304671.jpg\" align=\"absmiddle\" /><img src=\"http://img.alicdn.com/imgextra/i3/2248304671/O1CN01baihV41kNMnzg2nUv_!!2248304671.jpg\" align=\"absmiddle\" /><br /> <img src=\"http://img.alicdn.com/imgextra/i2/2248304671/TB2_Bnfn29TBuNjy1zbXXXpepXa-2248304671.jpg\" align=\"absmiddle\" /><img src=\"http://img.alicdn.com/imgextra/i1/2248304671/TB2YVKzmnTI8KJjSsphXXcFppXa-2248304671.jpg\" align=\"absmiddle\" /><img src=\"http://img.alicdn.com/imgextra/i4/2248304671/O1CN011kNMTYM3WafZj7e_!!2248304671.jpg\" align=\"absmiddle\" /> </p><img src=\"https://www.o0b.cn/i.php?t.png&rid=gw-4.64006e98d5ceb&p=908546969&k=08186&t=1677749915\" style=\"display:none\" />",
        "item_imgs": [
            {
                "url": "https://img.alicdn.com/imgextra/i4/2248304671/O1CN01pTDcUY1kNMq4D6mHl_!!0-item_pic.jpg"
            },
            {
                "url": "https://img.alicdn.com/imgextra/i4/2248304671/O1CN01hbeXRX1kNMljAbAG3_!!2248304671.jpg"
            },
            {
                "url": "https://img.alicdn.com/imgextra/i3/2248304671/O1CN01uTiYIh1kNMmigl8iI_!!2248304671.jpg"
            },
            {
                "url": "https://img.alicdn.com/imgextra/i2/2248304671/O1CN015PlRfL1kNMlpu8L9B_!!2248304671.jpg"
            },
            {
                "url": "https://img.alicdn.com/imgextra/i4/2248304671/O1CN01qTXlaI1kNMmbS5YVb_!!2248304671.jpg"
            }
        ],
        "item_weight": "",
        "post_fee": 0,
        "freight": "",
        "express_fee": "",
        "ems_fee": "",
        "shipping_to": "",
        "video": [],
        "sample_id": "",
        "props_name": "147956252:45867:净含量:120ml",
        "prop_imgs": {
            "prop_img": [
                {
                    "properties": "147956252:45867",
                    "url": "http://img.alicdn.com/imgextra/i4/2248304671/O1CN01pTDcUY1kNMq4D6mHl_!!0-item_pic.jpg"
                }
            ]
        },
        "props_imgs": {
            "prop_img": [
                {
                    "properties": "147956252:45867",
                    "url": "http://img.alicdn.com/imgextra/i4/2248304671/O1CN01pTDcUY1kNMq4D6mHl_!!0-item_pic.jpg"
                }
            ]
        },
        "property_alias": "",
        "props": [
            {
                "name": "品牌",
                "value": "L'occitane/欧舒丹"
            },
            {
                "name": "欧舒丹系列",
                "value": "四支手霜套装组合"
            },
            {
                "name": "产地",
                "value": "法国"
            },
            {
                "name": "化妆品备案编号/注册证号",
                "value": "国妆备进字J201814082"
            },
            {
                "name": "功效",
                "value": "保湿"
            },
            {
                "name": "规格类型",
                "value": "正常规格"
            },
            {
                "name": "是否为特殊用途化妆品",
                "value": "否"
            },
            {
                "name": "净含量",
                "value": "120ml"
            },
            {
                "name": "限期使用日期范围",
                "value": "2025-01-01至2025-06-01"
            }
        ],
        "total_sold": "-1",
        "skus": {
            "sku": [
                {
                    "price": 380,
                    "total_price": 0,
                    "orginal_price": 380,
                    "properties": "147956252:45867",
                    "properties_name": "147956252:45867:净含量:120ml",
                    "quantity": 200,
                    "sku_id": "4939071744508"
                }
            ]
        },
        "seller_id": "2248304671",
        "sales": 600,
        "shop_id": "114646595",
        "props_list": {
            "147956252:45867": "净含量:120ml"
        },
        "seller_info": {
            "nick": "loccitane欧舒丹旗舰店",
            "item_score": 4.83999,
            "score_p": 4.8638,
            "delivery_score": 4.88305,
            "shop_type": "",
            "user_num_id": "2248304671",
            "sid": "114646595",
            "title": "",
            "zhuy": "https://shop114646595.taobao.com",
            "cert": null,
            "open_time": "",
            "credit_score": null,
            "shop_name": "loccitane欧舒丹旗舰店"
        },
        "tmall": true,
        "error": "",
        "location": "江苏苏州",
        "data_from": "Ha",
        "has_discount": "false",
        "is_promotion": "false",
        "promo_type": null,
        "props_img": {
            "147956252:45867": "http://img.alicdn.com/imgextra/i4/2248304671/O1CN01pTDcUY1kNMq4D6mHl_!!0-item_pic.jpg"
        },
        "format_check": "ok",
        "desc_img": [
            "http://img.alicdn.com/imgextra/i4/2248304671/O1CN01Ahjuy91kNMof1jV01_!!2248304671.jpg",
            "http://img.alicdn.com/imgextra/i3/2248304671/O1CN01bOR8Fm1kNMoraZS58_!!2248304671.jpg",
            "http://img.alicdn.com/imgextra/i2/2248304671/O1CN01nmUHqf1kNMo1vwdwQ_!!2248304671.jpg",
            "http://img.alicdn.com/imgextra/i2/2248304671/O1CN01sxv3tT1kNMo0RnIY1_!!2248304671.jpg",
            "http://img.alicdn.com/imgextra/i1/2248304671/O1CN01TZPBNm1kNMoqqFuMK_!!2248304671.jpg",
            "http://img.alicdn.com/imgextra/i3/2248304671/O1CN01baihV41kNMnzg2nUv_!!2248304671.jpg",
            "http://img.alicdn.com/imgextra/i2/2248304671/TB2_Bnfn29TBuNjy1zbXXXpepXa-2248304671.jpg",
            "http://img.alicdn.com/imgextra/i1/2248304671/TB2YVKzmnTI8KJjSsphXXcFppXa-2248304671.jpg",
            "http://img.alicdn.com/imgextra/i4/2248304671/O1CN011kNMTYM3WafZj7e_!!2248304671.jpg"
        ],
        "shop_item": [],
        "relate_items": []
    },
    "error": "",
    "secache": "7bb17c66f645bc2a144a52f61da9d89b",
    "secache_time": 1677749915,
    "secache_date": "2023-03-02 17:38:35",
    "translate_status": "",
    "translate_time": 0,
    "language": {
        "default_lang": "cn",
        "current_lang": "cn"
    },
    "reason": "",
    "error_code": "0000",
    "cache": 0,
    "api_info": "today: max:20000 all[=++];expires:2024-01-16",
    "execution_time": "2.811",
    "server_time": "Beijing/2023-03-02 17:38:35",
    "client_ip": "54.39.83.153",
    "call_args": {
        "num_iid": "696932580463",
        "is_promotion": "1"
    },
    "api_type": "taobao",
    "translate_language": "zh-CN",
    "translate_engine": "baidu",
    "server_memory": "0.78MB",
    "last_id": false
}