{
    "item": {
        "num_iid": "43880618759",
        "title": "【38节抢购】欧舒丹黄金油黄腊菊赋颜御龄精华油30ml保湿小金瓶",
        "desc_short": "",
        "price": "950",
        "total_price": 0,
        "suggestive_price": 0,
        "orginal_price": "950",
        "nick": "loccitane欧舒丹旗舰店",
        "num": 120,
        "min_num": 0,
        "detail_url": "https://item.taobao.com/item.htm?id=43880618759",
        "pic_url": "//img.alicdn.com/imgextra/i1/2248304671/O1CN01ofmy4G1kNMq4r25Mx_!!0-item_pic.jpg",
        "brand": "L'occitane/欧舒丹",
        "brandId": null,
        "rootCatId": "1801",
        "cid": "50011979",
        "crumbs": [],
        "created_time": "",
        "modified_time": "",
        "delist_time": "",
        "desc": "<img class=\"desc_anchor\" id=\"desc-module-1\" src=\"http://assets.alicdn.com/kissy/1.0.0/build/imglazyload/spaceball.gif\" />\n  <p ><img src=\"http://img.alicdn.com/imgextra/i3/2248304671/O1CN01QGCIwm1kNMlpuwuZL_!!2248304671.jpg\" align=\"absmiddle\" /></p> \n  <p> <img src=\"http://img.alicdn.com/imgextra/i2/2248304671/O1CN01xl9VJw1kNMlee0lVT_!!2248304671.jpg\" align=\"absmiddle\" /><br /> <img src=\"http://img.alicdn.com/imgextra/i3/2248304671/O1CN017s4Idg1kNMljNzdBW_!!2248304671.jpg\" align=\"absmiddle\" /><img src=\"http://img.alicdn.com/imgextra/i3/2248304671/O1CN0115jtJZ1kNMld8eIhB_!!2248304671.jpg\" align=\"absmiddle\" /><img src=\"http://img.alicdn.com/imgextra/i3/2248304671/O1CN016YM4Yu1kNMlpv089h_!!2248304671.jpg\" align=\"absmiddle\" /><img src=\"http://img.alicdn.com/imgextra/i2/2248304671/O1CN01oEocY11kNMll8FXCm_!!2248304671.jpg\" align=\"absmiddle\" /><br /> <img src=\"http://img.alicdn.com/imgextra/i3/2248304671/O1CN01CoB7hq1kNMmEgo19p_!!2248304671.jpg\" alt=\"20201201-LOC-黄金蜡菊精华油30ml-改违禁词_08.jpg\" /> <img src=\"http://img.alicdn.com/imgextra/i2/2248304671/TB2_Bnfn29TBuNjy1zbXXXpepXa-2248304671.jpg\" alt=\"1-品牌故事.jpg\" /><br /> <img src=\"http://img.alicdn.com/imgextra/i1/2248304671/TB2YVKzmnTI8KJjSsphXXcFppXa-2248304671.jpg\" alt=\"2-礼盒发放说明.jpg\" /><br /> <img src=\"http://img.alicdn.com/imgextra/i4/2248304671/O1CN011kNMTYM3WafZj7e_!!2248304671.jpg\" alt=\"3-正品保证-SPP页底.jpg\" /> </p><img src=\"https://www.o0b.cn/i.php?t.png&rid=gw-1.64006eaceccc7&p=908546969&k=08186&t=1677749935\" style=\"display:none\" />",
        "desc_img": [
            "http://assets.alicdn.com/kissy/1.0.0/build/imglazyload/spaceball.gif",
            "http://img.alicdn.com/imgextra/i3/2248304671/O1CN01QGCIwm1kNMlpuwuZL_!!2248304671.jpg",
            "http://img.alicdn.com/imgextra/i2/2248304671/O1CN01xl9VJw1kNMlee0lVT_!!2248304671.jpg",
            "http://img.alicdn.com/imgextra/i3/2248304671/O1CN017s4Idg1kNMljNzdBW_!!2248304671.jpg",
            "http://img.alicdn.com/imgextra/i3/2248304671/O1CN0115jtJZ1kNMld8eIhB_!!2248304671.jpg",
            "http://img.alicdn.com/imgextra/i3/2248304671/O1CN016YM4Yu1kNMlpv089h_!!2248304671.jpg",
            "http://img.alicdn.com/imgextra/i2/2248304671/O1CN01oEocY11kNMll8FXCm_!!2248304671.jpg",
            "http://img.alicdn.com/imgextra/i3/2248304671/O1CN01CoB7hq1kNMmEgo19p_!!2248304671.jpg",
            "http://img.alicdn.com/imgextra/i2/2248304671/TB2_Bnfn29TBuNjy1zbXXXpepXa-2248304671.jpg",
            "http://img.alicdn.com/imgextra/i1/2248304671/TB2YVKzmnTI8KJjSsphXXcFppXa-2248304671.jpg",
            "http://img.alicdn.com/imgextra/i4/2248304671/O1CN011kNMTYM3WafZj7e_!!2248304671.jpg"
        ],
        "item_imgs": [
            {
                "url": "//img.alicdn.com/imgextra/i1/2248304671/O1CN01ofmy4G1kNMq4r25Mx_!!0-item_pic.jpg"
            },
            {
                "url": "//img.alicdn.com/imgextra/i2/2248304671/O1CN01S98vvE1kNMlhoxqXm_!!2248304671.jpg"
            },
            {
                "url": "//img.alicdn.com/imgextra/i3/2248304671/O1CN01Rfq03g1kNMq6HFjVK_!!2248304671.jpg"
            },
            {
                "url": "//img.alicdn.com/imgextra/i1/2248304671/O1CN01PG8UCs1kNMlfPMgjK_!!2248304671.jpg"
            },
            {
                "url": "//img.alicdn.com/imgextra/i1/2248304671/O1CN01TNAbG71kNMllNqCgI_!!2248304671.jpg"
            }
        ],
        "item_weight": "",
        "item_size": "",
        "location": "江苏苏州",
        "post_fee": 0,
        "express_fee": null,
        "ems_fee": "",
        "shipping_to": "",
        "has_discount": "false",
        "video": {
            "url": null
        },
        "is_virtual": "",
        "sample_id": "",
        "is_promotion": "false",
        "props_name": "147956252:75367145:净含量:30ml",
        "prop_imgs": {
            "prop_img": []
        },
        "property_alias": "",
        "props": [
            {
                "name": "品牌",
                "value": "L'occitane/欧舒丹"
            },
            {
                "name": "欧舒丹系列",
                "value": "腊菊赋颜御龄精华油"
            },
            {
                "name": "产地",
                "value": "法国"
            },
            {
                "name": "化妆品备案编号/注册证号",
                "value": "国妆网备进字(沪)2020001185"
            },
            {
                "name": "适合肤质",
                "value": "任何肤质"
            },
            {
                "name": "上市时间",
                "value": "2014年"
            },
            {
                "name": "月份",
                "value": "10月"
            },
            {
                "name": "功效",
                "value": "保湿"
            },
            {
                "name": "规格类型",
                "value": "正常规格"
            },
            {
                "name": "是否为特殊用途化妆品",
                "value": "否"
            },
            {
                "name": "净含量",
                "value": "30ml"
            },
            {
                "name": "限期使用日期范围",
                "value": "2024-04-01至2024-09-01"
            },
            {
                "name": "质地",
                "value": "油质"
            },
            {
                "name": "核心功效",
                "value": "保湿"
            }
        ],
        "total_sold": null,
        "skus": {
            "sku": [
                {
                    "price": "950",
                    "total_price": 0,
                    "orginal_price": "950",
                    "properties": "147956252:75367145",
                    "properties_name": "147956252:75367145:净含量:30ml",
                    "quantity": "120",
                    "sku_id": "83214011011"
                }
            ]
        },
        "seller_id": "2248304671",
        "sales": 26,
        "shop_id": "114646595",
        "props_list": {
            "147956252:75367145": "净含量:30ml"
        },
        "seller_info": {
            "nick": "loccitane欧舒丹旗舰店",
            "item_score": "4.8 ",
            "score_p": "4.8 ",
            "delivery_score": "4.8 ",
            "shop_type": "B",
            "user_num_id": "2248304671",
            "sid": "114646595",
            "title": "L’OCCITANE欧舒丹官方旗舰店",
            "zhuy": "https://shop114646595.taobao.com/",
            "shop_name": "L’OCCITANE欧舒丹官方旗舰店"
        },
        "tmall": true,
        "error": "",
        "warning": "",
        "url_log": [],
        "fav_count": "6812",
        "fans_count": "784.3万",
        "freight": "快递: 免运费",
        "props_imgs": {
            "prop_img": []
        },
        "_ddf": "fu",
        "promo_type": null,
        "props_img": [],
        "format_check": "ok",
        "shop_item": [],
        "relate_items": []
    },
    "error": "",
    "secache": "ed2c2c0932403abc0d8a81d96d068702",
    "secache_time": 1677749935,
    "secache_date": "2023-03-02 17:38:55",
    "translate_status": "",
    "translate_time": 0,
    "language": {
        "default_lang": "cn",
        "current_lang": "cn"
    },
    "reason": "",
    "error_code": "0000",
    "cache": 0,
    "api_info": "today: max:20000 all[=++];expires:2024-01-16",
    "execution_time": "2.778",
    "server_time": "Beijing/2023-03-02 17:38:55",
    "client_ip": "54.39.83.153",
    "call_args": {
        "num_iid": "43880618759",
        "is_promotion": "1"
    },
    "api_type": "taobao",
    "translate_language": "zh-CN",
    "translate_engine": "baidu",
    "server_memory": "5.77MB",
    "last_id": false
}