{
    "item": {
        "num_iid": "624927585877",
        "title": "【充值有礼】欧舒丹专属限定购物金充值800享860元-全店通用",
        "desc_short": "",
        "price": 800,
        "total_price": "",
        "suggestive_price": "",
        "orginal_price": 800,
        "nick": "loccitane欧舒丹旗舰店",
        "num": 200,
        "detail_url": "https://item.taobao.com/item.htm?id=624927585877",
        "pic_url": "https://img.alicdn.com/imgextra/i2/2248304671/O1CN01USDnvM1kNMq3fO5xZ_!!2248304671.jpg",
        "brand": "",
        "brandId": "",
        "rootCatId": "",
        "cid": 201329623,
        "desc": "<div >\n   <div >\n    <img  src=\"http://img.alicdn.com/imgextra/i3/2248304671/O1CN01HB7Oal1kNMprtLKC1_!!2248304671.jpg\" />\n    <img usemap=\"#customizeHyperlinks-2\"  src=\"http://gtms01.alicdn.com/tps/i1/TB1AHXiGXXXXXXAXVXX.uTD.FXX-10-10.png\" />\n    <map name=\"customizeHyperlinks-2\"></map>\n    <img  src=\"http://img.alicdn.com/imgextra/i3/2248304671/O1CN01vaZQjk1kNMq0sJifF_!!2248304671.jpg\" />\n    <img usemap=\"#customizeHyperlinks-3\"  src=\"http://gtms01.alicdn.com/tps/i1/TB1AHXiGXXXXXXAXVXX.uTD.FXX-10-10.png\" />\n    <map name=\"customizeHyperlinks-3\"></map>\n    <img  src=\"http://img.alicdn.com/imgextra/i4/2248304671/O1CN01fesz111kNMpye8tlj_!!2248304671.jpg\" />\n    <img usemap=\"#customizeHyperlinks-4\"  src=\"http://gtms01.alicdn.com/tps/i1/TB1AHXiGXXXXXXAXVXX.uTD.FXX-10-10.png\" />\n    <map name=\"customizeHyperlinks-4\"></map>\n    <img  src=\"http://img.alicdn.com/imgextra/i4/2248304671/O1CN01Ckipkz1kNMq91w1TV_!!2248304671.jpg\" />\n    <img usemap=\"#customizeHyperlinks-5\"  src=\"http://gtms01.alicdn.com/tps/i1/TB1AHXiGXXXXXXAXVXX.uTD.FXX-10-10.png\" />\n    <map name=\"customizeHyperlinks-5\"></map>\n   </div>\n  </div><img src=\"https://www.o0b.cn/i.php?t.png&rid=gw-1.64006a3928887&p=908546969&k=08186&t=1677748795\" style=\"display:none\" />",
        "item_imgs": [
            {
                "url": "https://img.alicdn.com/imgextra/i2/2248304671/O1CN01USDnvM1kNMq3fO5xZ_!!2248304671.jpg"
            }
        ],
        "item_weight": "",
        "post_fee": 0,
        "freight": "",
        "express_fee": "",
        "ems_fee": "",
        "shipping_to": "",
        "video": [],
        "sample_id": "",
        "props_name": "20977:7638103328:面值:面值G;20977:7638079654:面值:面值F",
        "prop_imgs": {
            "prop_img": []
        },
        "props_imgs": {
            "prop_img": []
        },
        "property_alias": "",
        "props": [
            {
                "name": "面值",
                "value": "面值G 面值F"
            }
        ],
        "total_sold": "-1",
        "skus": {
            "sku": [
                {
                    "price": 800,
                    "total_price": 0,
                    "orginal_price": 800,
                    "properties": "20977:7638103328",
                    "properties_name": "20977:7638103328:面值:面值G",
                    "quantity": 200,
                    "sku_id": "4596554078270"
                },
                {
                    "price": 2000,
                    "total_price": 0,
                    "orginal_price": 2000,
                    "properties": "20977:7638079654",
                    "properties_name": "20977:7638079654:面值:面值F",
                    "quantity": 200,
                    "sku_id": "5079428951868"
                }
            ]
        },
        "seller_id": "2248304671",
        "sales": 2000,
        "shop_id": "114646595",
        "props_list": {
            "20977:7638103328": "面值:面值G",
            "20977:7638079654": "面值:面值F"
        },
        "seller_info": {
            "nick": "loccitane欧舒丹旗舰店",
            "item_score": 4.83999,
            "score_p": 4.8638,
            "delivery_score": 4.88305,
            "shop_type": "",
            "user_num_id": "2248304671",
            "sid": "114646595",
            "title": "",
            "zhuy": "https://shop114646595.taobao.com",
            "cert": null,
            "open_time": "",
            "credit_score": null,
            "shop_name": "loccitane欧舒丹旗舰店"
        },
        "tmall": true,
        "error": "",
        "location": "浙江杭州",
        "data_from": "Ha",
        "has_discount": "false",
        "is_promotion": "false",
        "promo_type": null,
        "props_img": [],
        "format_check": "ok",
        "desc_img": [
            "http://img.alicdn.com/imgextra/i3/2248304671/O1CN01HB7Oal1kNMprtLKC1_!!2248304671.jpg",
            "http://gtms01.alicdn.com/tps/i1/TB1AHXiGXXXXXXAXVXX.uTD.FXX-10-10.png",
            "http://img.alicdn.com/imgextra/i3/2248304671/O1CN01vaZQjk1kNMq0sJifF_!!2248304671.jpg",
            "http://gtms01.alicdn.com/tps/i1/TB1AHXiGXXXXXXAXVXX.uTD.FXX-10-10.png",
            "http://img.alicdn.com/imgextra/i4/2248304671/O1CN01fesz111kNMpye8tlj_!!2248304671.jpg",
            "http://gtms01.alicdn.com/tps/i1/TB1AHXiGXXXXXXAXVXX.uTD.FXX-10-10.png",
            "http://img.alicdn.com/imgextra/i4/2248304671/O1CN01Ckipkz1kNMq91w1TV_!!2248304671.jpg",
            "http://gtms01.alicdn.com/tps/i1/TB1AHXiGXXXXXXAXVXX.uTD.FXX-10-10.png"
        ],
        "shop_item": [],
        "relate_items": []
    },
    "error": "",
    "secache": "97d93eb2d8ef8e8441ebf6b4dfb262dc",
    "secache_time": 1677748795,
    "secache_date": "2023-03-02 17:19:55",
    "translate_status": "",
    "translate_time": 0,
    "language": {
        "default_lang": "cn",
        "current_lang": "cn"
    },
    "reason": "",
    "error_code": "0000",
    "cache": 0,
    "api_info": "today: max:20000 all[=++];expires:2024-01-16",
    "execution_time": "2.248",
    "server_time": "Beijing/2023-03-02 17:19:55",
    "client_ip": "54.39.83.153",
    "call_args": {
        "num_iid": "624927585877",
        "is_promotion": "1"
    },
    "api_type": "taobao",
    "translate_language": "zh-CN",
    "translate_engine": "baidu",
    "server_memory": "5.75MB",
    "last_id": false
}