{
    "items": {
        "shop_id": "114646595",
        "page": "5",
        "real_total_results": "209",
        "total_results": "209",
        "page_size": 20,
        "page_count": 11,
        "_ddf": "ti",
        "item": [
            {
                "num_iid": "531512460509",
                "pic_url": "//img.alicdn.com/imgextra/i4/0/O1CN01NecZUi1kNMpXaFtNE_!!0-item_pic.jpg",
                "title": "【官方正品】欧舒丹果漾马鞭草润手霜30ml 清爽滋润护手霜滋润",
                "promotion_price": "95.00",
                "price": "95.00",
                "sales": 11470,
                "quantity": "52",
                "seller_nick": "L’OCCITANE欧舒丹官方旗舰店",
                "seller_id": null,
                "shop_id": "114646595",
                "shop_title": "L’OCCITANE欧舒丹官方旗舰店",
                "detail_url": "https://item.taobao.com/item.htm?id=531512460509"
            },
            {
                "num_iid": "539336076424",
                "pic_url": "//img.alicdn.com/imgextra/i3/2248304671/O1CN01uTjavm1kNMq6g1MoS_!!2248304671.jpg",
                "title": "【38节抢购】欧舒丹洗发水护发素草本强韧套装精油蓬松防毛躁清洁",
                "promotion_price": "420.00",
                "price": "420.00",
                "sales": 11416,
                "quantity": "231",
                "seller_nick": "L’OCCITANE欧舒丹官方旗舰店",
                "seller_id": null,
                "shop_id": "114646595",
                "shop_title": "L’OCCITANE欧舒丹官方旗舰店",
                "detail_url": "https://item.taobao.com/item.htm?id=539336076424"
            },
            {
                "num_iid": "43559111294",
                "pic_url": "//img.alicdn.com/imgextra/i2/0/O1CN01mmgUJ31kNMlwsL7I5_!!0-item_pic.jpg",
                "title": "【官方正品】欧舒丹精油沐浴露薰衣草泡泡浴露500ml保湿家庭装",
                "promotion_price": "240.00",
                "price": "240.00",
                "sales": 10536,
                "quantity": "2",
                "seller_nick": "L’OCCITANE欧舒丹官方旗舰店",
                "seller_id": null,
                "shop_id": "114646595",
                "shop_title": "L’OCCITANE欧舒丹官方旗舰店",
                "detail_url": "https://item.taobao.com/item.htm?id=43559111294"
            },
            {
                "num_iid": "42123306132",
                "pic_url": "//img.alicdn.com/imgextra/i3/0/O1CN01GElDUX1kNMm6Iic8P_!!0-item_pic.jpg",
                "title": "欧舒丹爽肤水蓝蜡菊活颜紧致保湿水全身补水滋润女小蓝瓶官方正品",
                "promotion_price": "270.00",
                "price": "270.00",
                "sales": 10450,
                "quantity": "25",
                "seller_nick": "L’OCCITANE欧舒丹官方旗舰店",
                "seller_id": null,
                "shop_id": "114646595",
                "shop_title": "L’OCCITANE欧舒丹官方旗舰店",
                "detail_url": "https://item.taobao.com/item.htm?id=42123306132"
            },
            {
                "num_iid": "526550734150",
                "pic_url": "//img.alicdn.com/imgextra/i1/0/O1CN01BEzyLK1kNMmXjzARA_!!0-item_pic.jpg",
                "title": "【官方正品】欧舒丹男士洗面奶活力洁面啫喱150ml控油保湿清洁",
                "promotion_price": "190.00",
                "price": "190.00",
                "sales": 10370,
                "quantity": "71",
                "seller_nick": "L’OCCITANE欧舒丹官方旗舰店",
                "seller_id": null,
                "shop_id": "114646595",
                "shop_title": "L’OCCITANE欧舒丹官方旗舰店",
                "detail_url": "https://item.taobao.com/item.htm?id=526550734150"
            },
            {
                "num_iid": "693939056190",
                "pic_url": "//img.alicdn.com/imgextra/i2/0/O1CN01cVP7O61kNMqAPOJw1_!!0-item_pic.jpg",
                "title": "【38节抢购】欧舒丹沐浴油甜扁桃紧致沐浴露清洁保湿留香滋润",
                "promotion_price": "235.00",
                "price": "235.00",
                "sales": 10342,
                "quantity": "424",
                "seller_nick": "L’OCCITANE欧舒丹官方旗舰店",
                "seller_id": null,
                "shop_id": "114646595",
                "shop_title": "L’OCCITANE欧舒丹官方旗舰店",
                "detail_url": "https://item.taobao.com/item.htm?id=693939056190"
            },
            {
                "num_iid": "649786778984",
                "pic_url": "//img.alicdn.com/imgextra/i3/0/O1CN01VThGzT1kNMq6wg96J_!!0-item_pic.jpg",
                "title": "【38节抢购】欧舒丹云中月桂沐浴露润肤套装桂花香补水保湿滋润",
                "promotion_price": "445.00",
                "price": "445.00",
                "sales": 10246,
                "quantity": "88",
                "seller_nick": "L’OCCITANE欧舒丹官方旗舰店",
                "seller_id": null,
                "shop_id": "114646595",
                "shop_title": "L’OCCITANE欧舒丹官方旗舰店",
                "detail_url": "https://item.taobao.com/item.htm?id=649786778984"
            },
            {
                "num_iid": "567739994175",
                "pic_url": "//img.alicdn.com/imgextra/i3/0/O1CN01vY5OFC1kNMpoDdrGf_!!0-item_pic.jpg",
                "title": "欧舒丹格拉斯橙花香体润肤露250ml 滋润留香补水保湿身体乳女香体",
                "promotion_price": "260.00",
                "price": "260.00",
                "sales": 9928,
                "quantity": "187",
                "seller_nick": "L’OCCITANE欧舒丹官方旗舰店",
                "seller_id": null,
                "shop_id": "114646595",
                "shop_title": "L’OCCITANE欧舒丹官方旗舰店",
                "detail_url": "https://item.taobao.com/item.htm?id=567739994175"
            },
            {
                "num_iid": "645449399943",
                "pic_url": "//img.alicdn.com/imgextra/i4/0/O1CN01irzhLR1kNMq6siidy_!!0-item_pic.jpg",
                "title": "【38节抢购】欧舒丹甜扁桃紧致美肤油补水保湿按摩精华身体护理油",
                "promotion_price": "475.00",
                "price": "475.00",
                "sales": 9923,
                "quantity": "154",
                "seller_nick": "L’OCCITANE欧舒丹官方旗舰店",
                "seller_id": null,
                "shop_id": "114646595",
                "shop_title": "L’OCCITANE欧舒丹官方旗舰店",
                "detail_url": "https://item.taobao.com/item.htm?id=645449399943"
            },
            {
                "num_iid": "656224577037",
                "pic_url": "//img.alicdn.com/imgextra/i1/0/O1CN01yNLdER1kNMq6jG66r_!!0-item_pic.jpg",
                "title": "【38节抢购】欧舒丹手霜乳木果腊菊手部紧致黄金抗初老护手霜补水",
                "promotion_price": "300.00",
                "price": "300.00",
                "sales": 9662,
                "quantity": "192",
                "seller_nick": "L’OCCITANE欧舒丹官方旗舰店",
                "seller_id": null,
                "shop_id": "114646595",
                "shop_title": "L’OCCITANE欧舒丹官方旗舰店",
                "detail_url": "https://item.taobao.com/item.htm?id=656224577037"
            },
            {
                "num_iid": "576842693109",
                "pic_url": "//img.alicdn.com/imgextra/i3/0/O1CN01Xm73fn1kNMqD4zytA_!!0-item_pic.jpg",
                "title": "【38节抢购】欧舒丹官方旗舰店乳木果樱花护手霜套装保湿滋润补水",
                "promotion_price": "490.00",
                "price": "490.00",
                "sales": 9656,
                "quantity": "142",
                "seller_nick": "L’OCCITANE欧舒丹官方旗舰店",
                "seller_id": null,
                "shop_id": "114646595",
                "shop_title": "L’OCCITANE欧舒丹官方旗舰店",
                "detail_url": "https://item.taobao.com/item.htm?id=576842693109"
            },
            {
                "num_iid": "650298317061",
                "pic_url": "//img.alicdn.com/imgextra/i3/0/O1CN01HJtoT51kNMpaZv1u4_!!0-item_pic.jpg",
                "title": "【官方正品】欧舒丹云中月桂护手霜桂花手霜男女补水保湿滋润礼物",
                "promotion_price": "95.00",
                "price": "95.00",
                "sales": 9489,
                "quantity": "215",
                "seller_nick": "L’OCCITANE欧舒丹官方旗舰店",
                "seller_id": null,
                "shop_id": "114646595",
                "shop_title": "L’OCCITANE欧舒丹官方旗舰店",
                "detail_url": "https://item.taobao.com/item.htm?id=650298317061"
            },
            {
                "num_iid": "44408642752",
                "pic_url": "//img.alicdn.com/imgextra/i2/0/O1CN01SFSqJz1kNMpvvWzIa_!!0-item_pic.jpg",
                "title": "【38节抢购】欧舒丹薰衣草味洁手液温和清洁保湿滋润舒缓洗手液",
                "promotion_price": "180.00",
                "price": "180.00",
                "sales": 9446,
                "quantity": "36",
                "seller_nick": "L’OCCITANE欧舒丹官方旗舰店",
                "seller_id": null,
                "shop_id": "114646595",
                "shop_title": "L’OCCITANE欧舒丹官方旗舰店",
                "detail_url": "https://item.taobao.com/item.htm?id=44408642752"
            },
            {
                "num_iid": "44449073161",
                "pic_url": "//img.alicdn.com/imgextra/i3/0/O1CN01Ki1LWc1kNMq86QDjj_!!0-item_pic.jpg",
                "title": "【38节抢购】欧舒丹5合1草本精华修护油头发护发精油防干燥顺滑",
                "promotion_price": "305.00",
                "price": "305.00",
                "sales": 9353,
                "quantity": "39",
                "seller_nick": "L’OCCITANE欧舒丹官方旗舰店",
                "seller_id": null,
                "shop_id": "114646595",
                "shop_title": "L’OCCITANE欧舒丹官方旗舰店",
                "detail_url": "https://item.taobao.com/item.htm?id=44449073161"
            },
            {
                "num_iid": "703961675196",
                "pic_url": "//img.alicdn.com/imgextra/i1/2248304671/O1CN01t4iPPn1kNMq7DEIVr_!!2248304671.jpg",
                "title": "【立即付定金】欧舒丹身体乳白樱花润肤露补水保湿滋润留香男女",
                "promotion_price": "280.00",
                "price": "280.00",
                "sales": 9316,
                "quantity": "23893",
                "seller_nick": "L’OCCITANE欧舒丹官方旗舰店",
                "seller_id": null,
                "shop_id": "114646595",
                "shop_title": "L’OCCITANE欧舒丹官方旗舰店",
                "detail_url": "https://item.taobao.com/item.htm?id=703961675196"
            },
            {
                "num_iid": "650208043617",
                "pic_url": "//img.alicdn.com/imgextra/i4/0/O1CN01b8Ijuu1kNMq4smm7S_!!0-item_pic.jpg",
                "title": "【38节抢购】欧舒丹身体乳云中月桂香氛桂花润肤露男女补水保湿",
                "promotion_price": "260.00",
                "price": "260.00",
                "sales": 9229,
                "quantity": "258",
                "seller_nick": "L’OCCITANE欧舒丹官方旗舰店",
                "seller_id": null,
                "shop_id": "114646595",
                "shop_title": "L’OCCITANE欧舒丹官方旗舰店",
                "detail_url": "https://item.taobao.com/item.htm?id=650208043617"
            },
            {
                "num_iid": "572599351762",
                "pic_url": "//img.alicdn.com/imgextra/i4/0/O1CN01WJ8fcW1kNMpo7nnXQ_!!0-item_pic.jpg",
                "title": "欧舒丹洗发水清新马鞭草洗发露 温和清洁柔顺发质男大容量家庭装",
                "promotion_price": "295.00",
                "price": "295.00",
                "sales": 9178,
                "quantity": "99",
                "seller_nick": "L’OCCITANE欧舒丹官方旗舰店",
                "seller_id": null,
                "shop_id": "114646595",
                "shop_title": "L’OCCITANE欧舒丹官方旗舰店",
                "detail_url": "https://item.taobao.com/item.htm?id=572599351762"
            },
            {
                "num_iid": "614262311005",
                "pic_url": "//img.alicdn.com/imgextra/i3/0/O1CN01aDmgJb1kNMq7wfoGR_!!0-item_pic.jpg",
                "title": "【38节抢购】欧舒丹腊菊金盏花卸妆油200ml补水清洁保湿脸部卸妆",
                "promotion_price": "190.00",
                "price": "190.00",
                "sales": 8294,
                "quantity": "82",
                "seller_nick": "L’OCCITANE欧舒丹官方旗舰店",
                "seller_id": null,
                "shop_id": "114646595",
                "shop_title": "L’OCCITANE欧舒丹官方旗舰店",
                "detail_url": "https://item.taobao.com/item.htm?id=614262311005"
            },
            {
                "num_iid": "42123334554",
                "pic_url": "//img.alicdn.com/imgextra/i2/0/O1CN01Sg197u1kNMlw4dk6W_!!0-item_pic.jpg",
                "title": "欧舒丹面霜蓝腊菊活颜精华霜50ml紧致补水保湿女面部护理官方正品",
                "promotion_price": "580.00",
                "price": "580.00",
                "sales": 8286,
                "quantity": "30",
                "seller_nick": "L’OCCITANE欧舒丹官方旗舰店",
                "seller_id": null,
                "shop_id": "114646595",
                "shop_title": "L’OCCITANE欧舒丹官方旗舰店",
                "detail_url": "https://item.taobao.com/item.htm?id=42123334554"
            },
            {
                "num_iid": "608108455373",
                "pic_url": "//img.alicdn.com/imgextra/i1/0/O1CN01dNAym91kNMqD0Xk0C_!!0-item_pic.jpg",
                "title": "【38节抢购】欧舒丹身体乳 乳木果润肤霜200ml 全身补水保湿滋润",
                "promotion_price": "390.00",
                "price": "390.00",
                "sales": 8111,
                "quantity": "99",
                "seller_nick": "L’OCCITANE欧舒丹官方旗舰店",
                "seller_id": null,
                "shop_id": "114646595",
                "shop_title": "L’OCCITANE欧舒丹官方旗舰店",
                "detail_url": "https://item.taobao.com/item.htm?id=608108455373"
            }
        ]
    },
    "error_code": "0000",
    "reason": "ok",
    "secache": "c7650ec9bf68c8a02ee6b92bdad1d392",
    "secache_time": 1677749350,
    "secache_date": "2023-03-02 17:29:10",
    "translate_status": "",
    "translate_time": 0,
    "language": {
        "default_lang": "cn",
        "current_lang": "cn"
    },
    "error": "",
    "cache": 0,
    "api_info": "today: max:20000 all[=++];expires:2024-01-16",
    "execution_time": "0.985",
    "server_time": "Beijing/2023-03-02 17:29:10",
    "client_ip": "54.39.83.153",
    "call_args": {
        "seller_nick": "114646595",
        "start_price": "5"
    },
    "api_type": "taobao",
    "translate_language": "zh-CN",
    "translate_engine": "baidu",
    "server_memory": "5.83MB",
    "last_id": false
}