{
    "item": {
        "num_iid": "675252764688",
        "title": "【顺手买一件】欧舒丹甜蜜樱花沐浴6ml*3+白樱花身体乳6ml*3",
        "desc_short": "",
        "price": "999",
        "total_price": 0,
        "suggestive_price": 0,
        "orginal_price": "999",
        "nick": "loccitane欧舒丹旗舰店",
        "num": "14",
        "min_num": 0,
        "detail_url": "https://item.taobao.com/item.htm?id=675252764688",
        "pic_url": "//img.alicdn.com/imgextra/i3/2248304671/O1CN01mW0I081kNMq5lH8dJ_!!0-item_pic.jpg",
        "brand": "L'occitane/欧舒丹",
        "brandId": null,
        "rootCatId": "1801",
        "cid": "121484012",
        "crumbs": [],
        "created_time": "",
        "modified_time": "",
        "delist_time": "",
        "desc": "",
        "desc_img": [],
        "item_imgs": [
            {
                "url": "//img.alicdn.com/imgextra/i3/2248304671/O1CN01mW0I081kNMq5lH8dJ_!!0-item_pic.jpg"
            },
            {
                "url": "//img.alicdn.com/imgextra/i4/2248304671/O1CN01nQH6Kw1kNMq1FejgL_!!2248304671.jpg"
            },
            {
                "url": "//img.alicdn.com/imgextra/i1/2248304671/O1CN01UyBvb91kNMmcD0wBN_!!0-item_pic.jpg"
            }
        ],
        "item_weight": "",
        "item_size": "",
        "location": "江苏苏州",
        "post_fee": 0,
        "express_fee": null,
        "ems_fee": "",
        "shipping_to": "",
        "has_discount": "false",
        "video": {
            "url": null
        },
        "is_virtual": "",
        "sample_id": "",
        "is_promotion": "false",
        "props_name": "",
        "prop_imgs": {
            "prop_img": []
        },
        "property_alias": "",
        "props": [
            {
                "name": "品牌",
                "value": "L'occitane/欧舒丹"
            },
            {
                "name": "欧舒丹系列",
                "value": "樱花沐浴润肤体验套装"
            },
            {
                "name": "产地",
                "value": "法国"
            },
            {
                "name": "化妆品备案编号/注册证号",
                "value": "国妆备进字J20141698"
            },
            {
                "name": "原料成分",
                "value": "白樱花"
            },
            {
                "name": "功效",
                "value": "清洁"
            },
            {
                "name": "规格类型",
                "value": "正常规格"
            },
            {
                "name": "是否为特殊用途化妆品",
                "value": "否"
            },
            {
                "name": "限期使用日期范围",
                "value": "2024-07-04至2025-06-01"
            }
        ],
        "total_sold": null,
        "skus": {
            "sku": []
        },
        "seller_id": "2248304671",
        "sales": 900,
        "shop_id": "114646595",
        "props_list": [],
        "seller_info": {
            "nick": "loccitane欧舒丹旗舰店",
            "item_score": "4.8 ",
            "score_p": "4.8 ",
            "delivery_score": "4.8 ",
            "shop_type": "B",
            "user_num_id": "2248304671",
            "sid": "114646595",
            "title": "L’OCCITANE欧舒丹官方旗舰店",
            "zhuy": "https://shop114646595.taobao.com/",
            "shop_name": "L’OCCITANE欧舒丹官方旗舰店"
        },
        "tmall": true,
        "error": "",
        "warning": "",
        "url_log": [],
        "fav_count": "62",
        "fans_count": "784.3万",
        "freight": "快递: 免运费",
        "props_imgs": {
            "prop_img": []
        },
        "_ddf": "fu",
        "promo_type": null,
        "props_img": [],
        "format_check": "ok",
        "shop_item": [],
        "relate_items": []
    },
    "error": "",
    "secache": "8343200ed0e2705900b4cb16441f53ce",
    "secache_time": 1677749791,
    "secache_date": "2023-03-02 17:36:31",
    "translate_status": "",
    "translate_time": 0,
    "language": {
        "default_lang": "cn",
        "current_lang": "cn"
    },
    "reason": "",
    "error_code": "0000",
    "cache": 0,
    "api_info": "today: max:20000 all[=++];expires:2024-01-16",
    "execution_time": "6.784",
    "server_time": "Beijing/2023-03-02 17:36:31",
    "client_ip": "54.39.83.153",
    "call_args": {
        "num_iid": "675252764688",
        "is_promotion": "1"
    },
    "api_type": "taobao",
    "translate_language": "zh-CN",
    "translate_engine": "baidu",
    "server_memory": "0.76MB",
    "last_id": false
}