{
    "item": {
        "num_iid": "633733048523",
        "title": "欧舒丹官方旗舰店静谧松林香薰蜡烛140g家用卧室摆件香氛礼物正品",
        "desc_short": "",
        "price": 235,
        "total_price": "",
        "suggestive_price": "",
        "orginal_price": 235,
        "nick": "loccitane欧舒丹旗舰店",
        "num": 33,
        "detail_url": "https://item.taobao.com/item.htm?id=633733048523",
        "pic_url": "https://img.alicdn.com/imgextra/i3/2248304671/O1CN01su9IiV1kNMlwrnDEO_!!0-item_pic.jpg",
        "brand": null,
        "brandId": "",
        "rootCatId": "",
        "cid": 121368015,
        "desc": "<p><img src=\"http://img.alicdn.com/imgextra/i1/2248304671/O1CN01ETdKcW1kNMfR9jrYg_!!2248304671.jpg\" alt=\"20191213-欧舒丹静谧松林香薰蜡烛-140G_01.jpg\" /><br /> <img src=\"http://img.alicdn.com/imgextra/i1/2248304671/O1CN01HOgQOu1kNMfRN4xhC_!!2248304671.jpg\" alt=\"20191213-欧舒丹静谧松林香薰蜡烛-140G_02.jpg\" /><br /> <img src=\"http://img.alicdn.com/imgextra/i2/2248304671/O1CN01wKJkUH1kNMfTXPOUK_!!2248304671.jpg\" alt=\"20191213-欧舒丹静谧松林香薰蜡烛-140G_03.jpg\" /><img src=\"http://img.alicdn.com/imgextra/i2/2248304671/O1CN01p70QNM1kNMm9N3MJl_!!2248304671.jpg\" align=\"absmiddle\" /><br /> <img src=\"http://img.alicdn.com/imgextra/i2/2248304671/TB2_Bnfn29TBuNjy1zbXXXpepXa-2248304671.jpg\" alt=\"1-品牌故事.jpg\" /><br /> <img src=\"http://img.alicdn.com/imgextra/i1/2248304671/TB2YVKzmnTI8KJjSsphXXcFppXa-2248304671.jpg\" alt=\"2-礼盒发放说明.jpg\" /><br /> <img src=\"http://img.alicdn.com/imgextra/i4/2248304671/O1CN011kNMTYM3WafZj7e_!!2248304671.jpg\" alt=\"3-正品保证-SPP页底.jpg\" /> </p><img src=\"https://www.o0b.cn/i.php?t.png&rid=gw-4.64006f58d582e&p=908546969&k=08186&t=1677750106\" style=\"display:none\" />",
        "item_imgs": [
            {
                "url": "https://img.alicdn.com/imgextra/i3/2248304671/O1CN01su9IiV1kNMlwrnDEO_!!0-item_pic.jpg"
            },
            {
                "url": "https://img.alicdn.com/imgextra/i3/2248304671/O1CN01Yz35X91kNMfSRtcuQ_!!2248304671.jpg"
            },
            {
                "url": "https://img.alicdn.com/imgextra/i1/2248304671/O1CN01OoOtUu1kNMkvpI8mB_!!2248304671.jpg"
            },
            {
                "url": "https://img.alicdn.com/imgextra/i2/2248304671/O1CN01nRZcaX1kNMfW0s1cm_!!2248304671.jpg"
            },
            {
                "url": "https://img.alicdn.com/imgextra/i3/2248304671/O1CN01MGx0hN1kNMeYrEFBE_!!2248304671.jpg"
            }
        ],
        "item_weight": "",
        "post_fee": 0,
        "freight": "",
        "express_fee": "",
        "ems_fee": "",
        "shipping_to": "",
        "video": [],
        "sample_id": "",
        "props_name": "",
        "prop_imgs": {
            "prop_img": []
        },
        "props_imgs": {
            "prop_img": []
        },
        "property_alias": "",
        "props": [
            {
                "name": "品牌",
                "value": "L'occitane/欧舒丹"
            },
            {
                "name": "熏香工具/DIY用具单品",
                "value": "静谧松林香薰蜡烛"
            },
            {
                "name": "产地",
                "value": "法国"
            }
        ],
        "total_sold": "55",
        "skus": {
            "sku": []
        },
        "seller_id": "2248304671",
        "sales": 55,
        "shop_id": "114646595",
        "props_list": [],
        "seller_info": {
            "nick": "loccitane欧舒丹旗舰店",
            "item_score": 4.83999,
            "score_p": 4.8638,
            "delivery_score": 4.88305,
            "shop_type": "",
            "user_num_id": "2248304671",
            "sid": "114646595",
            "title": "",
            "zhuy": "https://shop114646595.taobao.com",
            "cert": null,
            "open_time": "",
            "credit_score": null,
            "shop_name": "loccitane欧舒丹旗舰店"
        },
        "tmall": true,
        "error": "",
        "location": "江苏苏州",
        "data_from": "Ha",
        "has_discount": "false",
        "is_promotion": "false",
        "promo_type": null,
        "props_img": [],
        "format_check": "ok",
        "desc_img": [
            "http://img.alicdn.com/imgextra/i1/2248304671/O1CN01ETdKcW1kNMfR9jrYg_!!2248304671.jpg",
            "http://img.alicdn.com/imgextra/i1/2248304671/O1CN01HOgQOu1kNMfRN4xhC_!!2248304671.jpg",
            "http://img.alicdn.com/imgextra/i2/2248304671/O1CN01wKJkUH1kNMfTXPOUK_!!2248304671.jpg",
            "http://img.alicdn.com/imgextra/i2/2248304671/O1CN01p70QNM1kNMm9N3MJl_!!2248304671.jpg",
            "http://img.alicdn.com/imgextra/i2/2248304671/TB2_Bnfn29TBuNjy1zbXXXpepXa-2248304671.jpg",
            "http://img.alicdn.com/imgextra/i1/2248304671/TB2YVKzmnTI8KJjSsphXXcFppXa-2248304671.jpg",
            "http://img.alicdn.com/imgextra/i4/2248304671/O1CN011kNMTYM3WafZj7e_!!2248304671.jpg"
        ],
        "shop_item": [],
        "relate_items": []
    },
    "error": "",
    "secache": "b4baf94d2dea32e3652322d9c3cd53ca",
    "secache_time": 1677750106,
    "secache_date": "2023-03-02 17:41:46",
    "translate_status": "",
    "translate_time": 0,
    "language": {
        "default_lang": "cn",
        "current_lang": "cn"
    },
    "reason": "",
    "error_code": "0000",
    "cache": 0,
    "api_info": "today: max:20000 all[=++];expires:2024-01-16",
    "execution_time": "2.085",
    "server_time": "Beijing/2023-03-02 17:41:46",
    "client_ip": "54.39.83.153",
    "call_args": {
        "num_iid": "633733048523",
        "is_promotion": "1"
    },
    "api_type": "taobao",
    "translate_language": "zh-CN",
    "translate_engine": "baidu",
    "server_memory": "0.76MB",
    "last_id": false
}