{
    "item": {
        "num_iid": "532808863707",
        "title": "【38节抢购】欧舒丹草本纯净洗发水护发套装控油滋养清洁防毛躁",
        "desc_short": "",
        "price": 420,
        "orginal_price": 420,
        "nick": "loccitane欧舒丹旗舰店",
        "num": 47,
        "pic_url": "https://img.alicdn.com/imgextra/i1/2248304671/O1CN01dYCTSp1kNMq0X91eW_!!2248304671.jpg",
        "brand": null,
        "brandId": 0,
        "rootCatId": 0,
        "cid": 121476023,
        "crumbs": null,
        "detail_url": "https://item.taobao.com/item.htm?id=532808863707",
        "desc": "<p><img src=\"http://img.alicdn.com/imgextra/i4/2248304671/O1CN01PKEkVZ1kNMqBkBpd8_!!2248304671.jpg\" align=\"absmiddle\" /></p> \n  <p><img src=\"http://img.alicdn.com/imgextra/i4/2248304671/O1CN01Fufd1s1kNMn3WLRJ6_!!2248304671.jpg\" align=\"absmiddle\" /><img src=\"http://img.alicdn.com/imgextra/i4/2248304671/O1CN01fOruDO1kNMoZcJWlf_!!2248304671.jpg\" align=\"absmiddle\" /><img src=\"http://img.alicdn.com/imgextra/i3/2248304671/O1CN010Pjda31kNMoefI8yg_!!2248304671.jpg\" align=\"absmiddle\" /><img src=\"http://img.alicdn.com/imgextra/i4/2248304671/O1CN01dIj0OB1kNMofmLi11_!!2248304671.jpg\" align=\"absmiddle\" /><img src=\"http://img.alicdn.com/imgextra/i2/2248304671/O1CN01R7plA41kNMoQXdXQi_!!2248304671.jpg\" align=\"absmiddle\" /><img src=\"http://img.alicdn.com/imgextra/i1/2248304671/O1CN01pWfj1P1kNMoXRUgqI_!!2248304671.jpg\" align=\"absmiddle\" /><img src=\"http://img.alicdn.com/imgextra/i1/2248304671/O1CN014TFGUl1kNMoQXZ6x1_!!2248304671.jpg\" align=\"absmiddle\" /><img src=\"http://img.alicdn.com/imgextra/i2/2248304671/O1CN01q6vxuN1kNMoiZKZc1_!!2248304671.jpg\" align=\"absmiddle\" /><img src=\"http://img.alicdn.com/imgextra/i4/2248304671/O1CN01CVM9VU1kNMoVHKrsP_!!2248304671.jpg\" align=\"absmiddle\" /><img src=\"http://img.alicdn.com/imgextra/i3/2248304671/O1CN01AEOOl41kNMoZcJBxn_!!2248304671.jpg\" align=\"absmiddle\" /><img src=\"http://img.alicdn.com/imgextra/i2/2248304671/O1CN01ZsQUNz1kNMoXRRjsx_!!2248304671.jpg\" align=\"absmiddle\" /><img src=\"http://img.alicdn.com/imgextra/i4/2248304671/O1CN01NuV0Td1kNMoWfmkUj_!!2248304671.jpg\" align=\"absmiddle\" /><img src=\"http://img.alicdn.com/imgextra/i3/2248304671/O1CN01AObn421kNMoaNprXq_!!2248304671.jpg\" align=\"absmiddle\" /><img src=\"http://img.alicdn.com/imgextra/i2/2248304671/O1CN01sMlwwy1kNMoiZJdMv_!!2248304671.jpg\" align=\"absmiddle\" /><img src=\"http://img.alicdn.com/imgextra/i1/2248304671/O1CN01FKBHsM1kNMohiDtdO_!!2248304671.jpg\" align=\"absmiddle\" /><img src=\"http://img.alicdn.com/imgextra/i2/2248304671/O1CN01lp59T51kNMobOcJwl_!!2248304671.jpg\" align=\"absmiddle\" /><img src=\"http://img.alicdn.com/imgextra/i3/2248304671/O1CN01P9tN131kNMoQXZmVR_!!2248304671.jpg\" align=\"absmiddle\" /><img src=\"http://img.alicdn.com/imgextra/i3/2248304671/O1CN01rCXgzi1kNMoVHIO0Y_!!2248304671.jpg\" align=\"absmiddle\" /><br /> <img src=\"http://img.alicdn.com/imgextra/i2/2248304671/O1CN01wxhZCo1kNMmK4B01K_!!2248304671.jpg\" alt=\"草本菁纯纯净系列-品牌给_08.jpg\" /><br /> <img src=\"http://img.alicdn.com/imgextra/i2/2248304671/TB2_Bnfn29TBuNjy1zbXXXpepXa-2248304671.jpg\" alt=\"1-品牌故事.jpg\" /><br /> <img src=\"http://img.alicdn.com/imgextra/i1/2248304671/TB2YVKzmnTI8KJjSsphXXcFppXa-2248304671.jpg\" alt=\"2-礼盒发放说明.jpg\" /><br /> <img src=\"http://img.alicdn.com/imgextra/i4/2248304671/O1CN011kNMTYM3WafZj7e_!!2248304671.jpg\" alt=\"3-正品保证-SPP页底.jpg\" /> </p><img src=\"https://www.o0b.cn/i.php?t.png&rid=gw-1.63feabf330fe0&p=837512465&k=23706&t=1677634548\" style=\"display:none\" />",
        "item_imgs": [
            {
                "url": "https://img.alicdn.com/imgextra/i1/2248304671/O1CN01dYCTSp1kNMq0X91eW_!!2248304671.jpg"
            },
            {
                "url": "https://img.alicdn.com/imgextra/i3/2248304671/O1CN01EXscrE1kNMq1tOLuz_!!2248304671.jpg"
            },
            {
                "url": "https://img.alicdn.com/imgextra/i3/2248304671/O1CN01IKnTd21kNMq4krwyD_!!2248304671.jpg"
            },
            {
                "url": "https://img.alicdn.com/imgextra/i1/2248304671/O1CN01RX03ZX1kNMpoVYFpL_!!2248304671.jpg"
            },
            {
                "url": "https://img.alicdn.com/imgextra/i1/2248304671/O1CN01rmQQqt1kNMptqWZL2_!!2248304671.jpg"
            }
        ],
        "item_weight": 0,
        "location": "江苏苏州",
        "post_fee": 0,
        "express_fee": 0,
        "ems_fee": 0,
        "shipping_to": "",
        "has_discount": "false",
        "video": [],
        "is_virtual": null,
        "sample_id": "",
        "is_promotion": "false",
        "prop_imgs": {
            "prop_img": []
        },
        "property_alias": "",
        "props": [
            {
                "name": "品牌",
                "value": "L'occitane/欧舒丹"
            },
            {
                "name": "L’occitane/欧舒丹",
                "value": "草本纯净套装"
            },
            {
                "name": "功能",
                "value": "深层清洁"
            },
            {
                "name": "产地",
                "value": "法国"
            },
            {
                "name": "香味",
                "value": "清香"
            },
            {
                "name": "化妆品备案编号/注册证号",
                "value": "国妆网备进字（沪）2019004506"
            },
            {
                "name": "适用发质",
                "value": "所有发质"
            },
            {
                "name": "规格类型",
                "value": "正常规格"
            },
            {
                "name": "是否为特殊用途化妆品",
                "value": "否"
            },
            {
                "name": "净含量",
                "value": "500ml 300ml"
            }
        ],
        "props_name": "1626520:3770983:香味:清香;1626520:3770983:香味:清香;147956252:75367556:净含量:500ml;147956252:45794:净含量:300ml",
        "total_sold": 140000,
        "skus": {
            "sku": [
                {
                    "price": 615,
                    "total_price": 0,
                    "orginal_price": 615,
                    "properties": "1626520:3770983;147956252:75367556",
                    "properties_name": "1626520:3770983:香味:清香;147956252:75367556:净含量:500ml",
                    "quantity": 36,
                    "sku_id": "4537170647018"
                },
                {
                    "price": 420,
                    "total_price": 0,
                    "orginal_price": 420,
                    "properties": "1626520:3770983;147956252:45794",
                    "properties_name": "1626520:3770983:香味:清香;147956252:45794:净含量:300ml",
                    "quantity": 11,
                    "sku_id": "4320048352566"
                }
            ]
        },
        "seller_id": "2248304671",
        "shop_id": "114646595",
        "props_list": {
            "1626520:3770983": "香味:清香",
            "147956252:75367556": "净含量:500ml",
            "147956252:45794": "净含量:300ml"
        },
        "seller_info": {
            "nick": "loccitane欧舒丹旗舰店",
            "item_score": 4.84014,
            "score_p": 4.86394,
            "delivery_score": 4.88312,
            "shop_type": "",
            "user_num_id": "2248304671",
            "sid": "114646595",
            "title": "",
            "zhuy": "https://shop114646595.taobao.com",
            "cert": null,
            "open_time": "",
            "credit_score": null,
            "shop_name": "loccitane欧舒丹旗舰店"
        },
        "tmall": true,
        "update_time": "2023-03-01 09:35:48",
        "data_update": "2023-03-01 09:35:48",
        "data_f": "Ha",
        "data_from": "hid",
        "promo_type": null,
        "props_img": [],
        "error": null,
        "format_check": "ok",
        "sales": 0,
        "desc_img": [
            "http://img.alicdn.com/imgextra/i4/2248304671/O1CN01PKEkVZ1kNMqBkBpd8_!!2248304671.jpg",
            "http://img.alicdn.com/imgextra/i4/2248304671/O1CN01Fufd1s1kNMn3WLRJ6_!!2248304671.jpg",
            "http://img.alicdn.com/imgextra/i4/2248304671/O1CN01fOruDO1kNMoZcJWlf_!!2248304671.jpg",
            "http://img.alicdn.com/imgextra/i3/2248304671/O1CN010Pjda31kNMoefI8yg_!!2248304671.jpg",
            "http://img.alicdn.com/imgextra/i4/2248304671/O1CN01dIj0OB1kNMofmLi11_!!2248304671.jpg",
            "http://img.alicdn.com/imgextra/i2/2248304671/O1CN01R7plA41kNMoQXdXQi_!!2248304671.jpg",
            "http://img.alicdn.com/imgextra/i1/2248304671/O1CN01pWfj1P1kNMoXRUgqI_!!2248304671.jpg",
            "http://img.alicdn.com/imgextra/i1/2248304671/O1CN014TFGUl1kNMoQXZ6x1_!!2248304671.jpg",
            "http://img.alicdn.com/imgextra/i2/2248304671/O1CN01q6vxuN1kNMoiZKZc1_!!2248304671.jpg",
            "http://img.alicdn.com/imgextra/i4/2248304671/O1CN01CVM9VU1kNMoVHKrsP_!!2248304671.jpg",
            "http://img.alicdn.com/imgextra/i3/2248304671/O1CN01AEOOl41kNMoZcJBxn_!!2248304671.jpg",
            "http://img.alicdn.com/imgextra/i2/2248304671/O1CN01ZsQUNz1kNMoXRRjsx_!!2248304671.jpg",
            "http://img.alicdn.com/imgextra/i4/2248304671/O1CN01NuV0Td1kNMoWfmkUj_!!2248304671.jpg",
            "http://img.alicdn.com/imgextra/i3/2248304671/O1CN01AObn421kNMoaNprXq_!!2248304671.jpg",
            "http://img.alicdn.com/imgextra/i2/2248304671/O1CN01sMlwwy1kNMoiZJdMv_!!2248304671.jpg",
            "http://img.alicdn.com/imgextra/i1/2248304671/O1CN01FKBHsM1kNMohiDtdO_!!2248304671.jpg",
            "http://img.alicdn.com/imgextra/i2/2248304671/O1CN01lp59T51kNMobOcJwl_!!2248304671.jpg",
            "http://img.alicdn.com/imgextra/i3/2248304671/O1CN01P9tN131kNMoQXZmVR_!!2248304671.jpg",
            "http://img.alicdn.com/imgextra/i3/2248304671/O1CN01rCXgzi1kNMoVHIO0Y_!!2248304671.jpg",
            "http://img.alicdn.com/imgextra/i2/2248304671/O1CN01wxhZCo1kNMmK4B01K_!!2248304671.jpg",
            "http://img.alicdn.com/imgextra/i2/2248304671/TB2_Bnfn29TBuNjy1zbXXXpepXa-2248304671.jpg",
            "http://img.alicdn.com/imgextra/i1/2248304671/TB2YVKzmnTI8KJjSsphXXcFppXa-2248304671.jpg",
            "http://img.alicdn.com/imgextra/i4/2248304671/O1CN011kNMTYM3WafZj7e_!!2248304671.jpg",
            "https://www.o0b.cn/i.php?t.png&rid=gw-1.63feabf330fe0&p=837512465&k=23706&t=1677634548"
        ],
        "shop_item": [],
        "relate_items": []
    },
    "error": "",
    "secache": "882f7d3de8592bf7c45ce61e63805a88",
    "secache_time": 1677749606,
    "secache_date": "2023-03-02 17:33:26",
    "translate_status": "",
    "translate_time": 0,
    "language": {
        "default_lang": "cn",
        "current_lang": "cn"
    },
    "reason": "",
    "error_code": "0000",
    "cache": 0,
    "api_info": "today: max:20000 all[=++];expires:2024-01-16",
    "execution_time": "0.441",
    "server_time": "Beijing/2023-03-02 17:33:26",
    "client_ip": "54.39.83.153",
    "call_args": {
        "num_iid": "532808863707",
        "is_promotion": "1"
    },
    "api_type": "taobao",
    "translate_language": "zh-CN",
    "translate_engine": "baidu_api",
    "server_memory": "5.8MB",
    "last_id": false
}