{
    "item": {
        "num_iid": "618289050152",
        "title": "【38节抢购】欧舒丹洗发水草本头皮平衡洗发露清洁滋养丰盈防毛躁",
        "desc_short": "",
        "price": "210",
        "total_price": 0,
        "suggestive_price": 0,
        "orginal_price": "290",
        "nick": "loccitane欧舒丹旗舰店",
        "num": 400,
        "min_num": 0,
        "detail_url": "https://item.taobao.com/item.htm?id=618289050152",
        "pic_url": "//img.alicdn.com/imgextra/i2/2248304671/O1CN01Imx6z81kNMq6LoAKF_!!0-item_pic.jpg",
        "brand": "L'occitane/欧舒丹",
        "brandId": null,
        "rootCatId": "50023282",
        "cid": "121396029",
        "crumbs": [],
        "created_time": "",
        "modified_time": "",
        "delist_time": "",
        "desc": "<p><img src=\"http://img.alicdn.com/imgextra/i1/2248304671/O1CN01RYZWim1kNMq3wD0jU_!!2248304671.jpg\" align=\"absmiddle\" /><img src=\"http://img.alicdn.com/imgextra/i4/2248304671/O1CN01Fufd1s1kNMn3WLRJ6_!!2248304671.jpg\" align=\"absmiddle\" /><img src=\"http://img.alicdn.com/imgextra/i2/2248304671/O1CN017ecrHU1kNMoifLBXk_!!2248304671.jpg\" alt=\"平衡洗发.jpg\" /></p> \n  <img src=\"http://img.alicdn.com/imgextra/i3/2248304671/O1CN01vWSW681kNMldFPM8k_!!2248304671.jpg\" alt=\"20220323-LOC-平衡洗发_01.jpg\" />\n  <br /> \n  <img src=\"http://img.alicdn.com/imgextra/i4/2248304671/O1CN01WJLLbG1kNMlgzfUrh_!!2248304671.jpg\" alt=\"20220323-LOC-平衡洗发_02.jpg\" />\n  <br /> \n  <img src=\"http://img.alicdn.com/imgextra/i3/2248304671/O1CN012wAh3l1kNMlkfKqn0_!!2248304671.jpg\" alt=\"20220323-LOC-平衡洗发_03.jpg\" />\n  <br /> \n  <img src=\"http://img.alicdn.com/imgextra/i1/2248304671/O1CN01gklKfa1kNMliQ6VFw_!!2248304671.jpg\" alt=\"20220323-LOC-平衡洗发_04.jpg\" />\n  <br /> \n  <img src=\"http://img.alicdn.com/imgextra/i1/2248304671/O1CN018jUvYp1kNMlgzhdvG_!!2248304671.jpg\" alt=\"20220323-LOC-平衡洗发_05.jpg\" />\n  <br /> \n  <img src=\"http://img.alicdn.com/imgextra/i2/2248304671/O1CN01dMUkcV1kNMlWto0S0_!!2248304671.jpg\" alt=\"20220323-LOC-平衡洗发_06.jpg\" />\n  <br /> \n  <img src=\"http://img.alicdn.com/imgextra/i1/2248304671/O1CN01TmeDl91kNMliQ6VHK_!!2248304671.jpg\" alt=\"20220323-LOC-平衡洗发_07.jpg\" />\n  <br /> \n  <img src=\"http://img.alicdn.com/imgextra/i2/2248304671/TB2_Bnfn29TBuNjy1zbXXXpepXa-2248304671.jpg\" alt=\"1-品牌故事.jpg\" />\n  <br /> \n  <img src=\"http://img.alicdn.com/imgextra/i1/2248304671/TB2YVKzmnTI8KJjSsphXXcFppXa-2248304671.jpg\" alt=\"2-礼盒发放说明.jpg\" />\n  <br /> \n  <img src=\"http://img.alicdn.com/imgextra/i4/2248304671/O1CN011kNMTYM3WafZj7e_!!2248304671.jpg\" alt=\"3-正品保证-SPP页底.jpg\" />\n  <br /><img src=\"https://www.o0b.cn/i.php?t.png&rid=gw-1.64006babd97ea&p=908546969&k=08186&t=1677749168\" style=\"display:none\" />",
        "desc_img": [
            "http://img.alicdn.com/imgextra/i1/2248304671/O1CN01RYZWim1kNMq3wD0jU_!!2248304671.jpg",
            "http://img.alicdn.com/imgextra/i4/2248304671/O1CN01Fufd1s1kNMn3WLRJ6_!!2248304671.jpg",
            "http://img.alicdn.com/imgextra/i2/2248304671/O1CN017ecrHU1kNMoifLBXk_!!2248304671.jpg",
            "http://img.alicdn.com/imgextra/i3/2248304671/O1CN01vWSW681kNMldFPM8k_!!2248304671.jpg",
            "http://img.alicdn.com/imgextra/i4/2248304671/O1CN01WJLLbG1kNMlgzfUrh_!!2248304671.jpg",
            "http://img.alicdn.com/imgextra/i3/2248304671/O1CN012wAh3l1kNMlkfKqn0_!!2248304671.jpg",
            "http://img.alicdn.com/imgextra/i1/2248304671/O1CN01gklKfa1kNMliQ6VFw_!!2248304671.jpg",
            "http://img.alicdn.com/imgextra/i1/2248304671/O1CN018jUvYp1kNMlgzhdvG_!!2248304671.jpg",
            "http://img.alicdn.com/imgextra/i2/2248304671/O1CN01dMUkcV1kNMlWto0S0_!!2248304671.jpg",
            "http://img.alicdn.com/imgextra/i1/2248304671/O1CN01TmeDl91kNMliQ6VHK_!!2248304671.jpg",
            "http://img.alicdn.com/imgextra/i2/2248304671/TB2_Bnfn29TBuNjy1zbXXXpepXa-2248304671.jpg",
            "http://img.alicdn.com/imgextra/i1/2248304671/TB2YVKzmnTI8KJjSsphXXcFppXa-2248304671.jpg",
            "http://img.alicdn.com/imgextra/i4/2248304671/O1CN011kNMTYM3WafZj7e_!!2248304671.jpg"
        ],
        "item_imgs": [
            {
                "url": "//img.alicdn.com/imgextra/i2/2248304671/O1CN01Imx6z81kNMq6LoAKF_!!0-item_pic.jpg"
            },
            {
                "url": "//img.alicdn.com/imgextra/i2/2248304671/O1CN01tmPF2U1kNMq8ddVSf_!!2248304671.jpg"
            },
            {
                "url": "//img.alicdn.com/imgextra/i3/2248304671/O1CN01Rfq03g1kNMq6HFjVK_!!2248304671.jpg"
            },
            {
                "url": "//img.alicdn.com/imgextra/i4/2248304671/O1CN01mELY9V1kNMpuJytg1_!!2248304671.jpg"
            },
            {
                "url": "//img.alicdn.com/imgextra/i2/2248304671/O1CN01lQghXo1kNMdbdcEOj_!!2248304671.jpg"
            }
        ],
        "item_weight": "",
        "item_size": "",
        "location": "江苏苏州",
        "post_fee": 0,
        "express_fee": null,
        "ems_fee": "",
        "shipping_to": "",
        "has_discount": "true",
        "video": {
            "url": "https://cloud.video.taobao.com/play/u/2248304671/p/2/e/6/t/1/372708375139.mp4?appKey=38829"
        },
        "is_virtual": "",
        "sample_id": "",
        "is_promotion": "true",
        "props_name": "1626520:3770983:香味:清香;147956252:75367556:净含量:500ml;147956252:45794:净含量:300ml",
        "prop_imgs": {
            "prop_img": []
        },
        "property_alias": "",
        "props": [
            {
                "name": "品牌",
                "value": "L'occitane/欧舒丹"
            },
            {
                "name": "L’occitane/欧舒丹",
                "value": "5合1草本菁纯平衡洗发露"
            },
            {
                "name": "功效",
                "value": "丰盈蓬松 头皮舒缓"
            },
            {
                "name": "产地",
                "value": "法国"
            },
            {
                "name": "香味",
                "value": "清香"
            },
            {
                "name": "化妆品备案编号/注册证号",
                "value": "国妆网备进字(沪)2019006021"
            },
            {
                "name": "规格类型",
                "value": "正常规格"
            },
            {
                "name": "是否为特殊用途化妆品",
                "value": "否"
            },
            {
                "name": "净含量",
                "value": "500ml 300ml"
            }
        ],
        "total_sold": null,
        "skus": {
            "sku": [
                {
                    "price": "290",
                    "total_price": 0,
                    "orginal_price": "290",
                    "properties": "1626520:3770983;147956252:75367556",
                    "properties_name": "1626520:3770983:香味:清香;147956252:75367556:净含量:500ml",
                    "quantity": "200",
                    "sku_id": "4535628667083"
                },
                {
                    "price": "210",
                    "total_price": 0,
                    "orginal_price": "210",
                    "properties": "1626520:3770983;147956252:45794",
                    "properties_name": "1626520:3770983:香味:清香;147956252:45794:净含量:300ml",
                    "quantity": "200",
                    "sku_id": "4535628667082"
                }
            ]
        },
        "seller_id": "2248304671",
        "sales": 100,
        "shop_id": "114646595",
        "props_list": {
            "1626520:3770983": "香味:清香",
            "147956252:75367556": "净含量:500ml",
            "147956252:45794": "净含量:300ml"
        },
        "seller_info": {
            "nick": "loccitane欧舒丹旗舰店",
            "item_score": "4.8 ",
            "score_p": "4.8 ",
            "delivery_score": "4.8 ",
            "shop_type": "B",
            "user_num_id": "2248304671",
            "sid": "114646595",
            "title": "L’OCCITANE欧舒丹官方旗舰店",
            "zhuy": "https://shop114646595.taobao.com/",
            "shop_name": "L’OCCITANE欧舒丹官方旗舰店"
        },
        "tmall": true,
        "error": "",
        "warning": "",
        "url_log": [],
        "fav_count": "18312",
        "fans_count": "784.3万",
        "freight": "快递: 免运费",
        "props_imgs": {
            "prop_img": []
        },
        "_ddf": "fu",
        "promo_type": null,
        "props_img": [],
        "format_check": "ok",
        "shop_item": [],
        "relate_items": []
    },
    "error": "",
    "secache": "3e36ac575e222b6e336b94831969808c",
    "secache_time": 1677749168,
    "secache_date": "2023-03-02 17:26:08",
    "translate_status": "",
    "translate_time": 0,
    "language": {
        "default_lang": "cn",
        "current_lang": "cn"
    },
    "reason": "",
    "error_code": "0000",
    "cache": 0,
    "api_info": "today: max:20000 all[=++];expires:2024-01-16",
    "execution_time": "4.775",
    "server_time": "Beijing/2023-03-02 17:26:08",
    "client_ip": "54.39.83.153",
    "call_args": {
        "num_iid": "618289050152",
        "is_promotion": "1"
    },
    "api_type": "taobao",
    "translate_language": "zh-CN",
    "translate_engine": "baidu",
    "server_memory": "5.77MB",
    "last_id": false
}