{
    "item": {
        "num_iid": "626974667226",
        "title": "【38节抢购】欧舒丹护手霜乳木果手霜男女滋润保湿留香不油腻手膜",
        "desc_short": "",
        "price": 185,
        "total_price": "",
        "suggestive_price": "",
        "orginal_price": 185,
        "nick": "loccitane欧舒丹旗舰店",
        "num": 200,
        "detail_url": "https://item.taobao.com/item.htm?id=626974667226",
        "pic_url": "https://img.alicdn.com/imgextra/i3/2248304671/O1CN01a7SLzg1kNMq8iNHsG_!!0-item_pic.jpg",
        "brand": null,
        "brandId": "",
        "rootCatId": "",
        "cid": 121484012,
        "desc": "<p>&nbsp;<img src=\"http://img.alicdn.com/imgextra/i4/2248304671/O1CN01RZjEME1kNMq6fZqVC_!!2248304671.jpg\" align=\"absmiddle\" /><img src=\"http://img.alicdn.com/imgextra/i2/2248304671/O1CN01zuPddW1kNMnkLpKtL_!!2248304671.jpg\" alt=\"20220901-乳木果大手详情页_01.jpg\" /><br /> <img src=\"http://img.alicdn.com/imgextra/i1/2248304671/O1CN01snd4HK1kNMnmOcueF_!!2248304671.jpg\" alt=\"20220901-乳木果大手详情页_02.jpg\" /><br /> <img src=\"http://img.alicdn.com/imgextra/i2/2248304671/O1CN01htDt3Y1kNMnmOdW2W_!!2248304671.jpg\" alt=\"20220901-乳木果大手详情页_03.jpg\" /><br /> <img src=\"http://img.alicdn.com/imgextra/i1/2248304671/O1CN01DukgyO1kNMnZSkIhc_!!2248304671.jpg\" alt=\"20220901-乳木果大手详情页_04.jpg\" /><br /> <img src=\"http://img.alicdn.com/imgextra/i3/2248304671/O1CN01gE0wmr1kNMngFIqfq_!!2248304671.jpg\" alt=\"20220901-乳木果大手详情页_05.jpg\" /><br /> <img src=\"http://img.alicdn.com/imgextra/i4/2248304671/O1CN01Du69KH1kNMnnDkfDo_!!2248304671.jpg\" alt=\"20220901-乳木果大手详情页_06.jpg\" /><br /> <img src=\"http://img.alicdn.com/imgextra/i4/2248304671/O1CN01aCgHnh1kNMmITMWZf_!!2248304671.jpg\" alt=\"乳木果手霜标签.jpg\" /><br /> <img src=\"http://img.alicdn.com/imgextra/i1/2248304671/TB2YVKzmnTI8KJjSsphXXcFppXa-2248304671.jpg\" align=\"absmiddle\" /><img src=\"http://img.alicdn.com/imgextra/i4/2248304671/O1CN011kNMTYM3WafZj7e_!!2248304671.jpg\" align=\"absmiddle\" /> </p> \n  <p>&nbsp;</p><img src=\"https://www.o0b.cn/i.php?t.png&rid=gw-4.64006d77e8e12&p=908546969&k=08186&t=1677749626\" style=\"display:none\" />",
        "item_imgs": [
            {
                "url": "https://img.alicdn.com/imgextra/i3/2248304671/O1CN01a7SLzg1kNMq8iNHsG_!!0-item_pic.jpg"
            },
            {
                "url": "https://img.alicdn.com/imgextra/i1/2248304671/O1CN01jBemY51kNMqB2HO60_!!2248304671.jpg"
            },
            {
                "url": "https://img.alicdn.com/imgextra/i3/2248304671/O1CN01Rfq03g1kNMq6HFjVK_!!2248304671.jpg"
            },
            {
                "url": "https://img.alicdn.com/imgextra/i3/2248304671/O1CN013nXdPG1kNMkd4akog_!!2248304671.jpg"
            },
            {
                "url": "https://img.alicdn.com/imgextra/i2/2248304671/O1CN01V4vPiq1kNMig02vre_!!2248304671.jpg"
            }
        ],
        "item_weight": "",
        "post_fee": 0,
        "freight": "",
        "express_fee": "",
        "ems_fee": "",
        "shipping_to": "",
        "video": [],
        "sample_id": "",
        "props_name": "147956252:45684:净含量:150ml;147956252:75366245:净含量:75ml",
        "prop_imgs": {
            "prop_img": []
        },
        "props_imgs": {
            "prop_img": []
        },
        "property_alias": "",
        "props": [
            {
                "name": "品牌",
                "value": "L'occitane/欧舒丹"
            },
            {
                "name": "欧舒丹系列",
                "value": "乳木果手霜套装"
            },
            {
                "name": "产地",
                "value": "法国"
            },
            {
                "name": "化妆品备案编号/注册证号",
                "value": "国妆网备进字（沪）2021500883"
            },
            {
                "name": "适合肤质",
                "value": "任何肤质"
            },
            {
                "name": "功效",
                "value": "补水 滋润"
            },
            {
                "name": "规格类型",
                "value": "正常规格"
            },
            {
                "name": "是否为特殊用途化妆品",
                "value": "否"
            },
            {
                "name": "净含量",
                "value": "150ml 75ml"
            },
            {
                "name": "产品类别",
                "value": "普通类"
            },
            {
                "name": "限期使用日期范围",
                "value": "2024-07-01至2025-06-01"
            }
        ],
        "total_sold": "-1",
        "skus": {
            "sku": [
                {
                    "price": 245,
                    "total_price": 0,
                    "orginal_price": 245,
                    "properties": "147956252:45684",
                    "properties_name": "147956252:45684:净含量:150ml",
                    "quantity": 200,
                    "sku_id": "4892374513587"
                },
                {
                    "price": 185,
                    "total_price": 0,
                    "orginal_price": 185,
                    "properties": "147956252:75366245",
                    "properties_name": "147956252:75366245:净含量:75ml",
                    "quantity": 200,
                    "sku_id": "4892374513588"
                }
            ]
        },
        "seller_id": "2248304671",
        "sales": 800,
        "shop_id": "114646595",
        "props_list": {
            "147956252:45684": "净含量:150ml",
            "147956252:75366245": "净含量:75ml"
        },
        "seller_info": {
            "nick": "loccitane欧舒丹旗舰店",
            "item_score": 4.83999,
            "score_p": 4.8638,
            "delivery_score": 4.88305,
            "shop_type": "",
            "user_num_id": "2248304671",
            "sid": "114646595",
            "title": "",
            "zhuy": "https://shop114646595.taobao.com",
            "cert": null,
            "open_time": "",
            "credit_score": null,
            "shop_name": "loccitane欧舒丹旗舰店"
        },
        "tmall": true,
        "error": "",
        "location": "江苏苏州",
        "data_from": "Ha",
        "has_discount": "false",
        "is_promotion": "false",
        "promo_type": null,
        "props_img": [],
        "format_check": "ok",
        "desc_img": [
            "http://img.alicdn.com/imgextra/i4/2248304671/O1CN01RZjEME1kNMq6fZqVC_!!2248304671.jpg",
            "http://img.alicdn.com/imgextra/i2/2248304671/O1CN01zuPddW1kNMnkLpKtL_!!2248304671.jpg",
            "http://img.alicdn.com/imgextra/i1/2248304671/O1CN01snd4HK1kNMnmOcueF_!!2248304671.jpg",
            "http://img.alicdn.com/imgextra/i2/2248304671/O1CN01htDt3Y1kNMnmOdW2W_!!2248304671.jpg",
            "http://img.alicdn.com/imgextra/i1/2248304671/O1CN01DukgyO1kNMnZSkIhc_!!2248304671.jpg",
            "http://img.alicdn.com/imgextra/i3/2248304671/O1CN01gE0wmr1kNMngFIqfq_!!2248304671.jpg",
            "http://img.alicdn.com/imgextra/i4/2248304671/O1CN01Du69KH1kNMnnDkfDo_!!2248304671.jpg",
            "http://img.alicdn.com/imgextra/i4/2248304671/O1CN01aCgHnh1kNMmITMWZf_!!2248304671.jpg",
            "http://img.alicdn.com/imgextra/i1/2248304671/TB2YVKzmnTI8KJjSsphXXcFppXa-2248304671.jpg",
            "http://img.alicdn.com/imgextra/i4/2248304671/O1CN011kNMTYM3WafZj7e_!!2248304671.jpg"
        ],
        "shop_item": [],
        "relate_items": []
    },
    "error": "",
    "secache": "05df2afeebf068b669c3c89332f8ab14",
    "secache_time": 1677749626,
    "secache_date": "2023-03-02 17:33:46",
    "translate_status": "",
    "translate_time": 0,
    "language": {
        "default_lang": "cn",
        "current_lang": "cn"
    },
    "reason": "",
    "error_code": "0000",
    "cache": 0,
    "api_info": "today: max:20000 all[=++];expires:2024-01-16",
    "execution_time": "3.041",
    "server_time": "Beijing/2023-03-02 17:33:46",
    "client_ip": "54.39.83.153",
    "call_args": {
        "num_iid": "626974667226",
        "is_promotion": "1"
    },
    "api_type": "taobao",
    "translate_language": "zh-CN",
    "translate_engine": "baidu",
    "server_memory": "0.78MB",
    "last_id": false
}