{
    "item": {
        "num_iid": "557252083614",
        "title": "【38节抢购】欧舒丹赋颜御龄小金瓶黄腊菊洁面乳保湿补水洗面奶",
        "desc_short": "",
        "price": "340",
        "orginal_price": "340",
        "nick": "loccitane欧舒丹旗舰店",
        "num": 51,
        "pic_url": "//img.alicdn.com/imgextra/i4/2248304671/O1CN01Lt7nEm1kNMq7wmnHU_!!0-item_pic.jpg",
        "brand": "L'occitane/欧舒丹",
        "brandId": 0,
        "rootCatId": "1801",
        "cid": "50011977",
        "crumbs": [],
        "detail_url": "https://item.taobao.com/item.htm?id=557252083614",
        "desc": "<img class=\"desc_anchor\" id=\"desc-module-1\" src=\"http://assets.alicdn.com/kissy/1.0.0/build/imglazyload/spaceball.gif\" />\n  <table border=\"0\" cellpadding=\"0\" cellspacing=\"0\" width=\"790\"> \n   <tbody>\n    <tr> \n     <td> <p>此链接产品新旧版本替换，新版本批准文号：</p> <p>国妆网备进字（沪）2020008663</p> </td> \n    </tr> \n   </tbody>\n  </table> \n  <p><br /> <img src=\"http://img.alicdn.com/imgextra/i3/2248304671/O1CN01y4WYdr1kNMlq7icre_!!2248304671.jpg\" align=\"absmiddle\" /><img src=\"http://img.alicdn.com/imgextra/i2/2248304671/O1CN01SOGyhI1kNMlqtGy2Z_!!2248304671.jpg\" align=\"absmiddle\" /><img src=\"http://img.alicdn.com/imgextra/i3/2248304671/O1CN01ebMD0p1kNMlowzfte_!!2248304671.jpg\" align=\"absmiddle\" /><img src=\"http://img.alicdn.com/imgextra/i4/2248304671/O1CN019P6T8K1kNMlhncrph_!!2248304671.jpg\" align=\"absmiddle\" /><img src=\"http://img.alicdn.com/imgextra/i4/2248304671/O1CN01aVJKGr1kNMleqjWlb_!!2248304671.jpg\" align=\"absmiddle\" /><img src=\"http://img.alicdn.com/imgextra/i3/2248304671/O1CN018ILfMF1kNMlmzq06i_!!2248304671.jpg\" align=\"absmiddle\" /><img src=\"http://img.alicdn.com/imgextra/i2/2248304671/O1CN01b817PG1kNMlfX8NeT_!!2248304671.jpg\" align=\"absmiddle\" /><img src=\"http://img.alicdn.com/imgextra/i1/2248304671/O1CN01M0faKg1kNMlq7ixfM_!!2248304671.jpg\" align=\"absmiddle\" /><img src=\"http://img.alicdn.com/imgextra/i1/2248304671/O1CN01iqV0Hp1kNMl47HTL0_!!2248304671.jpg\" align=\"absmiddle\" /></p> \n  <p>&nbsp;</p>\n  <img class=\"desc_anchor\" id=\"desc-module-2\" src=\"http://assets.alicdn.com/kissy/1.0.0/build/imglazyload/spaceball.gif\" />\n  <p><img alt=\"礼盒发放说明.jpg\" src=\"http://img.alicdn.com/imgextra/i1/2248304671/TB2YVKzmnTI8KJjSsphXXcFppXa-2248304671.jpg\" /><img src=\"http://img.alicdn.com/imgextra/i4/2248304671/O1CN011kNMTYM3WafZj7e_!!2248304671.jpg\" align=\"absmiddle\" /> </p><img src=\"https://www.o0b.cn/i.php?t.png&rid=gw-3.63feac37aee06&p=837512465&k=23706&t=1677634618\" style=\"display:none\" />",
        "item_imgs": [
            {
                "url": "//img.alicdn.com/imgextra/i4/2248304671/O1CN01Lt7nEm1kNMq7wmnHU_!!0-item_pic.jpg"
            },
            {
                "url": "//img.alicdn.com/imgextra/i3/2248304671/O1CN012Yj1RX1kNMleqq9dn_!!2248304671.jpg"
            },
            {
                "url": "//img.alicdn.com/imgextra/i3/2248304671/O1CN01Rfq03g1kNMq6HFjVK_!!2248304671.jpg"
            },
            {
                "url": "//img.alicdn.com/imgextra/i1/2248304671/O1CN01TNAbG71kNMllNqCgI_!!2248304671.jpg"
            },
            {
                "url": "//img.alicdn.com/imgextra/i4/2248304671/O1CN01I4m8dk1kNMm7j1NPb_!!2248304671.jpg"
            }
        ],
        "item_weight": 0,
        "location": "江苏苏州",
        "post_fee": 0,
        "express_fee": 0,
        "ems_fee": 0,
        "shipping_to": "",
        "has_discount": "false",
        "video": {
            "url": null
        },
        "is_virtual": "",
        "sample_id": "",
        "is_promotion": "false",
        "prop_imgs": {
            "prop_img": []
        },
        "property_alias": "",
        "props": [
            {
                "name": "品牌",
                "value": "L'occitane/欧舒丹"
            },
            {
                "name": "欧舒丹系列",
                "value": "赋颜御龄洁面乳"
            },
            {
                "name": "产地",
                "value": "法国"
            },
            {
                "name": "洁面分类",
                "value": "洁肤乳"
            },
            {
                "name": "化妆品备案编号/注册证号",
                "value": "国妆备进字J20175351"
            },
            {
                "name": "适合肤质",
                "value": "任何肤质"
            },
            {
                "name": "起泡程度",
                "value": "泡沫"
            },
            {
                "name": "规格类型",
                "value": "正常规格"
            },
            {
                "name": "是否为特殊用途化妆品",
                "value": "否"
            },
            {
                "name": "净含量",
                "value": "125ml"
            },
            {
                "name": "限期使用日期范围",
                "value": "2024-10-01至2025-03-01"
            },
            {
                "name": "保质期",
                "value": "3年"
            }
        ],
        "props_name": "147956252:75372088:净含量:125ml",
        "total_sold": 44,
        "skus": {
            "sku": [
                {
                    "price": "340",
                    "total_price": 0,
                    "orginal_price": "340",
                    "properties": "147956252:75372088",
                    "properties_name": "147956252:75372088:净含量:125ml",
                    "quantity": "51",
                    "sku_id": "3452170104615"
                }
            ]
        },
        "seller_id": "2248304671",
        "shop_id": "114646595",
        "props_list": {
            "147956252:75372088": "净含量:125ml"
        },
        "seller_info": {
            "nick": "loccitane欧舒丹旗舰店",
            "item_score": "4.8 ",
            "score_p": "4.8 ",
            "delivery_score": "4.8 ",
            "shop_type": "B",
            "user_num_id": "2248304671",
            "sid": "114646595",
            "title": "L’OCCITANE欧舒丹官方旗舰店",
            "zhuy": "https://shop114646595.taobao.com/",
            "shop_name": "L’OCCITANE欧舒丹官方旗舰店"
        },
        "tmall": true,
        "update_time": "2023-03-01 09:36:58",
        "data_update": "2023-03-01 09:36:58",
        "data_f": "fu",
        "data_from": "hid",
        "promo_type": null,
        "props_img": [],
        "error": null,
        "format_check": "ok",
        "sales": 0,
        "desc_img": [
            "http://assets.alicdn.com/kissy/1.0.0/build/imglazyload/spaceball.gif",
            "http://img.alicdn.com/imgextra/i3/2248304671/O1CN01y4WYdr1kNMlq7icre_!!2248304671.jpg",
            "http://img.alicdn.com/imgextra/i2/2248304671/O1CN01SOGyhI1kNMlqtGy2Z_!!2248304671.jpg",
            "http://img.alicdn.com/imgextra/i3/2248304671/O1CN01ebMD0p1kNMlowzfte_!!2248304671.jpg",
            "http://img.alicdn.com/imgextra/i4/2248304671/O1CN019P6T8K1kNMlhncrph_!!2248304671.jpg",
            "http://img.alicdn.com/imgextra/i4/2248304671/O1CN01aVJKGr1kNMleqjWlb_!!2248304671.jpg",
            "http://img.alicdn.com/imgextra/i3/2248304671/O1CN018ILfMF1kNMlmzq06i_!!2248304671.jpg",
            "http://img.alicdn.com/imgextra/i2/2248304671/O1CN01b817PG1kNMlfX8NeT_!!2248304671.jpg",
            "http://img.alicdn.com/imgextra/i1/2248304671/O1CN01M0faKg1kNMlq7ixfM_!!2248304671.jpg",
            "http://img.alicdn.com/imgextra/i1/2248304671/O1CN01iqV0Hp1kNMl47HTL0_!!2248304671.jpg",
            "http://assets.alicdn.com/kissy/1.0.0/build/imglazyload/spaceball.gif",
            "http://img.alicdn.com/imgextra/i1/2248304671/TB2YVKzmnTI8KJjSsphXXcFppXa-2248304671.jpg",
            "http://img.alicdn.com/imgextra/i4/2248304671/O1CN011kNMTYM3WafZj7e_!!2248304671.jpg",
            "https://www.o0b.cn/i.php?t.png&rid=gw-3.63feac37aee06&p=837512465&k=23706&t=1677634618"
        ],
        "shop_item": [],
        "relate_items": []
    },
    "error": "",
    "secache": "9b9fd8d411ba0a8836abd9c0e8ef5737",
    "secache_time": 1677749820,
    "secache_date": "2023-03-02 17:37:00",
    "translate_status": "",
    "translate_time": 0,
    "language": {
        "default_lang": "cn",
        "current_lang": "cn"
    },
    "reason": "",
    "error_code": "0000",
    "cache": 0,
    "api_info": "today: max:20000 all[=++];expires:2024-01-16",
    "execution_time": "0.268",
    "server_time": "Beijing/2023-03-02 17:37:00",
    "client_ip": "54.39.83.153",
    "call_args": {
        "num_iid": "557252083614",
        "is_promotion": "1"
    },
    "api_type": "taobao",
    "translate_language": "zh-CN",
    "translate_engine": "baidu_api",
    "server_memory": "5.79MB",
    "last_id": false
}