{
    "item": {
        "num_iid": "650208043617",
        "title": "【38节抢购】欧舒丹身体乳云中月桂香氛桂花润肤露男女补水保湿",
        "desc_short": "",
        "price": "260",
        "total_price": 0,
        "suggestive_price": 0,
        "orginal_price": "260",
        "nick": "loccitane欧舒丹旗舰店",
        "num": 200,
        "min_num": 0,
        "detail_url": "https://item.taobao.com/item.htm?id=650208043617",
        "pic_url": "//img.alicdn.com/imgextra/i4/2248304671/O1CN01b8Ijuu1kNMq4smm7S_!!0-item_pic.jpg",
        "brand": "L'occitane/欧舒丹",
        "brandId": null,
        "rootCatId": "1801",
        "cid": "121396013",
        "crumbs": [],
        "created_time": "",
        "modified_time": "",
        "delist_time": "",
        "desc": "<p>&nbsp;</p> \n  <p><img src=\"http://img.alicdn.com/imgextra/i1/2248304671/O1CN016AMMU01kNMiMTi6wW_!!2248304671.jpg\" align=\"absmiddle\" /><img src=\"http://img.alicdn.com/imgextra/i2/2248304671/O1CN01iCjyNA1kNMidTB6Ug_!!2248304671.jpg\" align=\"absmiddle\" /><img src=\"http://img.alicdn.com/imgextra/i2/2248304671/O1CN01lwEVeA1kNMiNuxfQg_!!2248304671.jpg\" align=\"absmiddle\" /><img src=\"http://img.alicdn.com/imgextra/i1/2248304671/O1CN01q8Uj3D1kNMiLB8ZH6_!!2248304671.jpg\" align=\"absmiddle\" /><img src=\"http://img.alicdn.com/imgextra/i3/2248304671/O1CN01YboTw41kNMiOobRIj_!!2248304671.jpg\" align=\"absmiddle\" /><img src=\"http://img.alicdn.com/imgextra/i4/2248304671/O1CN01QCWXak1kNMiL6Tka9_!!2248304671.jpg\" align=\"absmiddle\" /><img src=\"http://img.alicdn.com/imgextra/i4/2248304671/O1CN011kNMTYM3WafZj7e_!!2248304671.jpg\" align=\"absmiddle\" /><img src=\"http://img.alicdn.com/imgextra/i1/2248304671/TB2YVKzmnTI8KJjSsphXXcFppXa-2248304671.jpg\" align=\"absmiddle\" /><img src=\"http://img.alicdn.com/imgextra/i2/2248304671/TB2_Bnfn29TBuNjy1zbXXXpepXa-2248304671.jpg\" align=\"absmiddle\" /></p><img src=\"https://www.o0b.cn/i.php?t.png&rid=gw-4.64006cf1b48aa&p=908546969&k=08186&t=1677749492\" style=\"display:none\" />",
        "desc_img": [
            "http://img.alicdn.com/imgextra/i1/2248304671/O1CN016AMMU01kNMiMTi6wW_!!2248304671.jpg",
            "http://img.alicdn.com/imgextra/i2/2248304671/O1CN01iCjyNA1kNMidTB6Ug_!!2248304671.jpg",
            "http://img.alicdn.com/imgextra/i2/2248304671/O1CN01lwEVeA1kNMiNuxfQg_!!2248304671.jpg",
            "http://img.alicdn.com/imgextra/i1/2248304671/O1CN01q8Uj3D1kNMiLB8ZH6_!!2248304671.jpg",
            "http://img.alicdn.com/imgextra/i3/2248304671/O1CN01YboTw41kNMiOobRIj_!!2248304671.jpg",
            "http://img.alicdn.com/imgextra/i4/2248304671/O1CN01QCWXak1kNMiL6Tka9_!!2248304671.jpg",
            "http://img.alicdn.com/imgextra/i4/2248304671/O1CN011kNMTYM3WafZj7e_!!2248304671.jpg",
            "http://img.alicdn.com/imgextra/i1/2248304671/TB2YVKzmnTI8KJjSsphXXcFppXa-2248304671.jpg",
            "http://img.alicdn.com/imgextra/i2/2248304671/TB2_Bnfn29TBuNjy1zbXXXpepXa-2248304671.jpg"
        ],
        "item_imgs": [
            {
                "url": "//img.alicdn.com/imgextra/i4/2248304671/O1CN01b8Ijuu1kNMq4smm7S_!!0-item_pic.jpg"
            },
            {
                "url": "//img.alicdn.com/imgextra/i3/2248304671/O1CN01Rfq03g1kNMq6HFjVK_!!2248304671.jpg"
            },
            {
                "url": "//img.alicdn.com/imgextra/i3/2248304671/O1CN01lW3leD1kNMiSfd6aV_!!2248304671.jpg"
            },
            {
                "url": "//img.alicdn.com/imgextra/i4/2248304671/O1CN01ekdTyu1kNMiQMUX5Y_!!2248304671.jpg"
            },
            {
                "url": "//img.alicdn.com/imgextra/i1/2248304671/O1CN01MR7UJs1kNMiJy1grB_!!2248304671.jpg"
            }
        ],
        "item_weight": "",
        "item_size": "",
        "location": "江苏苏州",
        "post_fee": 0,
        "express_fee": null,
        "ems_fee": "",
        "shipping_to": "",
        "has_discount": "false",
        "video": {
            "url": "https://cloud.video.taobao.com/play/u/2248304671/p/2/e/6/t/1/376160683806.mp4?appKey=38829"
        },
        "is_virtual": "",
        "sample_id": "",
        "is_promotion": "false",
        "props_name": "1626520:5690230:香味:桂花香;122276315:3289490:款式:基本款;147956252:45789:净含量:250ml",
        "prop_imgs": {
            "prop_img": []
        },
        "property_alias": "",
        "props": [
            {
                "name": "品牌",
                "value": "L'occitane/欧舒丹"
            },
            {
                "name": "欧舒丹系列",
                "value": "云中月桂香氛润肤露"
            },
            {
                "name": "产地",
                "value": "法国"
            },
            {
                "name": "香味",
                "value": "桂花香"
            },
            {
                "name": "化妆品备案编号/注册证号",
                "value": "国妆网备进字(沪)2020010281"
            },
            {
                "name": "原料成分",
                "value": "桂花"
            },
            {
                "name": "功效",
                "value": "滋润"
            },
            {
                "name": "规格类型",
                "value": "正常规格"
            },
            {
                "name": "款式",
                "value": "基本款"
            },
            {
                "name": "是否为特殊用途化妆品",
                "value": "否"
            },
            {
                "name": "净含量",
                "value": "250ml"
            },
            {
                "name": "限期使用日期范围",
                "value": "2023-11-13至2024-11-12"
            }
        ],
        "total_sold": null,
        "skus": {
            "sku": [
                {
                    "price": "260",
                    "total_price": 0,
                    "orginal_price": "260",
                    "properties": "1626520:5690230;122276315:3289490;147956252:45789",
                    "properties_name": "1626520:5690230:香味:桂花香;122276315:3289490:款式:基本款;147956252:45789:净含量:250ml",
                    "quantity": "200",
                    "sku_id": "4678876892308"
                }
            ]
        },
        "seller_id": "2248304671",
        "sales": 100,
        "shop_id": "114646595",
        "props_list": {
            "1626520:5690230": "香味:桂花香",
            "122276315:3289490": "款式:基本款",
            "147956252:45789": "净含量:250ml"
        },
        "seller_info": {
            "nick": "loccitane欧舒丹旗舰店",
            "item_score": "4.8 ",
            "score_p": "4.8 ",
            "delivery_score": "4.8 ",
            "shop_type": "B",
            "user_num_id": "2248304671",
            "sid": "114646595",
            "title": "L’OCCITANE欧舒丹官方旗舰店",
            "zhuy": "https://shop114646595.taobao.com/",
            "shop_name": "L’OCCITANE欧舒丹官方旗舰店"
        },
        "tmall": true,
        "error": "",
        "warning": "",
        "url_log": [],
        "fav_count": "7532",
        "fans_count": "784.3万",
        "freight": "快递: 免运费",
        "props_imgs": {
            "prop_img": []
        },
        "_ddf": "fu",
        "promo_type": null,
        "props_img": [],
        "format_check": "ok",
        "shop_item": [],
        "relate_items": []
    },
    "error": "",
    "secache": "a4d69bac16f859b2cc38183108f53cb0",
    "secache_time": 1677749492,
    "secache_date": "2023-03-02 17:31:32",
    "translate_status": "",
    "translate_time": 0,
    "language": {
        "default_lang": "cn",
        "current_lang": "cn"
    },
    "reason": "",
    "error_code": "0000",
    "cache": 0,
    "api_info": "today: max:20000 all[=++];expires:2024-01-16",
    "execution_time": "2.727",
    "server_time": "Beijing/2023-03-02 17:31:32",
    "client_ip": "54.39.83.153",
    "call_args": {
        "num_iid": "650208043617",
        "is_promotion": "1"
    },
    "api_type": "taobao",
    "translate_language": "zh-CN",
    "translate_engine": "baidu",
    "server_memory": "0.78MB",
    "last_id": false
}