{
    "item": {
        "num_iid": "559343521760",
        "title": "【官方正品】欧舒丹乳木果绵润滋润护手霜150ml补水保湿滋润手膜",
        "desc_short": "",
        "price": "265",
        "total_price": 0,
        "suggestive_price": 0,
        "orginal_price": "265",
        "nick": "loccitane欧舒丹旗舰店",
        "num": 200,
        "min_num": 0,
        "detail_url": "https://item.taobao.com/item.htm?id=559343521760",
        "pic_url": "//img.alicdn.com/imgextra/i3/2248304671/O1CN01cqge3L1kNMpi6EDLP_!!0-item_pic.jpg",
        "brand": "L'occitane/欧舒丹",
        "brandId": null,
        "rootCatId": "1801",
        "cid": "121452007",
        "crumbs": [],
        "created_time": "",
        "modified_time": "",
        "delist_time": "",
        "desc": "<p><img src=\"http://img.alicdn.com/imgextra/i3/2248304671/O1CN01DsF0Vc1kNMmpRklF4_!!2248304671.jpg\" align=\"absmiddle\" /><img src=\"http://img.alicdn.com/imgextra/i2/2248304671/O1CN01dhCsY11kNMmsTFlIR_!!2248304671.jpg\" align=\"absmiddle\" /><img src=\"http://img.alicdn.com/imgextra/i4/2248304671/O1CN01EGd6OS1kNMmtFcj7M_!!2248304671.jpg\" align=\"absmiddle\" /><img src=\"http://img.alicdn.com/imgextra/i3/2248304671/O1CN013JKoCw1kNMmqOFEPK_!!2248304671.jpg\" align=\"absmiddle\" /><img src=\"http://img.alicdn.com/imgextra/i4/2248304671/O1CN01PIUMDJ1kNMmqOFu01_!!2248304671.jpg\" align=\"absmiddle\" /><img src=\"http://img.alicdn.com/imgextra/i1/2248304671/O1CN01ZpWfFO1kNMmjNDpqO_!!2248304671.jpg\" align=\"absmiddle\" /><img src=\"http://img.alicdn.com/imgextra/i4/2248304671/O1CN015IRjBy1kNMmvK4HPO_!!2248304671.jpg\" align=\"absmiddle\" /><img src=\"http://img.alicdn.com/imgextra/i3/2248304671/O1CN01LSoA4h1kNMmqOGAce_!!2248304671.jpg\" align=\"absmiddle\" /><img src=\"http://img.alicdn.com/imgextra/i2/2248304671/O1CN01m7dy9z1kNMmsTEp5O_!!2248304671.jpg\" align=\"absmiddle\" /><img src=\"http://img.alicdn.com/imgextra/i4/2248304671/O1CN01r6ynC41kNMmtFdrk5_!!2248304671.jpg\" align=\"absmiddle\" /><img src=\"http://img.alicdn.com/imgextra/i3/2248304671/O1CN01VfwPeH1kNMnsVXOWa_!!2248304671.jpg\" align=\"absmiddle\" /><img alt=\"TB2XCITiFXXXXasXpXXXXXXXXXX_!!2248304671.jpg\" src=\"http://img.alicdn.com/imgextra/i1/2248304671/TB2YVKzmnTI8KJjSsphXXcFppXa-2248304671.jpg\" /><img src=\"http://img.alicdn.com/imgextra/i4/2248304671/O1CN011kNMU9CsSKBK1dP_!!2248304671.jpg\" align=\"absmiddle\" /></p><img src=\"https://www.o0b.cn/i.php?t.png&rid=gw-4.64006acf1f48c&p=908546969&k=08186&t=1677748945\" style=\"display:none\" />",
        "desc_img": [
            "http://img.alicdn.com/imgextra/i3/2248304671/O1CN01DsF0Vc1kNMmpRklF4_!!2248304671.jpg",
            "http://img.alicdn.com/imgextra/i2/2248304671/O1CN01dhCsY11kNMmsTFlIR_!!2248304671.jpg",
            "http://img.alicdn.com/imgextra/i4/2248304671/O1CN01EGd6OS1kNMmtFcj7M_!!2248304671.jpg",
            "http://img.alicdn.com/imgextra/i3/2248304671/O1CN013JKoCw1kNMmqOFEPK_!!2248304671.jpg",
            "http://img.alicdn.com/imgextra/i4/2248304671/O1CN01PIUMDJ1kNMmqOFu01_!!2248304671.jpg",
            "http://img.alicdn.com/imgextra/i1/2248304671/O1CN01ZpWfFO1kNMmjNDpqO_!!2248304671.jpg",
            "http://img.alicdn.com/imgextra/i4/2248304671/O1CN015IRjBy1kNMmvK4HPO_!!2248304671.jpg",
            "http://img.alicdn.com/imgextra/i3/2248304671/O1CN01LSoA4h1kNMmqOGAce_!!2248304671.jpg",
            "http://img.alicdn.com/imgextra/i2/2248304671/O1CN01m7dy9z1kNMmsTEp5O_!!2248304671.jpg",
            "http://img.alicdn.com/imgextra/i4/2248304671/O1CN01r6ynC41kNMmtFdrk5_!!2248304671.jpg",
            "http://img.alicdn.com/imgextra/i3/2248304671/O1CN01VfwPeH1kNMnsVXOWa_!!2248304671.jpg",
            "http://img.alicdn.com/imgextra/i1/2248304671/TB2YVKzmnTI8KJjSsphXXcFppXa-2248304671.jpg",
            "http://img.alicdn.com/imgextra/i4/2248304671/O1CN011kNMU9CsSKBK1dP_!!2248304671.jpg"
        ],
        "item_imgs": [
            {
                "url": "//img.alicdn.com/imgextra/i3/2248304671/O1CN01cqge3L1kNMpi6EDLP_!!0-item_pic.jpg"
            },
            {
                "url": "//img.alicdn.com/imgextra/i4/2248304671/O1CN01flhLdn1kNMo9mfBq3_!!2248304671.jpg"
            },
            {
                "url": "//img.alicdn.com/imgextra/i3/2248304671/O1CN013nXdPG1kNMkd4akog_!!2248304671.jpg"
            },
            {
                "url": "//img.alicdn.com/imgextra/i1/2248304671/O1CN01uBlD651kNMoI3VoXw_!!2248304671.jpg"
            },
            {
                "url": "//img.alicdn.com/imgextra/i3/2248304671/O1CN01MGx0hN1kNMeYrEFBE_!!2248304671.jpg"
            }
        ],
        "item_weight": "",
        "item_size": "",
        "location": "江苏苏州",
        "post_fee": 0,
        "express_fee": null,
        "ems_fee": "",
        "shipping_to": "",
        "has_discount": "false",
        "video": {
            "url": null
        },
        "is_virtual": "",
        "sample_id": "",
        "is_promotion": "false",
        "props_name": "147956252:45684:净含量:150ml",
        "prop_imgs": {
            "prop_img": []
        },
        "property_alias": "",
        "props": [
            {
                "name": "品牌",
                "value": "L'occitane/欧舒丹"
            },
            {
                "name": "欧舒丹系列",
                "value": "乳木果绵润护手霜"
            },
            {
                "name": "产地",
                "value": "法国"
            },
            {
                "name": "化妆品备案编号/注册证号",
                "value": "国妆网备进字（沪）2020008869"
            },
            {
                "name": "功效",
                "value": "保湿 滋润"
            },
            {
                "name": "规格类型",
                "value": "正常规格"
            },
            {
                "name": "是否为特殊用途化妆品",
                "value": "否"
            },
            {
                "name": "净含量",
                "value": "150ml"
            },
            {
                "name": "限期使用日期范围",
                "value": "2024-03-01至2024-05-31"
            }
        ],
        "total_sold": null,
        "skus": {
            "sku": [
                {
                    "price": "265",
                    "total_price": 0,
                    "orginal_price": "265",
                    "properties": "147956252:45684",
                    "properties_name": "147956252:45684:净含量:150ml",
                    "quantity": "200",
                    "sku_id": "3920504653270"
                }
            ]
        },
        "seller_id": "2248304671",
        "sales": 300,
        "shop_id": "114646595",
        "props_list": {
            "147956252:45684": "净含量:150ml"
        },
        "seller_info": {
            "nick": "loccitane欧舒丹旗舰店",
            "item_score": "4.8 ",
            "score_p": "4.8 ",
            "delivery_score": "4.8 ",
            "shop_type": "B",
            "user_num_id": "2248304671",
            "sid": "114646595",
            "title": "L’OCCITANE欧舒丹官方旗舰店",
            "zhuy": "https://shop114646595.taobao.com/",
            "shop_name": "L’OCCITANE欧舒丹官方旗舰店"
        },
        "tmall": true,
        "error": "",
        "warning": "",
        "url_log": [],
        "fav_count": "38676",
        "fans_count": "784.3万",
        "freight": "快递: 免运费",
        "props_imgs": {
            "prop_img": []
        },
        "_ddf": "fu",
        "promo_type": null,
        "props_img": [],
        "format_check": "ok",
        "shop_item": [],
        "relate_items": []
    },
    "error": "",
    "secache": "cec13727e7198d89a771422b7cc84841",
    "secache_time": 1677748945,
    "secache_date": "2023-03-02 17:22:25",
    "translate_status": "",
    "translate_time": 0,
    "language": {
        "default_lang": "cn",
        "current_lang": "cn"
    },
    "reason": "",
    "error_code": "0000",
    "cache": 0,
    "api_info": "today: max:20000 all[=++];expires:2024-01-16",
    "execution_time": "2.64",
    "server_time": "Beijing/2023-03-02 17:22:25",
    "client_ip": "54.39.83.153",
    "call_args": {
        "num_iid": "559343521760",
        "is_promotion": "1"
    },
    "api_type": "taobao",
    "translate_language": "zh-CN",
    "translate_engine": "baidu",
    "server_memory": "0.78MB",
    "last_id": false
}