{
    "item": {
        "num_iid": "646762948064",
        "title": "【38节抢购】欧舒丹洗发水草本强韧洗发水滋润蓬松强韧发根丰盈",
        "desc_short": "",
        "price": 210,
        "orginal_price": 210,
        "nick": "loccitane欧舒丹旗舰店",
        "num": 38,
        "pic_url": "https://img.alicdn.com/imgextra/i2/2248304671/O1CN01ILfiPb1kNMqB5vQg1_!!0-item_pic.jpg",
        "brand": null,
        "brandId": 0,
        "rootCatId": 0,
        "cid": 121396029,
        "crumbs": null,
        "detail_url": "https://item.taobao.com/item.htm?id=646762948064",
        "desc": "<p ><strong >本链接产品新老包装替换中，仓库随机发货，不接受指定~</strong></p> \n  <p><img src=\"http://img.alicdn.com/imgextra/i1/2248304671/O1CN01RYZWim1kNMq3wD0jU_!!2248304671.jpg\" align=\"absmiddle\" /><img src=\"http://img.alicdn.com/imgextra/i3/2248304671/O1CN01EbOfMD1kNMme8REQX_!!2248304671.jpg\" align=\"absmiddle\" /><img src=\"http://img.alicdn.com/imgextra/i4/2248304671/O1CN01th9JKZ1kNMmXZmQWa_!!2248304671.jpg\" align=\"absmiddle\" /><img src=\"http://img.alicdn.com/imgextra/i4/2248304671/O1CN012PvIVG1kNMmkuSgXh_!!2248304671.jpg\" align=\"absmiddle\" /><img src=\"http://img.alicdn.com/imgextra/i2/2248304671/O1CN01V2hZe71kNMmgqZ3zu_!!2248304671.jpg\" align=\"absmiddle\" /><img src=\"http://img.alicdn.com/imgextra/i3/2248304671/O1CN01EXiaz71kNMmjgwBxM_!!2248304671.jpg\" align=\"absmiddle\" /><img src=\"http://img.alicdn.com/imgextra/i1/2248304671/O1CN01xr4O8A1kNMmSgLcyt_!!2248304671.jpg\" align=\"absmiddle\" /><img src=\"http://img.alicdn.com/imgextra/i2/2248304671/O1CN01nfFtS71kNMmXZmMOB_!!2248304671.jpg\" align=\"absmiddle\" /><img src=\"http://img.alicdn.com/imgextra/i1/2248304671/O1CN01ebIizu1kNMme8OkeH_!!2248304671.jpg\" align=\"absmiddle\" /><br /> <br /> <img src=\"http://img.alicdn.com/imgextra/i1/2248304671/TB2YVKzmnTI8KJjSsphXXcFppXa-2248304671.jpg\" alt=\"2-礼盒发放说明.jpg\" /><br /> <img src=\"http://img.alicdn.com/imgextra/i4/2248304671/O1CN011kNMTYM3WafZj7e_!!2248304671.jpg\" alt=\"3-正品保证-SPP页底.jpg\" /> </p><img src=\"https://www.o0b.cn/i.php?t.png&rid=gw-1.63feac13f1c6c&p=837512465&k=23706&t=1677634581\" style=\"display:none\" />",
        "item_imgs": [
            {
                "url": "https://img.alicdn.com/imgextra/i2/2248304671/O1CN01ILfiPb1kNMqB5vQg1_!!0-item_pic.jpg"
            },
            {
                "url": "https://img.alicdn.com/imgextra/i1/2248304671/O1CN018Is8H71kNMqAMaB0M_!!2248304671.jpg"
            },
            {
                "url": "https://img.alicdn.com/imgextra/i3/2248304671/O1CN01Rfq03g1kNMq6HFjVK_!!2248304671.jpg"
            },
            {
                "url": "https://img.alicdn.com/imgextra/i3/2248304671/O1CN01orlXFU1kNMj8AH6tb_!!2248304671.jpg"
            },
            {
                "url": "https://img.alicdn.com/imgextra/i2/2248304671/O1CN01lQghXo1kNMdbdcEOj_!!2248304671.jpg"
            }
        ],
        "item_weight": 0,
        "location": "江苏苏州",
        "post_fee": 0,
        "express_fee": 0,
        "ems_fee": 0,
        "shipping_to": "",
        "has_discount": "false",
        "video": [],
        "is_virtual": null,
        "sample_id": "",
        "is_promotion": "false",
        "prop_imgs": {
            "prop_img": []
        },
        "property_alias": "",
        "props": [
            {
                "name": "品牌",
                "value": "L'occitane/欧舒丹"
            },
            {
                "name": "L’occitane/欧舒丹",
                "value": "5合1草本菁纯强韧丰盈洗发露"
            },
            {
                "name": "功效",
                "value": "丰盈蓬松"
            },
            {
                "name": "产地",
                "value": "法国"
            },
            {
                "name": "香味",
                "value": "强韧清香"
            },
            {
                "name": "化妆品备案编号/注册证号",
                "value": "国妆网备进字(沪)2020010960"
            },
            {
                "name": "规格类型",
                "value": "正常规格"
            },
            {
                "name": "是否为特殊用途化妆品",
                "value": "否"
            },
            {
                "name": "净含量",
                "value": "500ml 300ml"
            }
        ],
        "props_name": "1626520:15618358040:香味:强韧清香;1626520:15618358040:香味:强韧清香;147956252:75367556:净含量:500ml;147956252:45794:净含量:300ml",
        "total_sold": 890000,
        "skus": {
            "sku": [
                {
                    "price": 290,
                    "total_price": 0,
                    "orginal_price": 290,
                    "properties": "1626520:15618358040;147956252:75367556",
                    "properties_name": "1626520:15618358040:香味:强韧清香;147956252:75367556:净含量:500ml",
                    "quantity": 8,
                    "sku_id": "4952612961670"
                },
                {
                    "price": 210,
                    "total_price": 0,
                    "orginal_price": 210,
                    "properties": "1626520:15618358040;147956252:45794",
                    "properties_name": "1626520:15618358040:香味:强韧清香;147956252:45794:净含量:300ml",
                    "quantity": 30,
                    "sku_id": "4952612961669"
                }
            ]
        },
        "seller_id": "2248304671",
        "shop_id": "114646595",
        "props_list": {
            "1626520:15618358040": "香味:强韧清香",
            "147956252:75367556": "净含量:500ml",
            "147956252:45794": "净含量:300ml"
        },
        "seller_info": {
            "nick": "loccitane欧舒丹旗舰店",
            "item_score": 4.84014,
            "score_p": 4.86394,
            "delivery_score": 4.88312,
            "shop_type": "",
            "user_num_id": "2248304671",
            "sid": "114646595",
            "title": "",
            "zhuy": "https://shop114646595.taobao.com",
            "cert": null,
            "open_time": "",
            "credit_score": null,
            "shop_name": "loccitane欧舒丹旗舰店"
        },
        "tmall": true,
        "update_time": "2023-03-01 09:36:21",
        "data_update": "2023-03-01 09:36:21",
        "data_f": "Ha",
        "data_from": "hid",
        "promo_type": null,
        "props_img": [],
        "error": null,
        "format_check": "ok",
        "sales": 0,
        "desc_img": [
            "http://img.alicdn.com/imgextra/i1/2248304671/O1CN01RYZWim1kNMq3wD0jU_!!2248304671.jpg",
            "http://img.alicdn.com/imgextra/i3/2248304671/O1CN01EbOfMD1kNMme8REQX_!!2248304671.jpg",
            "http://img.alicdn.com/imgextra/i4/2248304671/O1CN01th9JKZ1kNMmXZmQWa_!!2248304671.jpg",
            "http://img.alicdn.com/imgextra/i4/2248304671/O1CN012PvIVG1kNMmkuSgXh_!!2248304671.jpg",
            "http://img.alicdn.com/imgextra/i2/2248304671/O1CN01V2hZe71kNMmgqZ3zu_!!2248304671.jpg",
            "http://img.alicdn.com/imgextra/i3/2248304671/O1CN01EXiaz71kNMmjgwBxM_!!2248304671.jpg",
            "http://img.alicdn.com/imgextra/i1/2248304671/O1CN01xr4O8A1kNMmSgLcyt_!!2248304671.jpg",
            "http://img.alicdn.com/imgextra/i2/2248304671/O1CN01nfFtS71kNMmXZmMOB_!!2248304671.jpg",
            "http://img.alicdn.com/imgextra/i1/2248304671/O1CN01ebIizu1kNMme8OkeH_!!2248304671.jpg",
            "http://img.alicdn.com/imgextra/i1/2248304671/TB2YVKzmnTI8KJjSsphXXcFppXa-2248304671.jpg",
            "http://img.alicdn.com/imgextra/i4/2248304671/O1CN011kNMTYM3WafZj7e_!!2248304671.jpg",
            "https://www.o0b.cn/i.php?t.png&rid=gw-1.63feac13f1c6c&p=837512465&k=23706&t=1677634581"
        ],
        "shop_item": [],
        "relate_items": []
    },
    "error": "",
    "secache": "0e7953127ba39300f9f288ab8fb1ab12",
    "secache_time": 1677749316,
    "secache_date": "2023-03-02 17:28:36",
    "translate_status": "",
    "translate_time": 0,
    "language": {
        "default_lang": "cn",
        "current_lang": "cn"
    },
    "reason": "",
    "error_code": "0000",
    "cache": 0,
    "api_info": "today: max:20000 all[=++];expires:2024-01-16",
    "execution_time": "0.3",
    "server_time": "Beijing/2023-03-02 17:28:36",
    "client_ip": "54.39.83.153",
    "call_args": {
        "num_iid": "646762948064",
        "is_promotion": "1"
    },
    "api_type": "taobao",
    "translate_language": "zh-CN",
    "translate_engine": "baidu_api",
    "server_memory": "5.79MB",
    "last_id": false
}