{
    "item": {
        "num_iid": "520043447999",
        "title": "【38节抢购】欧舒丹睡眠喷雾南法草本枕边喷雾薰衣草精油香氛喷雾",
        "desc_short": "",
        "price": 220,
        "total_price": "",
        "suggestive_price": "",
        "orginal_price": 220,
        "nick": "loccitane欧舒丹旗舰店",
        "num": 200,
        "detail_url": "https://item.taobao.com/item.htm?id=520043447999",
        "pic_url": "https://img.alicdn.com/imgextra/i1/2248304671/O1CN01IBFMAG1kNMq50YfS4_!!0-item_pic.jpg",
        "brand": null,
        "brandId": "",
        "rootCatId": "",
        "cid": 121368014,
        "desc": "<p ><span > </span></p> \n  <p>本链接产品新旧版本替换，敬请谅解。</p> \n  <p>旧版中文名称：欧舒丹草本菁萃舒润枕边喷雾；</p> \n  <p>新版中文名称：欧舒丹南法枕梦助眠喷雾。</p> \n  <p>新旧版本替换中，新版本无批文</p> \n  <p><span ><img src=\"http://img.alicdn.com/imgextra/i3/2248304671/O1CN014MbF0E1kNMmFCeNLh_!!2248304671.jpg\" align=\"absmiddle\" /></span><img src=\"http://img.alicdn.com/imgextra/i1/2248304671/O1CN01lUtFqQ1kNMmDCc7vA_!!2248304671.jpg\" align=\"absmiddle\" /><img src=\"http://img.alicdn.com/imgextra/i3/2248304671/O1CN01AwIiUd1kNMmDzeNMn_!!2248304671.jpg\" align=\"absmiddle\" /><img src=\"http://img.alicdn.com/imgextra/i1/2248304671/O1CN01f6onzO1kNMlIfUz3F_!!2248304671.jpg\" align=\"absmiddle\" /><img src=\"http://img.alicdn.com/imgextra/i2/2248304671/TB2_Bnfn29TBuNjy1zbXXXpepXa-2248304671.jpg\" align=\"absmiddle\" /><img alt=\"TB2XCITiFXXXXasXpXXXXXXXXXX_!!2248304671.jpg\" src=\"http://img.alicdn.com/imgextra/i1/2248304671/TB2YVKzmnTI8KJjSsphXXcFppXa-2248304671.jpg\" /><img src=\"http://img.alicdn.com/imgextra/i4/2248304671/O1CN011kNMTYM3WafZj7e_!!2248304671.jpg\" align=\"absmiddle\" /> </p><img src=\"https://www.o0b.cn/i.php?t.png&rid=gw-1.64006b5f46e09&p=908546969&k=08186&t=1677749089\" style=\"display:none\" />",
        "item_imgs": [
            {
                "url": "https://img.alicdn.com/imgextra/i1/2248304671/O1CN01IBFMAG1kNMq50YfS4_!!0-item_pic.jpg"
            },
            {
                "url": "https://img.alicdn.com/imgextra/i3/2248304671/O1CN01w53dJr1kNMq2mQD7J_!!2248304671.jpg"
            },
            {
                "url": "https://img.alicdn.com/imgextra/i2/2248304671/O1CN01C35Chk1kNMmDCYdW6_!!2248304671.jpg"
            },
            {
                "url": "https://img.alicdn.com/imgextra/i3/2248304671/O1CN01woIw1i1kNMbvlxcbZ_!!2248304671.jpg"
            },
            {
                "url": "https://img.alicdn.com/imgextra/i1/2248304671/O1CN01q3frpz1kNMdrLSgwt_!!2248304671.jpg"
            }
        ],
        "item_weight": "",
        "post_fee": 0,
        "freight": "",
        "express_fee": "",
        "ems_fee": "",
        "shipping_to": "",
        "video": [],
        "sample_id": "",
        "props_name": "147956252:75366294:净含量:100ml",
        "prop_imgs": {
            "prop_img": [
                {
                    "properties": "147956252:75366294",
                    "url": "http://img.alicdn.com/imgextra/i1/2248304671/O1CN01IBFMAG1kNMq50YfS4_!!0-item_pic.jpg"
                }
            ]
        },
        "props_imgs": {
            "prop_img": [
                {
                    "properties": "147956252:75366294",
                    "url": "http://img.alicdn.com/imgextra/i1/2248304671/O1CN01IBFMAG1kNMq50YfS4_!!0-item_pic.jpg"
                }
            ]
        },
        "property_alias": "",
        "props": [
            {
                "name": "品牌",
                "value": "L'occitane/欧舒丹"
            },
            {
                "name": "欧舒丹系列",
                "value": "南法枕梦助眠喷雾"
            },
            {
                "name": "产地",
                "value": "法国"
            },
            {
                "name": "化妆品备案编号/注册证号",
                "value": "国妆备进字J20150325"
            },
            {
                "name": "适合肤质",
                "value": "任何肤质"
            },
            {
                "name": "身体护理",
                "value": "其他/other"
            },
            {
                "name": "功效",
                "value": "舒缓"
            },
            {
                "name": "规格类型",
                "value": "正常规格"
            },
            {
                "name": "是否为特殊用途化妆品",
                "value": "否"
            },
            {
                "name": "净含量",
                "value": "100ml"
            },
            {
                "name": "产品类别",
                "value": "普通类"
            },
            {
                "name": "限期使用日期范围",
                "value": "2024-01-01至2024-12-31"
            },
            {
                "name": "化妆品保质期",
                "value": "36个月"
            }
        ],
        "total_sold": "-1",
        "skus": {
            "sku": [
                {
                    "price": 220,
                    "total_price": 0,
                    "orginal_price": 220,
                    "properties": "147956252:75366294",
                    "properties_name": "147956252:75366294:净含量:100ml",
                    "quantity": 200,
                    "sku_id": "3100196057676"
                }
            ]
        },
        "seller_id": "2248304671",
        "sales": 300,
        "shop_id": "114646595",
        "props_list": {
            "147956252:75366294": "净含量:100ml"
        },
        "seller_info": {
            "nick": "loccitane欧舒丹旗舰店",
            "item_score": 4.83999,
            "score_p": 4.8638,
            "delivery_score": 4.88305,
            "shop_type": "",
            "user_num_id": "2248304671",
            "sid": "114646595",
            "title": "",
            "zhuy": "https://shop114646595.taobao.com",
            "cert": null,
            "open_time": "",
            "credit_score": null,
            "shop_name": "loccitane欧舒丹旗舰店"
        },
        "tmall": true,
        "error": "",
        "location": "江苏苏州",
        "data_from": "Ha",
        "has_discount": "false",
        "is_promotion": "false",
        "promo_type": null,
        "props_img": {
            "147956252:75366294": "http://img.alicdn.com/imgextra/i1/2248304671/O1CN01IBFMAG1kNMq50YfS4_!!0-item_pic.jpg"
        },
        "format_check": "ok",
        "desc_img": [
            "http://img.alicdn.com/imgextra/i3/2248304671/O1CN014MbF0E1kNMmFCeNLh_!!2248304671.jpg",
            "http://img.alicdn.com/imgextra/i1/2248304671/O1CN01lUtFqQ1kNMmDCc7vA_!!2248304671.jpg",
            "http://img.alicdn.com/imgextra/i3/2248304671/O1CN01AwIiUd1kNMmDzeNMn_!!2248304671.jpg",
            "http://img.alicdn.com/imgextra/i1/2248304671/O1CN01f6onzO1kNMlIfUz3F_!!2248304671.jpg",
            "http://img.alicdn.com/imgextra/i2/2248304671/TB2_Bnfn29TBuNjy1zbXXXpepXa-2248304671.jpg",
            "http://img.alicdn.com/imgextra/i1/2248304671/TB2YVKzmnTI8KJjSsphXXcFppXa-2248304671.jpg",
            "http://img.alicdn.com/imgextra/i4/2248304671/O1CN011kNMTYM3WafZj7e_!!2248304671.jpg"
        ],
        "shop_item": [],
        "relate_items": []
    },
    "error": "",
    "secache": "51cff4898e96592d761918a8ae918e3e",
    "secache_time": 1677749089,
    "secache_date": "2023-03-02 17:24:49",
    "translate_status": "",
    "translate_time": 0,
    "language": {
        "default_lang": "cn",
        "current_lang": "cn"
    },
    "reason": "",
    "error_code": "0000",
    "cache": 0,
    "api_info": "today: max:20000 all[=++];expires:2024-01-16",
    "execution_time": "2.05",
    "server_time": "Beijing/2023-03-02 17:24:49",
    "client_ip": "54.39.83.153",
    "call_args": {
        "num_iid": "520043447999",
        "is_promotion": "1"
    },
    "api_type": "taobao",
    "translate_language": "zh-CN",
    "translate_engine": "baidu",
    "server_memory": "5.77MB",
    "last_id": false
}