{
    "item": {
        "num_iid": "42100475448",
        "title": "【38节抢购】欧舒丹护手霜樱花手霜补水保湿滋润手膜防干燥干裂",
        "desc_short": "",
        "price": 95,
        "total_price": "",
        "suggestive_price": "",
        "orginal_price": 95,
        "nick": "loccitane欧舒丹旗舰店",
        "num": 200,
        "detail_url": "https://item.taobao.com/item.htm?id=42100475448",
        "pic_url": "https://img.alicdn.com/imgextra/i2/2248304671/O1CN01mFbVn71kNMq4ncfxw_!!0-item_pic.jpg",
        "brand": null,
        "brandId": "",
        "rootCatId": "",
        "cid": 121452007,
        "desc": "<p><img src=\"http://img.alicdn.com/imgextra/i1/2248304671/O1CN01AmpMkN1kNMq3afZZI_!!2248304671.jpg\" align=\"absmiddle\" /></p> \n  <p>亲爱的丹粉，即日起欧舒丹手霜包装陆续升级，仓库新旧版本随机发货，新版手霜增加封口标识，不接受发货指定；感谢您的支持，欧舒丹天猫官方旗舰店所售商品100%为正品，有问题及时联系在线客服</p> \n  <p><img src=\"http://img.alicdn.com/imgextra/i4/2248304671/O1CN01vqnhzB1kNMoDEsEUq_!!2248304671.jpg\" align=\"absmiddle\" />&nbsp;<br /> <br /> <br /> <br /> <img src=\"http://img.alicdn.com/imgextra/i1/2248304671/O1CN01YE96oi1kNMpYPmXiT_!!2248304671.jpg\" align=\"absmiddle\" /><img src=\"http://img.alicdn.com/imgextra/i2/2248304671/O1CN01MahZao1kNMpaWyY5Z_!!2248304671.jpg\" align=\"absmiddle\" /><img src=\"http://img.alicdn.com/imgextra/i3/2248304671/O1CN01JQ3KY21kNMpciGFsG_!!2248304671.jpg\" align=\"absmiddle\" /><img src=\"http://img.alicdn.com/imgextra/i1/2248304671/O1CN01dHEObg1kNMpcnIMus_!!2248304671.jpg\" align=\"absmiddle\" /><img src=\"http://img.alicdn.com/imgextra/i4/2248304671/O1CN01Kagjo91kNMphO8Ybx_!!2248304671.jpg\" align=\"absmiddle\" /><img src=\"http://img.alicdn.com/imgextra/i3/2248304671/O1CN01Cl50151kNMpiTGUQ9_!!2248304671.jpg\" align=\"absmiddle\" /><br /> <img src=\"http://img.alicdn.com/imgextra/i1/2248304671/O1CN01paZL1I1kNMlOqZk2L_!!2248304671.jpg\" align=\"absmiddle\" /> <img align=\"absmiddle\" src=\"http://img.alicdn.com/imgextra/i1/2248304671/TB2YVKzmnTI8KJjSsphXXcFppXa-2248304671.jpg\" /> <img align=\"absmiddle\" src=\"http://img.alicdn.com/imgextra/i4/2248304671/O1CN011kNMTYM3WafZj7e_!!2248304671.jpg\" /> </p><img src=\"https://www.o0b.cn/i.php?t.png&rid=gw-1.640069cb17d57&p=908546969&k=08186&t=1677748684\" style=\"display:none\" />",
        "item_imgs": [
            {
                "url": "https://img.alicdn.com/imgextra/i2/2248304671/O1CN01mFbVn71kNMq4ncfxw_!!0-item_pic.jpg"
            },
            {
                "url": "https://img.alicdn.com/imgextra/i4/2248304671/O1CN01wIOLwh1kNMq6fqtQB_!!2248304671.jpg"
            },
            {
                "url": "https://img.alicdn.com/imgextra/i1/2248304671/O1CN01V4lBO01kNMq59wn4i_!!2248304671.jpg"
            },
            {
                "url": "https://img.alicdn.com/imgextra/i3/2248304671/O1CN01Rfq03g1kNMq6HFjVK_!!2248304671.jpg"
            },
            {
                "url": "https://img.alicdn.com/imgextra/i4/2248304671/O1CN01DhdWzV1kNMoPD8tDE_!!2248304671.jpg"
            }
        ],
        "item_weight": "",
        "post_fee": 0,
        "freight": "",
        "express_fee": "",
        "ems_fee": "",
        "shipping_to": "",
        "video": [],
        "sample_id": "",
        "props_name": "122276315:3289490:款式:基本款;122276315:3289490:款式:基本款;122276315:3289490:款式:基本款;147956252:75367145:净含量:30ml;147956252:75366245:净含量:75ml;147956252:45684:净含量:150ml",
        "prop_imgs": {
            "prop_img": []
        },
        "props_imgs": {
            "prop_img": []
        },
        "property_alias": "",
        "props": [
            {
                "name": "品牌",
                "value": "L'occitane/欧舒丹"
            },
            {
                "name": "欧舒丹系列",
                "value": "甜蜜樱花润手霜"
            },
            {
                "name": "产地",
                "value": "法国"
            },
            {
                "name": "化妆品备案编号/注册证号",
                "value": "国妆备进字J20141695"
            },
            {
                "name": "适合肤质",
                "value": "任何肤质"
            },
            {
                "name": "功效",
                "value": "保湿 滋润"
            },
            {
                "name": "规格类型",
                "value": "正常规格"
            },
            {
                "name": "款式",
                "value": "基本款"
            },
            {
                "name": "是否为特殊用途化妆品",
                "value": "否"
            },
            {
                "name": "净含量",
                "value": "30ml 75ml 150ml"
            },
            {
                "name": "产品类别",
                "value": "普通类"
            },
            {
                "name": "限期使用日期范围",
                "value": "2024-05-01至2025-03-01"
            },
            {
                "name": "化妆品保质期",
                "value": "36个月"
            }
        ],
        "total_sold": "-1",
        "skus": {
            "sku": [
                {
                    "price": 95,
                    "total_price": 0,
                    "orginal_price": 95,
                    "properties": "122276315:3289490;147956252:75367145",
                    "properties_name": "122276315:3289490:款式:基本款;147956252:75367145:净含量:30ml",
                    "quantity": 200,
                    "sku_id": "4983855234832"
                },
                {
                    "price": 185,
                    "total_price": 0,
                    "orginal_price": 185,
                    "properties": "122276315:3289490;147956252:75366245",
                    "properties_name": "122276315:3289490:款式:基本款;147956252:75366245:净含量:75ml",
                    "quantity": 200,
                    "sku_id": "3236775172097"
                },
                {
                    "price": 245,
                    "total_price": 0,
                    "orginal_price": 245,
                    "properties": "122276315:3289490;147956252:45684",
                    "properties_name": "122276315:3289490:款式:基本款;147956252:45684:净含量:150ml",
                    "quantity": 200,
                    "sku_id": "3987657549300"
                }
            ]
        },
        "seller_id": "2248304671",
        "sales": 6000,
        "shop_id": "114646595",
        "props_list": {
            "122276315:3289490": "款式:基本款",
            "147956252:75367145": "净含量:30ml",
            "147956252:75366245": "净含量:75ml",
            "147956252:45684": "净含量:150ml"
        },
        "seller_info": {
            "nick": "loccitane欧舒丹旗舰店",
            "item_score": 4.83999,
            "score_p": 4.8638,
            "delivery_score": 4.88305,
            "shop_type": "",
            "user_num_id": "2248304671",
            "sid": "114646595",
            "title": "",
            "zhuy": "https://shop114646595.taobao.com",
            "cert": null,
            "open_time": "",
            "credit_score": null,
            "shop_name": "loccitane欧舒丹旗舰店"
        },
        "tmall": true,
        "error": "",
        "location": "江苏苏州",
        "data_from": "Ha",
        "has_discount": "false",
        "is_promotion": "false",
        "promo_type": null,
        "props_img": [],
        "format_check": "ok",
        "desc_img": [
            "http://img.alicdn.com/imgextra/i1/2248304671/O1CN01AmpMkN1kNMq3afZZI_!!2248304671.jpg",
            "http://img.alicdn.com/imgextra/i4/2248304671/O1CN01vqnhzB1kNMoDEsEUq_!!2248304671.jpg",
            "http://img.alicdn.com/imgextra/i1/2248304671/O1CN01YE96oi1kNMpYPmXiT_!!2248304671.jpg",
            "http://img.alicdn.com/imgextra/i2/2248304671/O1CN01MahZao1kNMpaWyY5Z_!!2248304671.jpg",
            "http://img.alicdn.com/imgextra/i3/2248304671/O1CN01JQ3KY21kNMpciGFsG_!!2248304671.jpg",
            "http://img.alicdn.com/imgextra/i1/2248304671/O1CN01dHEObg1kNMpcnIMus_!!2248304671.jpg",
            "http://img.alicdn.com/imgextra/i4/2248304671/O1CN01Kagjo91kNMphO8Ybx_!!2248304671.jpg",
            "http://img.alicdn.com/imgextra/i3/2248304671/O1CN01Cl50151kNMpiTGUQ9_!!2248304671.jpg",
            "http://img.alicdn.com/imgextra/i1/2248304671/O1CN01paZL1I1kNMlOqZk2L_!!2248304671.jpg",
            "http://img.alicdn.com/imgextra/i1/2248304671/TB2YVKzmnTI8KJjSsphXXcFppXa-2248304671.jpg",
            "http://img.alicdn.com/imgextra/i4/2248304671/O1CN011kNMTYM3WafZj7e_!!2248304671.jpg"
        ],
        "shop_item": [],
        "relate_items": []
    },
    "error": "",
    "secache": "faf01c72f8dac0c1c08379c8f8f2cb98",
    "secache_time": 1677748684,
    "secache_date": "2023-03-02 17:18:04",
    "translate_status": "",
    "translate_time": 0,
    "language": {
        "default_lang": "cn",
        "current_lang": "cn"
    },
    "reason": "",
    "error_code": "0000",
    "cache": 0,
    "api_info": "today: max:20000 all[=++];expires:2024-01-16",
    "execution_time": "1.941",
    "server_time": "Beijing/2023-03-02 17:18:04",
    "client_ip": "54.39.83.153",
    "call_args": {
        "num_iid": "42100475448",
        "is_promotion": "1"
    },
    "api_type": "taobao",
    "translate_language": "zh-CN",
    "translate_engine": "baidu",
    "server_memory": "5.77MB",
    "last_id": false
}