{
    "item": {
        "num_iid": "649459565084",
        "title": "【38节抢购】欧舒丹沐浴露云中月桂沐浴露润肤清洁全身留香保湿",
        "desc_short": "",
        "price": 1065,
        "total_price": "",
        "suggestive_price": "",
        "orginal_price": 1065,
        "nick": "loccitane欧舒丹旗舰店",
        "num": 22,
        "detail_url": "https://item.taobao.com/item.htm?id=649459565084",
        "pic_url": "https://img.alicdn.com/imgextra/i2/2248304671/O1CN019JkNmM1kNMq7x5WTG_!!0-item_pic.jpg",
        "brand": null,
        "brandId": "",
        "rootCatId": "",
        "cid": 121484012,
        "desc": "<p><img src=\"http://img.alicdn.com/imgextra/i3/2248304671/O1CN01CBBGpS1kNMibkSZ53_!!2248304671.jpg\" align=\"absmiddle\" /><img src=\"http://img.alicdn.com/imgextra/i1/2248304671/O1CN01Vz7qv61kNMikpgTej_!!2248304671.jpg\" align=\"absmiddle\" /><img src=\"http://img.alicdn.com/imgextra/i1/2248304671/O1CN01TKptnv1kNMij45nee_!!2248304671.jpg\" align=\"absmiddle\" /><img src=\"http://img.alicdn.com/imgextra/i2/2248304671/O1CN01sJrurz1kNMiiZHU45_!!2248304671.jpg\" align=\"absmiddle\" /><img src=\"http://img.alicdn.com/imgextra/i3/2248304671/O1CN01XWwsi11kNMiliZWJa_!!2248304671.jpg\" align=\"absmiddle\" /><img src=\"http://img.alicdn.com/imgextra/i3/2248304671/O1CN01YGR11l1kNMiekzrvg_!!2248304671.jpg\" align=\"absmiddle\" /><img src=\"http://img.alicdn.com/imgextra/i3/2248304671/O1CN01UcGqDD1kNMm6STYDL_!!2248304671.jpg\" align=\"absmiddle\" /><img src=\"http://img.alicdn.com/imgextra/i2/2248304671/TB2_Bnfn29TBuNjy1zbXXXpepXa-2248304671.jpg\" align=\"absmiddle\" /><img src=\"http://img.alicdn.com/imgextra/i1/2248304671/TB2YVKzmnTI8KJjSsphXXcFppXa-2248304671.jpg\" align=\"absmiddle\" /><img src=\"http://img.alicdn.com/imgextra/i4/2248304671/O1CN011kNMTYM3WafZj7e_!!2248304671.jpg\" align=\"absmiddle\" /></p><img src=\"https://www.o0b.cn/i.php?t.png&rid=gw-4.64006e3ebf84e&p=908546969&k=08186&t=1677749825\" style=\"display:none\" />",
        "item_imgs": [
            {
                "url": "https://img.alicdn.com/imgextra/i2/2248304671/O1CN019JkNmM1kNMq7x5WTG_!!0-item_pic.jpg"
            },
            {
                "url": "https://img.alicdn.com/imgextra/i1/2248304671/O1CN01IGoZ9M1kNMiEr1zVc_!!2248304671.jpg"
            },
            {
                "url": "https://img.alicdn.com/imgextra/i3/2248304671/O1CN01Rfq03g1kNMq6HFjVK_!!2248304671.jpg"
            },
            {
                "url": "https://img.alicdn.com/imgextra/i4/2248304671/O1CN01ekdTyu1kNMiQMUX5Y_!!2248304671.jpg"
            },
            {
                "url": "https://img.alicdn.com/imgextra/i3/2248304671/O1CN01MGx0hN1kNMeYrEFBE_!!2248304671.jpg"
            }
        ],
        "item_weight": "",
        "post_fee": 0,
        "freight": "",
        "express_fee": "",
        "ems_fee": "",
        "shipping_to": "",
        "video": [],
        "sample_id": "",
        "props_name": "",
        "prop_imgs": {
            "prop_img": []
        },
        "props_imgs": {
            "prop_img": []
        },
        "property_alias": "",
        "props": [
            {
                "name": "品牌",
                "value": "L'occitane/欧舒丹"
            },
            {
                "name": "欧舒丹系列",
                "value": "云中月桂套装"
            },
            {
                "name": "产地",
                "value": "法国"
            },
            {
                "name": "化妆品备案编号/注册证号",
                "value": "国妆网备进字（沪）2020010281"
            },
            {
                "name": "功效",
                "value": "保湿 滋润 清洁"
            },
            {
                "name": "规格类型",
                "value": "正常规格"
            },
            {
                "name": "是否为特殊用途化妆品",
                "value": "否"
            },
            {
                "name": "限期使用日期范围",
                "value": "2023-12-01至2024-11-30"
            }
        ],
        "total_sold": "11",
        "skus": {
            "sku": []
        },
        "seller_id": "2248304671",
        "sales": 11,
        "shop_id": "114646595",
        "props_list": [],
        "seller_info": {
            "nick": "loccitane欧舒丹旗舰店",
            "item_score": 4.83999,
            "score_p": 4.8638,
            "delivery_score": 4.88305,
            "shop_type": "",
            "user_num_id": "2248304671",
            "sid": "114646595",
            "title": "",
            "zhuy": "https://shop114646595.taobao.com",
            "cert": null,
            "open_time": "",
            "credit_score": null,
            "shop_name": "loccitane欧舒丹旗舰店"
        },
        "tmall": true,
        "error": "",
        "location": "江苏苏州",
        "data_from": "Ha",
        "has_discount": "false",
        "is_promotion": "false",
        "promo_type": null,
        "props_img": [],
        "format_check": "ok",
        "desc_img": [
            "http://img.alicdn.com/imgextra/i3/2248304671/O1CN01CBBGpS1kNMibkSZ53_!!2248304671.jpg",
            "http://img.alicdn.com/imgextra/i1/2248304671/O1CN01Vz7qv61kNMikpgTej_!!2248304671.jpg",
            "http://img.alicdn.com/imgextra/i1/2248304671/O1CN01TKptnv1kNMij45nee_!!2248304671.jpg",
            "http://img.alicdn.com/imgextra/i2/2248304671/O1CN01sJrurz1kNMiiZHU45_!!2248304671.jpg",
            "http://img.alicdn.com/imgextra/i3/2248304671/O1CN01XWwsi11kNMiliZWJa_!!2248304671.jpg",
            "http://img.alicdn.com/imgextra/i3/2248304671/O1CN01YGR11l1kNMiekzrvg_!!2248304671.jpg",
            "http://img.alicdn.com/imgextra/i3/2248304671/O1CN01UcGqDD1kNMm6STYDL_!!2248304671.jpg",
            "http://img.alicdn.com/imgextra/i2/2248304671/TB2_Bnfn29TBuNjy1zbXXXpepXa-2248304671.jpg",
            "http://img.alicdn.com/imgextra/i1/2248304671/TB2YVKzmnTI8KJjSsphXXcFppXa-2248304671.jpg",
            "http://img.alicdn.com/imgextra/i4/2248304671/O1CN011kNMTYM3WafZj7e_!!2248304671.jpg"
        ],
        "shop_item": [],
        "relate_items": []
    },
    "error": "",
    "secache": "f5ce94534152b8413a93b967e1b0e612",
    "secache_time": 1677749825,
    "secache_date": "2023-03-02 17:37:05",
    "translate_status": "",
    "translate_time": 0,
    "language": {
        "default_lang": "cn",
        "current_lang": "cn"
    },
    "reason": "",
    "error_code": "0000",
    "cache": 0,
    "api_info": "today: max:20000 all[=++];expires:2024-01-16",
    "execution_time": "2.58",
    "server_time": "Beijing/2023-03-02 17:37:05",
    "client_ip": "54.39.83.153",
    "call_args": {
        "num_iid": "649459565084",
        "is_promotion": "1"
    },
    "api_type": "taobao",
    "translate_language": "zh-CN",
    "translate_engine": "baidu",
    "server_memory": "0.77MB",
    "last_id": false
}