{
    "item": {
        "num_iid": "668524181374",
        "title": "【自播秒杀】-欧舒丹星河夜樱润肤6ml*3+20元券",
        "desc_short": "",
        "price": 999,
        "total_price": "",
        "suggestive_price": "",
        "orginal_price": 999,
        "nick": "loccitane欧舒丹旗舰店",
        "num": 200,
        "detail_url": "https://item.taobao.com/item.htm?id=668524181374",
        "pic_url": "https://img.alicdn.com/imgextra/i2/2248304671/O1CN013TLj3J1kNMlE3KEzM_!!0-item_pic.jpg",
        "brand": null,
        "brandId": "",
        "rootCatId": "",
        "cid": 121484012,
        "desc": "<p>自播秒杀-夜樱润肤6ml*3 </p> \n  <p><img src=\"http://img.alicdn.com/imgextra/i4/2248304671/O1CN01ZHJvaI1kNMlP0hGhy_!!2248304671.jpg\" align=\"absmiddle\" /><img src=\"http://img.alicdn.com/imgextra/i4/2248304671/O1CN01cZketx1kNMlE1nRy3_!!2248304671.jpg\" align=\"absmiddle\" /></p><img src=\"https://www.o0b.cn/i.php?t.png&rid=gw-4.64006fe0d8b4f&p=908546969&k=08186&t=1677750243\" style=\"display:none\" />",
        "item_imgs": [
            {
                "url": "https://img.alicdn.com/imgextra/i2/2248304671/O1CN013TLj3J1kNMlE3KEzM_!!0-item_pic.jpg"
            },
            {
                "url": "https://img.alicdn.com/imgextra/i4/2248304671/O1CN01cZketx1kNMlE1nRy3_!!2248304671.jpg"
            },
            {
                "url": "https://img.alicdn.com/imgextra/i3/2248304671/O1CN01nkYpRK1kNMlPE3Zmf_!!0-item_pic.jpg"
            }
        ],
        "item_weight": "",
        "post_fee": 0,
        "freight": "",
        "express_fee": "",
        "ems_fee": "",
        "shipping_to": "",
        "video": [],
        "sample_id": "",
        "props_name": "1626520:105425922:香味:夜樱;147956252:52118:净含量:18ml",
        "prop_imgs": {
            "prop_img": [
                {
                    "properties": "147956252:52118",
                    "url": "http://img.alicdn.com/imgextra/i2/2248304671/O1CN013TLj3J1kNMlE3KEzM_!!0-item_pic.jpg"
                }
            ]
        },
        "props_imgs": {
            "prop_img": [
                {
                    "properties": "147956252:52118",
                    "url": "http://img.alicdn.com/imgextra/i2/2248304671/O1CN013TLj3J1kNMlE3KEzM_!!0-item_pic.jpg"
                }
            ]
        },
        "property_alias": "",
        "props": [
            {
                "name": "品牌",
                "value": "L'occitane/欧舒丹"
            },
            {
                "name": "欧舒丹系列",
                "value": "夜樱润肤套装"
            },
            {
                "name": "产地",
                "value": "法国"
            },
            {
                "name": "香味",
                "value": "夜樱"
            },
            {
                "name": "化妆品备案编号/注册证号",
                "value": "国妆备进字J20141777"
            },
            {
                "name": "功效",
                "value": "滋润"
            },
            {
                "name": "规格类型",
                "value": "正常规格"
            },
            {
                "name": "是否为特殊用途化妆品",
                "value": "否"
            },
            {
                "name": "净含量",
                "value": "18ml"
            },
            {
                "name": "产品类别",
                "value": "普通类"
            },
            {
                "name": "限期使用日期范围",
                "value": "2024-07-01至2024-07-31"
            }
        ],
        "total_sold": "0",
        "skus": {
            "sku": [
                {
                    "price": 999,
                    "total_price": 0,
                    "orginal_price": 999,
                    "properties": "1626520:105425922;147956252:52118",
                    "properties_name": "1626520:105425922:香味:夜樱;147956252:52118:净含量:18ml",
                    "quantity": 200,
                    "sku_id": "4988347279042"
                }
            ]
        },
        "seller_id": "2248304671",
        "sales": 0,
        "shop_id": "114646595",
        "props_list": {
            "147956252:52118": "净含量:18ml",
            "1626520:105425922": "香味:夜樱"
        },
        "seller_info": {
            "nick": "loccitane欧舒丹旗舰店",
            "item_score": 4.83999,
            "score_p": 4.8638,
            "delivery_score": 4.88305,
            "shop_type": "",
            "user_num_id": "2248304671",
            "sid": "114646595",
            "title": "",
            "zhuy": "https://shop114646595.taobao.com",
            "cert": null,
            "open_time": "",
            "credit_score": null,
            "shop_name": "loccitane欧舒丹旗舰店"
        },
        "tmall": true,
        "error": "",
        "location": "江苏苏州",
        "data_from": "Ha",
        "has_discount": "false",
        "is_promotion": "false",
        "promo_type": null,
        "props_img": {
            "147956252:52118": "http://img.alicdn.com/imgextra/i2/2248304671/O1CN013TLj3J1kNMlE3KEzM_!!0-item_pic.jpg"
        },
        "format_check": "ok",
        "desc_img": [
            "http://img.alicdn.com/imgextra/i4/2248304671/O1CN01ZHJvaI1kNMlP0hGhy_!!2248304671.jpg",
            "http://img.alicdn.com/imgextra/i4/2248304671/O1CN01cZketx1kNMlE1nRy3_!!2248304671.jpg"
        ],
        "shop_item": [],
        "relate_items": []
    },
    "error": "",
    "secache": "d17b652c2a5c0c40177468051449ad44",
    "secache_time": 1677750243,
    "secache_date": "2023-03-02 17:44:03",
    "translate_status": "",
    "translate_time": 0,
    "language": {
        "default_lang": "cn",
        "current_lang": "cn"
    },
    "reason": "",
    "error_code": "0000",
    "cache": 0,
    "api_info": "today: max:20000 all[=++];expires:2024-01-16",
    "execution_time": "2.448",
    "server_time": "Beijing/2023-03-02 17:44:03",
    "client_ip": "54.39.83.153",
    "call_args": {
        "num_iid": "668524181374",
        "is_promotion": "1"
    },
    "api_type": "taobao",
    "translate_language": "zh-CN",
    "translate_engine": "baidu",
    "server_memory": "0.77MB",
    "last_id": false
}