{
    "item": {
        "num_iid": "567739994175",
        "title": "欧舒丹格拉斯橙花香体润肤露250ml 滋润留香补水保湿身体乳女香体",
        "desc_short": "",
        "price": "260",
        "total_price": 0,
        "suggestive_price": 0,
        "orginal_price": "260",
        "nick": "loccitane欧舒丹旗舰店",
        "num": 187,
        "min_num": 0,
        "detail_url": "https://item.taobao.com/item.htm?id=567739994175",
        "pic_url": "//img.alicdn.com/imgextra/i3/2248304671/O1CN01vY5OFC1kNMpoDdrGf_!!0-item_pic.jpg",
        "brand": "L'occitane/欧舒丹",
        "brandId": null,
        "rootCatId": "1801",
        "cid": "121396013",
        "crumbs": [],
        "created_time": "",
        "modified_time": "",
        "delist_time": "",
        "desc": "",
        "desc_img": [],
        "item_imgs": [
            {
                "url": "//img.alicdn.com/imgextra/i3/2248304671/O1CN01vY5OFC1kNMpoDdrGf_!!0-item_pic.jpg"
            },
            {
                "url": "//img.alicdn.com/imgextra/i3/2248304671/O1CN01NfG0hX1kNMmZX8aDh_!!2248304671.jpg"
            },
            {
                "url": "//img.alicdn.com/imgextra/i2/2248304671/O1CN01AyXVpy1kNMmXySUDS_!!2248304671.jpg"
            },
            {
                "url": "//img.alicdn.com/imgextra/i3/2248304671/O1CN01GZ1mdC1kNMeKjeJJN_!!2248304671.jpg"
            }
        ],
        "item_weight": "",
        "item_size": "",
        "location": "江苏苏州",
        "post_fee": 0,
        "express_fee": null,
        "ems_fee": "",
        "shipping_to": "",
        "has_discount": "false",
        "video": {
            "url": null
        },
        "is_virtual": "",
        "sample_id": "",
        "is_promotion": "false",
        "props_name": "1626520:84800:香味:橙花;147956252:45789:净含量:250ml",
        "prop_imgs": {
            "prop_img": []
        },
        "property_alias": "",
        "props": [
            {
                "name": "品牌",
                "value": "L'occitane/欧舒丹"
            },
            {
                "name": "欧舒丹系列",
                "value": "格拉斯橙花美体润肤乳"
            },
            {
                "name": "产地",
                "value": "法国"
            },
            {
                "name": "香味",
                "value": "橙花"
            },
            {
                "name": "化妆品备案编号/注册证号",
                "value": "国妆备进字J20180131"
            },
            {
                "name": "原料成分",
                "value": "橙花"
            },
            {
                "name": "功效",
                "value": "滋润"
            },
            {
                "name": "是否为特殊用途化妆品",
                "value": "否"
            },
            {
                "name": "净含量",
                "value": "250ml"
            },
            {
                "name": "产品类别",
                "value": "普通类"
            },
            {
                "name": "限期使用日期范围",
                "value": "2024-04-01至2024-04-30"
            }
        ],
        "total_sold": null,
        "skus": {
            "sku": [
                {
                    "price": "260",
                    "total_price": 0,
                    "orginal_price": "260",
                    "properties": "1626520:84800;147956252:45789",
                    "properties_name": "1626520:84800:香味:橙花;147956252:45789:净含量:250ml",
                    "quantity": "187",
                    "sku_id": "3785381538369"
                }
            ]
        },
        "seller_id": "2248304671",
        "sales": 200,
        "shop_id": "114646595",
        "props_list": {
            "1626520:84800": "香味:橙花",
            "147956252:45789": "净含量:250ml"
        },
        "seller_info": {
            "nick": "loccitane欧舒丹旗舰店",
            "item_score": "4.8 ",
            "score_p": "4.8 ",
            "delivery_score": "4.8 ",
            "shop_type": "B",
            "user_num_id": "2248304671",
            "sid": "114646595",
            "title": "L’OCCITANE欧舒丹官方旗舰店",
            "zhuy": "https://shop114646595.taobao.com/",
            "shop_name": "L’OCCITANE欧舒丹官方旗舰店"
        },
        "tmall": true,
        "error": "",
        "warning": "",
        "url_log": [],
        "fav_count": "14440",
        "fans_count": "784.3万",
        "freight": "快递: 免运费",
        "props_imgs": {
            "prop_img": []
        },
        "_ddf": "fu",
        "promo_type": null,
        "props_img": [],
        "format_check": "ok",
        "shop_item": [],
        "relate_items": []
    },
    "error": "",
    "secache": "1d33b3aad7513d014d49b5e056669a94",
    "secache_time": 1677749422,
    "secache_date": "2023-03-02 17:30:22",
    "translate_status": "",
    "translate_time": 0,
    "language": {
        "default_lang": "cn",
        "current_lang": "cn"
    },
    "reason": "",
    "error_code": "0000",
    "cache": 0,
    "api_info": "today: max:20000 all[=++];expires:2024-01-16",
    "execution_time": "7.253",
    "server_time": "Beijing/2023-03-02 17:30:22",
    "client_ip": "54.39.83.153",
    "call_args": {
        "num_iid": "567739994175",
        "is_promotion": "1"
    },
    "api_type": "taobao",
    "translate_language": "zh-CN",
    "translate_engine": "baidu",
    "server_memory": "5.76MB",
    "last_id": false
}