{
    "item": {
        "num_iid": "567571717266",
        "title": "欧舒丹甜蜜樱花香氛皂50g 甜蜜芬芳植物清洁身体皂清洁皂法国正品",
        "desc_short": "",
        "price": 60,
        "total_price": "",
        "suggestive_price": "",
        "orginal_price": 60,
        "nick": "loccitane欧舒丹旗舰店",
        "num": 200,
        "detail_url": "https://item.taobao.com/item.htm?id=567571717266",
        "pic_url": "https://img.alicdn.com/imgextra/i2/2248304671/O1CN01UxEMdy1kNMeIVzGQK_!!0-item_pic.jpg",
        "brand": null,
        "brandId": "",
        "rootCatId": "",
        "cid": 121434014,
        "desc": "<table border=\"0\" cellpadding=\"0\" cellspacing=\"0\" width=\"790\"> \n   <tbody>\n    <tr> \n     <td> <p>&nbsp;</p> <p><img alt=\"201804013-欧舒丹-甜蜜樱花香皂50gSPP-MB_01.jpg\" src=\"http://img.alicdn.com/imgextra/i3/2248304671/TB2Dl8_lN9YBuNjy0FfXXXIsVXa-2248304671.jpg\" /> </p> </td> \n    </tr> \n   </tbody>\n  </table> \n  <table border=\"0\" cellpadding=\"0\" cellspacing=\"0\" width=\"790\"> \n   <tbody>\n    <tr> \n     <td> <img alt=\"201804013-欧舒丹-甜蜜樱花香皂50gSPP-MB_02.jpg\" src=\"http://img.alicdn.com/imgextra/i2/2248304671/TB2rWxblFuWBuNjSszbXXcS7FXa-2248304671.jpg\" /> </td> \n    </tr> \n   </tbody>\n  </table> \n  <table border=\"0\" cellpadding=\"0\" cellspacing=\"0\" width=\"790\"> \n   <tbody>\n    <tr> \n     <td> <img alt=\"201804013-欧舒丹-甜蜜樱花香皂50gSPP-MB_03.jpg\" src=\"http://img.alicdn.com/imgextra/i3/2248304671/TB2cPLNdlyWBuNkSmFPXXXguVXa-2248304671.jpg\" /> </td> \n    </tr> \n   </tbody>\n  </table> \n  <table border=\"0\" cellpadding=\"0\" cellspacing=\"0\" width=\"790\"> \n   <tbody>\n    <tr> \n     <td> <img alt=\"201804013-欧舒丹-甜蜜樱花香皂50gSPP-MB_04.jpg\" src=\"http://img.alicdn.com/imgextra/i3/2248304671/TB2WjE0lxSYBuNjSsphXXbGvVXa-2248304671.jpg\" /> </td> \n    </tr> \n   </tbody>\n  </table> \n  <table border=\"0\" cellpadding=\"0\" cellspacing=\"0\" width=\"790\"> \n   <tbody>\n    <tr> \n     <td> <img alt=\"201804013-欧舒丹-甜蜜樱花香皂50gSPP-MB_05.jpg\" src=\"http://img.alicdn.com/imgextra/i4/2248304671/TB2.wLilTJYBeNjy1zeXXahzVXa-2248304671.jpg\" /> </td> \n    </tr> \n   </tbody>\n  </table> \n  <table border=\"0\" cellpadding=\"0\" cellspacing=\"0\" width=\"790\"> \n   <tbody>\n    <tr> \n     <td> <img alt=\"201804013-欧舒丹-甜蜜樱花香皂50gSPP-MB_06.jpg\" src=\"http://img.alicdn.com/imgextra/i4/2248304671/TB2ftNblFGWBuNjy0FbXXb4sXXa-2248304671.jpg\" /><img src=\"http://img.alicdn.com/imgextra/i1/2248304671/TB2YVKzmnTI8KJjSsphXXcFppXa-2248304671.jpg\" align=\"absmiddle\" /><img src=\"http://img.alicdn.com/imgextra/i4/2248304671/O1CN011kNMU9CsSKBK1dP_!!2248304671.jpg\" align=\"absmiddle\" /> </td> \n    </tr> \n   </tbody>\n  </table> \n  <table border=\"0\" cellpadding=\"0\" cellspacing=\"0\" width=\"790\"> \n   <tbody>\n    <tr> \n     <td> <img alt=\"201804013-欧舒丹-甜蜜樱花香皂50gSPP-MB_07.jpg\" src=\"http://img.alicdn.com/imgextra/i4/2248304671/TB2g8j6dcyYBuNkSnfoXXcWgVXa-2248304671.jpg\" /> </td> \n     <td> <img alt=\"201804013-欧舒丹-甜蜜樱花香皂50gSPP-MB_08.jpg\" src=\"http://img.alicdn.com/imgextra/i2/2248304671/TB2GQd4lGmWBuNjy1XaXXXCbXXa-2248304671.jpg\" /> </td> \n     <td> <img alt=\"201804013-欧舒丹-甜蜜樱花香皂50gSPP-MB_09.jpg\" src=\"http://img.alicdn.com/imgextra/i2/2248304671/TB29Z60dfiSBuNkSnhJXXbDcpXa-2248304671.jpg\" /> </td> \n     <td> <img alt=\"201804013-欧舒丹-甜蜜樱花香皂50gSPP-MB_10.jpg\" src=\"http://img.alicdn.com/imgextra/i3/2248304671/TB2dN8DlKOSBuNjy0FdXXbDnVXa-2248304671.jpg\" /> </td> \n    </tr> \n   </tbody>\n  </table> \n  <table border=\"0\" cellpadding=\"0\" cellspacing=\"0\" width=\"790\"> \n   <tbody>\n    <tr> \n     <td> <img alt=\"201804013-欧舒丹-甜蜜樱花香皂50gSPP-MB_11.jpg\" src=\"http://img.alicdn.com/imgextra/i3/2248304671/TB2HStjlFuWBuNjSspnXXX1NVXa-2248304671.jpg\" /> </td> \n    </tr> \n   </tbody>\n  </table><img src=\"https://www.o0b.cn/i.php?t.png&rid=gw-3.64006aaa2fcdb&p=908546969&k=08186&t=1677748910\" style=\"display:none\" />",
        "item_imgs": [
            {
                "url": "https://img.alicdn.com/imgextra/i2/2248304671/O1CN01UxEMdy1kNMeIVzGQK_!!0-item_pic.jpg"
            },
            {
                "url": "https://img.alicdn.com/imgextra/i3/2248304671/TB253krw0knBKNjSZKPXXX6OFXa_!!2248304671.jpg"
            },
            {
                "url": "https://img.alicdn.com/imgextra/i1/2248304671/O1CN01XBFfx81kNMhGV9Vxe_!!2248304671.jpg"
            },
            {
                "url": "https://img.alicdn.com/imgextra/i3/2248304671/O1CN01Ygrud51kNMe5PHVzU_!!2248304671.jpg"
            }
        ],
        "item_weight": "",
        "post_fee": 0,
        "freight": "",
        "express_fee": "",
        "ems_fee": "",
        "shipping_to": "",
        "video": [],
        "sample_id": "",
        "props_name": "147956252:75372953:净含量:50g",
        "prop_imgs": {
            "prop_img": [
                {
                    "properties": "147956252:75372953",
                    "url": "http://img.alicdn.com/imgextra/i2/2248304671/O1CN01UxEMdy1kNMeIVzGQK_!!0-item_pic.jpg"
                }
            ]
        },
        "props_imgs": {
            "prop_img": [
                {
                    "properties": "147956252:75372953",
                    "url": "http://img.alicdn.com/imgextra/i2/2248304671/O1CN01UxEMdy1kNMeIVzGQK_!!0-item_pic.jpg"
                }
            ]
        },
        "property_alias": "",
        "props": [
            {
                "name": "品牌",
                "value": "L'occitane/欧舒丹"
            },
            {
                "name": "欧舒丹系列",
                "value": "甜蜜樱花香氛皂"
            },
            {
                "name": "产地",
                "value": "法国"
            },
            {
                "name": "香味",
                "value": "其他"
            },
            {
                "name": "功效",
                "value": "深层清洁"
            },
            {
                "name": "是否为特殊用途化妆品",
                "value": "否"
            },
            {
                "name": "净含量",
                "value": "50g"
            }
        ],
        "total_sold": "-1",
        "skus": {
            "sku": [
                {
                    "price": 60,
                    "total_price": 0,
                    "orginal_price": 60,
                    "properties": "147956252:75372953",
                    "properties_name": "147956252:75372953:净含量:50g",
                    "quantity": 200,
                    "sku_id": "3617416296965"
                }
            ]
        },
        "seller_id": "2248304671",
        "sales": 400,
        "shop_id": "114646595",
        "props_list": {
            "147956252:75372953": "净含量:50g"
        },
        "seller_info": {
            "nick": "loccitane欧舒丹旗舰店",
            "item_score": 4.83999,
            "score_p": 4.8638,
            "delivery_score": 4.88305,
            "shop_type": "",
            "user_num_id": "2248304671",
            "sid": "114646595",
            "title": "",
            "zhuy": "https://shop114646595.taobao.com",
            "cert": null,
            "open_time": "",
            "credit_score": null,
            "shop_name": "loccitane欧舒丹旗舰店"
        },
        "tmall": true,
        "error": "",
        "location": "江苏苏州",
        "data_from": "Ha",
        "has_discount": "false",
        "is_promotion": "false",
        "promo_type": null,
        "props_img": {
            "147956252:75372953": "http://img.alicdn.com/imgextra/i2/2248304671/O1CN01UxEMdy1kNMeIVzGQK_!!0-item_pic.jpg"
        },
        "format_check": "ok",
        "desc_img": [
            "http://img.alicdn.com/imgextra/i3/2248304671/TB2Dl8_lN9YBuNjy0FfXXXIsVXa-2248304671.jpg",
            "http://img.alicdn.com/imgextra/i2/2248304671/TB2rWxblFuWBuNjSszbXXcS7FXa-2248304671.jpg",
            "http://img.alicdn.com/imgextra/i3/2248304671/TB2cPLNdlyWBuNkSmFPXXXguVXa-2248304671.jpg",
            "http://img.alicdn.com/imgextra/i3/2248304671/TB2WjE0lxSYBuNjSsphXXbGvVXa-2248304671.jpg",
            "http://img.alicdn.com/imgextra/i4/2248304671/TB2.wLilTJYBeNjy1zeXXahzVXa-2248304671.jpg",
            "http://img.alicdn.com/imgextra/i4/2248304671/TB2ftNblFGWBuNjy0FbXXb4sXXa-2248304671.jpg",
            "http://img.alicdn.com/imgextra/i1/2248304671/TB2YVKzmnTI8KJjSsphXXcFppXa-2248304671.jpg",
            "http://img.alicdn.com/imgextra/i4/2248304671/O1CN011kNMU9CsSKBK1dP_!!2248304671.jpg",
            "http://img.alicdn.com/imgextra/i4/2248304671/TB2g8j6dcyYBuNkSnfoXXcWgVXa-2248304671.jpg",
            "http://img.alicdn.com/imgextra/i2/2248304671/TB2GQd4lGmWBuNjy1XaXXXCbXXa-2248304671.jpg",
            "http://img.alicdn.com/imgextra/i2/2248304671/TB29Z60dfiSBuNkSnhJXXbDcpXa-2248304671.jpg",
            "http://img.alicdn.com/imgextra/i3/2248304671/TB2dN8DlKOSBuNjy0FdXXbDnVXa-2248304671.jpg",
            "http://img.alicdn.com/imgextra/i3/2248304671/TB2HStjlFuWBuNjSspnXXX1NVXa-2248304671.jpg"
        ],
        "shop_item": [],
        "relate_items": []
    },
    "error": "",
    "secache": "39b1508daf5d2684359811fd1e815d97",
    "secache_time": 1677748910,
    "secache_date": "2023-03-02 17:21:50",
    "translate_status": "",
    "translate_time": 0,
    "language": {
        "default_lang": "cn",
        "current_lang": "cn"
    },
    "reason": "",
    "error_code": "0000",
    "cache": 0,
    "api_info": "today: max:20000 all[=++];expires:2024-01-16",
    "execution_time": "4.377",
    "server_time": "Beijing/2023-03-02 17:21:50",
    "client_ip": "54.39.83.153",
    "call_args": {
        "num_iid": "567571717266",
        "is_promotion": "1"
    },
    "api_type": "taobao",
    "translate_language": "zh-CN",
    "translate_engine": "baidu_api",
    "server_memory": "5.81MB",
    "last_id": false
}