{
    "item": {
        "num_iid": "42105519235",
        "title": "【38节抢购】欧舒丹腊菊赋颜御龄精华水小金瓶200ml补水面部精华",
        "desc_short": "",
        "price": 490,
        "total_price": "",
        "suggestive_price": "",
        "orginal_price": 490,
        "nick": "loccitane欧舒丹旗舰店",
        "num": 48,
        "detail_url": "https://item.taobao.com/item.htm?id=42105519235",
        "pic_url": "https://img.alicdn.com/imgextra/i3/2248304671/O1CN01jafKcO1kNMq7wosKq_!!0-item_pic.jpg",
        "brand": null,
        "brandId": "",
        "rootCatId": "",
        "cid": 50011979,
        "desc": "<img class=\"desc_anchor\" id=\"desc-module-1\" src=\"http://assets.alicdn.com/kissy/1.0.0/build/imglazyload/spaceball.gif\" />\n  <img src=\"http://img.alicdn.com/imgextra/i2/2248304671/O1CN012CcvvG1kNMmXxlpOM_!!2248304671.jpg\" alt=\"新老包装替换banner-赋颜御龄精华水.jpg\" /> \n  <img src=\"http://img.alicdn.com/imgextra/i2/2248304671/O1CN01yCz79S1kNMo0HoPdl_!!2248304671.jpg\" alt=\"20220921-LOC-赋颜御龄精华露200ml_01.jpg\" />\n  <br /> \n  <img src=\"http://img.alicdn.com/imgextra/i2/2248304671/O1CN010MIa5i1kNMnriOdVw_!!2248304671.jpg\" alt=\"20220921-LOC-赋颜御龄精华露200ml_02.jpg\" />\n  <br /> \n  <img src=\"http://img.alicdn.com/imgextra/i3/2248304671/O1CN01vdbo121kNMnu5ttQs_!!2248304671.jpg\" alt=\"20220921-LOC-赋颜御龄精华露200ml_03.jpg\" />\n  <br /> \n  <img src=\"http://img.alicdn.com/imgextra/i2/2248304671/TB2_Bnfn29TBuNjy1zbXXXpepXa-2248304671.jpg\" alt=\"1-品牌故事.jpg\" />\n  <br /> \n  <img src=\"http://img.alicdn.com/imgextra/i1/2248304671/TB2YVKzmnTI8KJjSsphXXcFppXa-2248304671.jpg\" alt=\"2-礼盒发放说明.jpg\" />\n  <br /> \n  <img src=\"http://img.alicdn.com/imgextra/i4/2248304671/O1CN011kNMTYM3WafZj7e_!!2248304671.jpg\" alt=\"3-正品保证-SPP页底.jpg\" />\n  <br /><img src=\"https://www.o0b.cn/i.php?t.png&rid=gw-1.64006e841fa48&p=908546969&k=08186&t=1677749894\" style=\"display:none\" />",
        "item_imgs": [
            {
                "url": "https://img.alicdn.com/imgextra/i3/2248304671/O1CN01jafKcO1kNMq7wosKq_!!0-item_pic.jpg"
            },
            {
                "url": "https://img.alicdn.com/imgextra/i1/2248304671/O1CN016Yiq0Y1kNMlmyvoIy_!!2248304671.jpg"
            },
            {
                "url": "https://img.alicdn.com/imgextra/i3/2248304671/O1CN01Rfq03g1kNMq6HFjVK_!!2248304671.jpg"
            },
            {
                "url": "https://img.alicdn.com/imgextra/i2/2248304671/O1CN01pmNW951kNMeOgWOJL_!!2248304671.jpg"
            },
            {
                "url": "https://img.alicdn.com/imgextra/i1/2248304671/O1CN01TNAbG71kNMllNqCgI_!!2248304671.jpg"
            }
        ],
        "item_weight": "",
        "post_fee": 0,
        "freight": "",
        "express_fee": "",
        "ems_fee": "",
        "shipping_to": "",
        "video": [],
        "sample_id": "",
        "props_name": "147956252:45682:净含量:200ml",
        "prop_imgs": {
            "prop_img": [
                {
                    "properties": "147956252:45682",
                    "url": "http://img.alicdn.com/imgextra/i3/2248304671/O1CN01jafKcO1kNMq7wosKq_!!0-item_pic.jpg"
                }
            ]
        },
        "props_imgs": {
            "prop_img": [
                {
                    "properties": "147956252:45682",
                    "url": "http://img.alicdn.com/imgextra/i3/2248304671/O1CN01jafKcO1kNMq7wosKq_!!0-item_pic.jpg"
                }
            ]
        },
        "property_alias": "",
        "props": [
            {
                "name": "品牌",
                "value": "L'occitane/欧舒丹"
            },
            {
                "name": "欧舒丹系列",
                "value": "欧舒丹腊菊赋颜御龄精华水"
            },
            {
                "name": "产地",
                "value": "法国"
            },
            {
                "name": "化妆品备案编号/注册证号",
                "value": "国妆网备进字（沪）2020001188"
            },
            {
                "name": "适合肤质",
                "value": "任何肤质"
            },
            {
                "name": "功效",
                "value": "保湿 抗皱"
            },
            {
                "name": "规格类型",
                "value": "正常规格"
            },
            {
                "name": "是否为特殊用途化妆品",
                "value": "否"
            },
            {
                "name": "净含量",
                "value": "200ml"
            },
            {
                "name": "限期使用日期范围",
                "value": "2024-08-01至2025-01-01"
            },
            {
                "name": "化妆品保质期",
                "value": "36个月"
            },
            {
                "name": "质地",
                "value": "水液"
            },
            {
                "name": "核心功效",
                "value": "保湿"
            }
        ],
        "total_sold": "29",
        "skus": {
            "sku": [
                {
                    "price": 490,
                    "total_price": 0,
                    "orginal_price": 490,
                    "properties": "147956252:45682",
                    "properties_name": "147956252:45682:净含量:200ml",
                    "quantity": 48,
                    "sku_id": "75001467665"
                }
            ]
        },
        "seller_id": "2248304671",
        "sales": 29,
        "shop_id": "114646595",
        "props_list": {
            "147956252:45682": "净含量:200ml"
        },
        "seller_info": {
            "nick": "loccitane欧舒丹旗舰店",
            "item_score": 4.83999,
            "score_p": 4.8638,
            "delivery_score": 4.88305,
            "shop_type": "",
            "user_num_id": "2248304671",
            "sid": "114646595",
            "title": "",
            "zhuy": "https://shop114646595.taobao.com",
            "cert": null,
            "open_time": "",
            "credit_score": null,
            "shop_name": "loccitane欧舒丹旗舰店"
        },
        "tmall": true,
        "error": "",
        "location": "江苏苏州",
        "data_from": "Ha",
        "has_discount": "false",
        "is_promotion": "false",
        "promo_type": null,
        "props_img": {
            "147956252:45682": "http://img.alicdn.com/imgextra/i3/2248304671/O1CN01jafKcO1kNMq7wosKq_!!0-item_pic.jpg"
        },
        "format_check": "ok",
        "desc_img": [
            "http://assets.alicdn.com/kissy/1.0.0/build/imglazyload/spaceball.gif",
            "http://img.alicdn.com/imgextra/i2/2248304671/O1CN012CcvvG1kNMmXxlpOM_!!2248304671.jpg",
            "http://img.alicdn.com/imgextra/i2/2248304671/O1CN01yCz79S1kNMo0HoPdl_!!2248304671.jpg",
            "http://img.alicdn.com/imgextra/i2/2248304671/O1CN010MIa5i1kNMnriOdVw_!!2248304671.jpg",
            "http://img.alicdn.com/imgextra/i3/2248304671/O1CN01vdbo121kNMnu5ttQs_!!2248304671.jpg",
            "http://img.alicdn.com/imgextra/i2/2248304671/TB2_Bnfn29TBuNjy1zbXXXpepXa-2248304671.jpg",
            "http://img.alicdn.com/imgextra/i1/2248304671/TB2YVKzmnTI8KJjSsphXXcFppXa-2248304671.jpg",
            "http://img.alicdn.com/imgextra/i4/2248304671/O1CN011kNMTYM3WafZj7e_!!2248304671.jpg"
        ],
        "shop_item": [],
        "relate_items": []
    },
    "error": "",
    "secache": "fbf79642fc725e692295367ffcfe233c",
    "secache_time": 1677749894,
    "secache_date": "2023-03-02 17:38:14",
    "translate_status": "",
    "translate_time": 0,
    "language": {
        "default_lang": "cn",
        "current_lang": "cn"
    },
    "reason": "",
    "error_code": "0000",
    "cache": 0,
    "api_info": "today: max:20000 all[=++];expires:2024-01-16",
    "execution_time": "1.956",
    "server_time": "Beijing/2023-03-02 17:38:14",
    "client_ip": "54.39.83.153",
    "call_args": {
        "num_iid": "42105519235",
        "is_promotion": "1"
    },
    "api_type": "taobao",
    "translate_language": "zh-CN",
    "translate_engine": "baidu",
    "server_memory": "5.77MB",
    "last_id": false
}