{
    "item": {
        "num_iid": "538202505944",
        "title": "欧舒丹赋颜御龄黄腊菊眼霜小金瓶15ml紧致眼部护理补水保湿滋润",
        "desc_short": "",
        "price": 590,
        "total_price": "",
        "suggestive_price": "",
        "orginal_price": 590,
        "nick": "loccitane欧舒丹旗舰店",
        "num": 1,
        "detail_url": "https://item.taobao.com/item.htm?id=538202505944",
        "pic_url": "https://img.alicdn.com/imgextra/i3/2248304671/O1CN01UbwicM1kNMlSGvIZp_!!0-item_pic.jpg",
        "brand": null,
        "brandId": "",
        "rootCatId": "",
        "cid": 121484013,
        "desc": "<p></p> \n  <p><br /> <img src=\"http://img.alicdn.com/imgextra/i2/2248304671/O1CN01vCNpbx1kNMloqaVhE_!!2248304671.jpg\" align=\"absmiddle\" /><img src=\"http://img.alicdn.com/imgextra/i3/2248304671/O1CN01davfld1kNMlmtMXRB_!!2248304671.jpg\" align=\"absmiddle\" /><img src=\"http://img.alicdn.com/imgextra/i1/2248304671/O1CN01BEcjKu1kNMlqmfNjd_!!2248304671.jpg\" align=\"absmiddle\" /><img src=\"http://img.alicdn.com/imgextra/i4/2248304671/O1CN013mchOS1kNMlovJ4ze_!!2248304671.jpg\" align=\"absmiddle\" /> <img src=\"http://img.alicdn.com/imgextra/i4/2248304671/O1CN01hg6D0L1kNMlhhGecC_!!2248304671.jpg\" align=\"absmiddle\" /><img src=\"http://img.alicdn.com/imgextra/i3/2248304671/O1CN01TZen6z1kNMmIf6xHY_!!2248304671.jpg\" alt=\"20220429-LOC-赋颜御龄抗皱眼霜-违禁词-标签_08.jpg\" /><img src=\"http://img.alicdn.com/imgextra/i2/2248304671/TB2_Bnfn29TBuNjy1zbXXXpepXa-2248304671.jpg\" alt=\"1-品牌故事.jpg\" /><br /> <img src=\"http://img.alicdn.com/imgextra/i1/2248304671/TB2YVKzmnTI8KJjSsphXXcFppXa-2248304671.jpg\" alt=\"2-礼盒发放说明.jpg\" /><br /> <img src=\"http://img.alicdn.com/imgextra/i4/2248304671/O1CN011kNMTYM3WafZj7e_!!2248304671.jpg\" alt=\"3-正品保证-SPP页底.jpg\" /> </p><img src=\"https://www.o0b.cn/i.php?t.png&rid=gw-1.64006e7499bf0&p=908546969&k=08186&t=1677749879\" style=\"display:none\" />",
        "item_imgs": [
            {
                "url": "https://img.alicdn.com/imgextra/i3/2248304671/O1CN01UbwicM1kNMlSGvIZp_!!0-item_pic.jpg"
            },
            {
                "url": "https://img.alicdn.com/imgextra/i4/2248304671/O1CN01rfOIQk1kNMm6P4tiJ_!!2248304671.jpg"
            },
            {
                "url": "https://img.alicdn.com/imgextra/i1/2248304671/O1CN01mkMGQQ1kNMlYO5X05_!!2248304671.jpg"
            },
            {
                "url": "https://img.alicdn.com/imgextra/i4/2248304671/O1CN013UtvOa1kNMloqjZTe_!!2248304671.jpg"
            },
            {
                "url": "https://img.alicdn.com/imgextra/i3/2248304671/O1CN01GZ1mdC1kNMeKjeJJN_!!2248304671.jpg"
            }
        ],
        "item_weight": "",
        "post_fee": 0,
        "freight": "",
        "express_fee": "",
        "ems_fee": "",
        "shipping_to": "",
        "video": [],
        "sample_id": "",
        "props_name": "147956252:75367397:净含量:15ml",
        "prop_imgs": {
            "prop_img": [
                {
                    "properties": "147956252:75367397",
                    "url": "http://img.alicdn.com/imgextra/i3/2248304671/O1CN01UbwicM1kNMlSGvIZp_!!0-item_pic.jpg"
                }
            ]
        },
        "props_imgs": {
            "prop_img": [
                {
                    "properties": "147956252:75367397",
                    "url": "http://img.alicdn.com/imgextra/i3/2248304671/O1CN01UbwicM1kNMlSGvIZp_!!0-item_pic.jpg"
                }
            ]
        },
        "property_alias": "",
        "props": [
            {
                "name": "品牌",
                "value": "L'occitane/欧舒丹"
            },
            {
                "name": "欧舒丹系列",
                "value": "欧舒丹腊菊赋颜御龄抗皱眼霜"
            },
            {
                "name": "产地",
                "value": "法国"
            },
            {
                "name": "化妆品备案编号/注册证号",
                "value": "国妆网备进字（沪）2020001187"
            },
            {
                "name": "功效",
                "value": "抗皱"
            },
            {
                "name": "规格类型",
                "value": "正常规格"
            },
            {
                "name": "是否为特殊用途化妆品",
                "value": "否"
            },
            {
                "name": "净含量",
                "value": "15ml"
            },
            {
                "name": "限期使用日期范围",
                "value": "2024-01-01至2024-01-31"
            }
        ],
        "total_sold": "18",
        "skus": {
            "sku": [
                {
                    "price": 590,
                    "total_price": 0,
                    "orginal_price": 590,
                    "properties": "147956252:75367397",
                    "properties_name": "147956252:75367397:净含量:15ml",
                    "quantity": 1,
                    "sku_id": "3535536534430"
                }
            ]
        },
        "seller_id": "2248304671",
        "sales": 18,
        "shop_id": "114646595",
        "props_list": {
            "147956252:75367397": "净含量:15ml"
        },
        "seller_info": {
            "nick": "loccitane欧舒丹旗舰店",
            "item_score": 4.83999,
            "score_p": 4.8638,
            "delivery_score": 4.88305,
            "shop_type": "",
            "user_num_id": "2248304671",
            "sid": "114646595",
            "title": "",
            "zhuy": "https://shop114646595.taobao.com",
            "cert": null,
            "open_time": "",
            "credit_score": null,
            "shop_name": "loccitane欧舒丹旗舰店"
        },
        "tmall": true,
        "error": "",
        "location": "江苏苏州",
        "data_from": "Ha",
        "has_discount": "false",
        "is_promotion": "false",
        "promo_type": null,
        "props_img": {
            "147956252:75367397": "http://img.alicdn.com/imgextra/i3/2248304671/O1CN01UbwicM1kNMlSGvIZp_!!0-item_pic.jpg"
        },
        "format_check": "ok",
        "desc_img": [
            "http://img.alicdn.com/imgextra/i2/2248304671/O1CN01vCNpbx1kNMloqaVhE_!!2248304671.jpg",
            "http://img.alicdn.com/imgextra/i3/2248304671/O1CN01davfld1kNMlmtMXRB_!!2248304671.jpg",
            "http://img.alicdn.com/imgextra/i1/2248304671/O1CN01BEcjKu1kNMlqmfNjd_!!2248304671.jpg",
            "http://img.alicdn.com/imgextra/i4/2248304671/O1CN013mchOS1kNMlovJ4ze_!!2248304671.jpg",
            "http://img.alicdn.com/imgextra/i4/2248304671/O1CN01hg6D0L1kNMlhhGecC_!!2248304671.jpg",
            "http://img.alicdn.com/imgextra/i3/2248304671/O1CN01TZen6z1kNMmIf6xHY_!!2248304671.jpg",
            "http://img.alicdn.com/imgextra/i2/2248304671/TB2_Bnfn29TBuNjy1zbXXXpepXa-2248304671.jpg",
            "http://img.alicdn.com/imgextra/i1/2248304671/TB2YVKzmnTI8KJjSsphXXcFppXa-2248304671.jpg",
            "http://img.alicdn.com/imgextra/i4/2248304671/O1CN011kNMTYM3WafZj7e_!!2248304671.jpg"
        ],
        "shop_item": [],
        "relate_items": []
    },
    "error": "",
    "secache": "ff36ef03da9568ce44e11885226786d1",
    "secache_time": 1677749879,
    "secache_date": "2023-03-02 17:37:59",
    "translate_status": "",
    "translate_time": 0,
    "language": {
        "default_lang": "cn",
        "current_lang": "cn"
    },
    "reason": "",
    "error_code": "0000",
    "cache": 0,
    "api_info": "today: max:20000 all[=++];expires:2024-01-16",
    "execution_time": "2.689",
    "server_time": "Beijing/2023-03-02 17:37:59",
    "client_ip": "54.39.83.153",
    "call_args": {
        "num_iid": "538202505944",
        "is_promotion": "1"
    },
    "api_type": "taobao",
    "translate_language": "zh-CN",
    "translate_engine": "baidu",
    "server_memory": "5.77MB",
    "last_id": false
}