{
    "item": {
        "num_iid": "44098591553",
        "title": "【38节预售】欧舒丹洗护发玫瑰之心洗发水护发素套装丰盈蓬松清洁",
        "desc_short": "",
        "price": 390,
        "orginal_price": 390,
        "nick": "loccitane欧舒丹旗舰店",
        "num": 28,
        "pic_url": "https://img.alicdn.com/imgextra/i1/2248304671/O1CN01I1LTzX1kNMq1PLJmP_!!0-item_pic.jpg",
        "brand": null,
        "brandId": 0,
        "rootCatId": 0,
        "cid": 121476023,
        "crumbs": null,
        "detail_url": "https://item.taobao.com/item.htm?id=44098591553",
        "desc": "<table border=\"0\" cellpadding=\"0\" cellspacing=\"0\" width=\"790\"> \n   <tbody>\n    <tr> \n     <td> <p ><span ><br /> </span></p> <p><img src=\"http://img.alicdn.com/imgextra/i4/2248304671/O1CN01NuFutg1kNMpAqrOcr_!!2248304671.jpg\" align=\"absmiddle\" /><img src=\"http://img.alicdn.com/imgextra/i3/2248304671/O1CN01gOkCgT1kNMcv5FG2V_!!2248304671.jpg\" align=\"absmiddle\" /><img src=\"http://img.alicdn.com/imgextra/i4/2248304671/O1CN01TxX3Xf1kNMpD2SyLk_!!2248304671.jpg\" align=\"absmiddle\" /><img src=\"http://img.alicdn.com/imgextra/i3/2248304671/O1CN01AH6Wgk1kNMcxFs5kR_!!2248304671.jpg\" align=\"absmiddle\" /> <img src=\"http://img.alicdn.com/imgextra/i3/2248304671/O1CN012brDuy1kNMmGWTWab_!!2248304671.jpg\" alt=\"20220429-LOC-玫瑰之心洗护发套装-标签_05.jpg\" /> <img src=\"http://img.alicdn.com/imgextra/i2/2248304671/TB2_Bnfn29TBuNjy1zbXXXpepXa-2248304671.jpg\" alt=\"1-品牌故事.jpg\" /><br /> <img src=\"http://img.alicdn.com/imgextra/i1/2248304671/TB2YVKzmnTI8KJjSsphXXcFppXa-2248304671.jpg\" alt=\"2-礼盒发放说明.jpg\" /><br /> <img src=\"http://img.alicdn.com/imgextra/i4/2248304671/O1CN011kNMTYM3WafZj7e_!!2248304671.jpg\" alt=\"3-正品保证-SPP页底.jpg\" /> </p> </td> \n    </tr> \n   </tbody>\n  </table><img src=\"https://www.o0b.cn/i.php?t.png&rid=gw-4.63feac1ad617b&p=837512465&k=23706&t=1677634588\" style=\"display:none\" />",
        "item_imgs": [
            {
                "url": "https://img.alicdn.com/imgextra/i1/2248304671/O1CN01I1LTzX1kNMq1PLJmP_!!0-item_pic.jpg"
            },
            {
                "url": "https://img.alicdn.com/imgextra/i2/2248304671/O1CN01RoT4HA1kNMpKsh2Ca_!!2248304671.jpg"
            },
            {
                "url": "https://img.alicdn.com/imgextra/i2/2248304671/O1CN01ZQ2vej1kNMpKt6brA_!!2248304671.jpg"
            },
            {
                "url": "https://img.alicdn.com/imgextra/i4/2248304671/O1CN01aqnFES1kNMpF7nBLV_!!2248304671.jpg"
            },
            {
                "url": "https://img.alicdn.com/imgextra/i3/2248304671/O1CN01MGx0hN1kNMeYrEFBE_!!2248304671.jpg"
            }
        ],
        "item_weight": 0,
        "location": "江苏苏州",
        "post_fee": 0,
        "express_fee": 0,
        "ems_fee": 0,
        "shipping_to": "",
        "has_discount": "false",
        "video": [],
        "is_virtual": null,
        "sample_id": "",
        "is_promotion": "false",
        "prop_imgs": {
            "prop_img": [
                {
                    "properties": "147956252:6982100",
                    "url": "http://img.alicdn.com/imgextra/i1/2248304671/O1CN01I1LTzX1kNMq1PLJmP_!!0-item_pic.jpg"
                }
            ]
        },
        "property_alias": "",
        "props": [
            {
                "name": "品牌",
                "value": "L'occitane/欧舒丹"
            },
            {
                "name": "L’occitane/欧舒丹",
                "value": "欧舒丹玫瑰之心洗护发套装"
            },
            {
                "name": "功能",
                "value": "深层清洁"
            },
            {
                "name": "产地",
                "value": "法国"
            },
            {
                "name": "香味",
                "value": "玫瑰"
            },
            {
                "name": "化妆品备案编号/注册证号",
                "value": "国妆网备进字（沪）2019006587"
            },
            {
                "name": "规格类型",
                "value": "正常规格"
            },
            {
                "name": "是否为特殊用途化妆品",
                "value": "否"
            },
            {
                "name": "净含量",
                "value": "480ml"
            }
        ],
        "props_name": "1626520:28895:香味:玫瑰;147956252:6982100:净含量:480ml",
        "total_sold": 840000,
        "skus": {
            "sku": [
                {
                    "price": 390,
                    "total_price": 0,
                    "orginal_price": 390,
                    "properties": "1626520:28895;147956252:6982100",
                    "properties_name": "1626520:28895:香味:玫瑰;147956252:6982100:净含量:480ml",
                    "quantity": 28,
                    "sku_id": "3797227573168"
                }
            ]
        },
        "seller_id": "2248304671",
        "shop_id": "114646595",
        "props_list": {
            "147956252:6982100": "净含量:480ml",
            "1626520:28895": "香味:玫瑰"
        },
        "seller_info": {
            "nick": "loccitane欧舒丹旗舰店",
            "item_score": 4.84014,
            "score_p": 4.86394,
            "delivery_score": 4.88312,
            "shop_type": "",
            "user_num_id": "2248304671",
            "sid": "114646595",
            "title": "",
            "zhuy": "https://shop114646595.taobao.com",
            "cert": null,
            "open_time": "",
            "credit_score": null,
            "shop_name": "loccitane欧舒丹旗舰店"
        },
        "tmall": true,
        "update_time": "2023-03-01 09:36:28",
        "data_update": "2023-03-01 09:36:28",
        "data_f": "Ha",
        "data_from": "hid",
        "promo_type": null,
        "props_img": {
            "147956252:6982100": "http://img.alicdn.com/imgextra/i1/2248304671/O1CN01I1LTzX1kNMq1PLJmP_!!0-item_pic.jpg"
        },
        "error": null,
        "format_check": "ok",
        "sales": 0,
        "desc_img": [
            "http://img.alicdn.com/imgextra/i4/2248304671/O1CN01NuFutg1kNMpAqrOcr_!!2248304671.jpg",
            "http://img.alicdn.com/imgextra/i3/2248304671/O1CN01gOkCgT1kNMcv5FG2V_!!2248304671.jpg",
            "http://img.alicdn.com/imgextra/i4/2248304671/O1CN01TxX3Xf1kNMpD2SyLk_!!2248304671.jpg",
            "http://img.alicdn.com/imgextra/i3/2248304671/O1CN01AH6Wgk1kNMcxFs5kR_!!2248304671.jpg",
            "http://img.alicdn.com/imgextra/i3/2248304671/O1CN012brDuy1kNMmGWTWab_!!2248304671.jpg",
            "http://img.alicdn.com/imgextra/i2/2248304671/TB2_Bnfn29TBuNjy1zbXXXpepXa-2248304671.jpg",
            "http://img.alicdn.com/imgextra/i1/2248304671/TB2YVKzmnTI8KJjSsphXXcFppXa-2248304671.jpg",
            "http://img.alicdn.com/imgextra/i4/2248304671/O1CN011kNMTYM3WafZj7e_!!2248304671.jpg",
            "https://www.o0b.cn/i.php?t.png&rid=gw-4.63feac1ad617b&p=837512465&k=23706&t=1677634588"
        ],
        "shop_item": [],
        "relate_items": []
    },
    "error": "",
    "secache": "fa0f3a542d4d931578ef46c5842a0019",
    "secache_time": 1677748928,
    "secache_date": "2023-03-02 17:22:08",
    "translate_status": "",
    "translate_time": 0,
    "language": {
        "default_lang": "cn",
        "current_lang": "cn"
    },
    "reason": "",
    "error_code": "0000",
    "cache": 0,
    "api_info": "today: max:20000 all[=++];expires:2024-01-16",
    "execution_time": "0.276",
    "server_time": "Beijing/2023-03-02 17:22:08",
    "client_ip": "54.39.83.153",
    "call_args": {
        "num_iid": "44098591553",
        "is_promotion": "1"
    },
    "api_type": "taobao",
    "translate_language": "zh-CN",
    "translate_engine": "baidu_api",
    "server_memory": "5.79MB",
    "last_id": false
}