{
    "item": {
        "num_iid": "635763545004",
        "title": "欧舒丹磨砂膏石榴甜扁桃面部磨砂膏75ml 全身温和去角质身体护理",
        "desc_short": "",
        "price": 220,
        "total_price": "",
        "suggestive_price": "",
        "orginal_price": 220,
        "nick": "loccitane欧舒丹旗舰店",
        "num": 23,
        "detail_url": "https://item.taobao.com/item.htm?id=635763545004",
        "pic_url": "https://img.alicdn.com/imgextra/i4/2248304671/O1CN0158gVpx1kNMmBcYZnN_!!0-item_pic.jpg",
        "brand": null,
        "brandId": "",
        "rootCatId": "",
        "cid": 50011997,
        "desc": "<img class=\"desc_anchor\" id=\"desc-module-1\" src=\"http://assets.alicdn.com/kissy/1.0.0/build/imglazyload/spaceball.gif\" />\n  <p><img src=\"http://img.alicdn.com/imgextra/i4/2248304671/O1CN010eTcke1kNMgD4ZurT_!!2248304671.jpg\" align=\"absmiddle\" /><img src=\"http://img.alicdn.com/imgextra/i2/2248304671/O1CN01RButFM1kNMgJT3CZK_!!2248304671.jpg\" align=\"absmiddle\" /><img src=\"http://img.alicdn.com/imgextra/i3/2248304671/O1CN012tfwMA1kNMmv3rhk4_!!2248304671.jpg\" align=\"absmiddle\" /><img src=\"http://img.alicdn.com/imgextra/i3/2248304671/O1CN01Yqi8wz1kNMgKzbFX9_!!2248304671.jpg\" align=\"absmiddle\" /><img src=\"http://img.alicdn.com/imgextra/i1/2248304671/O1CN01eUQ3Ad1kNMl7XEd0l_!!2248304671.jpg\" align=\"absmiddle\" /><img src=\"http://img.alicdn.com/imgextra/i2/2248304671/TB2_Bnfn29TBuNjy1zbXXXpepXa-2248304671.jpg\" align=\"absmiddle\" /><img src=\"http://img.alicdn.com/imgextra/i1/2248304671/TB2YVKzmnTI8KJjSsphXXcFppXa-2248304671.jpg\" align=\"absmiddle\" /><img src=\"http://img.alicdn.com/imgextra/i4/2248304671/O1CN011kNMTYM3WafZj7e_!!2248304671.jpg\" align=\"absmiddle\" /> </p><img src=\"https://www.o0b.cn/i.php?t.png&rid=gw-1.64006fa5b86c8&p=908546969&k=08186&t=1677750184\" style=\"display:none\" />",
        "item_imgs": [
            {
                "url": "https://img.alicdn.com/imgextra/i4/2248304671/O1CN0158gVpx1kNMmBcYZnN_!!0-item_pic.jpg"
            },
            {
                "url": "https://img.alicdn.com/imgextra/i2/2248304671/O1CN01kgMUQm1kNMiwTbmDR_!!0-item_pic.jpg"
            },
            {
                "url": "https://img.alicdn.com/imgextra/i1/2248304671/O1CN019y0WQN1kNMgKzUKpU_!!2248304671.jpg"
            },
            {
                "url": "https://img.alicdn.com/imgextra/i1/2248304671/O1CN01MxN3Uk1kNMgITwP5o_!!2248304671.jpg"
            },
            {
                "url": "https://img.alicdn.com/imgextra/i4/2248304671/O1CN01ncBZUz1kNMfyF74M0_!!0-item_pic.jpg"
            }
        ],
        "item_weight": "",
        "post_fee": 0,
        "freight": "",
        "express_fee": "",
        "ems_fee": "",
        "shipping_to": "",
        "video": [],
        "sample_id": "",
        "props_name": "147956252:75366245:净含量:75ml",
        "prop_imgs": {
            "prop_img": [
                {
                    "properties": "147956252:75366245",
                    "url": "http://img.alicdn.com/imgextra/i4/2248304671/O1CN0158gVpx1kNMmBcYZnN_!!0-item_pic.jpg"
                }
            ]
        },
        "props_imgs": {
            "prop_img": [
                {
                    "properties": "147956252:75366245",
                    "url": "http://img.alicdn.com/imgextra/i4/2248304671/O1CN0158gVpx1kNMmBcYZnN_!!0-item_pic.jpg"
                }
            ]
        },
        "property_alias": "",
        "props": [
            {
                "name": "品牌",
                "value": "L'occitane/欧舒丹"
            },
            {
                "name": "欧舒丹系列",
                "value": "石榴甜扁桃面部磨砂膏"
            },
            {
                "name": "产地",
                "value": "法国"
            },
            {
                "name": "化妆品备案编号/注册证号",
                "value": "国妆网备进字（沪）2020007444"
            },
            {
                "name": "功效",
                "value": "去角质"
            },
            {
                "name": "规格类型",
                "value": "正常规格"
            },
            {
                "name": "是否为特殊用途化妆品",
                "value": "否"
            },
            {
                "name": "净含量",
                "value": "75ml"
            },
            {
                "name": "限期使用日期范围",
                "value": "2024-01-01至2024-06-01"
            }
        ],
        "total_sold": "24",
        "skus": {
            "sku": [
                {
                    "price": 220,
                    "total_price": 0,
                    "orginal_price": 220,
                    "properties": "147956252:75366245",
                    "properties_name": "147956252:75366245:净含量:75ml",
                    "quantity": 23,
                    "sku_id": "4724286586777"
                }
            ]
        },
        "seller_id": "2248304671",
        "sales": 24,
        "shop_id": "114646595",
        "props_list": {
            "147956252:75366245": "净含量:75ml"
        },
        "seller_info": {
            "nick": "loccitane欧舒丹旗舰店",
            "item_score": 4.83999,
            "score_p": 4.8638,
            "delivery_score": 4.88305,
            "shop_type": "",
            "user_num_id": "2248304671",
            "sid": "114646595",
            "title": "",
            "zhuy": "https://shop114646595.taobao.com",
            "cert": null,
            "open_time": "",
            "credit_score": null,
            "shop_name": "loccitane欧舒丹旗舰店"
        },
        "tmall": true,
        "error": "",
        "location": "江苏苏州",
        "data_from": "Ha",
        "has_discount": "false",
        "is_promotion": "false",
        "promo_type": null,
        "props_img": {
            "147956252:75366245": "http://img.alicdn.com/imgextra/i4/2248304671/O1CN0158gVpx1kNMmBcYZnN_!!0-item_pic.jpg"
        },
        "format_check": "ok",
        "desc_img": [
            "http://assets.alicdn.com/kissy/1.0.0/build/imglazyload/spaceball.gif",
            "http://img.alicdn.com/imgextra/i4/2248304671/O1CN010eTcke1kNMgD4ZurT_!!2248304671.jpg",
            "http://img.alicdn.com/imgextra/i2/2248304671/O1CN01RButFM1kNMgJT3CZK_!!2248304671.jpg",
            "http://img.alicdn.com/imgextra/i3/2248304671/O1CN012tfwMA1kNMmv3rhk4_!!2248304671.jpg",
            "http://img.alicdn.com/imgextra/i3/2248304671/O1CN01Yqi8wz1kNMgKzbFX9_!!2248304671.jpg",
            "http://img.alicdn.com/imgextra/i1/2248304671/O1CN01eUQ3Ad1kNMl7XEd0l_!!2248304671.jpg",
            "http://img.alicdn.com/imgextra/i2/2248304671/TB2_Bnfn29TBuNjy1zbXXXpepXa-2248304671.jpg",
            "http://img.alicdn.com/imgextra/i1/2248304671/TB2YVKzmnTI8KJjSsphXXcFppXa-2248304671.jpg",
            "http://img.alicdn.com/imgextra/i4/2248304671/O1CN011kNMTYM3WafZj7e_!!2248304671.jpg"
        ],
        "shop_item": [],
        "relate_items": []
    },
    "error": "",
    "secache": "becd2cd9e8f30ff6d3d5151a7ad18bbb",
    "secache_time": 1677750184,
    "secache_date": "2023-03-02 17:43:04",
    "translate_status": "",
    "translate_time": 0,
    "language": {
        "default_lang": "cn",
        "current_lang": "cn"
    },
    "reason": "",
    "error_code": "0000",
    "cache": 0,
    "api_info": "today: max:20000 all[=++];expires:2024-01-16",
    "execution_time": "2.508",
    "server_time": "Beijing/2023-03-02 17:43:04",
    "client_ip": "54.39.83.153",
    "call_args": {
        "num_iid": "635763545004",
        "is_promotion": "1"
    },
    "api_type": "taobao",
    "translate_language": "zh-CN",
    "translate_engine": "baidu",
    "server_memory": "5.77MB",
    "last_id": false
}