{
    "item": {
        "num_iid": "617735756492",
        "title": "【38节抢购】欧舒丹护发素草本头皮平衡护发素丰盈蓬松改善毛躁",
        "desc_short": "",
        "price": 210,
        "total_price": "",
        "suggestive_price": "",
        "orginal_price": 210,
        "nick": "loccitane欧舒丹旗舰店",
        "num": 111,
        "detail_url": "https://item.taobao.com/item.htm?id=617735756492",
        "pic_url": "https://img.alicdn.com/imgextra/i2/2248304671/O1CN01Gxvfxx1kNMpw3D6VF_!!0-item_pic.jpg",
        "brand": null,
        "brandId": "",
        "rootCatId": "",
        "cid": 201310704,
        "desc": "",
        "item_imgs": [
            {
                "url": "https://img.alicdn.com/imgextra/i2/2248304671/O1CN01Gxvfxx1kNMpw3D6VF_!!0-item_pic.jpg"
            },
            {
                "url": "https://img.alicdn.com/imgextra/i2/2248304671/O1CN01O84I921kNMq5JpOOB_!!2248304671.jpg"
            },
            {
                "url": "https://img.alicdn.com/imgextra/i3/2248304671/O1CN01w53dJr1kNMq2mQD7J_!!2248304671.jpg"
            },
            {
                "url": "https://img.alicdn.com/imgextra/i4/2248304671/O1CN01mELY9V1kNMpuJytg1_!!2248304671.jpg"
            },
            {
                "url": "https://img.alicdn.com/imgextra/i3/2248304671/O1CN01MGx0hN1kNMeYrEFBE_!!2248304671.jpg"
            }
        ],
        "item_weight": "",
        "post_fee": 0,
        "freight": "",
        "express_fee": "",
        "ems_fee": "",
        "shipping_to": "",
        "video": [],
        "sample_id": "",
        "props_name": "147956252:75367556:净含量:500ml;147956252:45789:净含量:250ml",
        "prop_imgs": {
            "prop_img": []
        },
        "props_imgs": {
            "prop_img": []
        },
        "property_alias": "",
        "props": [
            {
                "name": "品牌",
                "value": "L'occitane/欧舒丹"
            },
            {
                "name": "型号",
                "value": "5合1草本菁纯平衡护发素"
            },
            {
                "name": "产地",
                "value": "法国"
            },
            {
                "name": "化妆品备案编号/注册证号",
                "value": "国妆网备进字(沪)2019006022"
            },
            {
                "name": "是否进口",
                "value": "是"
            },
            {
                "name": "功效",
                "value": "头皮舒缓 蓬松"
            },
            {
                "name": "规格类型",
                "value": "常规单品"
            },
            {
                "name": "是否为特殊用途化妆品",
                "value": "否"
            },
            {
                "name": "是否量贩装",
                "value": "否"
            },
            {
                "name": "净含量",
                "value": "500ml 250ml"
            }
        ],
        "total_sold": "-1",
        "skus": {
            "sku": [
                {
                    "price": 325,
                    "total_price": 0,
                    "orginal_price": 325,
                    "properties": "147956252:75367556",
                    "properties_name": "147956252:75367556:净含量:500ml",
                    "quantity": 49,
                    "sku_id": "4535634639181"
                },
                {
                    "price": 210,
                    "total_price": 0,
                    "orginal_price": 210,
                    "properties": "147956252:45789",
                    "properties_name": "147956252:45789:净含量:250ml",
                    "quantity": 62,
                    "sku_id": "4535634639180"
                }
            ]
        },
        "seller_id": "2248304671",
        "sales": 100,
        "shop_id": "114646595",
        "props_list": {
            "147956252:75367556": "净含量:500ml",
            "147956252:45789": "净含量:250ml"
        },
        "seller_info": {
            "nick": "loccitane欧舒丹旗舰店",
            "item_score": 4.83999,
            "score_p": 4.8638,
            "delivery_score": 4.88305,
            "shop_type": "",
            "user_num_id": "2248304671",
            "sid": "114646595",
            "title": "",
            "zhuy": "https://shop114646595.taobao.com",
            "cert": null,
            "open_time": "",
            "credit_score": null,
            "shop_name": "loccitane欧舒丹旗舰店"
        },
        "tmall": true,
        "error": "",
        "location": "江苏苏州",
        "data_from": "Ha",
        "has_discount": "false",
        "is_promotion": "false",
        "promo_type": null,
        "props_img": [],
        "format_check": "ok",
        "desc_img": [],
        "shop_item": [],
        "relate_items": []
    },
    "error": "",
    "secache": "e4bf718a96c600ae6f09cc0d9e78dcdb",
    "secache_time": 1677749588,
    "secache_date": "2023-03-02 17:33:08",
    "translate_status": "",
    "translate_time": 0,
    "language": {
        "default_lang": "cn",
        "current_lang": "cn"
    },
    "reason": "",
    "error_code": "0000",
    "cache": 0,
    "api_info": "today: max:20000 all[=++];expires:2024-01-16",
    "execution_time": "6.515",
    "server_time": "Beijing/2023-03-02 17:33:08",
    "client_ip": "54.39.83.153",
    "call_args": {
        "num_iid": "617735756492",
        "is_promotion": "1"
    },
    "api_type": "taobao",
    "translate_language": "zh-CN",
    "translate_engine": "baidu",
    "server_memory": "5.75MB",
    "last_id": false
}