{
    "item": {
        "num_iid": "656224577037",
        "title": "【38节抢购】欧舒丹手霜乳木果腊菊手部紧致黄金抗初老护手霜补水",
        "desc_short": "",
        "price": "300",
        "total_price": 0,
        "suggestive_price": 0,
        "orginal_price": "300",
        "nick": "loccitane欧舒丹旗舰店",
        "num": 192,
        "min_num": 0,
        "detail_url": "https://item.taobao.com/item.htm?id=656224577037",
        "pic_url": "//img.alicdn.com/imgextra/i1/2248304671/O1CN01yNLdER1kNMq6jG66r_!!0-item_pic.jpg",
        "brand": "L'occitane/欧舒丹",
        "brandId": null,
        "rootCatId": "1801",
        "cid": "121452007",
        "crumbs": [],
        "created_time": "",
        "modified_time": "",
        "delist_time": "",
        "desc": "<img src=\"http://img.alicdn.com/imgextra/i2/2248304671/O1CN01Yzax361kNMpe8AJCN_!!2248304671.jpg\" alt=\"黃金手霜.jpg\" />\n  <img src=\"http://img.alicdn.com/imgextra/i2/2248304671/O1CN01Ej9CMx1kNMpg3EHCJ_!!2248304671.jpg\" alt=\"20221103-LOC-蜡菊手霜详情页-新包裝_01.jpg\" />\n  <br /> \n  <img src=\"http://img.alicdn.com/imgextra/i4/2248304671/O1CN01IbZI431kNMpfFg8ey_!!2248304671.jpg\" alt=\"20221103-LOC-蜡菊手霜详情页-新包裝_02.jpg\" />\n  <br /> \n  <img src=\"http://img.alicdn.com/imgextra/i4/2248304671/O1CN01BJXUJC1kNMpZA6UCS_!!2248304671.jpg\" alt=\"20221103-LOC-蜡菊手霜详情页-新包裝_03.jpg\" />\n  <br /> \n  <img src=\"http://img.alicdn.com/imgextra/i4/2248304671/O1CN01IEel5D1kNMpZtY7fM_!!2248304671.jpg\" alt=\"20221103-LOC-蜡菊手霜详情页-新包裝_04.jpg\" />\n  <br /> \n  <img src=\"http://img.alicdn.com/imgextra/i4/2248304671/O1CN01kXcB3Q1kNMpdfLeof_!!2248304671.jpg\" alt=\"20221103-LOC-蜡菊手霜详情页-新包裝_05.jpg\" />\n  <br /> \n  <img src=\"http://img.alicdn.com/imgextra/i4/2248304671/O1CN01uB33tW1kNMpfFicVv_!!2248304671.jpg\" alt=\"20221103-LOC-蜡菊手霜详情页-新包裝_06.jpg\" />\n  <br /> \n  <img src=\"http://img.alicdn.com/imgextra/i4/2248304671/O1CN01LR7IEH1kNMpgko6QA_!!2248304671.jpg\" alt=\"20221103-LOC-蜡菊手霜详情页-新包裝_07.jpg\" />\n  <br /> \n  <img src=\"http://img.alicdn.com/imgextra/i2/2248304671/O1CN01P2az6T1kNMpc9QgQR_!!2248304671.jpg\" alt=\"20221103-LOC-蜡菊手霜详情页-新包裝_08.jpg\" />\n  <br /> \n  <img src=\"http://img.alicdn.com/imgextra/i4/2248304671/O1CN01UBVpV81kNMlhbV61U_!!2248304671.jpg\" alt=\"20220325-LOC-乳木果腊菊手部紧致精华霜75ml_06.jpg\" />\n  <br /> \n  <img src=\"http://img.alicdn.com/imgextra/i2/2248304671/TB2_Bnfn29TBuNjy1zbXXXpepXa-2248304671.jpg\" alt=\"1-品牌故事.jpg\" />\n  <br /> \n  <img src=\"http://img.alicdn.com/imgextra/i1/2248304671/TB2YVKzmnTI8KJjSsphXXcFppXa-2248304671.jpg\" alt=\"2-礼盒发放说明.jpg\" />\n  <br /> \n  <img src=\"http://img.alicdn.com/imgextra/i4/2248304671/O1CN011kNMTYM3WafZj7e_!!2248304671.jpg\" alt=\"3-正品保证-SPP页底.jpg\" /> \n  <p>&nbsp;</p><img src=\"https://www.o0b.cn/i.php?t.png&rid=gw-4.64006cbac4660&p=908546969&k=08186&t=1677749437\" style=\"display:none\" />",
        "desc_img": [
            "http://img.alicdn.com/imgextra/i2/2248304671/O1CN01Yzax361kNMpe8AJCN_!!2248304671.jpg",
            "http://img.alicdn.com/imgextra/i2/2248304671/O1CN01Ej9CMx1kNMpg3EHCJ_!!2248304671.jpg",
            "http://img.alicdn.com/imgextra/i4/2248304671/O1CN01IbZI431kNMpfFg8ey_!!2248304671.jpg",
            "http://img.alicdn.com/imgextra/i4/2248304671/O1CN01BJXUJC1kNMpZA6UCS_!!2248304671.jpg",
            "http://img.alicdn.com/imgextra/i4/2248304671/O1CN01IEel5D1kNMpZtY7fM_!!2248304671.jpg",
            "http://img.alicdn.com/imgextra/i4/2248304671/O1CN01kXcB3Q1kNMpdfLeof_!!2248304671.jpg",
            "http://img.alicdn.com/imgextra/i4/2248304671/O1CN01uB33tW1kNMpfFicVv_!!2248304671.jpg",
            "http://img.alicdn.com/imgextra/i4/2248304671/O1CN01LR7IEH1kNMpgko6QA_!!2248304671.jpg",
            "http://img.alicdn.com/imgextra/i2/2248304671/O1CN01P2az6T1kNMpc9QgQR_!!2248304671.jpg",
            "http://img.alicdn.com/imgextra/i4/2248304671/O1CN01UBVpV81kNMlhbV61U_!!2248304671.jpg",
            "http://img.alicdn.com/imgextra/i2/2248304671/TB2_Bnfn29TBuNjy1zbXXXpepXa-2248304671.jpg",
            "http://img.alicdn.com/imgextra/i1/2248304671/TB2YVKzmnTI8KJjSsphXXcFppXa-2248304671.jpg",
            "http://img.alicdn.com/imgextra/i4/2248304671/O1CN011kNMTYM3WafZj7e_!!2248304671.jpg"
        ],
        "item_imgs": [
            {
                "url": "//img.alicdn.com/imgextra/i1/2248304671/O1CN01yNLdER1kNMq6jG66r_!!0-item_pic.jpg"
            },
            {
                "url": "//img.alicdn.com/imgextra/i3/2248304671/O1CN01Rfq03g1kNMq6HFjVK_!!2248304671.jpg"
            },
            {
                "url": "//img.alicdn.com/imgextra/i3/2248304671/O1CN01gxKc2o1kNMpcg6vxY_!!2248304671.jpg"
            },
            {
                "url": "//img.alicdn.com/imgextra/i3/2248304671/O1CN0178js9v1kNMlAwfnhi_!!2248304671.jpg"
            },
            {
                "url": "//img.alicdn.com/imgextra/i3/2248304671/O1CN01MGx0hN1kNMeYrEFBE_!!2248304671.jpg"
            }
        ],
        "item_weight": "",
        "item_size": "",
        "location": "江苏苏州",
        "post_fee": 0,
        "express_fee": null,
        "ems_fee": "",
        "shipping_to": "",
        "has_discount": "false",
        "video": {
            "url": null
        },
        "is_virtual": "",
        "sample_id": "",
        "is_promotion": "false",
        "props_name": "122276315:3289490:款式:基本款;147956252:75366245:净含量:75ml",
        "prop_imgs": {
            "prop_img": []
        },
        "property_alias": "",
        "props": [
            {
                "name": "品牌",
                "value": "L'occitane/欧舒丹"
            },
            {
                "name": "欧舒丹系列",
                "value": "乳木果腊菊手部紧致精华霜"
            },
            {
                "name": "产地",
                "value": "法国"
            },
            {
                "name": "化妆品备案编号/注册证号",
                "value": "国妆网备进字(沪)2021003153"
            },
            {
                "name": "功效",
                "value": "保湿"
            },
            {
                "name": "规格类型",
                "value": "正常规格"
            },
            {
                "name": "款式",
                "value": "基本款"
            },
            {
                "name": "是否为特殊用途化妆品",
                "value": "否"
            },
            {
                "name": "净含量",
                "value": "75ml"
            },
            {
                "name": "限期使用日期范围",
                "value": "2024-03-01至2025-02-01"
            }
        ],
        "total_sold": null,
        "skus": {
            "sku": [
                {
                    "price": "300",
                    "total_price": 0,
                    "orginal_price": "300",
                    "properties": "122276315:3289490;147956252:75366245",
                    "properties_name": "122276315:3289490:款式:基本款;147956252:75366245:净含量:75ml",
                    "quantity": "192",
                    "sku_id": "4738660325263"
                }
            ]
        },
        "seller_id": "2248304671",
        "sales": 100,
        "shop_id": "114646595",
        "props_list": {
            "122276315:3289490": "款式:基本款",
            "147956252:75366245": "净含量:75ml"
        },
        "seller_info": {
            "nick": "loccitane欧舒丹旗舰店",
            "item_score": "4.8 ",
            "score_p": "4.8 ",
            "delivery_score": "4.8 ",
            "shop_type": "B",
            "user_num_id": "2248304671",
            "sid": "114646595",
            "title": "L’OCCITANE欧舒丹官方旗舰店",
            "zhuy": "https://shop114646595.taobao.com/",
            "shop_name": "L’OCCITANE欧舒丹官方旗舰店"
        },
        "tmall": true,
        "error": "",
        "warning": "",
        "url_log": [],
        "fav_count": "6050",
        "fans_count": "784.3万",
        "freight": "快递: 免运费",
        "props_imgs": {
            "prop_img": []
        },
        "_ddf": "fu",
        "promo_type": null,
        "props_img": [],
        "format_check": "ok",
        "shop_item": [],
        "relate_items": []
    },
    "error": "",
    "secache": "9d7f4706ffd1a534d3c48c110ffa16fe",
    "secache_time": 1677749437,
    "secache_date": "2023-03-02 17:30:37",
    "translate_status": "",
    "translate_time": 0,
    "language": {
        "default_lang": "cn",
        "current_lang": "cn"
    },
    "reason": "",
    "error_code": "0000",
    "cache": 0,
    "api_info": "today: max:20000 all[=++];expires:2024-01-16",
    "execution_time": "2.774",
    "server_time": "Beijing/2023-03-02 17:30:37",
    "client_ip": "54.39.83.153",
    "call_args": {
        "num_iid": "656224577037",
        "is_promotion": "1"
    },
    "api_type": "taobao",
    "translate_language": "zh-CN",
    "translate_engine": "baidu",
    "server_memory": "0.79MB",
    "last_id": false
}