{
    "item": {
        "num_iid": "624525947033",
        "title": "【38节抢购】欧舒丹杏仁身体乳甜扁桃紧致美体乳补水保湿弹润修护",
        "desc_short": "",
        "price": 530,
        "total_price": "",
        "suggestive_price": "",
        "orginal_price": 530,
        "nick": "loccitane欧舒丹旗舰店",
        "num": 99,
        "detail_url": "https://item.taobao.com/item.htm?id=624525947033",
        "pic_url": "https://img.alicdn.com/imgextra/i2/2248304671/O1CN01CJ4DCV1kNMq4qL7Y4_!!0-item_pic.jpg",
        "brand": null,
        "brandId": "",
        "rootCatId": "",
        "cid": 121396013,
        "desc": "",
        "item_imgs": [
            {
                "url": "https://img.alicdn.com/imgextra/i2/2248304671/O1CN01CJ4DCV1kNMq4qL7Y4_!!0-item_pic.jpg"
            },
            {
                "url": "https://img.alicdn.com/imgextra/i2/2248304671/O1CN01e164gv1kNMolZbWX9_!!2248304671.jpg"
            },
            {
                "url": "https://img.alicdn.com/imgextra/i3/2248304671/O1CN01Rfq03g1kNMq6HFjVK_!!2248304671.jpg"
            },
            {
                "url": "https://img.alicdn.com/imgextra/i4/2248304671/O1CN01Njfoso1kNMluNdxRy_!!2248304671.jpg"
            },
            {
                "url": "https://img.alicdn.com/imgextra/i2/2248304671/O1CN01WOkVz01kNMlLEJwCD_!!2248304671.jpg"
            }
        ],
        "item_weight": "",
        "post_fee": 0,
        "freight": "",
        "express_fee": "",
        "ems_fee": "",
        "shipping_to": "",
        "video": [],
        "sample_id": "",
        "props_name": "1626520:281420961:香味:甜扁桃;122276315:3289490:款式:基本款;147956252:45682:净含量:200ml",
        "prop_imgs": {
            "prop_img": [
                {
                    "properties": "122276315:3289490",
                    "url": "http://img.alicdn.com/imgextra/i2/2248304671/O1CN01CJ4DCV1kNMq4qL7Y4_!!0-item_pic.jpg"
                }
            ]
        },
        "props_imgs": {
            "prop_img": [
                {
                    "properties": "122276315:3289490",
                    "url": "http://img.alicdn.com/imgextra/i2/2248304671/O1CN01CJ4DCV1kNMq4qL7Y4_!!0-item_pic.jpg"
                }
            ]
        },
        "property_alias": "",
        "props": [
            {
                "name": "品牌",
                "value": "L'occitane/欧舒丹"
            },
            {
                "name": "欧舒丹系列",
                "value": "甜扁桃紧致弹润美肤乳"
            },
            {
                "name": "产地",
                "value": "法国"
            },
            {
                "name": "香味",
                "value": "甜扁桃"
            },
            {
                "name": "化妆品备案编号/注册证号",
                "value": "国妆网备进字（沪）2021001390"
            },
            {
                "name": "原料成分",
                "value": "甜扁桃"
            },
            {
                "name": "功效",
                "value": "紧致"
            },
            {
                "name": "规格类型",
                "value": "正常规格"
            },
            {
                "name": "款式",
                "value": "基本款"
            },
            {
                "name": "是否为特殊用途化妆品",
                "value": "否"
            },
            {
                "name": "净含量",
                "value": "200ml"
            },
            {
                "name": "限期使用日期范围",
                "value": "2024-02-01至2024-12-01"
            }
        ],
        "total_sold": "84",
        "skus": {
            "sku": [
                {
                    "price": 530,
                    "total_price": 0,
                    "orginal_price": 530,
                    "properties": "1626520:281420961;122276315:3289490;147956252:45682",
                    "properties_name": "1626520:281420961:香味:甜扁桃;122276315:3289490:款式:基本款;147956252:45682:净含量:200ml",
                    "quantity": 99,
                    "sku_id": "4413988532177"
                }
            ]
        },
        "seller_id": "2248304671",
        "sales": 84,
        "shop_id": "114646595",
        "props_list": {
            "122276315:3289490": "款式:基本款",
            "147956252:45682": "净含量:200ml",
            "1626520:281420961": "香味:甜扁桃"
        },
        "seller_info": {
            "nick": "loccitane欧舒丹旗舰店",
            "item_score": 4.83999,
            "score_p": 4.8638,
            "delivery_score": 4.88305,
            "shop_type": "",
            "user_num_id": "2248304671",
            "sid": "114646595",
            "title": "",
            "zhuy": "https://shop114646595.taobao.com",
            "cert": null,
            "open_time": "",
            "credit_score": null,
            "shop_name": "loccitane欧舒丹旗舰店"
        },
        "tmall": true,
        "error": "",
        "location": "江苏苏州",
        "data_from": "Ha",
        "has_discount": "false",
        "is_promotion": "false",
        "promo_type": null,
        "props_img": {
            "122276315:3289490": "http://img.alicdn.com/imgextra/i2/2248304671/O1CN01CJ4DCV1kNMq4qL7Y4_!!0-item_pic.jpg"
        },
        "format_check": "ok",
        "desc_img": [],
        "shop_item": [],
        "relate_items": []
    },
    "error": "",
    "secache": "15549ad27441d04ae99678dcd5b6e509",
    "secache_time": 1677749744,
    "secache_date": "2023-03-02 17:35:44",
    "translate_status": "",
    "translate_time": 0,
    "language": {
        "default_lang": "cn",
        "current_lang": "cn"
    },
    "reason": "",
    "error_code": "0000",
    "cache": 0,
    "api_info": "today: max:20000 all[=++];expires:2024-01-16",
    "execution_time": "6.596",
    "server_time": "Beijing/2023-03-02 17:35:44",
    "client_ip": "54.39.83.153",
    "call_args": {
        "num_iid": "624525947033",
        "is_promotion": "1"
    },
    "api_type": "taobao",
    "translate_language": "zh-CN",
    "translate_engine": "baidu",
    "server_memory": "5.76MB",
    "last_id": false
}