{
    "item": {
        "num_iid": "540279321938",
        "title": "【38节抢购】欧舒丹乳木果身体乳手霜套装保湿滋润修护滋养留香",
        "desc_short": "",
        "price": 505,
        "total_price": "",
        "suggestive_price": "",
        "orginal_price": 505,
        "nick": "loccitane欧舒丹旗舰店",
        "num": 200,
        "detail_url": "https://item.taobao.com/item.htm?id=540279321938",
        "pic_url": "https://img.alicdn.com/imgextra/i3/2248304671/O1CN01C6DT2y1kNMqAp4TNe_!!0-item_pic.jpg",
        "brand": null,
        "brandId": "",
        "rootCatId": "",
        "cid": 121396013,
        "desc": "<p>亲爱的丹粉，即日起欧舒丹手霜包装陆续升级，仓库新旧版本随机发货，新版手霜增加封口标识，不接受发货指定；感谢您的支持，欧舒丹天猫官方旗舰店所售商品100%为正品，有问题及时联系在线客服.</p> \n  <p><img src=\"http://img.alicdn.com/imgextra/i4/2248304671/O1CN01Ahjuy91kNMof1jV01_!!2248304671.jpg\" align=\"absmiddle\" /><img src=\"http://img.alicdn.com/imgextra/i1/2248304671/O1CN01tm0wrn1kNMnbiv3IO_!!2248304671.jpg\" align=\"absmiddle\" /><img src=\"http://img.alicdn.com/imgextra/i2/2248304671/O1CN01ssv1Q61kNMne71Ma3_!!2248304671.jpg\" align=\"absmiddle\" /><img src=\"http://img.alicdn.com/imgextra/i1/2248304671/O1CN01S3VcXA1kNMnbiuuyR_!!2248304671.jpg\" align=\"absmiddle\" /><img src=\"http://img.alicdn.com/imgextra/i1/2248304671/O1CN01kx1ZaV1kNMnhXi78Q_!!2248304671.jpg\" align=\"absmiddle\" /><img src=\"http://img.alicdn.com/imgextra/i4/2248304671/O1CN01oXOOl71kNMne70I2q_!!2248304671.jpg\" align=\"absmiddle\" /><img src=\"http://img.alicdn.com/imgextra/i2/2248304671/O1CN01xoOD4c1kNMnasHJQ0_!!2248304671.jpg\" align=\"absmiddle\" /><img src=\"http://img.alicdn.com/imgextra/i3/2248304671/O1CN01MSihaI1kNMnhSSiXA_!!2248304671.jpg\" align=\"absmiddle\" /><img src=\"http://img.alicdn.com/imgextra/i4/2248304671/O1CN01oYL11i1kNMne1jx1W_!!2248304671.jpg\" align=\"absmiddle\" /><img src=\"http://img.alicdn.com/imgextra/i2/2248304671/O1CN01rOlj0M1kNMnasImpq_!!2248304671.jpg\" align=\"absmiddle\" /><img src=\"http://img.alicdn.com/imgextra/i4/2248304671/O1CN01wkEFn51kNMnhSSiWl_!!2248304671.jpg\" align=\"absmiddle\" /><img src=\"http://img.alicdn.com/imgextra/i4/2248304671/O1CN01erH23F1kNMne38Hj3_!!2248304671.jpg\" align=\"absmiddle\" /><img src=\"http://img.alicdn.com/imgextra/i2/2248304671/O1CN01zuPddW1kNMnkLpKtL_!!2248304671.jpg\" align=\"absmiddle\" /><img src=\"http://img.alicdn.com/imgextra/i1/2248304671/O1CN01snd4HK1kNMnmOcueF_!!2248304671.jpg\" align=\"absmiddle\" /><img src=\"http://img.alicdn.com/imgextra/i2/2248304671/O1CN01htDt3Y1kNMnmOdW2W_!!2248304671.jpg\" align=\"absmiddle\" /><img src=\"http://img.alicdn.com/imgextra/i1/2248304671/O1CN01DukgyO1kNMnZSkIhc_!!2248304671.jpg\" align=\"absmiddle\" /><img src=\"http://img.alicdn.com/imgextra/i3/2248304671/O1CN01gE0wmr1kNMngFIqfq_!!2248304671.jpg\" align=\"absmiddle\" /><img src=\"http://img.alicdn.com/imgextra/i4/2248304671/O1CN01Du69KH1kNMnnDkfDo_!!2248304671.jpg\" align=\"absmiddle\" /><img src=\"http://img.alicdn.com/imgextra/i2/2248304671/O1CN01OS4jVt1kNMkoh0Izl_!!2248304671.jpg\" align=\"absmiddle\" /><img src=\"http://img.alicdn.com/imgextra/i3/2248304671/O1CN013dyVeM1kNMkyJhcI2_!!2248304671.jpg\" align=\"absmiddle\" /><img src=\"http://img.alicdn.com/imgextra/i4/2248304671/O1CN01aCgHnh1kNMmITMWZf_!!2248304671.jpg\" align=\"absmiddle\" /><img src=\"http://img.alicdn.com/imgextra/i2/2248304671/TB2_Bnfn29TBuNjy1zbXXXpepXa-2248304671.jpg\" align=\"absmiddle\" /><img src=\"http://img.alicdn.com/imgextra/i1/2248304671/TB2YVKzmnTI8KJjSsphXXcFppXa-2248304671.jpg\" align=\"absmiddle\" /><img src=\"http://img.alicdn.com/imgextra/i4/2248304671/O1CN011kNMTYM3WafZj7e_!!2248304671.jpg\" align=\"absmiddle\" /></p><img src=\"https://www.o0b.cn/i.php?t.png&rid=gw-4.64006a7883284&p=908546969&k=08186&t=1677748858\" style=\"display:none\" />",
        "item_imgs": [
            {
                "url": "https://img.alicdn.com/imgextra/i3/2248304671/O1CN01C6DT2y1kNMqAp4TNe_!!0-item_pic.jpg"
            },
            {
                "url": "https://img.alicdn.com/imgextra/i3/2248304671/O1CN01UAXeOv1kNMq2byTFC_!!2248304671.jpg"
            },
            {
                "url": "https://img.alicdn.com/imgextra/i3/2248304671/O1CN01Rfq03g1kNMq6HFjVK_!!2248304671.jpg"
            },
            {
                "url": "https://img.alicdn.com/imgextra/i3/2248304671/O1CN01c1TDaa1kNMolv5Hr7_!!2248304671.jpg"
            },
            {
                "url": "https://img.alicdn.com/imgextra/i2/2248304671/O1CN01SnYZGQ1kNMo5ejm96_!!2248304671.jpg"
            }
        ],
        "item_weight": "",
        "post_fee": 0,
        "freight": "",
        "express_fee": "",
        "ems_fee": "",
        "shipping_to": "",
        "video": [],
        "sample_id": "",
        "props_name": "1626520:3304763:香味:乳木果;1626520:3304763:香味:乳木果;147956252:52174:净含量:450ml;147956252:75370144:净含量:400ml",
        "prop_imgs": {
            "prop_img": []
        },
        "props_imgs": {
            "prop_img": []
        },
        "property_alias": "",
        "props": [
            {
                "name": "品牌",
                "value": "L'occitane/欧舒丹"
            },
            {
                "name": "欧舒丹系列",
                "value": "欧舒丹乳木果套装"
            },
            {
                "name": "产地",
                "value": "法国"
            },
            {
                "name": "香味",
                "value": "乳木果"
            },
            {
                "name": "化妆品备案编号/注册证号",
                "value": "国妆网备进字（沪）2020009473"
            },
            {
                "name": "原料成分",
                "value": "乳木果"
            },
            {
                "name": "功效",
                "value": "滋润"
            },
            {
                "name": "规格类型",
                "value": "正常规格"
            },
            {
                "name": "是否为特殊用途化妆品",
                "value": "否"
            },
            {
                "name": "净含量",
                "value": "450ml 400ml"
            },
            {
                "name": "限期使用日期范围",
                "value": "2024-08-01至2025-07-01"
            }
        ],
        "total_sold": "-1",
        "skus": {
            "sku": [
                {
                    "price": 505,
                    "total_price": 0,
                    "orginal_price": 505,
                    "properties": "1626520:3304763;147956252:52174",
                    "properties_name": "1626520:3304763:香味:乳木果;147956252:52174:净含量:450ml",
                    "quantity": 81,
                    "sku_id": "5069179351928"
                },
                {
                    "price": 505,
                    "total_price": 0,
                    "orginal_price": 505,
                    "properties": "1626520:3304763;147956252:75370144",
                    "properties_name": "1626520:3304763:香味:乳木果;147956252:75370144:净含量:400ml",
                    "quantity": 179,
                    "sku_id": "5060570770209"
                }
            ]
        },
        "seller_id": "2248304671",
        "sales": 400,
        "shop_id": "114646595",
        "props_list": {
            "1626520:3304763": "香味:乳木果",
            "147956252:52174": "净含量:450ml",
            "147956252:75370144": "净含量:400ml"
        },
        "seller_info": {
            "nick": "loccitane欧舒丹旗舰店",
            "item_score": 4.83999,
            "score_p": 4.8638,
            "delivery_score": 4.88305,
            "shop_type": "",
            "user_num_id": "2248304671",
            "sid": "114646595",
            "title": "",
            "zhuy": "https://shop114646595.taobao.com",
            "cert": null,
            "open_time": "",
            "credit_score": null,
            "shop_name": "loccitane欧舒丹旗舰店"
        },
        "tmall": true,
        "error": "",
        "location": "江苏苏州",
        "data_from": "Ha",
        "has_discount": "false",
        "is_promotion": "false",
        "promo_type": null,
        "props_img": [],
        "format_check": "ok",
        "desc_img": [
            "http://img.alicdn.com/imgextra/i4/2248304671/O1CN01Ahjuy91kNMof1jV01_!!2248304671.jpg",
            "http://img.alicdn.com/imgextra/i1/2248304671/O1CN01tm0wrn1kNMnbiv3IO_!!2248304671.jpg",
            "http://img.alicdn.com/imgextra/i2/2248304671/O1CN01ssv1Q61kNMne71Ma3_!!2248304671.jpg",
            "http://img.alicdn.com/imgextra/i1/2248304671/O1CN01S3VcXA1kNMnbiuuyR_!!2248304671.jpg",
            "http://img.alicdn.com/imgextra/i1/2248304671/O1CN01kx1ZaV1kNMnhXi78Q_!!2248304671.jpg",
            "http://img.alicdn.com/imgextra/i4/2248304671/O1CN01oXOOl71kNMne70I2q_!!2248304671.jpg",
            "http://img.alicdn.com/imgextra/i2/2248304671/O1CN01xoOD4c1kNMnasHJQ0_!!2248304671.jpg",
            "http://img.alicdn.com/imgextra/i3/2248304671/O1CN01MSihaI1kNMnhSSiXA_!!2248304671.jpg",
            "http://img.alicdn.com/imgextra/i4/2248304671/O1CN01oYL11i1kNMne1jx1W_!!2248304671.jpg",
            "http://img.alicdn.com/imgextra/i2/2248304671/O1CN01rOlj0M1kNMnasImpq_!!2248304671.jpg",
            "http://img.alicdn.com/imgextra/i4/2248304671/O1CN01wkEFn51kNMnhSSiWl_!!2248304671.jpg",
            "http://img.alicdn.com/imgextra/i4/2248304671/O1CN01erH23F1kNMne38Hj3_!!2248304671.jpg",
            "http://img.alicdn.com/imgextra/i2/2248304671/O1CN01zuPddW1kNMnkLpKtL_!!2248304671.jpg",
            "http://img.alicdn.com/imgextra/i1/2248304671/O1CN01snd4HK1kNMnmOcueF_!!2248304671.jpg",
            "http://img.alicdn.com/imgextra/i2/2248304671/O1CN01htDt3Y1kNMnmOdW2W_!!2248304671.jpg",
            "http://img.alicdn.com/imgextra/i1/2248304671/O1CN01DukgyO1kNMnZSkIhc_!!2248304671.jpg",
            "http://img.alicdn.com/imgextra/i3/2248304671/O1CN01gE0wmr1kNMngFIqfq_!!2248304671.jpg",
            "http://img.alicdn.com/imgextra/i4/2248304671/O1CN01Du69KH1kNMnnDkfDo_!!2248304671.jpg",
            "http://img.alicdn.com/imgextra/i2/2248304671/O1CN01OS4jVt1kNMkoh0Izl_!!2248304671.jpg",
            "http://img.alicdn.com/imgextra/i3/2248304671/O1CN013dyVeM1kNMkyJhcI2_!!2248304671.jpg",
            "http://img.alicdn.com/imgextra/i4/2248304671/O1CN01aCgHnh1kNMmITMWZf_!!2248304671.jpg",
            "http://img.alicdn.com/imgextra/i2/2248304671/TB2_Bnfn29TBuNjy1zbXXXpepXa-2248304671.jpg",
            "http://img.alicdn.com/imgextra/i1/2248304671/TB2YVKzmnTI8KJjSsphXXcFppXa-2248304671.jpg",
            "http://img.alicdn.com/imgextra/i4/2248304671/O1CN011kNMTYM3WafZj7e_!!2248304671.jpg"
        ],
        "shop_item": [],
        "relate_items": []
    },
    "error": "",
    "secache": "0ea2ae9b061366793180a08a32d3ca0e",
    "secache_time": 1677748858,
    "secache_date": "2023-03-02 17:20:58",
    "translate_status": "",
    "translate_time": 0,
    "language": {
        "default_lang": "cn",
        "current_lang": "cn"
    },
    "reason": "",
    "error_code": "0000",
    "cache": 0,
    "api_info": "today: max:20000 all[=++];expires:2024-01-16",
    "execution_time": "2.034",
    "server_time": "Beijing/2023-03-02 17:20:58",
    "client_ip": "54.39.83.153",
    "call_args": {
        "num_iid": "540279321938",
        "is_promotion": "1"
    },
    "api_type": "taobao",
    "translate_language": "zh-CN",
    "translate_engine": "baidu",
    "server_memory": "0.8MB",
    "last_id": false
}