{
    "item": {
        "num_iid": "611634433182",
        "title": "【38节抢购】欧舒丹乳木果身体乳护手霜男女滋养留香保湿滋润补水",
        "desc_short": "",
        "price": "505",
        "total_price": 0,
        "suggestive_price": 0,
        "orginal_price": "505",
        "nick": "loccitane欧舒丹旗舰店",
        "num": 71,
        "min_num": 0,
        "detail_url": "https://item.taobao.com/item.htm?id=611634433182",
        "pic_url": "//img.alicdn.com/imgextra/i3/2248304671/O1CN012gvWUW1kNMq5DmNnV_!!0-item_pic.jpg",
        "brand": "L'occitane/欧舒丹",
        "brandId": null,
        "rootCatId": "1801",
        "cid": "121396013",
        "crumbs": [],
        "created_time": "",
        "modified_time": "",
        "delist_time": "",
        "desc": "<p>&nbsp;</p> \n  <p> <img src=\"http://img.alicdn.com/imgextra/i2/2248304671/O1CN01xoOD4c1kNMnasHJQ0_!!2248304671.jpg\" align=\"absmiddle\" /><img src=\"http://img.alicdn.com/imgextra/i3/2248304671/O1CN01MSihaI1kNMnhSSiXA_!!2248304671.jpg\" align=\"absmiddle\" /><img src=\"http://img.alicdn.com/imgextra/i4/2248304671/O1CN01erH23F1kNMne38Hj3_!!2248304671.jpg\" align=\"absmiddle\" /><img src=\"http://img.alicdn.com/imgextra/i1/2248304671/O1CN01tm0wrn1kNMnbiv3IO_!!2248304671.jpg\" align=\"absmiddle\" /><img src=\"http://img.alicdn.com/imgextra/i2/2248304671/O1CN01ssv1Q61kNMne71Ma3_!!2248304671.jpg\" align=\"absmiddle\" /><img src=\"http://img.alicdn.com/imgextra/i1/2248304671/O1CN01S3VcXA1kNMnbiuuyR_!!2248304671.jpg\" align=\"absmiddle\" /><img src=\"http://img.alicdn.com/imgextra/i1/2248304671/O1CN01kx1ZaV1kNMnhXi78Q_!!2248304671.jpg\" align=\"absmiddle\" /><img src=\"http://img.alicdn.com/imgextra/i4/2248304671/O1CN01oXOOl71kNMne70I2q_!!2248304671.jpg\" align=\"absmiddle\" /><img src=\"http://img.alicdn.com/imgextra/i2/2248304671/O1CN01OS4jVt1kNMkoh0Izl_!!2248304671.jpg\" align=\"absmiddle\" /><img src=\"http://img.alicdn.com/imgextra/i2/2248304671/O1CN01zuPddW1kNMnkLpKtL_!!2248304671.jpg\" align=\"absmiddle\" /><img src=\"http://img.alicdn.com/imgextra/i1/2248304671/O1CN01snd4HK1kNMnmOcueF_!!2248304671.jpg\" align=\"absmiddle\" /><img src=\"http://img.alicdn.com/imgextra/i2/2248304671/O1CN01htDt3Y1kNMnmOdW2W_!!2248304671.jpg\" align=\"absmiddle\" /><img src=\"http://img.alicdn.com/imgextra/i1/2248304671/O1CN01DukgyO1kNMnZSkIhc_!!2248304671.jpg\" align=\"absmiddle\" /><img src=\"http://img.alicdn.com/imgextra/i3/2248304671/O1CN01gE0wmr1kNMngFIqfq_!!2248304671.jpg\" align=\"absmiddle\" /><img src=\"http://img.alicdn.com/imgextra/i4/2248304671/O1CN01Du69KH1kNMnnDkfDo_!!2248304671.jpg\" align=\"absmiddle\" /><img src=\"http://img.alicdn.com/imgextra/i4/2248304671/O1CN01aCgHnh1kNMmITMWZf_!!2248304671.jpg\" align=\"absmiddle\" /><br /> <img src=\"http://img.alicdn.com/imgextra/i1/2248304671/TB2YVKzmnTI8KJjSsphXXcFppXa-2248304671.jpg\" align=\"absmiddle\" /><img src=\"http://img.alicdn.com/imgextra/i4/2248304671/O1CN011kNMTYM3WafZj7e_!!2248304671.jpg\" align=\"absmiddle\" /> </p><img src=\"https://www.o0b.cn/i.php?t.png&rid=gw-4.64006b40a10e8&p=908546969&k=08186&t=1677749059\" style=\"display:none\" />",
        "desc_img": [
            "http://img.alicdn.com/imgextra/i2/2248304671/O1CN01xoOD4c1kNMnasHJQ0_!!2248304671.jpg",
            "http://img.alicdn.com/imgextra/i3/2248304671/O1CN01MSihaI1kNMnhSSiXA_!!2248304671.jpg",
            "http://img.alicdn.com/imgextra/i4/2248304671/O1CN01erH23F1kNMne38Hj3_!!2248304671.jpg",
            "http://img.alicdn.com/imgextra/i1/2248304671/O1CN01tm0wrn1kNMnbiv3IO_!!2248304671.jpg",
            "http://img.alicdn.com/imgextra/i2/2248304671/O1CN01ssv1Q61kNMne71Ma3_!!2248304671.jpg",
            "http://img.alicdn.com/imgextra/i1/2248304671/O1CN01S3VcXA1kNMnbiuuyR_!!2248304671.jpg",
            "http://img.alicdn.com/imgextra/i1/2248304671/O1CN01kx1ZaV1kNMnhXi78Q_!!2248304671.jpg",
            "http://img.alicdn.com/imgextra/i4/2248304671/O1CN01oXOOl71kNMne70I2q_!!2248304671.jpg",
            "http://img.alicdn.com/imgextra/i2/2248304671/O1CN01OS4jVt1kNMkoh0Izl_!!2248304671.jpg",
            "http://img.alicdn.com/imgextra/i2/2248304671/O1CN01zuPddW1kNMnkLpKtL_!!2248304671.jpg",
            "http://img.alicdn.com/imgextra/i1/2248304671/O1CN01snd4HK1kNMnmOcueF_!!2248304671.jpg",
            "http://img.alicdn.com/imgextra/i2/2248304671/O1CN01htDt3Y1kNMnmOdW2W_!!2248304671.jpg",
            "http://img.alicdn.com/imgextra/i1/2248304671/O1CN01DukgyO1kNMnZSkIhc_!!2248304671.jpg",
            "http://img.alicdn.com/imgextra/i3/2248304671/O1CN01gE0wmr1kNMngFIqfq_!!2248304671.jpg",
            "http://img.alicdn.com/imgextra/i4/2248304671/O1CN01Du69KH1kNMnnDkfDo_!!2248304671.jpg",
            "http://img.alicdn.com/imgextra/i4/2248304671/O1CN01aCgHnh1kNMmITMWZf_!!2248304671.jpg",
            "http://img.alicdn.com/imgextra/i1/2248304671/TB2YVKzmnTI8KJjSsphXXcFppXa-2248304671.jpg",
            "http://img.alicdn.com/imgextra/i4/2248304671/O1CN011kNMTYM3WafZj7e_!!2248304671.jpg"
        ],
        "item_imgs": [
            {
                "url": "//img.alicdn.com/imgextra/i3/2248304671/O1CN012gvWUW1kNMq5DmNnV_!!0-item_pic.jpg"
            },
            {
                "url": "//img.alicdn.com/imgextra/i3/2248304671/O1CN01LCwoEK1kNMq8dOfYT_!!2248304671.jpg"
            },
            {
                "url": "//img.alicdn.com/imgextra/i1/2248304671/O1CN01JnVPmZ1kNMmOoHquZ_!!2248304671.jpg"
            },
            {
                "url": "//img.alicdn.com/imgextra/i2/2248304671/O1CN01SnYZGQ1kNMo5ejm96_!!2248304671.jpg"
            },
            {
                "url": "//img.alicdn.com/imgextra/i4/2248304671/O1CN01G6P7uv1kNMj1fUlwy_!!2248304671.jpg"
            }
        ],
        "item_weight": "",
        "item_size": "",
        "location": "江苏苏州",
        "post_fee": 0,
        "express_fee": null,
        "ems_fee": "",
        "shipping_to": "",
        "has_discount": "false",
        "video": {
            "url": "https://cloud.video.taobao.com/play/u/2248304671/p/2/e/6/t/1/326798131537.mp4?appKey=38829"
        },
        "is_virtual": "",
        "sample_id": "",
        "is_promotion": "false",
        "props_name": "1626520:3304763:香味:乳木果;147956252:75370144:净含量:400ml;147956252:52174:净含量:450ml",
        "prop_imgs": {
            "prop_img": []
        },
        "property_alias": "",
        "props": [
            {
                "name": "品牌",
                "value": "L'occitane/欧舒丹"
            },
            {
                "name": "欧舒丹系列",
                "value": "乳木果身体套装"
            },
            {
                "name": "产地",
                "value": "法国"
            },
            {
                "name": "香味",
                "value": "乳木果"
            },
            {
                "name": "化妆品备案编号/注册证号",
                "value": "国妆网备进字（沪）2020009473"
            },
            {
                "name": "原料成分",
                "value": "乳木果"
            },
            {
                "name": "功效",
                "value": "滋润"
            },
            {
                "name": "规格类型",
                "value": "正常规格"
            },
            {
                "name": "是否为特殊用途化妆品",
                "value": "否"
            },
            {
                "name": "净含量",
                "value": "400ml 450ml"
            },
            {
                "name": "限期使用日期范围",
                "value": "2024-07-01至2025-06-01"
            }
        ],
        "total_sold": null,
        "skus": {
            "sku": [
                {
                    "price": "505",
                    "total_price": 0,
                    "orginal_price": "505",
                    "properties": "1626520:3304763;147956252:75370144",
                    "properties_name": "1626520:3304763:香味:乳木果;147956252:75370144:净含量:400ml",
                    "quantity": "45",
                    "sku_id": "5060389394072"
                },
                {
                    "price": "505",
                    "total_price": 0,
                    "orginal_price": "505",
                    "properties": "1626520:3304763;147956252:52174",
                    "properties_name": "1626520:3304763:香味:乳木果;147956252:52174:净含量:450ml",
                    "quantity": "26",
                    "sku_id": "4891969792333"
                }
            ]
        },
        "seller_id": "2248304671",
        "sales": 19,
        "shop_id": "114646595",
        "props_list": {
            "1626520:3304763": "香味:乳木果",
            "147956252:75370144": "净含量:400ml",
            "147956252:52174": "净含量:450ml"
        },
        "seller_info": {
            "nick": "loccitane欧舒丹旗舰店",
            "item_score": "4.8 ",
            "score_p": "4.8 ",
            "delivery_score": "4.8 ",
            "shop_type": "B",
            "user_num_id": "2248304671",
            "sid": "114646595",
            "title": "L’OCCITANE欧舒丹官方旗舰店",
            "zhuy": "https://shop114646595.taobao.com/",
            "shop_name": "L’OCCITANE欧舒丹官方旗舰店"
        },
        "tmall": true,
        "error": "",
        "warning": "",
        "url_log": [],
        "fav_count": "9894",
        "fans_count": "784.3万",
        "freight": "快递: 免运费",
        "props_imgs": {
            "prop_img": []
        },
        "_ddf": "fu",
        "promo_type": null,
        "props_img": [],
        "format_check": "ok",
        "shop_item": [],
        "relate_items": []
    },
    "error": "",
    "secache": "7acaa5f7cadd3271fe46956f3bef5f2d",
    "secache_time": 1677749059,
    "secache_date": "2023-03-02 17:24:19",
    "translate_status": "",
    "translate_time": 0,
    "language": {
        "default_lang": "cn",
        "current_lang": "cn"
    },
    "reason": "",
    "error_code": "0000",
    "cache": 0,
    "api_info": "today: max:20000 all[=++];expires:2024-01-16",
    "execution_time": "2.932",
    "server_time": "Beijing/2023-03-02 17:24:19",
    "client_ip": "54.39.83.153",
    "call_args": {
        "num_iid": "611634433182",
        "is_promotion": "1"
    },
    "api_type": "taobao",
    "translate_language": "zh-CN",
    "translate_engine": "baidu",
    "server_memory": "0.79MB",
    "last_id": false
}