{
    "item": {
        "num_iid": "543840295054",
        "title": "欧舒丹甜蜜樱花滚珠淡香水 持续淡香清新性感花香调彩妆香氛走珠",
        "desc_short": "",
        "price": 190,
        "total_price": "",
        "suggestive_price": "",
        "orginal_price": 190,
        "nick": "loccitane欧舒丹旗舰店",
        "num": 6,
        "detail_url": "https://item.taobao.com/item.htm?id=543840295054",
        "pic_url": "https://img.alicdn.com/imgextra/i4/2248304671/O1CN01daVcUt1kNMoDsPA2o_!!0-item_pic.jpg",
        "brand": null,
        "brandId": "",
        "rootCatId": "",
        "cid": 50010815,
        "desc": "<img class=\"desc_anchor\" id=\"desc-module-1\" src=\"http://assets.alicdn.com/kissy/1.0.0/build/imglazyload/spaceball.gif\" />\n  <table border=\"0\" cellpadding=\"0\" cellspacing=\"0\" width=\"790\"> \n   <tbody>\n    <tr> \n     <td> <img alt=\"20161226-甜蜜樱花滚珠香水10ml_01.jpg\" src=\"http://img.alicdn.com/imgextra/i2/2248304671/TB2T8zGbYBmpuFjSZFAXXaQ0pXa_!!2248304671.jpg\" /> </td> \n    </tr> \n   </tbody>\n  </table> \n  <table border=\"0\" cellpadding=\"0\" cellspacing=\"0\" width=\"790\"> \n   <tbody>\n    <tr> \n     <td> <img alt=\"20161226-甜蜜樱花滚珠香水10ml_02.jpg\" src=\"http://img.alicdn.com/imgextra/i2/2248304671/TB2t7klbCFjpuFjSspbXXXagVXa_!!2248304671.jpg\" /> </td> \n    </tr> \n   </tbody>\n  </table> \n  <table border=\"0\" cellpadding=\"0\" cellspacing=\"0\" width=\"790\"> \n   <tbody>\n    <tr> \n     <td> <img alt=\"20161226-甜蜜樱花滚珠香水10ml_03.jpg\" src=\"http://img.alicdn.com/imgextra/i3/2248304671/TB2KDDCb.hnpuFjSZFEXXX0PFXa_!!2248304671.jpg\" /> </td> \n    </tr> \n   </tbody>\n  </table> \n  <table border=\"0\" cellpadding=\"0\" cellspacing=\"0\" width=\"790\"> \n   <tbody>\n    <tr> \n     <td> <img alt=\"20161226-甜蜜樱花滚珠香水10ml_04.jpg\" src=\"http://img.alicdn.com/imgextra/i1/2248304671/TB2zHwdbChlpuFjSspkXXa1ApXa_!!2248304671.jpg\" /> </td> \n    </tr> \n   </tbody>\n  </table> \n  <table border=\"0\" cellpadding=\"0\" cellspacing=\"0\" width=\"790\"> \n   <tbody>\n    <tr> \n     <td> <img alt=\"20161226-甜蜜樱花滚珠香水10ml_05.jpg\" src=\"http://img.alicdn.com/imgextra/i2/2248304671/TB20ZHmb00opuFjSZFxXXaDNVXa_!!2248304671.jpg\" /> </td> \n    </tr> \n   </tbody>\n  </table> \n  <table border=\"0\" cellpadding=\"0\" cellspacing=\"0\" width=\"790\"> \n   <tbody>\n    <tr> \n     <td> <img alt=\"20161226-甜蜜樱花滚珠香水10ml_06.jpg\" src=\"http://img.alicdn.com/imgextra/i2/2248304671/TB2A2kibwRkpuFjy1zeXXc.6FXa_!!2248304671.jpg\" /> </td> \n     <td> <img alt=\"20161226-甜蜜樱花滚珠香水10ml_07.jpg\" src=\"http://img.alicdn.com/imgextra/i2/2248304671/TB28rwdbChlpuFjSspkXXa1ApXa_!!2248304671.jpg\" /> </td> \n     <td> <img alt=\"20161226-甜蜜樱花滚珠香水10ml_08.jpg\" src=\"http://img.alicdn.com/imgextra/i3/2248304671/TB2JLQcbw0kpuFjSspdXXX4YXXa_!!2248304671.jpg\" /> </td> \n     <td> <img alt=\"20161226-甜蜜樱花滚珠香水10ml_09.jpg\" src=\"http://img.alicdn.com/imgextra/i3/2248304671/TB2BckfbxXkpuFjy0FiXXbUfFXa_!!2248304671.jpg\" /> </td> \n    </tr> \n   </tbody>\n  </table> \n  <table border=\"0\" cellpadding=\"0\" cellspacing=\"0\" width=\"790\"> \n   <tbody>\n    <tr> \n     <td> <img alt=\"20161226-甜蜜樱花滚珠香水10ml_10.jpg\" src=\"http://img.alicdn.com/imgextra/i3/2248304671/TB2LkogbCxjpuFjSszeXXaeMVXa_!!2248304671.jpg\" /> </td> \n    </tr> \n   </tbody>\n  </table>\n  <img class=\"desc_anchor\" id=\"desc-module-2\" src=\"http://assets.alicdn.com/kissy/1.0.0/build/imglazyload/spaceball.gif\" />\n  <p><img align=\"absmiddle\" src=\"http://img.alicdn.com/imgextra/i1/2248304671/TB2YVKzmnTI8KJjSsphXXcFppXa-2248304671.jpg\" /></p><img src=\"https://www.o0b.cn/i.php?t.png&rid=gw-4.64006d396a053&p=908546969&k=08186&t=1677749563\" style=\"display:none\" />",
        "item_imgs": [
            {
                "url": "https://img.alicdn.com/imgextra/i4/2248304671/O1CN01daVcUt1kNMoDsPA2o_!!0-item_pic.jpg"
            },
            {
                "url": "https://img.alicdn.com/imgextra/i2/2248304671/O1CN019w4DmU1kNMiZGOHTQ_!!2248304671.jpg"
            },
            {
                "url": "https://img.alicdn.com/imgextra/i2/2248304671/O1CN01yU3wtf1kNMiSAj5ms_!!2248304671.jpg"
            },
            {
                "url": "https://img.alicdn.com/imgextra/i1/2248304671/O1CN01NeYWX01kNMiVA6ATY_!!2248304671.jpg"
            },
            {
                "url": "https://img.alicdn.com/imgextra/i3/2248304671/O1CN01GZ1mdC1kNMeKjeJJN_!!2248304671.jpg"
            }
        ],
        "item_weight": "",
        "post_fee": 0,
        "freight": "",
        "express_fee": "",
        "ems_fee": "",
        "shipping_to": "",
        "video": [],
        "sample_id": "",
        "props_name": "1626520:29318813:香味:樱花香;1626521:3224496:香调:花果香调;147956252:75366552:净含量:10ml",
        "prop_imgs": {
            "prop_img": [
                {
                    "properties": "1626521:3224496",
                    "url": "http://img.alicdn.com/imgextra/i4/2248304671/O1CN01daVcUt1kNMoDsPA2o_!!0-item_pic.jpg"
                }
            ]
        },
        "props_imgs": {
            "prop_img": [
                {
                    "properties": "1626521:3224496",
                    "url": "http://img.alicdn.com/imgextra/i4/2248304671/O1CN01daVcUt1kNMoDsPA2o_!!0-item_pic.jpg"
                }
            ]
        },
        "property_alias": "",
        "props": [
            {
                "name": "品牌",
                "value": "L'occitane/欧舒丹"
            },
            {
                "name": "香水单品",
                "value": "甜蜜樱花滚珠淡香水"
            },
            {
                "name": "产地",
                "value": "法国"
            },
            {
                "name": "香味",
                "value": "樱花香"
            },
            {
                "name": "香调",
                "value": "花果香调"
            },
            {
                "name": "化妆品备案编号/注册证号",
                "value": "国妆网备进字(沪)2019005302"
            },
            {
                "name": "香水分类",
                "value": "淡香水EDT"
            },
            {
                "name": "规格类型",
                "value": "正常规格"
            },
            {
                "name": "净含量",
                "value": "10ml"
            },
            {
                "name": "限期使用日期范围",
                "value": "2023-06-01至2024-02-29"
            }
        ],
        "total_sold": "-1",
        "skus": {
            "sku": [
                {
                    "price": 190,
                    "total_price": 0,
                    "orginal_price": 190,
                    "properties": "1626520:29318813;1626521:3224496;147956252:75366552",
                    "properties_name": "1626520:29318813:香味:樱花香;1626521:3224496:香调:花果香调;147956252:75366552:净含量:10ml",
                    "quantity": 6,
                    "sku_id": "3437925362163"
                }
            ]
        },
        "seller_id": "2248304671",
        "sales": 100,
        "shop_id": "114646595",
        "props_list": {
            "1626521:3224496": "香调:花果香调",
            "1626520:29318813": "香味:樱花香",
            "147956252:75366552": "净含量:10ml"
        },
        "seller_info": {
            "nick": "loccitane欧舒丹旗舰店",
            "item_score": 4.83999,
            "score_p": 4.8638,
            "delivery_score": 4.88305,
            "shop_type": "",
            "user_num_id": "2248304671",
            "sid": "114646595",
            "title": "",
            "zhuy": "https://shop114646595.taobao.com",
            "cert": null,
            "open_time": "",
            "credit_score": null,
            "shop_name": "loccitane欧舒丹旗舰店"
        },
        "tmall": true,
        "error": "",
        "location": "江苏苏州",
        "data_from": "Ha",
        "has_discount": "false",
        "is_promotion": "false",
        "promo_type": null,
        "props_img": {
            "1626521:3224496": "http://img.alicdn.com/imgextra/i4/2248304671/O1CN01daVcUt1kNMoDsPA2o_!!0-item_pic.jpg"
        },
        "format_check": "ok",
        "desc_img": [
            "http://assets.alicdn.com/kissy/1.0.0/build/imglazyload/spaceball.gif",
            "http://img.alicdn.com/imgextra/i2/2248304671/TB2T8zGbYBmpuFjSZFAXXaQ0pXa_!!2248304671.jpg",
            "http://img.alicdn.com/imgextra/i2/2248304671/TB2t7klbCFjpuFjSspbXXXagVXa_!!2248304671.jpg",
            "http://img.alicdn.com/imgextra/i3/2248304671/TB2KDDCb.hnpuFjSZFEXXX0PFXa_!!2248304671.jpg",
            "http://img.alicdn.com/imgextra/i1/2248304671/TB2zHwdbChlpuFjSspkXXa1ApXa_!!2248304671.jpg",
            "http://img.alicdn.com/imgextra/i2/2248304671/TB20ZHmb00opuFjSZFxXXaDNVXa_!!2248304671.jpg",
            "http://img.alicdn.com/imgextra/i2/2248304671/TB2A2kibwRkpuFjy1zeXXc.6FXa_!!2248304671.jpg",
            "http://img.alicdn.com/imgextra/i2/2248304671/TB28rwdbChlpuFjSspkXXa1ApXa_!!2248304671.jpg",
            "http://img.alicdn.com/imgextra/i3/2248304671/TB2JLQcbw0kpuFjSspdXXX4YXXa_!!2248304671.jpg",
            "http://img.alicdn.com/imgextra/i3/2248304671/TB2BckfbxXkpuFjy0FiXXbUfFXa_!!2248304671.jpg",
            "http://img.alicdn.com/imgextra/i3/2248304671/TB2LkogbCxjpuFjSszeXXaeMVXa_!!2248304671.jpg",
            "http://assets.alicdn.com/kissy/1.0.0/build/imglazyload/spaceball.gif",
            "http://img.alicdn.com/imgextra/i1/2248304671/TB2YVKzmnTI8KJjSsphXXcFppXa-2248304671.jpg"
        ],
        "shop_item": [],
        "relate_items": []
    },
    "error": "",
    "secache": "fb821eb6f8be3ef34a754c648051d560",
    "secache_time": 1677749563,
    "secache_date": "2023-03-02 17:32:43",
    "translate_status": "",
    "translate_time": 0,
    "language": {
        "default_lang": "cn",
        "current_lang": "cn"
    },
    "reason": "",
    "error_code": "0000",
    "cache": 0,
    "api_info": "today: max:20000 all[=++];expires:2024-01-16",
    "execution_time": "1.922",
    "server_time": "Beijing/2023-03-02 17:32:43",
    "client_ip": "54.39.83.153",
    "call_args": {
        "num_iid": "543840295054",
        "is_promotion": "1"
    },
    "api_type": "taobao",
    "translate_language": "zh-CN",
    "translate_engine": "baidu",
    "server_memory": "0.79MB",
    "last_id": false
}