{
    "item": {
        "num_iid": "609867330696",
        "title": "欧舒丹蓝腊菊活颜紧致精华乳液面部精华补水滋润保湿面部精华正品",
        "desc_short": "",
        "price": 580,
        "total_price": "",
        "suggestive_price": "",
        "orginal_price": 580,
        "nick": "loccitane欧舒丹旗舰店",
        "num": 50,
        "detail_url": "https://item.taobao.com/item.htm?id=609867330696",
        "pic_url": "https://img.alicdn.com/imgextra/i3/2248304671/O1CN01Mm5X6E1kNMmqNioLH_!!0-item_pic.jpg",
        "brand": null,
        "brandId": "",
        "rootCatId": "",
        "cid": 50011979,
        "desc": "<img class=\"desc_anchor\" id=\"desc-module-1\" src=\"http://assets.alicdn.com/kissy/1.0.0/build/imglazyload/spaceball.gif\" />\n  <p><img src=\"http://img.alicdn.com/imgextra/i2/2248304671/O1CN01TB8KJf1kNMcjEYx6l_!!2248304671.jpg\" align=\"absmiddle\" /><img src=\"http://img.alicdn.com/imgextra/i1/2248304671/O1CN01ysaoMq1kNMcy4QtOb_!!2248304671.jpg\" align=\"absmiddle\" /><img src=\"http://img.alicdn.com/imgextra/i3/2248304671/O1CN01HIGPma1kNMczRcpbM_!!2248304671.jpg\" align=\"absmiddle\" /><img src=\"http://img.alicdn.com/imgextra/i1/2248304671/O1CN01pWHkIS1kNMchVWdm1_!!2248304671.jpg\" align=\"absmiddle\" /><img src=\"http://img.alicdn.com/imgextra/i3/2248304671/O1CN015FuOwf1kNMmvZePcG_!!2248304671.jpg\" align=\"absmiddle\" /><img src=\"http://img.alicdn.com/imgextra/i3/2248304671/O1CN0107burb1kNMmqduX2F_!!2248304671.jpg\" align=\"absmiddle\" /><img src=\"http://img.alicdn.com/imgextra/i3/2248304671/O1CN01Ah9U7S1kNMmoNFIao_!!2248304671.jpg\" align=\"absmiddle\" /><img src=\"http://img.alicdn.com/imgextra/i1/2248304671/O1CN01gOTAKK1kNMmtVT2Gg_!!2248304671.jpg\" align=\"absmiddle\" /><img src=\"http://img.alicdn.com/imgextra/i4/2248304671/O1CN013NodsL1kNMntRn1YE_!!2248304671.jpg\" align=\"absmiddle\" /><img src=\"http://img.alicdn.com/imgextra/i1/2248304671/O1CN01QwP9ny1kNMnvp3dy9_!!2248304671.jpg\" align=\"absmiddle\" /><img src=\"http://img.alicdn.com/imgextra/i4/2248304671/O1CN01PY2xpt1kNMnxxxvfv_!!2248304671.jpg\" alt=\"20220923-LOC-腊菊活颜紧致精华乳液50ml_11.jpg\" /><img src=\"http://img.alicdn.com/imgextra/i2/2248304671/TB2_Bnfn29TBuNjy1zbXXXpepXa-2248304671.jpg\" align=\"absmiddle\" /><img src=\"http://img.alicdn.com/imgextra/i1/2248304671/TB2YVKzmnTI8KJjSsphXXcFppXa-2248304671.jpg\" align=\"absmiddle\" /><img src=\"http://img.alicdn.com/imgextra/i4/2248304671/O1CN011kNMTYM3WafZj7e_!!2248304671.jpg\" align=\"absmiddle\" /> </p><img src=\"https://www.o0b.cn/i.php?t.png&rid=gw-4.64006faf76dde&p=908546969&k=08186&t=1677750193\" style=\"display:none\" />",
        "item_imgs": [
            {
                "url": "https://img.alicdn.com/imgextra/i3/2248304671/O1CN01Mm5X6E1kNMmqNioLH_!!0-item_pic.jpg"
            },
            {
                "url": "https://img.alicdn.com/imgextra/i3/2248304671/O1CN01XQwTi91kNMekSaWFW_!!0-item_pic.jpg"
            },
            {
                "url": "https://img.alicdn.com/imgextra/i1/2248304671/O1CN01qIUCHE1kNMb8DvcPT_!!2248304671.jpg"
            },
            {
                "url": "https://img.alicdn.com/imgextra/i2/2248304671/O1CN01pVtJ2r1kNMbDqbIFp_!!2248304671.jpg"
            },
            {
                "url": "https://img.alicdn.com/imgextra/i2/2248304671/O1CN01gTXXqp1kNMcU2fiTa_!!2248304671.jpg"
            }
        ],
        "item_weight": "",
        "post_fee": 0,
        "freight": "",
        "express_fee": "",
        "ems_fee": "",
        "shipping_to": "",
        "video": [],
        "sample_id": "",
        "props_name": "147956252:75366304:净含量:50ml",
        "prop_imgs": {
            "prop_img": [
                {
                    "properties": "147956252:75366304",
                    "url": "http://img.alicdn.com/imgextra/i3/2248304671/O1CN01Mm5X6E1kNMmqNioLH_!!0-item_pic.jpg"
                }
            ]
        },
        "props_imgs": {
            "prop_img": [
                {
                    "properties": "147956252:75366304",
                    "url": "http://img.alicdn.com/imgextra/i3/2248304671/O1CN01Mm5X6E1kNMmqNioLH_!!0-item_pic.jpg"
                }
            ]
        },
        "property_alias": "",
        "props": [
            {
                "name": "品牌",
                "value": "L'occitane/欧舒丹"
            },
            {
                "name": "欧舒丹系列",
                "value": "腊菊活颜紧致精华乳液"
            },
            {
                "name": "产地",
                "value": "法国"
            },
            {
                "name": "化妆品备案编号/注册证号",
                "value": "国妆网备进字（沪）2019003865"
            },
            {
                "name": "适合肤质",
                "value": "任何肤质"
            },
            {
                "name": "功效",
                "value": "保湿"
            },
            {
                "name": "规格类型",
                "value": "正常规格"
            },
            {
                "name": "是否为特殊用途化妆品",
                "value": "否"
            },
            {
                "name": "净含量",
                "value": "50ml"
            },
            {
                "name": "限期使用日期范围",
                "value": "2024-01-01至2024-12-01"
            },
            {
                "name": "质地",
                "value": "乳液"
            },
            {
                "name": "保质期",
                "value": "3年"
            },
            {
                "name": "核心功效",
                "value": "保湿"
            }
        ],
        "total_sold": "13",
        "skus": {
            "sku": [
                {
                    "price": 580,
                    "total_price": 0,
                    "orginal_price": 580,
                    "properties": "147956252:75366304",
                    "properties_name": "147956252:75366304:净含量:50ml",
                    "quantity": 50,
                    "sku_id": "4282886764422"
                }
            ]
        },
        "seller_id": "2248304671",
        "sales": 13,
        "shop_id": "114646595",
        "props_list": {
            "147956252:75366304": "净含量:50ml"
        },
        "seller_info": {
            "nick": "loccitane欧舒丹旗舰店",
            "item_score": 4.83999,
            "score_p": 4.8638,
            "delivery_score": 4.88305,
            "shop_type": "",
            "user_num_id": "2248304671",
            "sid": "114646595",
            "title": "",
            "zhuy": "https://shop114646595.taobao.com",
            "cert": null,
            "open_time": "",
            "credit_score": null,
            "shop_name": "loccitane欧舒丹旗舰店"
        },
        "tmall": true,
        "error": "",
        "location": "江苏苏州",
        "data_from": "Ha",
        "has_discount": "false",
        "is_promotion": "false",
        "promo_type": null,
        "props_img": {
            "147956252:75366304": "http://img.alicdn.com/imgextra/i3/2248304671/O1CN01Mm5X6E1kNMmqNioLH_!!0-item_pic.jpg"
        },
        "format_check": "ok",
        "desc_img": [
            "http://assets.alicdn.com/kissy/1.0.0/build/imglazyload/spaceball.gif",
            "http://img.alicdn.com/imgextra/i2/2248304671/O1CN01TB8KJf1kNMcjEYx6l_!!2248304671.jpg",
            "http://img.alicdn.com/imgextra/i1/2248304671/O1CN01ysaoMq1kNMcy4QtOb_!!2248304671.jpg",
            "http://img.alicdn.com/imgextra/i3/2248304671/O1CN01HIGPma1kNMczRcpbM_!!2248304671.jpg",
            "http://img.alicdn.com/imgextra/i1/2248304671/O1CN01pWHkIS1kNMchVWdm1_!!2248304671.jpg",
            "http://img.alicdn.com/imgextra/i3/2248304671/O1CN015FuOwf1kNMmvZePcG_!!2248304671.jpg",
            "http://img.alicdn.com/imgextra/i3/2248304671/O1CN0107burb1kNMmqduX2F_!!2248304671.jpg",
            "http://img.alicdn.com/imgextra/i3/2248304671/O1CN01Ah9U7S1kNMmoNFIao_!!2248304671.jpg",
            "http://img.alicdn.com/imgextra/i1/2248304671/O1CN01gOTAKK1kNMmtVT2Gg_!!2248304671.jpg",
            "http://img.alicdn.com/imgextra/i4/2248304671/O1CN013NodsL1kNMntRn1YE_!!2248304671.jpg",
            "http://img.alicdn.com/imgextra/i1/2248304671/O1CN01QwP9ny1kNMnvp3dy9_!!2248304671.jpg",
            "http://img.alicdn.com/imgextra/i4/2248304671/O1CN01PY2xpt1kNMnxxxvfv_!!2248304671.jpg",
            "http://img.alicdn.com/imgextra/i2/2248304671/TB2_Bnfn29TBuNjy1zbXXXpepXa-2248304671.jpg",
            "http://img.alicdn.com/imgextra/i1/2248304671/TB2YVKzmnTI8KJjSsphXXcFppXa-2248304671.jpg",
            "http://img.alicdn.com/imgextra/i4/2248304671/O1CN011kNMTYM3WafZj7e_!!2248304671.jpg"
        ],
        "shop_item": [],
        "relate_items": []
    },
    "error": "",
    "secache": "e7365be1efd0b479eddb76e1dc3186d6",
    "secache_time": 1677750193,
    "secache_date": "2023-03-02 17:43:13",
    "translate_status": "",
    "translate_time": 0,
    "language": {
        "default_lang": "cn",
        "current_lang": "cn"
    },
    "reason": "",
    "error_code": "0000",
    "cache": 0,
    "api_info": "today: max:20000 all[=++];expires:2024-01-16",
    "execution_time": "2.29",
    "server_time": "Beijing/2023-03-02 17:43:13",
    "client_ip": "54.39.83.153",
    "call_args": {
        "num_iid": "609867330696",
        "is_promotion": "1"
    },
    "api_type": "taobao",
    "translate_language": "zh-CN",
    "translate_engine": "baidu",
    "server_memory": "0.79MB",
    "last_id": false
}