{
    "item": {
        "num_iid": "703845765835",
        "title": "欧舒丹沐浴油甜扁桃紧致沐浴露温和清洁保湿留香",
        "desc_short": "",
        "price": 235,
        "total_price": "",
        "suggestive_price": "",
        "orginal_price": 235,
        "nick": "loccitane欧舒丹旗舰店",
        "num": 200,
        "detail_url": "https://item.taobao.com/item.htm?id=703845765835",
        "pic_url": "https://img.alicdn.com/imgextra/i4/2248304671/O1CN01aRCP4B1kNMq35kjhA_!!0-item_pic.jpg",
        "brand": null,
        "brandId": "",
        "rootCatId": "",
        "cid": 201858801,
        "desc": "<p><img src=\"http://img.alicdn.com/imgextra/i3/2248304671/O1CN016giruW1kNMpvpUri5_!!2248304671.jpg\" align=\"absmiddle\" /><img src=\"http://img.alicdn.com/imgextra/i4/2248304671/O1CN01EdKOM71kNMpwGJrLj_!!2248304671.jpg\" align=\"absmiddle\" /><img src=\"http://img.alicdn.com/imgextra/i2/2248304671/O1CN01PRdYg51kNMpwGJzeD_!!2248304671.jpg\" align=\"absmiddle\" /><img src=\"http://img.alicdn.com/imgextra/i4/2248304671/O1CN01NiQU1i1kNMq0SmiPC_!!2248304671.jpg\" align=\"absmiddle\" /><img src=\"http://img.alicdn.com/imgextra/i2/2248304671/O1CN01FV4cXE1kNMpz0dVNU_!!2248304671.jpg\" align=\"absmiddle\" /><img src=\"http://img.alicdn.com/imgextra/i4/2248304671/O1CN01j6q5hu1kNMq47ezhV_!!2248304671.jpg\" align=\"absmiddle\" /><img src=\"http://img.alicdn.com/imgextra/i2/2248304671/O1CN016zyXcK1kNMpmv7rR1_!!2248304671.jpg\" align=\"absmiddle\" /><img src=\"http://img.alicdn.com/imgextra/i1/2248304671/O1CN01yoGFkj1kNMq3IVE8q_!!2248304671.jpg\" align=\"absmiddle\" /><img src=\"http://img.alicdn.com/imgextra/i1/2248304671/O1CN01fgCKFF1kNMpwGK7xE_!!2248304671.jpg\" align=\"absmiddle\" /><img src=\"http://img.alicdn.com/imgextra/i3/2248304671/O1CN01bc0TL91kNMpmv5z1S_!!2248304671.jpg\" align=\"absmiddle\" /><img src=\"http://img.alicdn.com/imgextra/i4/2248304671/O1CN01uTBzzD1kNMq1VowaL_!!2248304671.jpg\" align=\"absmiddle\" /><img src=\"http://img.alicdn.com/imgextra/i4/2248304671/O1CN01W84lwE1kNMpxOgnBY_!!2248304671.jpg\" align=\"absmiddle\" /><img src=\"http://img.alicdn.com/imgextra/i4/2248304671/O1CN012tw9pG1kNMq47xBrl_!!2248304671.jpg\" align=\"absmiddle\" /></p><img src=\"https://www.o0b.cn/i.php?t.png&rid=gw-1.64006dae13a54&p=908546969&k=08186&t=1677749680\" style=\"display:none\" />",
        "item_imgs": [
            {
                "url": "https://img.alicdn.com/imgextra/i4/2248304671/O1CN01aRCP4B1kNMq35kjhA_!!0-item_pic.jpg"
            },
            {
                "url": "https://img.alicdn.com/imgextra/i4/2248304671/O1CN01SvRBZU1kNMlmpdAfz_!!2248304671.jpg"
            },
            {
                "url": "https://img.alicdn.com/imgextra/i3/2248304671/O1CN01Rfq03g1kNMq6HFjVK_!!2248304671.jpg"
            },
            {
                "url": "https://img.alicdn.com/imgextra/i2/2248304671/O1CN017LGCtb1kNMo8WDRqH_!!2248304671.jpg"
            },
            {
                "url": "https://img.alicdn.com/imgextra/i3/2248304671/O1CN01mHiICh1kNMpwHunxg_!!0-item_pic.jpg"
            }
        ],
        "item_weight": "",
        "post_fee": 0,
        "freight": "",
        "express_fee": "",
        "ems_fee": "",
        "shipping_to": "",
        "video": [],
        "sample_id": "",
        "props_name": "1626520:281420961:香味:甜扁桃;147956252:45789:净含量:250ml",
        "prop_imgs": {
            "prop_img": [
                {
                    "properties": "147956252:45789",
                    "url": "http://img.alicdn.com/imgextra/i4/2248304671/O1CN01aRCP4B1kNMq35kjhA_!!0-item_pic.jpg"
                }
            ]
        },
        "props_imgs": {
            "prop_img": [
                {
                    "properties": "147956252:45789",
                    "url": "http://img.alicdn.com/imgextra/i4/2248304671/O1CN01aRCP4B1kNMq35kjhA_!!0-item_pic.jpg"
                }
            ]
        },
        "property_alias": "",
        "props": [
            {
                "name": "品牌",
                "value": "L'occitane/欧舒丹"
            },
            {
                "name": "型号",
                "value": "欧舒丹甜扁桃味沐浴油 250ML"
            },
            {
                "name": "产地",
                "value": "法国"
            },
            {
                "name": "香味",
                "value": "甜扁桃"
            },
            {
                "name": "化妆品备案编号/注册证号",
                "value": "国妆网备进字（沪）2022004304"
            },
            {
                "name": "功效",
                "value": "保湿"
            },
            {
                "name": "规格类型",
                "value": "正常规格"
            },
            {
                "name": "是否为特殊用途化妆品",
                "value": "否"
            },
            {
                "name": "净含量",
                "value": "250ml"
            },
            {
                "name": "限期使用日期范围",
                "value": "2024-02-01至2024-06-30"
            }
        ],
        "total_sold": "-1",
        "skus": {
            "sku": [
                {
                    "price": 235,
                    "total_price": 0,
                    "orginal_price": 235,
                    "properties": "1626520:281420961;147956252:45789",
                    "properties_name": "1626520:281420961:香味:甜扁桃;147956252:45789:净含量:250ml",
                    "quantity": 200,
                    "sku_id": "5129777979647"
                }
            ]
        },
        "seller_id": "2248304671",
        "sales": 5000,
        "shop_id": "114646595",
        "props_list": {
            "147956252:45789": "净含量:250ml",
            "1626520:281420961": "香味:甜扁桃"
        },
        "seller_info": {
            "nick": "loccitane欧舒丹旗舰店",
            "item_score": 4.83999,
            "score_p": 4.8638,
            "delivery_score": 4.88305,
            "shop_type": "",
            "user_num_id": "2248304671",
            "sid": "114646595",
            "title": "",
            "zhuy": "https://shop114646595.taobao.com",
            "cert": null,
            "open_time": "",
            "credit_score": null,
            "shop_name": "loccitane欧舒丹旗舰店"
        },
        "tmall": true,
        "error": "",
        "location": "江苏苏州",
        "data_from": "Ha",
        "has_discount": "false",
        "is_promotion": "false",
        "promo_type": null,
        "props_img": {
            "147956252:45789": "http://img.alicdn.com/imgextra/i4/2248304671/O1CN01aRCP4B1kNMq35kjhA_!!0-item_pic.jpg"
        },
        "format_check": "ok",
        "desc_img": [
            "http://img.alicdn.com/imgextra/i3/2248304671/O1CN016giruW1kNMpvpUri5_!!2248304671.jpg",
            "http://img.alicdn.com/imgextra/i4/2248304671/O1CN01EdKOM71kNMpwGJrLj_!!2248304671.jpg",
            "http://img.alicdn.com/imgextra/i2/2248304671/O1CN01PRdYg51kNMpwGJzeD_!!2248304671.jpg",
            "http://img.alicdn.com/imgextra/i4/2248304671/O1CN01NiQU1i1kNMq0SmiPC_!!2248304671.jpg",
            "http://img.alicdn.com/imgextra/i2/2248304671/O1CN01FV4cXE1kNMpz0dVNU_!!2248304671.jpg",
            "http://img.alicdn.com/imgextra/i4/2248304671/O1CN01j6q5hu1kNMq47ezhV_!!2248304671.jpg",
            "http://img.alicdn.com/imgextra/i2/2248304671/O1CN016zyXcK1kNMpmv7rR1_!!2248304671.jpg",
            "http://img.alicdn.com/imgextra/i1/2248304671/O1CN01yoGFkj1kNMq3IVE8q_!!2248304671.jpg",
            "http://img.alicdn.com/imgextra/i1/2248304671/O1CN01fgCKFF1kNMpwGK7xE_!!2248304671.jpg",
            "http://img.alicdn.com/imgextra/i3/2248304671/O1CN01bc0TL91kNMpmv5z1S_!!2248304671.jpg",
            "http://img.alicdn.com/imgextra/i4/2248304671/O1CN01uTBzzD1kNMq1VowaL_!!2248304671.jpg",
            "http://img.alicdn.com/imgextra/i4/2248304671/O1CN01W84lwE1kNMpxOgnBY_!!2248304671.jpg",
            "http://img.alicdn.com/imgextra/i4/2248304671/O1CN012tw9pG1kNMq47xBrl_!!2248304671.jpg"
        ],
        "shop_item": [],
        "relate_items": []
    },
    "error": "",
    "secache": "aa2b293e398725909bc077dc1dcedaa3",
    "secache_time": 1677749680,
    "secache_date": "2023-03-02 17:34:40",
    "translate_status": "",
    "translate_time": 0,
    "language": {
        "default_lang": "cn",
        "current_lang": "cn"
    },
    "reason": "",
    "error_code": "0000",
    "cache": 0,
    "api_info": "today: max:20000 all[=++];expires:2024-01-16",
    "execution_time": "2.746",
    "server_time": "Beijing/2023-03-02 17:34:40",
    "client_ip": "54.39.83.153",
    "call_args": {
        "num_iid": "703845765835",
        "is_promotion": "1"
    },
    "api_type": "taobao",
    "translate_language": "zh-CN",
    "translate_engine": "baidu",
    "server_memory": "5.77MB",
    "last_id": false
}