{
    "item": {
        "num_iid": "42329480663",
        "title": "欧舒丹乳木果经典皂 乳木果牛奶味香皂沐浴皂清洁保湿补水洗澡皂",
        "desc_short": "",
        "price": "65",
        "orginal_price": "95",
        "nick": "loccitane欧舒丹旗舰店",
        "num": 91,
        "pic_url": "//img.alicdn.com/imgextra/i3/2248304671/O1CN01sc290t1kNMokflM3A_!!0-item_pic.jpg",
        "brand": "L'occitane/欧舒丹",
        "brandId": 0,
        "rootCatId": "1801",
        "cid": "121434014",
        "crumbs": [],
        "detail_url": "https://item.taobao.com/item.htm?id=42329480663",
        "desc": "<p > &nbsp;</p>\n  <table border=\"0\" cellpadding=\"0\" cellspacing=\"0\" width=\"790\">  \n   <tbody>\n    <tr> \n     <td colspan=\"4\" > <span > 此链接产品新旧版本替换中，仓库随机发货不接受指定，敬请谅解~</span><img alt=\"20160106-欧舒丹-乳木果牛奶味香皂100g-_01.jpg\" src=\"http://img.alicdn.com/imgextra/i3/2248304671/O1CN012bC5jA1kNMgsXnNls_!!2248304671.jpg\" /> </td> \n    </tr> \n    <tr> \n     <td colspan=\"4\"> <img alt=\"20151204-欧舒丹-乳木果牛奶味香皂100g-拷贝_02.jpg\" src=\"http://img.alicdn.com/imgextra/i4/2248304671/TB2eobwnY1YBuNjSszhXXcUsFXa-2248304671.jpg\" /> </td> \n    </tr> \n    <tr> \n     <td colspan=\"4\"> <img alt=\"20151204-欧舒丹-乳木果牛奶味香皂100g-拷贝_03.jpg\" src=\"http://img.alicdn.com/imgextra/i1/2248304671/O1CN01u1CElb1kNMgyma5ZG_!!2248304671.jpg\" /> </td> \n    </tr> \n    <tr> \n     <td colspan=\" 4\"> <img alt=\"20151204-欧舒丹-乳木果牛奶味香皂100g-拷贝_13.jpg\" src=\"http://img.alicdn.com/imgextra/i4/2248304671/O1CN01Iax9Hp1kNMgohehrM_!!2248304671.png\" /> </td> \n    </tr> \n    <tr> \n     <td colspan=\" 4\"> <img alt=\"20151204-欧舒丹-乳木果牛奶味香皂100g-拷贝_13.jpg\" src=\"http://img.alicdn.com/imgextra/i4/2248304671/TB2GMaBnVmWBuNjSspdXXbugXXa-2248304671.jpg\" /> </td> \n    </tr> \n   </tbody>\n  </table> \n  <p><img src=\"http://img.alicdn.com/imgextra/i2/2248304671/TB2_Bnfn29TBuNjy1zbXXXpepXa-2248304671.jpg\" align=\"absmiddle\" /><img alt=\"TB2XCITiFXXXXasXpXXXXXXXXXX_!!2248304671.jpg\" src=\"http://img.alicdn.com/imgextra/i1/2248304671/TB2YVKzmnTI8KJjSsphXXcFppXa-2248304671.jpg\" /><img src=\"http://img.alicdn.com/imgextra/i4/2248304671/O1CN011kNMTYM3WafZj7e_!!2248304671.jpg\" align=\"absmiddle\" /> </p><img src=\"https://www.o0b.cn/i.php?t.png&rid=gw-4.63fee5ae07fda&p=730470754&k=87963&t=1677649330\" style=\"display:none\" />",
        "item_imgs": [
            {
                "url": "//img.alicdn.com/imgextra/i3/2248304671/O1CN01sc290t1kNMokflM3A_!!0-item_pic.jpg"
            },
            {
                "url": "//img.alicdn.com/imgextra/i1/2248304671/O1CN01alvzoy1kNModSG69E_!!2248304671.jpg"
            },
            {
                "url": "//img.alicdn.com/imgextra/i2/2248304671/O1CN01IjEcHC1kNMiehIttK_!!0-item_pic.jpg"
            },
            {
                "url": "//img.alicdn.com/imgextra/i3/2248304671/O1CN013nXdPG1kNMkd4akog_!!2248304671.jpg"
            },
            {
                "url": "//img.alicdn.com/imgextra/i3/2248304671/O1CN01bDJkn81kNMXQZj6GD_!!2248304671.jpg"
            }
        ],
        "item_weight": 0,
        "location": "江苏苏州",
        "post_fee": 0,
        "express_fee": 0,
        "ems_fee": 0,
        "shipping_to": "",
        "has_discount": "true",
        "video": {
            "url": null
        },
        "is_virtual": "",
        "sample_id": "",
        "is_promotion": "true",
        "prop_imgs": {
            "prop_img": []
        },
        "property_alias": "",
        "props": [
            {
                "name": "品牌",
                "value": "L'occitane/欧舒丹"
            },
            {
                "name": "欧舒丹系列",
                "value": "乳木果牛奶味护肤香皂"
            },
            {
                "name": "产地",
                "value": "法国"
            },
            {
                "name": "香味",
                "value": "牛奶香"
            },
            {
                "name": "功效",
                "value": "滋润 深层清洁"
            },
            {
                "name": "规格类型",
                "value": "正常规格"
            },
            {
                "name": "是否为特殊用途化妆品",
                "value": "否"
            },
            {
                "name": "净含量",
                "value": "100g 250g"
            }
        ],
        "props_name": "147956252:75366083:净含量:100g;147956252:75366510:净含量:250g",
        "total_sold": 900,
        "skus": {
            "sku": [
                {
                    "price": "65",
                    "total_price": 0,
                    "orginal_price": "65",
                    "properties": "147956252:75366083",
                    "properties_name": "147956252:75366083:净含量:100g",
                    "quantity": "54",
                    "sku_id": "70846849775"
                },
                {
                    "price": "95",
                    "total_price": 0,
                    "orginal_price": "95",
                    "properties": "147956252:75366510",
                    "properties_name": "147956252:75366510:净含量:250g",
                    "quantity": "37",
                    "sku_id": "3434138662898"
                }
            ]
        },
        "seller_id": "2248304671",
        "shop_id": "114646595",
        "props_list": {
            "147956252:75366083": "净含量:100g",
            "147956252:75366510": "净含量:250g"
        },
        "seller_info": {
            "nick": "loccitane欧舒丹旗舰店",
            "item_score": "4.8 ",
            "score_p": "4.8 ",
            "delivery_score": "4.8 ",
            "shop_type": "B",
            "user_num_id": "2248304671",
            "sid": "114646595",
            "title": "L’OCCITANE欧舒丹官方旗舰店",
            "zhuy": "https://shop114646595.taobao.com/",
            "shop_name": "L’OCCITANE欧舒丹官方旗舰店"
        },
        "tmall": true,
        "update_time": "2023-03-01 13:42:10",
        "data_update": "2023-03-01 13:42:10",
        "data_f": "fu",
        "data_from": "hid",
        "promo_type": null,
        "props_img": [],
        "error": null,
        "format_check": "ok",
        "sales": 0,
        "desc_img": [
            "http://img.alicdn.com/imgextra/i3/2248304671/O1CN012bC5jA1kNMgsXnNls_!!2248304671.jpg",
            "http://img.alicdn.com/imgextra/i4/2248304671/TB2eobwnY1YBuNjSszhXXcUsFXa-2248304671.jpg",
            "http://img.alicdn.com/imgextra/i1/2248304671/O1CN01u1CElb1kNMgyma5ZG_!!2248304671.jpg",
            "http://img.alicdn.com/imgextra/i4/2248304671/O1CN01Iax9Hp1kNMgohehrM_!!2248304671.png",
            "http://img.alicdn.com/imgextra/i4/2248304671/TB2GMaBnVmWBuNjSspdXXbugXXa-2248304671.jpg",
            "http://img.alicdn.com/imgextra/i2/2248304671/TB2_Bnfn29TBuNjy1zbXXXpepXa-2248304671.jpg",
            "http://img.alicdn.com/imgextra/i1/2248304671/TB2YVKzmnTI8KJjSsphXXcFppXa-2248304671.jpg",
            "http://img.alicdn.com/imgextra/i4/2248304671/O1CN011kNMTYM3WafZj7e_!!2248304671.jpg",
            "https://www.o0b.cn/i.php?t.png&rid=gw-4.63fee5ae07fda&p=730470754&k=87963&t=1677649330"
        ],
        "shop_item": [],
        "relate_items": []
    },
    "error": "",
    "secache": "edf3b733c3861b8ecc6c08e40e1efb77",
    "secache_time": 1677748846,
    "secache_date": "2023-03-02 17:20:46",
    "translate_status": "",
    "translate_time": 0,
    "language": {
        "default_lang": "cn",
        "current_lang": "cn"
    },
    "reason": "",
    "error_code": "0000",
    "cache": 0,
    "api_info": "today: max:20000 all[=++];expires:2024-01-16",
    "execution_time": "0.277",
    "server_time": "Beijing/2023-03-02 17:20:46",
    "client_ip": "54.39.83.153",
    "call_args": {
        "num_iid": "42329480663",
        "is_promotion": "1"
    },
    "api_type": "taobao",
    "translate_language": "zh-CN",
    "translate_engine": "baidu_api",
    "server_memory": "5.79MB",
    "last_id": false
}