{
    "item": {
        "num_iid": "44655938321",
        "title": "【官方正品】欧舒丹焕亮水凝霜补水滋润提肤亮色细纹脸部滋养官网",
        "desc_short": "",
        "price": 590,
        "total_price": "",
        "suggestive_price": "",
        "orginal_price": 590,
        "nick": "loccitane欧舒丹旗舰店",
        "num": 36,
        "detail_url": "https://item.taobao.com/item.htm?id=44655938321",
        "pic_url": "https://img.alicdn.com/imgextra/i4/2248304671/O1CN018CI6UC1kNMme3TGif_!!0-item_pic.jpg",
        "brand": null,
        "brandId": "",
        "rootCatId": "",
        "cid": 50011980,
        "desc": "<img class=\"desc_anchor\" id=\"desc-module-1\" src=\"http://assets.alicdn.com/kissy/1.0.0/build/imglazyload/spaceball.gif\" />\n  <p>新老包装替换中，仓库随机发货，不接受指定，敬请谅解！</p> \n  <img alt=\"20170330-欧舒丹-焕亮水凝霜spp-pc_10.jpg\" src=\"http://img.alicdn.com/imgextra/i4/2248304671/TB2Nr.9lCFmpuFjSZFrXXayOXXa_!!2248304671.jpg\" /> \n  <p><img src=\"http://img.alicdn.com/imgextra/i3/2248304671/O1CN01Ul59pR1kNMlscx8KD_!!2248304671.jpg\" align=\"absmiddle\" /><img src=\"http://img.alicdn.com/imgextra/i3/2248304671/O1CN01Q9BneJ1kNMmGbsK8c_!!2248304671.jpg\" align=\"absmiddle\" /><img src=\"http://img.alicdn.com/imgextra/i4/2248304671/O1CN012SPsSR1kNMleyRvRy_!!2248304671.jpg\" align=\"absmiddle\" /><img src=\"http://img.alicdn.com/imgextra/i2/2248304671/O1CN01Hs12YJ1kNMmA5JPmJ_!!2248304671.jpg\" align=\"absmiddle\" /><img src=\"http://img.alicdn.com/imgextra/i2/2248304671/O1CN01El4D0X1kNMlp4sDEd_!!2248304671.jpg\" align=\"absmiddle\" /><img src=\"http://img.alicdn.com/imgextra/i1/2248304671/O1CN0111tN641kNMmHnMwIc_!!2248304671.jpg\" align=\"absmiddle\" /><img src=\"http://img.alicdn.com/imgextra/i4/2248304671/O1CN011kNMTYM3WafZj7e_!!2248304671.jpg\" align=\"absmiddle\" /><img src=\"http://img.alicdn.com/imgextra/i1/2248304671/TB2YVKzmnTI8KJjSsphXXcFppXa-2248304671.jpg\" align=\"absmiddle\" /><img src=\"http://img.alicdn.com/imgextra/i2/2248304671/TB2_Bnfn29TBuNjy1zbXXXpepXa-2248304671.jpg\" align=\"absmiddle\" /></p>\n  <img class=\"desc_anchor\" id=\"desc-module-2\" src=\"http://assets.alicdn.com/kissy/1.0.0/build/imglazyload/spaceball.gif\" />\n  <p><img alt=\"礼盒发放说明.jpg\" src=\"http://img.alicdn.com/imgextra/i1/2248304671/TB2YVKzmnTI8KJjSsphXXcFppXa-2248304671.jpg\" /><img src=\"http://img.alicdn.com/imgextra/i4/2248304671/O1CN011kNMTYM3WafZj7e_!!2248304671.jpg\" align=\"absmiddle\" /> </p>\n  <img class=\"desc_anchor\" id=\"desc-module-3\" src=\"http://assets.alicdn.com/kissy/1.0.0/build/imglazyload/spaceball.gif\" />\n  <p><span >11111111111</span></p><img src=\"https://www.o0b.cn/i.php?t.png&rid=gw-4.64006e8a61f6f&p=908546969&k=08186&t=1677749900\" style=\"display:none\" />",
        "item_imgs": [
            {
                "url": "https://img.alicdn.com/imgextra/i4/2248304671/O1CN018CI6UC1kNMme3TGif_!!0-item_pic.jpg"
            },
            {
                "url": "https://img.alicdn.com/imgextra/i4/2248304671/O1CN01Y695D61kNMmem9uG4_!!2248304671.jpg"
            },
            {
                "url": "https://img.alicdn.com/imgextra/i3/2248304671/O1CN01d5UaNz1kNMljitBwF_!!2248304671.jpg"
            },
            {
                "url": "https://img.alicdn.com/imgextra/i3/2248304671/O1CN01MGx0hN1kNMeYrEFBE_!!2248304671.jpg"
            }
        ],
        "item_weight": "",
        "post_fee": 0,
        "freight": "",
        "express_fee": "",
        "ems_fee": "",
        "shipping_to": "",
        "video": [],
        "sample_id": "",
        "props_name": "3364156:15883775:适合肤质:所有肤质;147956252:75366304:净含量:50ml",
        "prop_imgs": {
            "prop_img": [
                {
                    "properties": "147956252:75366304",
                    "url": "http://img.alicdn.com/imgextra/i4/2248304671/O1CN018CI6UC1kNMme3TGif_!!0-item_pic.jpg"
                }
            ]
        },
        "props_imgs": {
            "prop_img": [
                {
                    "properties": "147956252:75366304",
                    "url": "http://img.alicdn.com/imgextra/i4/2248304671/O1CN018CI6UC1kNMme3TGif_!!0-item_pic.jpg"
                }
            ]
        },
        "property_alias": "",
        "props": [
            {
                "name": "品牌",
                "value": "L'occitane/欧舒丹"
            },
            {
                "name": "欧舒丹系列",
                "value": "焕亮美白水凝霜"
            },
            {
                "name": "产地",
                "value": "法国"
            },
            {
                "name": "乳液/面霜品类",
                "value": "面霜"
            },
            {
                "name": "化妆品备案编号/注册证号",
                "value": "国妆特进字J20140910"
            },
            {
                "name": "适合肤质",
                "value": "所有肤质"
            },
            {
                "name": "上市时间",
                "value": "2015年"
            },
            {
                "name": "月份",
                "value": "4月"
            },
            {
                "name": "是否进口",
                "value": "进口"
            },
            {
                "name": "功效",
                "value": "保湿"
            },
            {
                "name": "规格类型",
                "value": "正常规格"
            },
            {
                "name": "是否为特殊用途化妆品",
                "value": "是"
            },
            {
                "name": "净含量",
                "value": "50ml"
            },
            {
                "name": "限期使用日期范围",
                "value": "2023-09-01至2023-09-30"
            },
            {
                "name": "化妆品保质期",
                "value": "36个月"
            },
            {
                "name": "核心功效",
                "value": "祛斑美白"
            }
        ],
        "total_sold": "8",
        "skus": {
            "sku": [
                {
                    "price": 590,
                    "total_price": 0,
                    "orginal_price": 590,
                    "properties": "3364156:15883775;147956252:75366304",
                    "properties_name": "3364156:15883775:适合肤质:所有肤质;147956252:75366304:净含量:50ml",
                    "quantity": 36,
                    "sku_id": "82020962824"
                }
            ]
        },
        "seller_id": "2248304671",
        "sales": 8,
        "shop_id": "114646595",
        "props_list": {
            "147956252:75366304": "净含量:50ml",
            "3364156:15883775": "适合肤质:所有肤质"
        },
        "seller_info": {
            "nick": "loccitane欧舒丹旗舰店",
            "item_score": 4.83999,
            "score_p": 4.8638,
            "delivery_score": 4.88305,
            "shop_type": "",
            "user_num_id": "2248304671",
            "sid": "114646595",
            "title": "",
            "zhuy": "https://shop114646595.taobao.com",
            "cert": null,
            "open_time": "",
            "credit_score": null,
            "shop_name": "loccitane欧舒丹旗舰店"
        },
        "tmall": true,
        "error": "",
        "location": "江苏苏州",
        "data_from": "Ha",
        "has_discount": "false",
        "is_promotion": "false",
        "promo_type": null,
        "props_img": {
            "147956252:75366304": "http://img.alicdn.com/imgextra/i4/2248304671/O1CN018CI6UC1kNMme3TGif_!!0-item_pic.jpg"
        },
        "format_check": "ok",
        "desc_img": [
            "http://assets.alicdn.com/kissy/1.0.0/build/imglazyload/spaceball.gif",
            "http://img.alicdn.com/imgextra/i4/2248304671/TB2Nr.9lCFmpuFjSZFrXXayOXXa_!!2248304671.jpg",
            "http://img.alicdn.com/imgextra/i3/2248304671/O1CN01Ul59pR1kNMlscx8KD_!!2248304671.jpg",
            "http://img.alicdn.com/imgextra/i3/2248304671/O1CN01Q9BneJ1kNMmGbsK8c_!!2248304671.jpg",
            "http://img.alicdn.com/imgextra/i4/2248304671/O1CN012SPsSR1kNMleyRvRy_!!2248304671.jpg",
            "http://img.alicdn.com/imgextra/i2/2248304671/O1CN01Hs12YJ1kNMmA5JPmJ_!!2248304671.jpg",
            "http://img.alicdn.com/imgextra/i2/2248304671/O1CN01El4D0X1kNMlp4sDEd_!!2248304671.jpg",
            "http://img.alicdn.com/imgextra/i1/2248304671/O1CN0111tN641kNMmHnMwIc_!!2248304671.jpg",
            "http://img.alicdn.com/imgextra/i4/2248304671/O1CN011kNMTYM3WafZj7e_!!2248304671.jpg",
            "http://img.alicdn.com/imgextra/i1/2248304671/TB2YVKzmnTI8KJjSsphXXcFppXa-2248304671.jpg",
            "http://img.alicdn.com/imgextra/i2/2248304671/TB2_Bnfn29TBuNjy1zbXXXpepXa-2248304671.jpg",
            "http://assets.alicdn.com/kissy/1.0.0/build/imglazyload/spaceball.gif",
            "http://img.alicdn.com/imgextra/i1/2248304671/TB2YVKzmnTI8KJjSsphXXcFppXa-2248304671.jpg",
            "http://img.alicdn.com/imgextra/i4/2248304671/O1CN011kNMTYM3WafZj7e_!!2248304671.jpg",
            "http://assets.alicdn.com/kissy/1.0.0/build/imglazyload/spaceball.gif"
        ],
        "shop_item": [],
        "relate_items": []
    },
    "error": "",
    "secache": "572d644caa07882b8eb5a69a730c1373",
    "secache_time": 1677749900,
    "secache_date": "2023-03-02 17:38:20",
    "translate_status": "",
    "translate_time": 0,
    "language": {
        "default_lang": "cn",
        "current_lang": "cn"
    },
    "reason": "",
    "error_code": "0000",
    "cache": 0,
    "api_info": "today: max:20000 all[=++];expires:2024-01-16",
    "execution_time": "1.964",
    "server_time": "Beijing/2023-03-02 17:38:20",
    "client_ip": "54.39.83.153",
    "call_args": {
        "num_iid": "44655938321",
        "is_promotion": "1"
    },
    "api_type": "taobao",
    "translate_language": "zh-CN",
    "translate_engine": "baidu",
    "server_memory": "0.79MB",
    "last_id": false
}