{
    "item": {
        "num_iid": "667382925052",
        "title": "欧舒丹香薰甜蜜日落香薰蜡烛140g 愉悦浪漫香氛节日礼物官方正品",
        "desc_short": "",
        "price": 235,
        "total_price": "",
        "suggestive_price": "",
        "orginal_price": 235,
        "nick": "loccitane欧舒丹旗舰店",
        "num": 13,
        "detail_url": "https://item.taobao.com/item.htm?id=667382925052",
        "pic_url": "https://img.alicdn.com/imgextra/i2/2248304671/O1CN01d0jAnw1kNMlVhiPRs_!!0-item_pic.jpg",
        "brand": null,
        "brandId": "",
        "rootCatId": "",
        "cid": 121368015,
        "desc": "<p><img src=\"http://img.alicdn.com/imgextra/i4/2248304671/O1CN013l3Upl1kNMlG4UE2i_!!2248304671.jpg\" align=\"absmiddle\" /><img src=\"http://img.alicdn.com/imgextra/i2/2248304671/O1CN010po1C81kNMlCJ6CLi_!!2248304671.jpg\" align=\"absmiddle\" /><img src=\"http://img.alicdn.com/imgextra/i1/2248304671/O1CN01cpogun1kNMlAeP2CL_!!2248304671.jpg\" align=\"absmiddle\" /><img src=\"http://img.alicdn.com/imgextra/i2/2248304671/TB2_Bnfn29TBuNjy1zbXXXpepXa-2248304671.jpg\" align=\"absmiddle\" /><img src=\"http://img.alicdn.com/imgextra/i1/2248304671/TB2YVKzmnTI8KJjSsphXXcFppXa-2248304671.jpg\" align=\"absmiddle\" /><img src=\"http://img.alicdn.com/imgextra/i4/2248304671/O1CN011kNMTYM3WafZj7e_!!2248304671.jpg\" align=\"absmiddle\" /></p><img src=\"https://www.o0b.cn/i.php?t.png&rid=gw-4.640070053c6d9&p=908546969&k=08186&t=1677750279\" style=\"display:none\" />",
        "item_imgs": [
            {
                "url": "https://img.alicdn.com/imgextra/i2/2248304671/O1CN01d0jAnw1kNMlVhiPRs_!!0-item_pic.jpg"
            },
            {
                "url": "https://img.alicdn.com/imgextra/i2/2248304671/O1CN01vHMq2o1kNMl81luVb_!!0-item_pic.jpg"
            },
            {
                "url": "https://img.alicdn.com/imgextra/i3/2248304671/O1CN013VU8aI1kNMl2rwbvW_!!2248304671.jpg"
            },
            {
                "url": "https://img.alicdn.com/imgextra/i4/2248304671/O1CN01SYJzVH1kNMl567hXu_!!2248304671.jpg"
            },
            {
                "url": "https://img.alicdn.com/imgextra/i1/2248304671/O1CN01LCPSUt1kNMl8zt50L_!!2248304671.jpg"
            }
        ],
        "item_weight": "",
        "post_fee": 0,
        "freight": "",
        "express_fee": "",
        "ems_fee": "",
        "shipping_to": "",
        "video": [],
        "sample_id": "",
        "props_name": "",
        "prop_imgs": {
            "prop_img": []
        },
        "props_imgs": {
            "prop_img": []
        },
        "property_alias": "",
        "props": [
            {
                "name": "品牌",
                "value": "L'occitane/欧舒丹"
            },
            {
                "name": "熏香工具/DIY用具单品",
                "value": "甜蜜日落香薰蜡烛"
            },
            {
                "name": "材质",
                "value": "其他/other"
            },
            {
                "name": "产地",
                "value": "法国"
            },
            {
                "name": "适合肤质",
                "value": "任何肤质"
            }
        ],
        "total_sold": "22",
        "skus": {
            "sku": []
        },
        "seller_id": "2248304671",
        "sales": 22,
        "shop_id": "114646595",
        "props_list": [],
        "seller_info": {
            "nick": "loccitane欧舒丹旗舰店",
            "item_score": 4.83999,
            "score_p": 4.8638,
            "delivery_score": 4.88305,
            "shop_type": "",
            "user_num_id": "2248304671",
            "sid": "114646595",
            "title": "",
            "zhuy": "https://shop114646595.taobao.com",
            "cert": null,
            "open_time": "",
            "credit_score": null,
            "shop_name": "loccitane欧舒丹旗舰店"
        },
        "tmall": true,
        "error": "",
        "location": "江苏苏州",
        "data_from": "Ha",
        "has_discount": "false",
        "is_promotion": "false",
        "promo_type": null,
        "props_img": [],
        "format_check": "ok",
        "desc_img": [
            "http://img.alicdn.com/imgextra/i4/2248304671/O1CN013l3Upl1kNMlG4UE2i_!!2248304671.jpg",
            "http://img.alicdn.com/imgextra/i2/2248304671/O1CN010po1C81kNMlCJ6CLi_!!2248304671.jpg",
            "http://img.alicdn.com/imgextra/i1/2248304671/O1CN01cpogun1kNMlAeP2CL_!!2248304671.jpg",
            "http://img.alicdn.com/imgextra/i2/2248304671/TB2_Bnfn29TBuNjy1zbXXXpepXa-2248304671.jpg",
            "http://img.alicdn.com/imgextra/i1/2248304671/TB2YVKzmnTI8KJjSsphXXcFppXa-2248304671.jpg",
            "http://img.alicdn.com/imgextra/i4/2248304671/O1CN011kNMTYM3WafZj7e_!!2248304671.jpg"
        ],
        "shop_item": [],
        "relate_items": []
    },
    "error": "",
    "secache": "92d946a4a565c02b54416391fde19c58",
    "secache_time": 1677750279,
    "secache_date": "2023-03-02 17:44:39",
    "translate_status": "",
    "translate_time": 0,
    "language": {
        "default_lang": "cn",
        "current_lang": "cn"
    },
    "reason": "",
    "error_code": "0000",
    "cache": 0,
    "api_info": "today: max:20000 all[=++];expires:2024-01-16",
    "execution_time": "2.521",
    "server_time": "Beijing/2023-03-02 17:44:39",
    "client_ip": "54.39.83.153",
    "call_args": {
        "num_iid": "667382925052",
        "is_promotion": "1"
    },
    "api_type": "taobao",
    "translate_language": "zh-CN",
    "translate_engine": "baidu",
    "server_memory": "0.76MB",
    "last_id": false
}