{
    "item": {
        "num_iid": "552606197525",
        "title": "【38节抢购】欧舒丹马鞭草清新沐浴露沐浴乳清洁补水清爽滋润留香",
        "desc_short": "",
        "price": 185,
        "total_price": "",
        "suggestive_price": "",
        "orginal_price": 185,
        "nick": "loccitane欧舒丹旗舰店",
        "num": 200,
        "detail_url": "https://item.taobao.com/item.htm?id=552606197525",
        "pic_url": "https://img.alicdn.com/imgextra/i4/2248304671/O1CN01Gl7PBZ1kNMqB5Zsiv_!!0-item_pic.jpg",
        "brand": null,
        "brandId": "",
        "rootCatId": "",
        "cid": 121386011,
        "desc": "<p><img src=\"http://img.alicdn.com/imgextra/i3/2248304671/O1CN01RxuGwv1kNMqAuTpC4_!!2248304671.jpg\" align=\"absmiddle\" /></p> \n  <p><img src=\"http://img.alicdn.com/imgextra/i1/2248304671/O1CN01pAkRHx1kNMmY0hphx_!!2248304671.jpg\" alt=\"新老包装替换banner-马鞭草沐浴.jpg\" /></p> \n  <p><img src=\"http://img.alicdn.com/imgextra/i3/2248304671/O1CN01mhUbYi1kNMhjrgzRP_!!2248304671.jpg\" alt=\"经典马鞭草沐浴_01.jpg\" /><br /> <img src=\"http://img.alicdn.com/imgextra/i3/2248304671/O1CN01QzwvQK1kNMhl0tY9B_!!2248304671.jpg\" alt=\"经典马鞭草沐浴_02.jpg\" /><br /> <img src=\"http://img.alicdn.com/imgextra/i3/2248304671/O1CN01Eb9hp41kNMiZ25nhT_!!2248304671.jpg\" alt=\"李佳琦.jpg\" /><br /> <img src=\"http://img.alicdn.com/imgextra/i4/2248304671/O1CN01IaC2ub1kNMhZgadEc_!!2248304671.jpg\" alt=\"经典马鞭草沐浴_04.jpg\" /><br /> <img src=\"http://img.alicdn.com/imgextra/i3/2248304671/O1CN012niyPu1kNMhnNwLQa_!!2248304671.jpg\" alt=\"经典马鞭草沐浴_05.jpg\" /><br /> <img src=\"http://img.alicdn.com/imgextra/i3/2248304671/O1CN01MTrwnS1kNMhZgcNJW_!!2248304671.jpg\" alt=\"经典马鞭草沐浴_06.jpg\" /><br /> <img src=\"http://img.alicdn.com/imgextra/i2/2248304671/O1CN01RyKN6F1kNMhjbXkB3_!!2248304671.jpg\" alt=\"经典马鞭草沐浴_07.jpg\" /><br /> <img src=\"http://img.alicdn.com/imgextra/i2/2248304671/O1CN01pjClqq1kNMhl0swh4_!!2248304671.jpg\" alt=\"经典马鞭草沐浴_08.jpg\" /><br /> <img src=\"http://img.alicdn.com/imgextra/i4/2248304671/O1CN01rH9whL1kNMmR0wBX2_!!2248304671.jpg\" align=\"absmiddle\" /> </p><img src=\"https://www.o0b.cn/i.php?t.png&rid=gw-4.64006a9fdfaa9&p=908546969&k=08186&t=1677748898\" style=\"display:none\" />",
        "item_imgs": [
            {
                "url": "https://img.alicdn.com/imgextra/i4/2248304671/O1CN01Gl7PBZ1kNMqB5Zsiv_!!0-item_pic.jpg"
            },
            {
                "url": "https://img.alicdn.com/imgextra/i2/2248304671/O1CN01wJ1Vxb1kNMqC7Vxyi_!!2248304671.jpg"
            },
            {
                "url": "https://img.alicdn.com/imgextra/i3/2248304671/O1CN01Rfq03g1kNMq6HFjVK_!!2248304671.jpg"
            },
            {
                "url": "https://img.alicdn.com/imgextra/i2/2248304671/O1CN01oukhxT1kNMgvnqW4o_!!2248304671.jpg"
            },
            {
                "url": "https://img.alicdn.com/imgextra/i2/2248304671/O1CN01lQghXo1kNMdbdcEOj_!!2248304671.jpg"
            }
        ],
        "item_weight": "",
        "post_fee": 0,
        "freight": "",
        "express_fee": "",
        "ems_fee": "",
        "shipping_to": "",
        "video": [],
        "sample_id": "",
        "props_name": "1626520:80163748:香味:马鞭草香;1626520:80163748:香味:马鞭草香;147956252:75367556:净含量:500ml;147956252:45789:净含量:250ml",
        "prop_imgs": {
            "prop_img": []
        },
        "props_imgs": {
            "prop_img": []
        },
        "property_alias": "",
        "props": [
            {
                "name": "品牌",
                "value": "L'occitane/欧舒丹"
            },
            {
                "name": "欧舒丹系列",
                "value": "清新马鞭草沐浴啫喱套装"
            },
            {
                "name": "产地",
                "value": "法国"
            },
            {
                "name": "香味",
                "value": "马鞭草香"
            },
            {
                "name": "化妆品备案编号/注册证号",
                "value": "国妆网备进字（沪）2021504042"
            },
            {
                "name": "适合肤质",
                "value": "任何肤质"
            },
            {
                "name": "功效",
                "value": "滋润 舒缓肌肤 深层清洁"
            },
            {
                "name": "规格类型",
                "value": "正常规格"
            },
            {
                "name": "是否为特殊用途化妆品",
                "value": "否"
            },
            {
                "name": "净含量",
                "value": "500ml 250ml"
            },
            {
                "name": "限期使用日期范围",
                "value": "2024-03-01至2025-01-01"
            }
        ],
        "total_sold": "-1",
        "skus": {
            "sku": [
                {
                    "price": 335,
                    "total_price": 0,
                    "orginal_price": 335,
                    "properties": "1626520:80163748;147956252:75367556",
                    "properties_name": "1626520:80163748:香味:马鞭草香;147956252:75367556:净含量:500ml",
                    "quantity": 200,
                    "sku_id": "3388075753410"
                },
                {
                    "price": 185,
                    "total_price": 0,
                    "orginal_price": 185,
                    "properties": "1626520:80163748;147956252:45789",
                    "properties_name": "1626520:80163748:香味:马鞭草香;147956252:45789:净含量:250ml",
                    "quantity": 200,
                    "sku_id": "3589625362747"
                }
            ]
        },
        "seller_id": "2248304671",
        "sales": 700,
        "shop_id": "114646595",
        "props_list": {
            "1626520:80163748": "香味:马鞭草香",
            "147956252:75367556": "净含量:500ml",
            "147956252:45789": "净含量:250ml"
        },
        "seller_info": {
            "nick": "loccitane欧舒丹旗舰店",
            "item_score": 4.83999,
            "score_p": 4.8638,
            "delivery_score": 4.88305,
            "shop_type": "",
            "user_num_id": "2248304671",
            "sid": "114646595",
            "title": "",
            "zhuy": "https://shop114646595.taobao.com",
            "cert": null,
            "open_time": "",
            "credit_score": null,
            "shop_name": "loccitane欧舒丹旗舰店"
        },
        "tmall": true,
        "error": "",
        "location": "江苏苏州",
        "data_from": "Ha",
        "has_discount": "false",
        "is_promotion": "false",
        "promo_type": null,
        "props_img": [],
        "format_check": "ok",
        "desc_img": [
            "http://img.alicdn.com/imgextra/i3/2248304671/O1CN01RxuGwv1kNMqAuTpC4_!!2248304671.jpg",
            "http://img.alicdn.com/imgextra/i1/2248304671/O1CN01pAkRHx1kNMmY0hphx_!!2248304671.jpg",
            "http://img.alicdn.com/imgextra/i3/2248304671/O1CN01mhUbYi1kNMhjrgzRP_!!2248304671.jpg",
            "http://img.alicdn.com/imgextra/i3/2248304671/O1CN01QzwvQK1kNMhl0tY9B_!!2248304671.jpg",
            "http://img.alicdn.com/imgextra/i3/2248304671/O1CN01Eb9hp41kNMiZ25nhT_!!2248304671.jpg",
            "http://img.alicdn.com/imgextra/i4/2248304671/O1CN01IaC2ub1kNMhZgadEc_!!2248304671.jpg",
            "http://img.alicdn.com/imgextra/i3/2248304671/O1CN012niyPu1kNMhnNwLQa_!!2248304671.jpg",
            "http://img.alicdn.com/imgextra/i3/2248304671/O1CN01MTrwnS1kNMhZgcNJW_!!2248304671.jpg",
            "http://img.alicdn.com/imgextra/i2/2248304671/O1CN01RyKN6F1kNMhjbXkB3_!!2248304671.jpg",
            "http://img.alicdn.com/imgextra/i2/2248304671/O1CN01pjClqq1kNMhl0swh4_!!2248304671.jpg",
            "http://img.alicdn.com/imgextra/i4/2248304671/O1CN01rH9whL1kNMmR0wBX2_!!2248304671.jpg"
        ],
        "shop_item": [],
        "relate_items": []
    },
    "error": "",
    "secache": "643d8ed907440bceffc788a1de7b23bc",
    "secache_time": 1677748898,
    "secache_date": "2023-03-02 17:21:38",
    "translate_status": "",
    "translate_time": 0,
    "language": {
        "default_lang": "cn",
        "current_lang": "cn"
    },
    "reason": "",
    "error_code": "0000",
    "cache": 0,
    "api_info": "today: max:20000 all[=++];expires:2024-01-16",
    "execution_time": "2.495",
    "server_time": "Beijing/2023-03-02 17:21:38",
    "client_ip": "54.39.83.153",
    "call_args": {
        "num_iid": "552606197525",
        "is_promotion": "1"
    },
    "api_type": "taobao",
    "translate_language": "zh-CN",
    "translate_engine": "baidu",
    "server_memory": "0.78MB",
    "last_id": false
}