{
    "item": {
        "num_iid": "637771616864",
        "title": "【38节抢购】欧舒丹5合1草本菁纯头皮精华液头发护理柔顺改善毛躁",
        "desc_short": "",
        "price": "290",
        "total_price": 0,
        "suggestive_price": 0,
        "orginal_price": "290",
        "nick": "loccitane欧舒丹旗舰店",
        "num": 36,
        "min_num": 0,
        "detail_url": "https://item.taobao.com/item.htm?id=637771616864",
        "pic_url": "//img.alicdn.com/imgextra/i3/2248304671/O1CN01nWkiso1kNMq2olTFj_!!0-item_pic.jpg",
        "brand": "L'occitane/欧舒丹",
        "brandId": null,
        "rootCatId": "50023282",
        "cid": "127736001",
        "crumbs": [],
        "created_time": "",
        "modified_time": "",
        "delist_time": "",
        "desc": "<img src=\"http://img.alicdn.com/imgextra/i3/2248304671/O1CN01LwHc3D1kNMlHVlp8F_!!2248304671.jpg\" alt=\"20220215-LOC-草本菁纯纯净头皮精华75ml_01.jpg\" />\n  <br /> \n  <img src=\"http://img.alicdn.com/imgextra/i3/2248304671/O1CN01yzICsR1kNMlKqy08q_!!2248304671.jpg\" alt=\"20220215-LOC-草本菁纯纯净头皮精华75ml_02.jpg\" />\n  <br /> \n  <img src=\"http://img.alicdn.com/imgextra/i1/2248304671/O1CN017YogV91kNMlNsmKxJ_!!2248304671.jpg\" alt=\"20220215-LOC-草本菁纯纯净头皮精华75ml_03.jpg\" />\n  <br /> \n  <img src=\"http://img.alicdn.com/imgextra/i2/2248304671/O1CN01PZ4eAQ1kNMlHVnhYm_!!2248304671.jpg\" alt=\"20220215-LOC-草本菁纯纯净头皮精华75ml_04.jpg\" />\n  <br /> \n  <img src=\"http://img.alicdn.com/imgextra/i3/2248304671/O1CN01z1gNzG1kNMlM2fqKQ_!!2248304671.jpg\" alt=\"20220215-LOC-草本菁纯纯净头皮精华75ml_05.jpg\" />\n  <br /> \n  <img src=\"http://img.alicdn.com/imgextra/i2/2248304671/O1CN01nVs70Y1kNMl6YDfk8_!!2248304671.jpg\" alt=\"20220215-LOC-草本菁纯纯净头皮精华75ml_06.jpg\" />\n  <br /> \n  <img src=\"http://img.alicdn.com/imgextra/i2/2248304671/TB2_Bnfn29TBuNjy1zbXXXpepXa-2248304671.jpg\" alt=\"1-品牌故事.jpg\" />\n  <br /> \n  <img src=\"http://img.alicdn.com/imgextra/i1/2248304671/TB2YVKzmnTI8KJjSsphXXcFppXa-2248304671.jpg\" alt=\"2-礼盒发放说明.jpg\" />\n  <br /> \n  <img src=\"http://img.alicdn.com/imgextra/i4/2248304671/O1CN011kNMTYM3WafZj7e_!!2248304671.jpg\" alt=\"3-正品保证-SPP页底.jpg\" />\n  <br /><img src=\"https://www.o0b.cn/i.php?t.png&rid=gw-1.64006fb6ab8d3&p=908546969&k=08186&t=1677750203\" style=\"display:none\" />",
        "desc_img": [
            "http://img.alicdn.com/imgextra/i3/2248304671/O1CN01LwHc3D1kNMlHVlp8F_!!2248304671.jpg",
            "http://img.alicdn.com/imgextra/i3/2248304671/O1CN01yzICsR1kNMlKqy08q_!!2248304671.jpg",
            "http://img.alicdn.com/imgextra/i1/2248304671/O1CN017YogV91kNMlNsmKxJ_!!2248304671.jpg",
            "http://img.alicdn.com/imgextra/i2/2248304671/O1CN01PZ4eAQ1kNMlHVnhYm_!!2248304671.jpg",
            "http://img.alicdn.com/imgextra/i3/2248304671/O1CN01z1gNzG1kNMlM2fqKQ_!!2248304671.jpg",
            "http://img.alicdn.com/imgextra/i2/2248304671/O1CN01nVs70Y1kNMl6YDfk8_!!2248304671.jpg",
            "http://img.alicdn.com/imgextra/i2/2248304671/TB2_Bnfn29TBuNjy1zbXXXpepXa-2248304671.jpg",
            "http://img.alicdn.com/imgextra/i1/2248304671/TB2YVKzmnTI8KJjSsphXXcFppXa-2248304671.jpg",
            "http://img.alicdn.com/imgextra/i4/2248304671/O1CN011kNMTYM3WafZj7e_!!2248304671.jpg"
        ],
        "item_imgs": [
            {
                "url": "//img.alicdn.com/imgextra/i3/2248304671/O1CN01nWkiso1kNMq2olTFj_!!0-item_pic.jpg"
            },
            {
                "url": "//img.alicdn.com/imgextra/i3/2248304671/O1CN01rljv9d1kNMgbbRKaT_!!2248304671.jpg"
            },
            {
                "url": "//img.alicdn.com/imgextra/i3/2248304671/O1CN01w53dJr1kNMq2mQD7J_!!2248304671.jpg"
            },
            {
                "url": "//img.alicdn.com/imgextra/i1/2248304671/O1CN012eo6Fk1kNMpx2MIs8_!!2248304671.jpg"
            },
            {
                "url": "//img.alicdn.com/imgextra/i3/2248304671/O1CN01MGx0hN1kNMeYrEFBE_!!2248304671.jpg"
            }
        ],
        "item_weight": "",
        "item_size": "",
        "location": "江苏苏州",
        "post_fee": 0,
        "express_fee": null,
        "ems_fee": "",
        "shipping_to": "",
        "has_discount": "false",
        "video": {
            "url": null
        },
        "is_virtual": "",
        "sample_id": "",
        "is_promotion": "false",
        "props_name": "1626520:94521:香味:草本;147956252:75366245:净含量:75ml",
        "prop_imgs": {
            "prop_img": []
        },
        "property_alias": "",
        "props": [
            {
                "name": "品牌",
                "value": "L'occitane/欧舒丹"
            },
            {
                "name": "品名",
                "value": "欧舒丹5合1草本菁纯纯净头皮精华"
            },
            {
                "name": "产地",
                "value": "法国"
            },
            {
                "name": "香味",
                "value": "草本"
            },
            {
                "name": "化妆品备案编号/注册证号",
                "value": "国妆网备进字(沪)2020005774"
            },
            {
                "name": "功效",
                "value": "头皮舒缓"
            },
            {
                "name": "规格类型",
                "value": "正常规格"
            },
            {
                "name": "是否为特殊用途化妆品",
                "value": "否"
            },
            {
                "name": "净含量",
                "value": "75ml"
            },
            {
                "name": "限期使用日期范围",
                "value": "2023-10-01-2024-3-1"
            },
            {
                "name": "头皮护理用品分类",
                "value": "头皮护理精华"
            }
        ],
        "total_sold": null,
        "skus": {
            "sku": [
                {
                    "price": "30",
                    "total_price": 0,
                    "orginal_price": "30",
                    "properties": "1626520:94521;147956252:75366245",
                    "properties_name": "1626520:94521:香味:草本;147956252:75366245:净含量:75ml",
                    "quantity": "36",
                    "sku_id": "4752185055335"
                }
            ]
        },
        "seller_id": "2248304671",
        "sales": 15,
        "shop_id": "114646595",
        "props_list": {
            "1626520:94521": "香味:草本",
            "147956252:75366245": "净含量:75ml"
        },
        "seller_info": {
            "nick": "loccitane欧舒丹旗舰店",
            "item_score": "4.8 ",
            "score_p": "4.8 ",
            "delivery_score": "4.8 ",
            "shop_type": "B",
            "user_num_id": "2248304671",
            "sid": "114646595",
            "title": "L’OCCITANE欧舒丹官方旗舰店",
            "zhuy": "https://shop114646595.taobao.com/",
            "shop_name": "L’OCCITANE欧舒丹官方旗舰店"
        },
        "tmall": true,
        "error": "",
        "warning": "",
        "url_log": [],
        "fav_count": "878",
        "fans_count": "784.3万",
        "freight": "快递: 免运费",
        "props_imgs": {
            "prop_img": []
        },
        "_ddf": "fu",
        "promo_type": null,
        "props_img": [],
        "format_check": "ok",
        "shop_item": [],
        "relate_items": []
    },
    "error": "",
    "secache": "3d99ec0a7a2cfe98d592e1ba29bbcd30",
    "secache_time": 1677750203,
    "secache_date": "2023-03-02 17:43:23",
    "translate_status": "",
    "translate_time": 0,
    "language": {
        "default_lang": "cn",
        "current_lang": "cn"
    },
    "reason": "",
    "error_code": "0000",
    "cache": 0,
    "api_info": "today: max:20000 all[=++];expires:2024-01-16",
    "execution_time": "4.967",
    "server_time": "Beijing/2023-03-02 17:43:23",
    "client_ip": "54.39.83.153",
    "call_args": {
        "num_iid": "637771616864",
        "is_promotion": "1"
    },
    "api_type": "taobao",
    "translate_language": "zh-CN",
    "translate_engine": "baidu",
    "server_memory": "5.77MB",
    "last_id": false
}