{
    "items": {
        "shop_id": "114646595",
        "page": "6",
        "real_total_results": "209",
        "total_results": "209",
        "page_size": 20,
        "page_count": 11,
        "_ddf": "ti",
        "item": [
            {
                "num_iid": "657876326057",
                "pic_url": "//img.alicdn.com/imgextra/i1/0/O1CN016fOeGE1kNMq5DAbKj_!!0-item_pic.jpg",
                "title": "【38预售倒计时】欧舒丹黄金颈霜乳木果腊菊颈部精华霜淡化颈纹",
                "promotion_price": "540.00",
                "price": "540.00",
                "sales": 7441,
                "quantity": "147",
                "seller_nick": "L’OCCITANE欧舒丹官方旗舰店",
                "seller_id": null,
                "shop_id": "114646595",
                "shop_title": "L’OCCITANE欧舒丹官方旗舰店",
                "detail_url": "https://item.taobao.com/item.htm?id=657876326057"
            },
            {
                "num_iid": "531404855745",
                "pic_url": "//img.alicdn.com/imgextra/i1/0/O1CN017OUJpX1kNMlxpIgAK_!!0-item_pic.jpg",
                "title": "【官方正品】欧舒丹身体乳果漾马鞭草润肤露男女全身滋润保湿补水",
                "promotion_price": "260.00",
                "price": "260.00",
                "sales": 7223,
                "quantity": "58",
                "seller_nick": "L’OCCITANE欧舒丹官方旗舰店",
                "seller_id": null,
                "shop_id": "114646595",
                "shop_title": "L’OCCITANE欧舒丹官方旗舰店",
                "detail_url": "https://item.taobao.com/item.htm?id=531404855745"
            },
            {
                "num_iid": "629752103440",
                "pic_url": "//img.alicdn.com/imgextra/i3/0/O1CN01Co5jEI1kNMqB7Fjpt_!!0-item_pic.jpg",
                "title": "【38节抢购】欧舒丹面霜赋颜御龄黄腊菊精华霜保湿面部护理滋润型",
                "promotion_price": "990.00",
                "price": "990.00",
                "sales": 6881,
                "quantity": "86",
                "seller_nick": "L’OCCITANE欧舒丹官方旗舰店",
                "seller_id": null,
                "shop_id": "114646595",
                "shop_title": "L’OCCITANE欧舒丹官方旗舰店",
                "detail_url": "https://item.taobao.com/item.htm?id=629752103440"
            },
            {
                "num_iid": "543840295054",
                "pic_url": "//img.alicdn.com/imgextra/i4/0/O1CN01daVcUt1kNMoDsPA2o_!!0-item_pic.jpg",
                "title": "欧舒丹甜蜜樱花滚珠淡香水 持续淡香清新性感花香调彩妆香氛走珠",
                "promotion_price": "190.00",
                "price": "190.00",
                "sales": 6856,
                "quantity": "7",
                "seller_nick": "L’OCCITANE欧舒丹官方旗舰店",
                "seller_id": null,
                "shop_id": "114646595",
                "shop_title": "L’OCCITANE欧舒丹官方旗舰店",
                "detail_url": "https://item.taobao.com/item.htm?id=543840295054"
            },
            {
                "num_iid": "623956237971",
                "pic_url": "//img.alicdn.com/imgextra/i1/0/O1CN01kKc9Eq1kNMq4pFukj_!!0-item_pic.jpg",
                "title": "【38节抢购】欧舒丹身体乳乳木果润肤露补水保湿滋润易吸收身体乳",
                "promotion_price": "260.00",
                "price": "260.00",
                "sales": 6830,
                "quantity": "97",
                "seller_nick": "L’OCCITANE欧舒丹官方旗舰店",
                "seller_id": null,
                "shop_id": "114646595",
                "shop_title": "L’OCCITANE欧舒丹官方旗舰店",
                "detail_url": "https://item.taobao.com/item.htm?id=623956237971"
            },
            {
                "num_iid": "44968284559",
                "pic_url": "//img.alicdn.com/imgextra/i1/0/O1CN019Dgn8e1kNMq1jqxpR_!!0-item_pic.jpg",
                "title": "欧舒丹沐浴露清新马鞭草泡泡浴露500ml 全身温和滋润男女清洁保湿",
                "promotion_price": "240.00",
                "price": "240.00",
                "sales": 6705,
                "quantity": "130",
                "seller_nick": "L’OCCITANE欧舒丹官方旗舰店",
                "seller_id": null,
                "shop_id": "114646595",
                "shop_title": "L’OCCITANE欧舒丹官方旗舰店",
                "detail_url": "https://item.taobao.com/item.htm?id=44968284559"
            },
            {
                "num_iid": "567826463491",
                "pic_url": "//img.alicdn.com/imgextra/i1/0/O1CN01dh7BuM1kNMmckAMRT_!!0-item_pic.jpg",
                "title": "欧舒丹沐浴露格拉斯橙花美体沐浴啫喱250ml清洁男女士橙花沐浴露",
                "promotion_price": "185.00",
                "price": "185.00",
                "sales": 6702,
                "quantity": "190",
                "seller_nick": "L’OCCITANE欧舒丹官方旗舰店",
                "seller_id": null,
                "shop_id": "114646595",
                "shop_title": "L’OCCITANE欧舒丹官方旗舰店",
                "detail_url": "https://item.taobao.com/item.htm?id=567826463491"
            },
            {
                "num_iid": "617735756492",
                "pic_url": "//img.alicdn.com/imgextra/i2/0/O1CN01Gxvfxx1kNMpw3D6VF_!!0-item_pic.jpg",
                "title": "【38节抢购】欧舒丹护发素草本头皮平衡护发素丰盈蓬松改善毛躁",
                "promotion_price": "210.00",
                "price": "210.00",
                "sales": 6499,
                "quantity": "111",
                "seller_nick": "L’OCCITANE欧舒丹官方旗舰店",
                "seller_id": null,
                "shop_id": "114646595",
                "shop_title": "L’OCCITANE欧舒丹官方旗舰店",
                "detail_url": "https://item.taobao.com/item.htm?id=617735756492"
            },
            {
                "num_iid": "597868564135",
                "pic_url": "//img.alicdn.com/imgextra/i3/0/O1CN01pjdPyS1kNMq0jdUCJ_!!0-item_pic.jpg",
                "title": "【38节抢购】欧舒丹草本菁纯强韧丰盈头皮精华100ml强韧丰盈蓬松",
                "promotion_price": "290.00",
                "price": "290.00",
                "sales": 6235,
                "quantity": "89",
                "seller_nick": "L’OCCITANE欧舒丹官方旗舰店",
                "seller_id": null,
                "shop_id": "114646595",
                "shop_title": "L’OCCITANE欧舒丹官方旗舰店",
                "detail_url": "https://item.taobao.com/item.htm?id=597868564135"
            },
            {
                "num_iid": "698341124648",
                "pic_url": "//img.alicdn.com/imgextra/i2/0/O1CN01w5Rd0Q1kNMq8gj2Sc_!!0-item_pic.jpg",
                "title": "【38节抢购】欧舒丹四支手霜补水保湿滋润防干燥礼物护手霜手膜",
                "promotion_price": "380.00",
                "price": "380.00",
                "sales": 5760,
                "quantity": "2872",
                "seller_nick": "L’OCCITANE欧舒丹官方旗舰店",
                "seller_id": null,
                "shop_id": "114646595",
                "shop_title": "L’OCCITANE欧舒丹官方旗舰店",
                "detail_url": "https://item.taobao.com/item.htm?id=698341124648"
            },
            {
                "num_iid": "44405974667",
                "pic_url": "//img.alicdn.com/imgextra/i1/0/O1CN01aNmNZ61kNMlwF8fiW_!!0-item_pic.jpg",
                "title": "【官方正品】欧舒丹乳木果滋养沐浴乳全身温和补水保湿滋润官网",
                "promotion_price": "185.00",
                "price": "185.00",
                "sales": 5582,
                "quantity": "2",
                "seller_nick": "L’OCCITANE欧舒丹官方旗舰店",
                "seller_id": null,
                "shop_id": "114646595",
                "shop_title": "L’OCCITANE欧舒丹官方旗舰店",
                "detail_url": "https://item.taobao.com/item.htm?id=44405974667"
            },
            {
                "num_iid": "532808863707",
                "pic_url": "//img.alicdn.com/imgextra/i1/0/O1CN01WWlmgh1kNMpvuWtFr_!!0-item_pic.jpg",
                "title": "【38节抢购】欧舒丹草本纯净洗发水护发套装控油滋养清洁防毛躁",
                "promotion_price": "615.00",
                "price": "615.00",
                "sales": 5571,
                "quantity": "47",
                "seller_nick": "L’OCCITANE欧舒丹官方旗舰店",
                "seller_id": null,
                "shop_id": "114646595",
                "shop_title": "L’OCCITANE欧舒丹官方旗舰店",
                "detail_url": "https://item.taobao.com/item.htm?id=532808863707"
            },
            {
                "num_iid": "524140199990",
                "pic_url": "//img.alicdn.com/imgextra/i1/0/O1CN01diUHnI1kNMq0bpVxf_!!0-item_pic.jpg",
                "title": "【38节抢购】欧舒丹香水樱花淡香水75ml淡香氛花香调香氛女士留香",
                "promotion_price": "570.00",
                "price": "570.00",
                "sales": 5514,
                "quantity": "93",
                "seller_nick": "L’OCCITANE欧舒丹官方旗舰店",
                "seller_id": null,
                "shop_id": "114646595",
                "shop_title": "L’OCCITANE欧舒丹官方旗舰店",
                "detail_url": "https://item.taobao.com/item.htm?id=524140199990"
            },
            {
                "num_iid": "649724282010",
                "pic_url": "//img.alicdn.com/imgextra/i4/0/O1CN016uesOB1kNMq7wXDak_!!0-item_pic.jpg",
                "title": "【38节抢购】欧舒丹桂花香水云中月桂淡香氛男女士香水淡香水留香",
                "promotion_price": "620.00",
                "price": "620.00",
                "sales": 5511,
                "quantity": "416",
                "seller_nick": "L’OCCITANE欧舒丹官方旗舰店",
                "seller_id": null,
                "shop_id": "114646595",
                "shop_title": "L’OCCITANE欧舒丹官方旗舰店",
                "detail_url": "https://item.taobao.com/item.htm?id=649724282010"
            },
            {
                "num_iid": "626974667226",
                "pic_url": "//img.alicdn.com/imgextra/i3/0/O1CN01a7SLzg1kNMq8iNHsG_!!0-item_pic.jpg",
                "title": "【38节抢购】欧舒丹护手霜乳木果手霜男女滋润保湿留香不油腻手膜",
                "promotion_price": "245.00",
                "price": "245.00",
                "sales": 5503,
                "quantity": "839",
                "seller_nick": "L’OCCITANE欧舒丹官方旗舰店",
                "seller_id": null,
                "shop_id": "114646595",
                "shop_title": "L’OCCITANE欧舒丹官方旗舰店",
                "detail_url": "https://item.taobao.com/item.htm?id=626974667226"
            },
            {
                "num_iid": "632637171377",
                "pic_url": "//img.alicdn.com/imgextra/i4/0/O1CN01NkxbCM1kNMqDE6Fn8_!!0-item_pic.jpg",
                "title": "【38节抢购】欧舒丹杏仁沐浴露甜扁桃沐浴油美体乳套装清洁滋润",
                "promotion_price": "585.00",
                "price": "585.00",
                "sales": 5308,
                "quantity": "247",
                "seller_nick": "L’OCCITANE欧舒丹官方旗舰店",
                "seller_id": null,
                "shop_id": "114646595",
                "shop_title": "L’OCCITANE欧舒丹官方旗舰店",
                "detail_url": "https://item.taobao.com/item.htm?id=632637171377"
            },
            {
                "num_iid": "44051886799",
                "pic_url": "//img.alicdn.com/imgextra/i4/0/O1CN01NJ211h1kNMqAKwBNj_!!0-item_pic.jpg",
                "title": "欧舒丹官方旗舰店护发素玫瑰之心护发素香氛柔顺清洁蓬松改善毛躁",
                "promotion_price": "180.00",
                "price": "180.00",
                "sales": 5019,
                "quantity": "8",
                "seller_nick": "L’OCCITANE欧舒丹官方旗舰店",
                "seller_id": null,
                "shop_id": "114646595",
                "shop_title": "L’OCCITANE欧舒丹官方旗舰店",
                "detail_url": "https://item.taobao.com/item.htm?id=44051886799"
            },
            {
                "num_iid": "703845765835",
                "pic_url": "//img.alicdn.com/imgextra/i4/0/O1CN01aRCP4B1kNMq35kjhA_!!0-item_pic.jpg",
                "title": "欧舒丹沐浴油甜扁桃紧致沐浴露温和清洁保湿留香",
                "promotion_price": "235.00",
                "price": "235.00",
                "sales": 5009,
                "quantity": "4312",
                "seller_nick": "L’OCCITANE欧舒丹官方旗舰店",
                "seller_id": null,
                "shop_id": "114646595",
                "shop_title": "L’OCCITANE欧舒丹官方旗舰店",
                "detail_url": "https://item.taobao.com/item.htm?id=703845765835"
            },
            {
                "num_iid": "618021744224",
                "pic_url": "//img.alicdn.com/imgextra/i1/0/O1CN01eroUxM1kNMq4r1HIs_!!0-item_pic.jpg",
                "title": "【38节抢购】欧舒丹白樱花沐浴露身体乳护手霜套装润肤保湿滋润",
                "promotion_price": "560.00",
                "price": "560.00",
                "sales": 4927,
                "quantity": "24",
                "seller_nick": "L’OCCITANE欧舒丹官方旗舰店",
                "seller_id": null,
                "shop_id": "114646595",
                "shop_title": "L’OCCITANE欧舒丹官方旗舰店",
                "detail_url": "https://item.taobao.com/item.htm?id=618021744224"
            },
            {
                "num_iid": "675939506581",
                "pic_url": "//img.alicdn.com/imgextra/i3/0/O1CN01JYmy4v1kNMq9Pcmw4_!!0-item_pic.jpg",
                "title": "【顺手买一件】欧舒丹甜扁桃沐浴油6ml*3+甜扁桃美体乳6ml*2",
                "promotion_price": "999.00",
                "price": "999.00",
                "sales": 4744,
                "quantity": "699",
                "seller_nick": "L’OCCITANE欧舒丹官方旗舰店",
                "seller_id": null,
                "shop_id": "114646595",
                "shop_title": "L’OCCITANE欧舒丹官方旗舰店",
                "detail_url": "https://item.taobao.com/item.htm?id=675939506581"
            }
        ]
    },
    "error_code": "0000",
    "reason": "ok",
    "secache": "38caa311598194e07e615454b692aac4",
    "secache_time": 1677749545,
    "secache_date": "2023-03-02 17:32:25",
    "translate_status": "",
    "translate_time": 0,
    "language": {
        "default_lang": "cn",
        "current_lang": "cn"
    },
    "error": "",
    "cache": 0,
    "api_info": "today: max:20000 all[=++];expires:2024-01-16",
    "execution_time": "1.117",
    "server_time": "Beijing/2023-03-02 17:32:25",
    "client_ip": "54.39.83.153",
    "call_args": {
        "seller_nick": "114646595",
        "start_price": "6"
    },
    "api_type": "taobao",
    "translate_language": "zh-CN",
    "translate_engine": "baidu",
    "server_memory": "5.82MB",
    "last_id": false
}