{
    "items": {
        "shop_id": "114646595",
        "page": "11",
        "real_total_results": "209",
        "total_results": "209",
        "page_size": 9,
        "page_count": 11,
        "_ddf": "ti",
        "item": [
            {
                "num_iid": "702538584250",
                "pic_url": "//img.alicdn.com/imgextra/i3/0/O1CN0100u66d1kNMq7MGjup_!!0-item_pic.jpg",
                "title": "欧舒丹洁手液润肤露套装薰衣草洗手液身体乳保湿清洁补水温和男女",
                "promotion_price": "440.00",
                "price": "440.00",
                "sales": 62,
                "quantity": "110",
                "seller_nick": "L’OCCITANE欧舒丹官方旗舰店",
                "seller_id": null,
                "shop_id": "114646595",
                "shop_title": "L’OCCITANE欧舒丹官方旗舰店",
                "detail_url": "https://item.taobao.com/item.htm?id=702538584250"
            },
            {
                "num_iid": "703059498818",
                "pic_url": "//img.alicdn.com/imgextra/i1/0/O1CN01xGF5fQ1kNMq8Q5pc1_!!0-item_pic.jpg",
                "title": "欧舒丹3支护手霜乳木果甜扁桃手霜手膜滋润保湿补水防干燥伴手礼",
                "promotion_price": "435.00",
                "price": "435.00",
                "sales": 41,
                "quantity": "142",
                "seller_nick": "L’OCCITANE欧舒丹官方旗舰店",
                "seller_id": null,
                "shop_id": "114646595",
                "shop_title": "L’OCCITANE欧舒丹官方旗舰店",
                "detail_url": "https://item.taobao.com/item.htm?id=703059498818"
            },
            {
                "num_iid": "703531583513",
                "pic_url": "//img.alicdn.com/imgextra/i1/0/O1CN01e0QTGe1kNMqAPmkz7_!!0-item_pic.jpg",
                "title": "【38节抢购】欧舒丹5合1草本菁纯平衡洗发露防毛躁洗发水控油蓬松",
                "promotion_price": "290.00",
                "price": "290.00",
                "sales": 23,
                "quantity": "26",
                "seller_nick": "L’OCCITANE欧舒丹官方旗舰店",
                "seller_id": null,
                "shop_id": "114646595",
                "shop_title": "L’OCCITANE欧舒丹官方旗舰店",
                "detail_url": "https://item.taobao.com/item.htm?id=703531583513"
            },
            {
                "num_iid": "694257081935",
                "pic_url": "//img.alicdn.com/imgextra/i2/0/O1CN01l40RQE1kNMplt9u2A_!!0-item_pic.jpg",
                "title": "【好物体验女王节专享】白樱花身体乳250ml",
                "promotion_price": "280.00",
                "price": "280.00",
                "sales": 15,
                "quantity": "34",
                "seller_nick": "L’OCCITANE欧舒丹官方旗舰店",
                "seller_id": null,
                "shop_id": "114646595",
                "shop_title": "L’OCCITANE欧舒丹官方旗舰店",
                "detail_url": "https://item.taobao.com/item.htm?id=694257081935"
            },
            {
                "num_iid": "683767653497",
                "pic_url": "//img.alicdn.com/imgextra/i1/0/O1CN01UctHX41kNMpklqEIN_!!0-item_pic.jpg",
                "title": "【好物体验女王节专享】甜扁桃沐浴油250ml",
                "promotion_price": "235.00",
                "price": "235.00",
                "sales": 10,
                "quantity": "40",
                "seller_nick": "L’OCCITANE欧舒丹官方旗舰店",
                "seller_id": null,
                "shop_id": "114646595",
                "shop_title": "L’OCCITANE欧舒丹官方旗舰店",
                "detail_url": "https://item.taobao.com/item.htm?id=683767653497"
            },
            {
                "num_iid": "704928437386",
                "pic_url": "//img.alicdn.com/imgextra/i2/0/O1CN018zl5k41kNMpy3658a_!!0-item_pic.jpg",
                "title": "欧舒丹玫瑰之心身体乳沐浴啫喱套装保湿清洁沐浴露滋润润肤男女士",
                "promotion_price": "445.00",
                "price": "445.00",
                "sales": 7,
                "quantity": "92",
                "seller_nick": "L’OCCITANE欧舒丹官方旗舰店",
                "seller_id": null,
                "shop_id": "114646595",
                "shop_title": "L’OCCITANE欧舒丹官方旗舰店",
                "detail_url": "https://item.taobao.com/item.htm?id=704928437386"
            },
            {
                "num_iid": "686830361542",
                "pic_url": "//img.alicdn.com/imgextra/i3/2248304671/O1CN0187usR81kNMorpeJnQ_!!2248304671.jpg",
                "title": "【好物体验女王节专享】欧舒丹5合1草本菁纯平衡洗发露 500ML",
                "promotion_price": "290.00",
                "price": "290.00",
                "sales": 6,
                "quantity": "44",
                "seller_nick": "L’OCCITANE欧舒丹官方旗舰店",
                "seller_id": null,
                "shop_id": "114646595",
                "shop_title": "L’OCCITANE欧舒丹官方旗舰店",
                "detail_url": "https://item.taobao.com/item.htm?id=686830361542"
            },
            {
                "num_iid": "683783357662",
                "pic_url": "//img.alicdn.com/imgextra/i1/0/O1CN01kK6adO1kNMqF9aGsB_!!0-item_pic.jpg",
                "title": "欧舒丹格拉斯橙花香氛沐浴啫喱身体乳套装滋润保湿美肤乳补水男女",
                "promotion_price": "445.00",
                "price": "445.00",
                "sales": 4,
                "quantity": "46",
                "seller_nick": "L’OCCITANE欧舒丹官方旗舰店",
                "seller_id": null,
                "shop_id": "114646595",
                "shop_title": "L’OCCITANE欧舒丹官方旗舰店",
                "detail_url": "https://item.taobao.com/item.htm?id=683783357662"
            },
            {
                "num_iid": "702067924984",
                "pic_url": "//img.alicdn.com/imgextra/i4/0/O1CN013ddXzn1kNMpvXN8fx_!!0-item_pic.jpg",
                "title": "【好物体验女王节专享】欧舒丹四支手霜",
                "promotion_price": "380.00",
                "price": "380.00",
                "sales": 4,
                "quantity": "47",
                "seller_nick": "L’OCCITANE欧舒丹官方旗舰店",
                "seller_id": null,
                "shop_id": "114646595",
                "shop_title": "L’OCCITANE欧舒丹官方旗舰店",
                "detail_url": "https://item.taobao.com/item.htm?id=702067924984"
            }
        ]
    },
    "error_code": "0000",
    "reason": "ok",
    "secache": "117657fbb4cfdd868a7265ca5bf15167",
    "secache_time": 1677750379,
    "secache_date": "2023-03-02 17:46:19",
    "translate_status": "",
    "translate_time": 0,
    "language": {
        "default_lang": "cn",
        "current_lang": "cn"
    },
    "error": "",
    "cache": 0,
    "api_info": "today: max:20000 all[=++];expires:2024-01-16",
    "execution_time": "1.039",
    "server_time": "Beijing/2023-03-02 17:46:19",
    "client_ip": "54.39.83.153",
    "call_args": {
        "seller_nick": "114646595",
        "start_price": "11"
    },
    "api_type": "taobao",
    "translate_language": "zh-CN",
    "translate_engine": "baidu_api",
    "server_memory": "5.79MB",
    "last_id": false
}