{
    "items": {
        "shop_id": "114646595",
        "page": "7",
        "real_total_results": "209",
        "total_results": "209",
        "page_size": 20,
        "page_count": 11,
        "_ddf": "ti",
        "item": [
            {
                "num_iid": "574458371341",
                "pic_url": "//img.alicdn.com/imgextra/i4/0/O1CN01fQdBZ91kNMqAQzsdl_!!0-item_pic.jpg",
                "title": "【38节抢购】欧舒丹星光瓶肌底精华液眼霜面霜男女士补水保湿滋润",
                "promotion_price": "1430.00",
                "price": "1430.00",
                "sales": 4624,
                "quantity": "52",
                "seller_nick": "L’OCCITANE欧舒丹官方旗舰店",
                "seller_id": null,
                "shop_id": "114646595",
                "shop_title": "L’OCCITANE欧舒丹官方旗舰店",
                "detail_url": "https://item.taobao.com/item.htm?id=574458371341"
            },
            {
                "num_iid": "44448733611",
                "pic_url": "//img.alicdn.com/imgextra/i4/0/O1CN01VgvXhL1kNMqBF8H70_!!0-item_pic.jpg",
                "title": "【38节抢购】欧舒丹发膜5合1草本精华修护发膜丰盈滋养清洁顺滑",
                "promotion_price": "340.00",
                "price": "340.00",
                "sales": 4510,
                "quantity": "95",
                "seller_nick": "L’OCCITANE欧舒丹官方旗舰店",
                "seller_id": null,
                "shop_id": "114646595",
                "shop_title": "L’OCCITANE欧舒丹官方旗舰店",
                "detail_url": "https://item.taobao.com/item.htm?id=44448733611"
            },
            {
                "num_iid": "624161112399",
                "pic_url": "//img.alicdn.com/imgextra/i1/0/O1CN01y34xc61kNMq8hrXxY_!!0-item_pic.jpg",
                "title": "【38预售倒计时】欧舒丹甜扁桃洗护发套装洗发水护发素温和清洁",
                "promotion_price": "390.00",
                "price": "390.00",
                "sales": 4464,
                "quantity": "55",
                "seller_nick": "L’OCCITANE欧舒丹官方旗舰店",
                "seller_id": null,
                "shop_id": "114646595",
                "shop_title": "L’OCCITANE欧舒丹官方旗舰店",
                "detail_url": "https://item.taobao.com/item.htm?id=624161112399"
            },
            {
                "num_iid": "623957849338",
                "pic_url": "//img.alicdn.com/imgextra/i3/0/O1CN01lWWwl61kNMq5CFJmd_!!0-item_pic.jpg",
                "title": "【88VIP】欧舒丹南法草本枕边睡眠喷雾薰衣草精油舒缓睡眠喷雾",
                "promotion_price": "220.00",
                "price": "220.00",
                "sales": 4404,
                "quantity": "71",
                "seller_nick": "L’OCCITANE欧舒丹官方旗舰店",
                "seller_id": null,
                "shop_id": "114646595",
                "shop_title": "L’OCCITANE欧舒丹官方旗舰店",
                "detail_url": "https://item.taobao.com/item.htm?id=623957849338"
            },
            {
                "num_iid": "562198195707",
                "pic_url": "//img.alicdn.com/imgextra/i2/0/O1CN01RN0zDR1kNMlWDz0u2_!!0-item_pic.jpg",
                "title": "【官方正品】欧舒丹沐浴啫喱250ml清洁女保湿补水滋润留香官网",
                "promotion_price": "185.00",
                "price": "185.00",
                "sales": 4114,
                "quantity": "33",
                "seller_nick": "L’OCCITANE欧舒丹官方旗舰店",
                "seller_id": null,
                "shop_id": "114646595",
                "shop_title": "L’OCCITANE欧舒丹官方旗舰店",
                "detail_url": "https://item.taobao.com/item.htm?id=562198195707"
            },
            {
                "num_iid": "624525947033",
                "pic_url": "//img.alicdn.com/imgextra/i2/0/O1CN01CJ4DCV1kNMq4qL7Y4_!!0-item_pic.jpg",
                "title": "【38节抢购】欧舒丹杏仁身体乳甜扁桃紧致美体乳补水保湿弹润修护",
                "promotion_price": "530.00",
                "price": "530.00",
                "sales": 3999,
                "quantity": "99",
                "seller_nick": "L’OCCITANE欧舒丹官方旗舰店",
                "seller_id": null,
                "shop_id": "114646595",
                "shop_title": "L’OCCITANE欧舒丹官方旗舰店",
                "detail_url": "https://item.taobao.com/item.htm?id=624525947033"
            },
            {
                "num_iid": "649448490832",
                "pic_url": "//img.alicdn.com/imgextra/i4/0/O1CN01RYdx7H1kNMq9PQYIg_!!0-item_pic.jpg",
                "title": "【38节抢购】欧舒丹马鞭草清新天然植物淡香水花果香男女士淡香氛",
                "promotion_price": "570.00",
                "price": "570.00",
                "sales": 3992,
                "quantity": "61",
                "seller_nick": "L’OCCITANE欧舒丹官方旗舰店",
                "seller_id": null,
                "shop_id": "114646595",
                "shop_title": "L’OCCITANE欧舒丹官方旗舰店",
                "detail_url": "https://item.taobao.com/item.htm?id=649448490832"
            },
            {
                "num_iid": "629789995170",
                "pic_url": "//img.alicdn.com/imgextra/i4/0/O1CN01RS2AKh1kNMpuWC7OC_!!0-item_pic.jpg",
                "title": "【官方正品】欧舒丹乳木果马鞭草手部身体润肤露300ml保湿补水",
                "promotion_price": "270.00",
                "price": "270.00",
                "sales": 3973,
                "quantity": "96",
                "seller_nick": "L’OCCITANE欧舒丹官方旗舰店",
                "seller_id": null,
                "shop_id": "114646595",
                "shop_title": "L’OCCITANE欧舒丹官方旗舰店",
                "detail_url": "https://item.taobao.com/item.htm?id=629789995170"
            },
            {
                "num_iid": "674477273332",
                "pic_url": "//img.alicdn.com/imgextra/i3/0/O1CN01EV387q1kNMnyLLnwF_!!0-item_pic.jpg",
                "title": "欧舒丹沐浴露沐浴乳清洁男女士薄荷马鞭草磨砂清爽沐浴啫喱正品",
                "promotion_price": "185.00",
                "price": "185.00",
                "sales": 3726,
                "quantity": "112",
                "seller_nick": "L’OCCITANE欧舒丹官方旗舰店",
                "seller_id": null,
                "shop_id": "114646595",
                "shop_title": "L’OCCITANE欧舒丹官方旗舰店",
                "detail_url": "https://item.taobao.com/item.htm?id=674477273332"
            },
            {
                "num_iid": "675252764688",
                "pic_url": "//img.alicdn.com/imgextra/i3/0/O1CN01mW0I081kNMq5lH8dJ_!!0-item_pic.jpg",
                "title": "【顺手买一件】欧舒丹甜蜜樱花沐浴6ml*3+白樱花身体乳6ml*3",
                "promotion_price": "999.00",
                "price": "999.00",
                "sales": 3687,
                "quantity": "14",
                "seller_nick": "L’OCCITANE欧舒丹官方旗舰店",
                "seller_id": null,
                "shop_id": "114646595",
                "shop_title": "L’OCCITANE欧舒丹官方旗舰店",
                "detail_url": "https://item.taobao.com/item.htm?id=675252764688"
            },
            {
                "num_iid": "521822069281",
                "pic_url": "//img.alicdn.com/imgextra/i4/0/O1CN01FNhbE51kNMnZEstl5_!!0-item_pic.jpg",
                "title": "欧舒丹玫瑰之心滚珠淡香水 清新淡雅花香调香氛走珠淡香官方正品",
                "promotion_price": "190.00",
                "price": "190.00",
                "sales": 3495,
                "quantity": "7",
                "seller_nick": "L’OCCITANE欧舒丹官方旗舰店",
                "seller_id": null,
                "shop_id": "114646595",
                "shop_title": "L’OCCITANE欧舒丹官方旗舰店",
                "detail_url": "https://item.taobao.com/item.htm?id=521822069281"
            },
            {
                "num_iid": "616139298073",
                "pic_url": "//img.alicdn.com/imgextra/i2/0/O1CN01xnrRm11kNMq6iyJ8u_!!0-item_pic.jpg",
                "title": "【38节抢购】欧舒丹亮晶晶眼精华微囊肌底眼霜补水保湿眼部护理",
                "promotion_price": "520.00",
                "price": "520.00",
                "sales": 3453,
                "quantity": "10",
                "seller_nick": "L’OCCITANE欧舒丹官方旗舰店",
                "seller_id": null,
                "shop_id": "114646595",
                "shop_title": "L’OCCITANE欧舒丹官方旗舰店",
                "detail_url": "https://item.taobao.com/item.htm?id=616139298073"
            },
            {
                "num_iid": "625041339152",
                "pic_url": "//img.alicdn.com/imgextra/i2/0/O1CN01UA1eHE1kNMpuW2aH6_!!0-item_pic.jpg",
                "title": "欧舒丹官方旗舰店洗发水 甜扁桃洗发露240ml清洁柔顺蓬松改善毛躁",
                "promotion_price": "210.00",
                "price": "210.00",
                "sales": 3373,
                "quantity": "24",
                "seller_nick": "L’OCCITANE欧舒丹官方旗舰店",
                "seller_id": null,
                "shop_id": "114646595",
                "shop_title": "L’OCCITANE欧舒丹官方旗舰店",
                "detail_url": "https://item.taobao.com/item.htm?id=625041339152"
            },
            {
                "num_iid": "618990514563",
                "pic_url": "//img.alicdn.com/imgextra/i2/0/O1CN01E0KFiJ1kNMq8ZJNQA_!!0-item_pic.jpg",
                "title": "【38节抢购】欧舒丹杏仁沐浴油甜扁桃清洁紧致保湿滋润洁净男女士",
                "promotion_price": "235.00",
                "price": "235.00",
                "sales": 3324,
                "quantity": "98",
                "seller_nick": "L’OCCITANE欧舒丹官方旗舰店",
                "seller_id": null,
                "shop_id": "114646595",
                "shop_title": "L’OCCITANE欧舒丹官方旗舰店",
                "detail_url": "https://item.taobao.com/item.htm?id=618990514563"
            },
            {
                "num_iid": "557252083614",
                "pic_url": "//img.alicdn.com/imgextra/i4/0/O1CN01Lt7nEm1kNMq7wmnHU_!!0-item_pic.jpg",
                "title": "【38节抢购】欧舒丹赋颜御龄小金瓶黄腊菊洁面乳保湿补水洗面奶",
                "promotion_price": "340.00",
                "price": "340.00",
                "sales": 3261,
                "quantity": "51",
                "seller_nick": "L’OCCITANE欧舒丹官方旗舰店",
                "seller_id": null,
                "shop_id": "114646595",
                "shop_title": "L’OCCITANE欧舒丹官方旗舰店",
                "detail_url": "https://item.taobao.com/item.htm?id=557252083614"
            },
            {
                "num_iid": "649459565084",
                "pic_url": "//img.alicdn.com/imgextra/i2/0/O1CN019JkNmM1kNMq7x5WTG_!!0-item_pic.jpg",
                "title": "【38节抢购】欧舒丹沐浴露云中月桂沐浴露润肤清洁全身留香保湿",
                "promotion_price": "1065.00",
                "price": "1065.00",
                "sales": 3062,
                "quantity": "22",
                "seller_nick": "L’OCCITANE欧舒丹官方旗舰店",
                "seller_id": null,
                "shop_id": "114646595",
                "shop_title": "L’OCCITANE欧舒丹官方旗舰店",
                "detail_url": "https://item.taobao.com/item.htm?id=649459565084"
            },
            {
                "num_iid": "638647232794",
                "pic_url": "//img.alicdn.com/imgextra/i3/0/O1CN01JElGe21kNMqD00VbB_!!0-item_pic.jpg",
                "title": "【38节抢购】欧舒丹星光水焕活三重精萃水爽肤水精华水面部喷雾",
                "promotion_price": "560.00",
                "price": "560.00",
                "sales": 3041,
                "quantity": "47",
                "seller_nick": "L’OCCITANE欧舒丹官方旗舰店",
                "seller_id": null,
                "shop_id": "114646595",
                "shop_title": "L’OCCITANE欧舒丹官方旗舰店",
                "detail_url": "https://item.taobao.com/item.htm?id=638647232794"
            },
            {
                "num_iid": "613051976478",
                "pic_url": "//img.alicdn.com/imgextra/i3/0/O1CN01Ild12R1kNMlavmbds_!!0-item_pic.jpg",
                "title": "欧舒丹南法枕梦香薰蜡烛140g薰衣草佛手柑香薰香调精油官方旗舰店",
                "promotion_price": "235.00",
                "price": "235.00",
                "sales": 2926,
                "quantity": "25",
                "seller_nick": "L’OCCITANE欧舒丹官方旗舰店",
                "seller_id": null,
                "shop_id": "114646595",
                "shop_title": "L’OCCITANE欧舒丹官方旗舰店",
                "detail_url": "https://item.taobao.com/item.htm?id=613051976478"
            },
            {
                "num_iid": "691520587650",
                "pic_url": "//img.alicdn.com/imgextra/i4/0/O1CN01WPtaJF1kNMq7bMo6x_!!0-item_pic.jpg",
                "title": "【店播专享】欧舒丹沐浴油甜扁桃紧致沐浴露男女保湿滋润补水留香",
                "promotion_price": "660.00",
                "price": "660.00",
                "sales": 2913,
                "quantity": "356",
                "seller_nick": "L’OCCITANE欧舒丹官方旗舰店",
                "seller_id": null,
                "shop_id": "114646595",
                "shop_title": "L’OCCITANE欧舒丹官方旗舰店",
                "detail_url": "https://item.taobao.com/item.htm?id=691520587650"
            },
            {
                "num_iid": "540790794772",
                "pic_url": "//img.alicdn.com/imgextra/i3/0/O1CN01jG9sHv1kNMm6Ixv45_!!0-item_pic.jpg",
                "title": "欧舒丹官方旗舰店补水喷雾乳木果舒润保湿喷雾爽肤水补水官网正品",
                "promotion_price": "130.00",
                "price": "130.00",
                "sales": 2907,
                "quantity": "12",
                "seller_nick": "L’OCCITANE欧舒丹官方旗舰店",
                "seller_id": null,
                "shop_id": "114646595",
                "shop_title": "L’OCCITANE欧舒丹官方旗舰店",
                "detail_url": "https://item.taobao.com/item.htm?id=540790794772"
            }
        ]
    },
    "error_code": "0000",
    "reason": "ok",
    "secache": "0a7210efe5768309b05a16a26be14a0b",
    "secache_time": 1677749705,
    "secache_date": "2023-03-02 17:35:05",
    "translate_status": "",
    "translate_time": 0,
    "language": {
        "default_lang": "cn",
        "current_lang": "cn"
    },
    "error": "",
    "cache": 0,
    "api_info": "today: max:20000 all[=++];expires:2024-01-16",
    "execution_time": "1.093",
    "server_time": "Beijing/2023-03-02 17:35:05",
    "client_ip": "54.39.83.153",
    "call_args": {
        "seller_nick": "114646595",
        "start_price": "7"
    },
    "api_type": "taobao",
    "translate_language": "zh-CN",
    "translate_engine": "baidu_api",
    "server_memory": "5.86MB",
    "last_id": false
}