{
    "item": {
        "num_iid": "584203128931",
        "title": "欧舒丹沐浴油乳木果沐浴油250ml温和清洁男女保湿滋润柔滑防干燥",
        "desc_short": "",
        "price": 215,
        "total_price": "",
        "suggestive_price": "",
        "orginal_price": 215,
        "nick": "loccitane欧舒丹旗舰店",
        "num": 48,
        "detail_url": "https://item.taobao.com/item.htm?id=584203128931",
        "pic_url": "https://img.alicdn.com/imgextra/i3/2248304671/O1CN016PDGLn1kNMm5AYxBN_!!0-item_pic.jpg",
        "brand": null,
        "brandId": "",
        "rootCatId": "",
        "cid": 121386011,
        "desc": "<p><img src=\"http://img.alicdn.com/imgextra/i2/2248304671/O1CN01jeUArW1kNMlKsHpxF_!!2248304671.jpg\" align=\"absmiddle\" /><img src=\"http://img.alicdn.com/imgextra/i1/2248304671/O1CN01mr1Wli1kNMlJEAWL6_!!2248304671.jpg\" align=\"absmiddle\" /><img src=\"http://img.alicdn.com/imgextra/i1/2248304671/O1CN01EAAXIR1kNMlKBFum1_!!2248304671.jpg\" align=\"absmiddle\" /><img src=\"http://img.alicdn.com/imgextra/i4/2248304671/O1CN01dqRzC61kNMmHCwyxk_!!2248304671.jpg\" align=\"absmiddle\" /><img src=\"http://img.alicdn.com/imgextra/i2/2248304671/O1CN01MRdkK01kNMlBOfFP3_!!2248304671.jpg\" align=\"absmiddle\" /><img src=\"http://img.alicdn.com/imgextra/i3/2248304671/O1CN01m1u6tJ1kNMlFmVoUs_!!2248304671.jpg\" align=\"absmiddle\" /><img src=\"http://img.alicdn.com/imgextra/i1/2248304671/O1CN01zVkhqx1kNMlMPZbKg_!!2248304671.jpg\" align=\"absmiddle\" /></p> \n  <table width=\"790\" border=\"0\" cellspacing=\"0\" cellpadding=\"0\"> \n   <tbody>\n    <tr> \n     <td> <img src=\"http://img.alicdn.com/imgextra/i1/2248304671/TB2YVKzmnTI8KJjSsphXXcFppXa-2248304671.jpg\" align=\"absmiddle\" /><img src=\"http://img.alicdn.com/imgextra/i4/2248304671/O1CN011kNMU9CsSKBK1dP_!!2248304671.jpg\" align=\"absmiddle\" /> </td> \n    </tr> \n   </tbody>\n  </table><img src=\"https://www.o0b.cn/i.php?t.png&rid=gw-4.64006e70b343d&p=908546969&k=08186&t=1677749875\" style=\"display:none\" />",
        "item_imgs": [
            {
                "url": "https://img.alicdn.com/imgextra/i3/2248304671/O1CN016PDGLn1kNMm5AYxBN_!!0-item_pic.jpg"
            },
            {
                "url": "https://img.alicdn.com/imgextra/i4/2248304671/O1CN01MvpKj51kNMWPDKbFZ_!!2248304671.jpg"
            },
            {
                "url": "https://img.alicdn.com/imgextra/i3/2248304671/O1CN01MGx0hN1kNMeYrEFBE_!!2248304671.jpg"
            }
        ],
        "item_weight": "",
        "post_fee": 0,
        "freight": "",
        "express_fee": "",
        "ems_fee": "",
        "shipping_to": "",
        "video": [],
        "sample_id": "",
        "props_name": "1626520:3304763:香味:乳木果;147956252:45789:净含量:250ml",
        "prop_imgs": {
            "prop_img": [
                {
                    "properties": "147956252:45789",
                    "url": "http://img.alicdn.com/imgextra/i3/2248304671/O1CN016PDGLn1kNMm5AYxBN_!!0-item_pic.jpg"
                }
            ]
        },
        "props_imgs": {
            "prop_img": [
                {
                    "properties": "147956252:45789",
                    "url": "http://img.alicdn.com/imgextra/i3/2248304671/O1CN016PDGLn1kNMm5AYxBN_!!0-item_pic.jpg"
                }
            ]
        },
        "property_alias": "",
        "props": [
            {
                "name": "品牌",
                "value": "L'occitane/欧舒丹"
            },
            {
                "name": "欧舒丹系列",
                "value": "乳木果沐浴油"
            },
            {
                "name": "产地",
                "value": "法国"
            },
            {
                "name": "香味",
                "value": "乳木果"
            },
            {
                "name": "化妆品备案编号/注册证号",
                "value": "国妆网备进字（沪）2021003494"
            },
            {
                "name": "功效",
                "value": "深层清洁"
            },
            {
                "name": "规格类型",
                "value": "正常规格"
            },
            {
                "name": "是否为特殊用途化妆品",
                "value": "否"
            },
            {
                "name": "净含量",
                "value": "250ml"
            },
            {
                "name": "限期使用日期范围",
                "value": "2024-01-01至2024-01-31"
            }
        ],
        "total_sold": "58",
        "skus": {
            "sku": [
                {
                    "price": 215,
                    "total_price": 0,
                    "orginal_price": 215,
                    "properties": "1626520:3304763;147956252:45789",
                    "properties_name": "1626520:3304763:香味:乳木果;147956252:45789:净含量:250ml",
                    "quantity": 48,
                    "sku_id": "4622951194492"
                }
            ]
        },
        "seller_id": "2248304671",
        "sales": 58,
        "shop_id": "114646595",
        "props_list": {
            "147956252:45789": "净含量:250ml",
            "1626520:3304763": "香味:乳木果"
        },
        "seller_info": {
            "nick": "loccitane欧舒丹旗舰店",
            "item_score": 4.83999,
            "score_p": 4.8638,
            "delivery_score": 4.88305,
            "shop_type": "",
            "user_num_id": "2248304671",
            "sid": "114646595",
            "title": "",
            "zhuy": "https://shop114646595.taobao.com",
            "cert": null,
            "open_time": "",
            "credit_score": null,
            "shop_name": "loccitane欧舒丹旗舰店"
        },
        "tmall": true,
        "error": "",
        "location": "江苏苏州",
        "data_from": "Ha",
        "has_discount": "false",
        "is_promotion": "false",
        "promo_type": null,
        "props_img": {
            "147956252:45789": "http://img.alicdn.com/imgextra/i3/2248304671/O1CN016PDGLn1kNMm5AYxBN_!!0-item_pic.jpg"
        },
        "format_check": "ok",
        "desc_img": [
            "http://img.alicdn.com/imgextra/i2/2248304671/O1CN01jeUArW1kNMlKsHpxF_!!2248304671.jpg",
            "http://img.alicdn.com/imgextra/i1/2248304671/O1CN01mr1Wli1kNMlJEAWL6_!!2248304671.jpg",
            "http://img.alicdn.com/imgextra/i1/2248304671/O1CN01EAAXIR1kNMlKBFum1_!!2248304671.jpg",
            "http://img.alicdn.com/imgextra/i4/2248304671/O1CN01dqRzC61kNMmHCwyxk_!!2248304671.jpg",
            "http://img.alicdn.com/imgextra/i2/2248304671/O1CN01MRdkK01kNMlBOfFP3_!!2248304671.jpg",
            "http://img.alicdn.com/imgextra/i3/2248304671/O1CN01m1u6tJ1kNMlFmVoUs_!!2248304671.jpg",
            "http://img.alicdn.com/imgextra/i1/2248304671/O1CN01zVkhqx1kNMlMPZbKg_!!2248304671.jpg",
            "http://img.alicdn.com/imgextra/i1/2248304671/TB2YVKzmnTI8KJjSsphXXcFppXa-2248304671.jpg",
            "http://img.alicdn.com/imgextra/i4/2248304671/O1CN011kNMU9CsSKBK1dP_!!2248304671.jpg"
        ],
        "shop_item": [],
        "relate_items": []
    },
    "error": "",
    "secache": "0f4d3792bcf0e236277b5d29d9cc408a",
    "secache_time": 1677749875,
    "secache_date": "2023-03-02 17:37:55",
    "translate_status": "",
    "translate_time": 0,
    "language": {
        "default_lang": "cn",
        "current_lang": "cn"
    },
    "reason": "",
    "error_code": "0000",
    "cache": 0,
    "api_info": "today: max:20000 all[=++];expires:2024-01-16",
    "execution_time": "2.448",
    "server_time": "Beijing/2023-03-02 17:37:55",
    "client_ip": "54.39.83.153",
    "call_args": {
        "num_iid": "584203128931",
        "is_promotion": "1"
    },
    "api_type": "taobao",
    "translate_language": "zh-CN",
    "translate_engine": "baidu",
    "server_memory": "0.78MB",
    "last_id": false
}