{
    "item": {
        "num_iid": "669062736458",
        "title": "【38节抢购】欧舒丹洗护发草本修护洗发露护发精油套装丰盈蓬松",
        "desc_short": "",
        "price": "595",
        "orginal_price": "595",
        "nick": "loccitane欧舒丹旗舰店",
        "num": 65,
        "pic_url": "//img.alicdn.com/imgextra/i4/2248304671/O1CN01cGD3Lu1kNMqCCIEUq_!!0-item_pic.jpg",
        "brand": "L'occitane/欧舒丹",
        "brandId": 0,
        "rootCatId": "50023282",
        "cid": "121476023",
        "crumbs": [],
        "detail_url": "https://item.taobao.com/item.htm?id=669062736458",
        "desc": "<p><img src=\"http://img.alicdn.com/imgextra/i2/2248304671/O1CN01Nqijuy1kNMmJGWSCp_!!2248304671.jpg\" alt=\"草本菁纯修护大套新旧版本banner.jpg\" /> <img src=\"http://img.alicdn.com/imgextra/i4/2248304671/O1CN01Fufd1s1kNMn3WLRJ6_!!2248304671.jpg\" alt=\"20220718-草本包装新旧banner.jpg\" /><img src=\"http://img.alicdn.com/imgextra/i3/2248304671/O1CN01E8d9sf1kNMoWZUUl2_!!2248304671.jpg\" align=\"absmiddle\" /><img src=\"http://img.alicdn.com/imgextra/i3/2248304671/O1CN01B3smm11kNMoXL0xcl_!!2248304671.jpg\" align=\"absmiddle\" /><img src=\"http://img.alicdn.com/imgextra/i3/2248304671/O1CN015lw0Oq1kNMogQGLyE_!!2248304671.jpg\" align=\"absmiddle\" /><img src=\"http://img.alicdn.com/imgextra/i2/2248304671/O1CN01W7ZeZ01kNMoWZTgq8_!!2248304671.jpg\" align=\"absmiddle\" /><img src=\"http://img.alicdn.com/imgextra/i3/2248304671/O1CN01tCdsJZ1kNMoWZSkbH_!!2248304671.jpg\" align=\"absmiddle\" /><img src=\"http://img.alicdn.com/imgextra/i1/2248304671/O1CN01HodPP41kNModpb0j2_!!2248304671.jpg\" align=\"absmiddle\" /><img src=\"http://img.alicdn.com/imgextra/i3/2248304671/O1CN01mPDqcH1kNMohbh913_!!2248304671.jpg\" align=\"absmiddle\" /><img src=\"http://img.alicdn.com/imgextra/i1/2248304671/O1CN015yRSFB1kNMohbicV7_!!2248304671.jpg\" align=\"absmiddle\" /><img src=\"http://img.alicdn.com/imgextra/i2/2248304671/O1CN01NYhBad1kNMogQI1w4_!!2248304671.jpg\" align=\"absmiddle\" /><img src=\"http://img.alicdn.com/imgextra/i4/2248304671/O1CN01R7iuJu1kNMoffrNHQ_!!2248304671.jpg\" align=\"absmiddle\" /><img src=\"http://img.alicdn.com/imgextra/i4/2248304671/O1CN01FYiiQJ1kNMogQFsqw_!!2248304671.jpg\" align=\"absmiddle\" /><img src=\"http://img.alicdn.com/imgextra/i3/2248304671/O1CN019Vt1ya1kNMocws2Kd_!!2248304671.jpg\" align=\"absmiddle\" /><img src=\"http://img.alicdn.com/imgextra/i1/2248304671/O1CN01DHe5j81kNMoeYtmWt_!!2248304671.jpg\" align=\"absmiddle\" /><img src=\"http://img.alicdn.com/imgextra/i4/2248304671/O1CN01TvsNX51kNMoeYuBU5_!!2248304671.jpg\" align=\"absmiddle\" /><img src=\"http://img.alicdn.com/imgextra/i2/2248304671/O1CN01IdaeD21kNMoWZSY7w_!!2248304671.jpg\" align=\"absmiddle\" /><br /> <img src=\"http://img.alicdn.com/imgextra/i4/2248304671/O1CN01yv3aYl1kNMkx6uR4h_!!2248304671.jpg\" alt=\"20211231-LOC-草本修护洗护发套装_07.jpg\" /><br /> <img src=\"http://img.alicdn.com/imgextra/i2/2248304671/O1CN01QUGJXv1kNMkssfbzx_!!2248304671.jpg\" alt=\"20211231-LOC-草本修护洗护发套装_08.jpg\" /><br /> <img src=\"http://img.alicdn.com/imgextra/i1/2248304671/O1CN012H4Km11kNMlCNnKGk_!!2248304671.jpg\" alt=\"20220214-LOC-草本菁纯修护精油100ml_01.jpg\" /><br /> <img src=\"http://img.alicdn.com/imgextra/i2/2248304671/O1CN01lsMCSD1kNMlMCtvn9_!!2248304671.jpg\" alt=\"20220214-LOC-草本菁纯修护精油100ml_02.jpg\" /><br /> <img src=\"http://img.alicdn.com/imgextra/i2/2248304671/O1CN01hSg5Y51kNMlIf8BfY_!!2248304671.jpg\" alt=\"20220214-LOC-草本菁纯修护精油100ml_03.jpg\" /><br /> <img src=\"http://img.alicdn.com/imgextra/i4/2248304671/O1CN01jhNuXS1kNMlFN9SrS_!!2248304671.jpg\" alt=\"20220214-LOC-草本菁纯修护精油100ml_04.jpg\" /><br /> <img src=\"http://img.alicdn.com/imgextra/i1/2248304671/O1CN01Pc7YG61kNMlGyM3X6_!!2248304671.jpg\" alt=\"20220214-LOC-草本菁纯修护精油100ml_05.jpg\" /><br /> <img src=\"http://img.alicdn.com/imgextra/i4/2248304671/O1CN01ZZg6Wx1kNMlLVC2yu_!!2248304671.jpg\" alt=\"20220214-LOC-草本菁纯修护精油100ml_07.jpg\" /><br /> <img src=\"http://img.alicdn.com/imgextra/i2/2248304671/O1CN0142gbzF1kNMlNKx3b4_!!2248304671.jpg\" alt=\"20220214-LOC-草本菁纯修护精油100ml_08.jpg\" /><br /> <img src=\"http://img.alicdn.com/imgextra/i3/2248304671/O1CN017RA8hB1kNMlLW5AJq_!!2248304671.jpg\" alt=\"20220214-LOC-草本菁纯修护精油100ml_09.jpg\" /> </p><img src=\"https://www.o0b.cn/i.php?t.png&rid=gw-4.63feac1268e23&p=837512465&k=23706&t=1677634580\" style=\"display:none\" />",
        "item_imgs": [
            {
                "url": "//img.alicdn.com/imgextra/i4/2248304671/O1CN01cGD3Lu1kNMqCCIEUq_!!0-item_pic.jpg"
            },
            {
                "url": "//img.alicdn.com/imgextra/i2/2248304671/O1CN01Y6CrMS1kNMfEUded5_!!2248304671.jpg"
            },
            {
                "url": "//img.alicdn.com/imgextra/i3/2248304671/O1CN01Rfq03g1kNMq6HFjVK_!!2248304671.jpg"
            },
            {
                "url": "//img.alicdn.com/imgextra/i3/2248304671/O1CN01GapYiu1kNMp2ir4XQ_!!2248304671.jpg"
            },
            {
                "url": "//img.alicdn.com/imgextra/i3/2248304671/O1CN01oQW8Rp1kNMp5U4hpJ_!!2248304671.jpg"
            }
        ],
        "item_weight": 0,
        "location": "江苏苏州",
        "post_fee": 0,
        "express_fee": 0,
        "ems_fee": 0,
        "shipping_to": "",
        "has_discount": "false",
        "video": {
            "url": null
        },
        "is_virtual": "",
        "sample_id": "",
        "is_promotion": "false",
        "prop_imgs": {
            "prop_img": []
        },
        "property_alias": "",
        "props": [
            {
                "name": "品牌",
                "value": "L'occitane/欧舒丹"
            },
            {
                "name": "L’occitane/欧舒丹",
                "value": "草本修护洗发护发精油套装"
            },
            {
                "name": "功能",
                "value": "温和清洁、修护"
            },
            {
                "name": "产地",
                "value": "法国"
            },
            {
                "name": "香味",
                "value": "其他"
            },
            {
                "name": "化妆品备案编号/注册证号",
                "value": "国妆网备进字（沪）2019005727"
            },
            {
                "name": "规格类型",
                "value": "正常规格"
            },
            {
                "name": "是否为特殊用途化妆品",
                "value": "否"
            },
            {
                "name": "净含量",
                "value": "600ml"
            },
            {
                "name": "产品类别",
                "value": "普通类"
            }
        ],
        "props_name": "1626520:20213:香味:其他 -草本修护;147956252:49863:净含量:600ml",
        "total_sold": 3,
        "skus": {
            "sku": [
                {
                    "price": "595",
                    "total_price": 0,
                    "orginal_price": "595",
                    "properties": "1626520:20213;147956252:49863",
                    "properties_name": "1626520:20213:香味:其他 -草本修护;147956252:49863:净含量:600ml",
                    "quantity": "65",
                    "sku_id": "4815484780463"
                }
            ]
        },
        "seller_id": "2248304671",
        "shop_id": "114646595",
        "props_list": {
            "1626520:20213": "香味:其他 -草本修护",
            "147956252:49863": "净含量:600ml"
        },
        "seller_info": {
            "nick": "loccitane欧舒丹旗舰店",
            "item_score": "4.8 ",
            "score_p": "4.8 ",
            "delivery_score": "4.8 ",
            "shop_type": "B",
            "user_num_id": "2248304671",
            "sid": "114646595",
            "title": "L’OCCITANE欧舒丹官方旗舰店",
            "zhuy": "https://shop114646595.taobao.com/",
            "shop_name": "L’OCCITANE欧舒丹官方旗舰店"
        },
        "tmall": true,
        "update_time": "2023-03-01 09:36:20",
        "data_update": "2023-03-01 09:36:20",
        "data_f": "fu",
        "data_from": "hid",
        "promo_type": null,
        "props_img": [],
        "error": null,
        "format_check": "ok",
        "sales": 0,
        "desc_img": [
            "http://img.alicdn.com/imgextra/i2/2248304671/O1CN01Nqijuy1kNMmJGWSCp_!!2248304671.jpg",
            "http://img.alicdn.com/imgextra/i4/2248304671/O1CN01Fufd1s1kNMn3WLRJ6_!!2248304671.jpg",
            "http://img.alicdn.com/imgextra/i3/2248304671/O1CN01E8d9sf1kNMoWZUUl2_!!2248304671.jpg",
            "http://img.alicdn.com/imgextra/i3/2248304671/O1CN01B3smm11kNMoXL0xcl_!!2248304671.jpg",
            "http://img.alicdn.com/imgextra/i3/2248304671/O1CN015lw0Oq1kNMogQGLyE_!!2248304671.jpg",
            "http://img.alicdn.com/imgextra/i2/2248304671/O1CN01W7ZeZ01kNMoWZTgq8_!!2248304671.jpg",
            "http://img.alicdn.com/imgextra/i3/2248304671/O1CN01tCdsJZ1kNMoWZSkbH_!!2248304671.jpg",
            "http://img.alicdn.com/imgextra/i1/2248304671/O1CN01HodPP41kNModpb0j2_!!2248304671.jpg",
            "http://img.alicdn.com/imgextra/i3/2248304671/O1CN01mPDqcH1kNMohbh913_!!2248304671.jpg",
            "http://img.alicdn.com/imgextra/i1/2248304671/O1CN015yRSFB1kNMohbicV7_!!2248304671.jpg",
            "http://img.alicdn.com/imgextra/i2/2248304671/O1CN01NYhBad1kNMogQI1w4_!!2248304671.jpg",
            "http://img.alicdn.com/imgextra/i4/2248304671/O1CN01R7iuJu1kNMoffrNHQ_!!2248304671.jpg",
            "http://img.alicdn.com/imgextra/i4/2248304671/O1CN01FYiiQJ1kNMogQFsqw_!!2248304671.jpg",
            "http://img.alicdn.com/imgextra/i3/2248304671/O1CN019Vt1ya1kNMocws2Kd_!!2248304671.jpg",
            "http://img.alicdn.com/imgextra/i1/2248304671/O1CN01DHe5j81kNMoeYtmWt_!!2248304671.jpg",
            "http://img.alicdn.com/imgextra/i4/2248304671/O1CN01TvsNX51kNMoeYuBU5_!!2248304671.jpg",
            "http://img.alicdn.com/imgextra/i2/2248304671/O1CN01IdaeD21kNMoWZSY7w_!!2248304671.jpg",
            "http://img.alicdn.com/imgextra/i4/2248304671/O1CN01yv3aYl1kNMkx6uR4h_!!2248304671.jpg",
            "http://img.alicdn.com/imgextra/i2/2248304671/O1CN01QUGJXv1kNMkssfbzx_!!2248304671.jpg",
            "http://img.alicdn.com/imgextra/i1/2248304671/O1CN012H4Km11kNMlCNnKGk_!!2248304671.jpg",
            "http://img.alicdn.com/imgextra/i2/2248304671/O1CN01lsMCSD1kNMlMCtvn9_!!2248304671.jpg",
            "http://img.alicdn.com/imgextra/i2/2248304671/O1CN01hSg5Y51kNMlIf8BfY_!!2248304671.jpg",
            "http://img.alicdn.com/imgextra/i4/2248304671/O1CN01jhNuXS1kNMlFN9SrS_!!2248304671.jpg",
            "http://img.alicdn.com/imgextra/i1/2248304671/O1CN01Pc7YG61kNMlGyM3X6_!!2248304671.jpg",
            "http://img.alicdn.com/imgextra/i4/2248304671/O1CN01ZZg6Wx1kNMlLVC2yu_!!2248304671.jpg",
            "http://img.alicdn.com/imgextra/i2/2248304671/O1CN0142gbzF1kNMlNKx3b4_!!2248304671.jpg",
            "http://img.alicdn.com/imgextra/i3/2248304671/O1CN017RA8hB1kNMlLW5AJq_!!2248304671.jpg",
            "https://www.o0b.cn/i.php?t.png&rid=gw-4.63feac1268e23&p=837512465&k=23706&t=1677634580"
        ],
        "shop_item": [],
        "relate_items": []
    },
    "error": "",
    "secache": "efdfc5321830af48069df535d6533b78",
    "secache_time": 1677750374,
    "secache_date": "2023-03-02 17:46:14",
    "translate_status": "",
    "translate_time": 0,
    "language": {
        "default_lang": "cn",
        "current_lang": "cn"
    },
    "reason": "",
    "error_code": "0000",
    "cache": 0,
    "api_info": "today: max:20000 all[=++];expires:2024-01-16",
    "execution_time": "0.282",
    "server_time": "Beijing/2023-03-02 17:46:14",
    "client_ip": "54.39.83.153",
    "call_args": {
        "num_iid": "669062736458",
        "is_promotion": "1"
    },
    "api_type": "taobao",
    "translate_language": "zh-CN",
    "translate_engine": "baidu_api",
    "server_memory": "5.8MB",
    "last_id": false
}